{
  "type": "FeatureCollection",
  "features": [
    {
      "type": "Feature",
      "properties": { "type": "bus" },
      "geometry": {
        "type": "LineString",
        "coordinates": [
          [6.868271, 46.448821],
          [6.868309, 46.448818],
          [6.868404, 46.44881],
          [6.868446, 46.448807],
          [6.868492, 46.448803],
          [6.868815, 46.448776],
          [6.868913, 46.448767],
          [6.869122, 46.44875],
          [6.869486, 46.448719],
          [6.87092, 46.448607],
          [6.871313, 46.44858],
          [6.871914, 46.448539],
          [6.872012, 46.448532],
          [6.872625, 46.448486],
          [6.872699, 46.448476],
          [6.872772, 46.448467],
          [6.872947, 46.448433],
          [6.873116, 46.448384],
          [6.87325, 46.448337],
          [6.873303, 46.448317],
          [6.873355, 46.448296],
          [6.873398, 46.448277],
          [6.873435, 46.448261],
          [6.873472, 46.448241],
          [6.873507, 46.448222],
          [6.873552, 46.448196],
          [6.873595, 46.448171],
          [6.873654, 46.448135],
          [6.873731, 46.448088],
          [6.873888, 46.447968],
          [6.873937, 46.447923],
          [6.87399, 46.447874],
          [6.873997, 46.447869],
          [6.874175, 46.447696],
          [6.874203, 46.447674],
          [6.874386, 46.447528],
          [6.87458, 46.447408],
          [6.874807, 46.447292],
          [6.875035, 46.447193],
          [6.875285, 46.447102],
          [6.875927, 46.446964],
          [6.876066, 46.446921],
          [6.877731, 46.446305],
          [6.877815, 46.446276],
          [6.877919, 46.44624],
          [6.877994, 46.446214],
          [6.87802, 46.446205],
          [6.878236, 46.446135],
          [6.878296, 46.446114],
          [6.878423, 46.44607],
          [6.878542, 46.44602],
          [6.878671, 46.445949],
          [6.878776, 46.445869],
          [6.878852, 46.445787],
          [6.878904, 46.445723],
          [6.878949, 46.445643],
          [6.879712, 46.443567],
          [6.87977, 46.443427],
          [6.879834, 46.443301],
          [6.879855, 46.443267],
          [6.879995, 46.443076],
          [6.880007, 46.443063],
          [6.880104, 46.442952],
          [6.880221, 46.442853],
          [6.880309, 46.442791],
          [6.880465, 46.442693],
          [6.88089, 46.442476],
          [6.881425, 46.442213],
          [6.881837, 46.442012],
          [6.882, 46.44195],
          [6.882156, 46.44191],
          [6.882297, 46.441887],
          [6.882476, 46.441872],
          [6.882613, 46.441872],
          [6.882813, 46.441884],
          [6.883522, 46.441945],
          [6.883661, 46.441966],
          [6.88383, 46.442007],
          [6.88396, 46.442053],
          [6.884049, 46.442102],
          [6.884192, 46.442195],
          [6.884371, 46.442329],
          [6.884443, 46.442378],
          [6.884566, 46.442438],
          [6.884659, 46.442476],
          [6.884798, 46.442519],
          [6.884977, 46.442559],
          [6.8851, 46.442577],
          [6.885243, 46.442586],
          [6.885408, 46.442587],
          [6.885489, 46.442583],
          [6.885616, 46.442573],
          [6.886047, 46.442535],
          [6.886362, 46.442507],
          [6.886508, 46.442489],
          [6.88668, 46.44246],
          [6.88684, 46.442424],
          [6.88702, 46.442371],
          [6.8871, 46.442345],
          [6.887652, 46.44215],
          [6.889059, 46.441631],
          [6.889207, 46.441577],
          [6.889468, 46.44148],
          [6.889596, 46.441433],
          [6.889707, 46.441392],
          [6.889736, 46.441382],
          [6.889759, 46.441372],
          [6.88986, 46.441331],
          [6.890007, 46.441268],
          [6.890041, 46.441253],
          [6.890171, 46.441196],
          [6.890206, 46.441183],
          [6.890646, 46.441011],
          [6.890678, 46.440999],
          [6.890747, 46.440974],
          [6.890914, 46.440913],
          [6.89098, 46.440889],
          [6.891231, 46.440798],
          [6.891274, 46.440782],
          [6.89143, 46.440696],
          [6.891947, 46.440509],
          [6.891981, 46.4405],
          [6.892031, 46.440488],
          [6.892112, 46.440469],
          [6.892303, 46.440446],
          [6.892493, 46.440408],
          [6.892823, 46.440343],
          [6.893206, 46.440275],
          [6.893229, 46.440272],
          [6.893285, 46.440265],
          [6.893435, 46.440248],
          [6.893644, 46.440225],
          [6.893823, 46.440205],
          [6.894022, 46.440193],
          [6.894232, 46.440185],
          [6.894326, 46.440181],
          [6.894724, 46.44018],
          [6.894882, 46.440186],
          [6.89539, 46.440208],
          [6.895467, 46.440211],
          [6.895642, 46.440218],
          [6.895764, 46.440223],
          [6.895993, 46.440233],
          [6.896082, 46.440241],
          [6.896214, 46.440253],
          [6.896929, 46.440318],
          [6.896997, 46.440324],
          [6.897999, 46.440406],
          [6.898051, 46.44041],
          [6.898126, 46.440421],
          [6.89816, 46.44043],
          [6.898372, 46.440478],
          [6.898522, 46.440513],
          [6.898859, 46.44059],
          [6.899052, 46.440624],
          [6.899281, 46.440662],
          [6.899432, 46.440679],
          [6.90025, 46.44076],
          [6.900567, 46.440776],
          [6.900725, 46.440784],
          [6.901076, 46.440801],
          [6.901467, 46.440821],
          [6.9017, 46.440812],
          [6.901893, 46.440795],
          [6.902037, 46.440767],
          [6.902208, 46.440726],
          [6.902458, 46.440646],
          [6.902506, 46.440629],
          [6.90268, 46.440564],
          [6.902898, 46.440467],
          [6.903115, 46.44037],
          [6.903195, 46.440335],
          [6.903275, 46.440299],
          [6.903613, 46.440132],
          [6.903679, 46.4401],
          [6.904148, 46.439862],
          [6.904216, 46.439829],
          [6.904367, 46.439753],
          [6.904531, 46.439666],
          [6.904593, 46.439634],
          [6.904631, 46.439612],
          [6.905012, 46.439406],
          [6.905143, 46.439335],
          [6.905733, 46.439016],
          [6.906002, 46.438846],
          [6.906108, 46.438772],
          [6.906236, 46.438675],
          [6.906552, 46.438437],
          [6.906811, 46.438242],
          [6.907094, 46.438036],
          [6.907159, 46.437989],
          [6.907222, 46.437943],
          [6.907584, 46.437672],
          [6.907608, 46.437652],
          [6.907648, 46.43762],
          [6.907685, 46.43759],
          [6.907981, 46.437345],
          [6.908353, 46.436999],
          [6.908546, 46.436795],
          [6.908808, 46.436501],
          [6.908976, 46.436309],
          [6.909051, 46.436213],
          [6.909095, 46.436159],
          [6.909131, 46.436114],
          [6.909204, 46.436018],
          [6.909222, 46.435995]
        ]
      }
    },
    {
      "type": "Feature",
      "geometry": {
        "type": "LineString",
        "coordinates": [
          [6.91037, 46.43643],
          [6.9106, 46.43603],
          [6.91197, 46.43372],
          [6.91224, 46.43327],
          [6.91228, 46.43321],
          [6.91237, 46.43307],
          [6.91246, 46.43293],
          [6.91252, 46.43285],
          [6.91259, 46.43275],
          [6.91266, 46.43266],
          [6.91275, 46.43255],
          [6.91288, 46.43241],
          [6.91296, 46.43233],
          [6.91305, 46.43224],
          [6.91332, 46.432],
          [6.91347, 46.43188],
          [6.91363, 46.43176],
          [6.91387, 46.4316],
          [6.91399, 46.43152],
          [6.91412, 46.43144],
          [6.91422, 46.43138],
          [6.91433, 46.43133],
          [6.91446, 46.43126],
          [6.91458, 46.4312],
          [6.91473, 46.43113],
          [6.91483, 46.43108],
          [6.91501, 46.43101],
          [6.91523, 46.43093],
          [6.91541, 46.43086],
          [6.91559, 46.4308],
          [6.91576, 46.43075],
          [6.91595, 46.43069],
          [6.91644, 46.43056],
          [6.91706, 46.4304],
          [6.91754, 46.43028],
          [6.91799, 46.43016],
          [6.91824, 46.4301],
          [6.91847, 46.43003],
          [6.91863, 46.42998],
          [6.91879, 46.42993],
          [6.91904, 46.42984],
          [6.91917, 46.42979],
          [6.91929, 46.42974],
          [6.91941, 46.42969],
          [6.91953, 46.42964],
          [6.91965, 46.42959],
          [6.91979, 46.42952],
          [6.91997, 46.42942],
          [6.92014, 46.42933],
          [6.9203, 46.42923],
          [6.92045, 46.42913],
          [6.92059, 46.42904],
          [6.92067, 46.42898],
          [6.92075, 46.42892],
          [6.92083, 46.42886],
          [6.92091, 46.42879],
          [6.92104, 46.42868],
          [6.92117, 46.42856],
          [6.92128, 46.42845],
          [6.92145, 46.42827],
          [6.92162, 46.42809],
          [6.92185, 46.42782],
          [6.92196, 46.42768],
          [6.92205, 46.42757],
          [6.92214, 46.42746],
          [6.92231, 46.42726],
          [6.92243, 46.4271],
          [6.92254, 46.42694],
          [6.9227, 46.42669],
          [6.92286, 46.42643],
          [6.92334, 46.42563],
          [6.92364, 46.42511],
          [6.92376, 46.42487],
          [6.92388, 46.42463],
          [6.92394, 46.42445],
          [6.92401, 46.42425],
          [6.92404, 46.42413],
          [6.92406, 46.42402],
          [6.92409, 46.42386],
          [6.9241, 46.42376],
          [6.92413, 46.42352],
          [6.92415, 46.42322],
          [6.92415, 46.42308],
          [6.92417, 46.42292],
          [6.92418, 46.42276],
          [6.9242, 46.42262],
          [6.92422, 46.42245],
          [6.92424, 46.42235],
          [6.92427, 46.42225],
          [6.92429, 46.42215],
          [6.92432, 46.42205],
          [6.92435, 46.42196],
          [6.92439, 46.42187],
          [6.92445, 46.42172],
          [6.92451, 46.42158],
          [6.92457, 46.42146],
          [6.92463, 46.42136],
          [6.92472, 46.42122],
          [6.92478, 46.42112],
          [6.92487, 46.421],
          [6.92496, 46.42088],
          [6.92509, 46.42073],
          [6.92522, 46.42059],
          [6.92534, 46.42046],
          [6.92546, 46.42035],
          [6.92559, 46.42024],
          [6.92571, 46.42014],
          [6.92614, 46.41976],
          [6.92639, 46.41956],
          [6.92662, 46.41936],
          [6.9268, 46.41919],
          [6.92696, 46.41902],
          [6.92706, 46.4189],
          [6.92716, 46.41878],
          [6.92729, 46.41861],
          [6.9274, 46.41845],
          [6.92745, 46.41835],
          [6.92751, 46.41825],
          [6.92757, 46.41814],
          [6.92762, 46.41801],
          [6.92768, 46.41787],
          [6.92772, 46.41777],
          [6.92776, 46.41766],
          [6.92779, 46.41753],
          [6.92782, 46.41741],
          [6.92785, 46.41727],
          [6.92789, 46.41704],
          [6.92792, 46.41681],
          [6.92796, 46.41637],
          [6.92798, 46.41592],
          [6.92799, 46.41572],
          [6.92801, 46.41552],
          [6.92804, 46.41533],
          [6.92807, 46.41521],
          [6.92809, 46.41511],
          [6.92814, 46.41495],
          [6.9282, 46.41479],
          [6.92826, 46.41464],
          [6.92833, 46.41449],
          [6.92846, 46.41426],
          [6.92859, 46.41405],
          [6.92873, 46.41385],
          [6.92882, 46.41374],
          [6.92891, 46.41363],
          [6.92916, 46.41335],
          [6.92954, 46.41293],
          [6.92973, 46.41272],
          [6.92982, 46.41261],
          [6.92991, 46.4125],
          [6.93007, 46.4123],
          [6.93018, 46.41214],
          [6.93024, 46.41206],
          [6.9303, 46.41197],
          [6.93042, 46.41178],
          [6.93049, 46.41164],
          [6.93056, 46.41152],
          [6.93062, 46.41139],
          [6.93068, 46.41126],
          [6.93074, 46.41113],
          [6.93079, 46.41098],
          [6.93085, 46.41083],
          [6.93089, 46.41069],
          [6.93095, 46.41047],
          [6.93101, 46.41022],
          [6.93104, 46.41],
          [6.93107, 46.40976],
          [6.93109, 46.40955],
          [6.93111, 46.40932],
          [6.93113, 46.40912],
          [6.93113, 46.4089],
          [6.93113, 46.4087],
          [6.93113, 46.40851],
          [6.9311, 46.40829],
          [6.93109, 46.40818],
          [6.93107, 46.40807],
          [6.93103, 46.40791],
          [6.93099, 46.40776],
          [6.93092, 46.40755],
          [6.93085, 46.40735],
          [6.93075, 46.40713],
          [6.93069, 46.40702],
          [6.93064, 46.40691],
          [6.93051, 46.4067],
          [6.93038, 46.4065],
          [6.93023, 46.40628],
          [6.93009, 46.40609],
          [6.92993, 46.40588],
          [6.92979, 46.40569],
          [6.92845, 46.40388],
          [6.92831, 46.40369],
          [6.92822, 46.40356],
          [6.92813, 46.40344],
          [6.92796, 46.40318],
          [6.9278, 46.40291],
          [6.92767, 46.40267],
          [6.92761, 46.40253],
          [6.92756, 46.40243],
          [6.9275, 46.40227],
          [6.92744, 46.40211],
          [6.9274, 46.40201],
          [6.92735, 46.40187],
          [6.9273, 46.4017],
          [6.92725, 46.40151],
          [6.92723, 46.40142],
          [6.92721, 46.40134],
          [6.92721, 46.40134],
          [6.92718, 46.40116],
          [6.92716, 46.40103],
          [6.92714, 46.4009],
          [6.92713, 46.40078],
          [6.92713, 46.4007],
          [6.92712, 46.40037],
          [6.92712, 46.40026],
          [6.92712, 46.40009],
          [6.92713, 46.39844],
          [6.92714, 46.39762],
          [6.92714, 46.39749],
          [6.92715, 46.39729],
          [6.92716, 46.39707],
          [6.92719, 46.39668],
          [6.9272, 46.39657],
          [6.92732, 46.3956],
          [6.92738, 46.39508],
          [6.92742, 46.39478],
          [6.92742, 46.39478],
          [6.92792, 46.39076],
          [6.92844, 46.38653],
          [6.9286, 46.38528],
          [6.92862, 46.38506],
          [6.92865, 46.38484],
          [6.92867, 46.38457],
          [6.92869, 46.3843],
          [6.92871, 46.38403],
          [6.92872, 46.38376],
          [6.92872, 46.38356],
          [6.92872, 46.38322],
          [6.92872, 46.38295],
          [6.92871, 46.38268],
          [6.9287, 46.38241],
          [6.92868, 46.38214],
          [6.92866, 46.38187],
          [6.92863, 46.3816],
          [6.9286, 46.38134],
          [6.92857, 46.38107],
          [6.92852, 46.3808],
          [6.92848, 46.38052],
          [6.92843, 46.38026],
          [6.92837, 46.38],
          [6.92831, 46.37973],
          [6.92825, 46.37947],
          [6.92818, 46.3792],
          [6.92811, 46.37894],
          [6.92803, 46.37867],
          [6.92795, 46.37841],
          [6.92786, 46.37815],
          [6.92777, 46.37788],
          [6.92481, 46.36988],
          [6.92467, 46.36953],
          [6.92459, 46.36928],
          [6.92451, 46.36904],
          [6.92444, 46.36885],
          [6.92439, 46.36865],
          [6.92433, 46.36844],
          [6.92427, 46.3682],
          [6.92421, 46.36795],
          [6.92417, 46.36771],
          [6.92412, 46.36743],
          [6.92409, 46.36723],
          [6.92407, 46.36702],
          [6.92404, 46.36671],
          [6.92403, 46.36641],
          [6.92402, 46.36605],
          [6.92403, 46.36579],
          [6.92404, 46.36551],
          [6.92404, 46.36532],
          [6.92406, 46.36514],
          [6.9241, 46.36476],
          [6.92414, 46.36444],
          [6.9242, 46.36409],
          [6.92425, 46.36383],
          [6.92431, 46.36356],
          [6.92438, 46.3633],
          [6.92444, 46.36308],
          [6.92448, 46.36293],
          [6.92452, 46.36281],
          [6.92461, 46.36257],
          [6.92469, 46.36236],
          [6.9248, 46.36211],
          [6.92496, 46.36178],
          [6.92502, 46.36166],
          [6.92509, 46.36153],
          [6.9252, 46.36134],
          [6.92529, 46.36118],
          [6.92537, 46.36105],
          [6.92549, 46.36086],
          [6.92562, 46.36067],
          [6.92576, 46.36047],
          [6.9259, 46.36027],
          [6.92618, 46.35986],
          [6.92637, 46.3596],
          [6.92701, 46.35868],
          [6.92808, 46.35714],
          [6.92808, 46.35714],
          [6.92864, 46.35635],
          [6.93026, 46.35402],
          [6.93332, 46.34965],
          [6.93769, 46.34338],
          [6.93871, 46.34192],
          [6.93939, 46.34094],
          [6.93973, 46.34046],
          [6.94007, 46.33997],
          [6.94041, 46.33949],
          [6.94076, 46.33901],
          [6.94112, 46.33853],
          [6.9415, 46.33806],
          [6.94189, 46.33759],
          [6.9423, 46.33713],
          [6.94272, 46.33667],
          [6.94315, 46.33622],
          [6.94359, 46.33578],
          [6.94428, 46.33513],
          [6.94433, 46.33508],
          [6.94452, 46.33491],
          [6.945, 46.33449],
          [6.95138, 46.32904],
          [6.95282, 46.32782],
          [6.9538, 46.32698],
          [6.9553, 46.32569],
          [6.95539, 46.32562],
          [6.9557, 46.32535],
          [6.95596, 46.32513],
          [6.95741, 46.3239],
          [6.95916, 46.3224],
          [6.95956, 46.32206],
          [6.95997, 46.3217],
          [6.96037, 46.32134],
          [6.96051, 46.32122],
          [6.96063, 46.3211],
          [6.96079, 46.32094],
          [6.96079, 46.32094],
          [6.96093, 46.32079],
          [6.9611, 46.32062],
          [6.96141, 46.32027],
          [6.96154, 46.32011],
          [6.96169, 46.31992],
          [6.96183, 46.31975],
          [6.96194, 46.3196],
          [6.96202, 46.31949],
          [6.96232, 46.31906],
          [6.96248, 46.31882],
          [6.96256, 46.3187],
          [6.96267, 46.31852],
          [6.96274, 46.31839],
          [6.96284, 46.31822],
          [6.96292, 46.31808],
          [6.96308, 46.31778],
          [6.96369, 46.31661],
          [6.9638, 46.3164],
          [6.96421, 46.3156],
          [6.96421, 46.3156],
          [6.96457, 46.31492],
          [6.96476, 46.31455],
          [6.9648, 46.31446],
          [6.96498, 46.31408],
          [6.96511, 46.3138],
          [6.96523, 46.31355],
          [6.96536, 46.31323],
          [6.96542, 46.31307],
          [6.96548, 46.3129],
          [6.96551, 46.31278],
          [6.96555, 46.31265],
          [6.96558, 46.31253],
          [6.9656, 46.3124],
          [6.96563, 46.31227],
          [6.96567, 46.31202],
          [6.96572, 46.31177],
          [6.96845, 46.29556],
          [6.96894, 46.29268],
          [6.96945, 46.28962],
          [6.9696, 46.28872],
          [6.97011, 46.2857],
          [6.97014, 46.28554],
          [6.97014, 46.28554],
          [6.97039, 46.28403],
          [6.97039, 46.28403],
          [6.97054, 46.28317],
          [6.97064, 46.28261],
          [6.97071, 46.28221],
          [6.97075, 46.28202],
          [6.97079, 46.28184],
          [6.97082, 46.28171],
          [6.97086, 46.28156],
          [6.97093, 46.28127],
          [6.97097, 46.28111],
          [6.97103, 46.28091],
          [6.97114, 46.28053],
          [6.97126, 46.28016],
          [6.97138, 46.27981],
          [6.97157, 46.27932],
          [6.97166, 46.27907],
          [6.97172, 46.27895],
          [6.97183, 46.27868],
          [6.97202, 46.27825],
          [6.97229, 46.27765],
          [6.97257, 46.27701],
          [6.97312, 46.27577],
          [6.9733, 46.27537],
          [6.9737, 46.27448],
          [6.97573, 46.26992],
          [6.97585, 46.26966],
          [6.97597, 46.26941],
          [6.97609, 46.26916],
          [6.97621, 46.26892],
          [6.97634, 46.26867],
          [6.97648, 46.26843],
          [6.97663, 46.26819],
          [6.97678, 46.26795],
          [6.97694, 46.26772],
          [6.9771, 46.26748],
          [6.97728, 46.26725],
          [6.97745, 46.26702],
          [6.97764, 46.26679],
          [6.97783, 46.26657],
          [6.97803, 46.26635],
          [6.97823, 46.26613],
          [6.97844, 46.26591],
          [6.97865, 46.2657],
          [6.97888, 46.26549],
          [6.9791, 46.26529],
          [6.97926, 46.26515],
          [6.9794, 46.26503],
          [6.97955, 46.2649],
          [6.97979, 46.26471],
          [6.98003, 46.26452],
          [6.98028, 46.26433],
          [6.98054, 46.26415],
          [6.9808, 46.26396],
          [6.98107, 46.26378],
          [6.98135, 46.2636],
          [6.98163, 46.26343],
          [6.98191, 46.26326],
          [6.9822, 46.26309],
          [6.9825, 46.26293],
          [6.98279, 46.26277],
          [6.98309, 46.26262],
          [6.98327, 46.26253],
          [6.9834, 46.26247],
          [6.98371, 46.26232],
          [6.98402, 46.26218],
          [6.98433, 46.26205],
          [6.98464, 46.26192],
          [6.98496, 46.26179],
          [6.98528, 46.26167],
          [6.98562, 46.26155],
          [6.98596, 46.26143],
          [6.98666, 46.26119],
          [6.99015, 46.26002],
          [6.99225, 46.25931],
          [6.99261, 46.25919],
          [6.99296, 46.25906],
          [6.99323, 46.25896],
          [6.9935, 46.25886],
          [6.99377, 46.25875],
          [6.99404, 46.25863],
          [6.99431, 46.25851],
          [6.99456, 46.25839],
          [6.9948, 46.25827],
          [6.99504, 46.25814],
          [6.99529, 46.258],
          [6.99553, 46.25786],
          [6.99577, 46.25771],
          [6.996, 46.25756],
          [6.99622, 46.25741],
          [6.99644, 46.25726],
          [6.99666, 46.25709],
          [6.99688, 46.25693],
          [6.99706, 46.25677],
          [6.99724, 46.25662],
          [6.99741, 46.25647],
          [6.99758, 46.25631],
          [6.99775, 46.25615],
          [6.9979, 46.25598],
          [6.99801, 46.25586],
          [6.99801, 46.25586],
          [6.99815, 46.2557],
          [6.99825, 46.25557],
          [6.99835, 46.25544],
          [6.99848, 46.25527],
          [6.99859, 46.2551],
          [6.99875, 46.25486],
          [6.99905, 46.25439],
          [6.99913, 46.25427],
          [6.99924, 46.25409],
          [6.99932, 46.25395],
          [6.99951, 46.25361],
          [6.9997, 46.25324],
          [7.00005, 46.25255],
          [7.00036, 46.25195],
          [7.00062, 46.25144],
          [7.0009, 46.2509],
          [7.00101, 46.25068],
          [7.00113, 46.25046],
          [7.0012, 46.25032],
          [7.00127, 46.25016],
          [7.00134, 46.25],
          [7.0015, 46.2496],
          [7.00165, 46.24916],
          [7.00183, 46.24864],
          [7.0019, 46.24842],
          [7.002, 46.24811],
          [7.00204, 46.248],
          [7.00208, 46.24788],
          [7.00212, 46.24771],
          [7.00215, 46.24761],
          [7.00218, 46.24749],
          [7.00221, 46.24736],
          [7.00223, 46.24723],
          [7.00224, 46.2471],
          [7.00225, 46.24699],
          [7.00226, 46.24688],
          [7.00226, 46.24679],
          [7.00226, 46.24668],
          [7.00225, 46.2466],
          [7.00224, 46.24646],
          [7.00223, 46.24635],
          [7.00221, 46.24619],
          [7.00217, 46.24599],
          [7.00213, 46.24582],
          [7.0021, 46.24571],
          [7.00205, 46.24552],
          [7.00202, 46.24542],
          [7.00197, 46.24528],
          [7.00193, 46.24516],
          [7.00187, 46.24501],
          [7.00181, 46.24485],
          [7.00176, 46.24474],
          [7.00166, 46.24451],
          [7.00155, 46.24428],
          [7.00012, 46.24117],
          [7.00003, 46.24098],
          [6.99994, 46.24078],
          [6.99986, 46.24058],
          [6.99977, 46.24038],
          [6.9997, 46.24019],
          [6.99963, 46.24],
          [6.99955, 46.23977],
          [6.99949, 46.23961],
          [6.99946, 46.23952],
          [6.99939, 46.23928],
          [6.99931, 46.23903],
          [6.99925, 46.2388],
          [6.9992, 46.23857],
          [6.99915, 46.23834],
          [6.9991, 46.23811],
          [6.99907, 46.23788],
          [6.99904, 46.23764],
          [6.999, 46.23733],
          [6.99898, 46.23713],
          [6.99897, 46.23696],
          [6.99894, 46.23666],
          [6.99889, 46.2362],
          [6.99885, 46.23574],
          [6.99881, 46.23534],
          [6.99873, 46.23457],
          [6.99869, 46.23413],
          [6.99867, 46.23393],
          [6.99866, 46.23374],
          [6.99865, 46.23356],
          [6.99866, 46.23338],
          [6.99867, 46.2332],
          [6.99868, 46.23302],
          [6.99871, 46.23284],
          [6.99874, 46.23266],
          [6.99878, 46.23249],
          [6.99882, 46.23232],
          [6.99887, 46.23217],
          [6.99892, 46.23201],
          [6.99898, 46.23184],
          [6.99905, 46.23168],
          [6.99908, 46.2316],
          [6.99913, 46.2315],
          [6.99921, 46.23133],
          [6.99924, 46.23128],
          [6.99924, 46.23128],
          [6.99937, 46.23104],
          [6.99958, 46.23069],
          [6.9998, 46.23033],
          [7.00023, 46.22964],
          [7.00047, 46.22925],
          [7.00057, 46.22908],
          [7.00067, 46.22892],
          [7.00075, 46.22876],
          [7.00083, 46.22861],
          [7.00092, 46.22842],
          [7.001, 46.22824],
          [7.00105, 46.22809],
          [7.0011, 46.22794],
          [7.00115, 46.22778],
          [7.00119, 46.22761],
          [7.00122, 46.22745],
          [7.00127, 46.22725],
          [7.00144, 46.22628],
          [7.00148, 46.22608],
          [7.00152, 46.2259],
          [7.00157, 46.22572],
          [7.00161, 46.22557],
          [7.00166, 46.22541],
          [7.00173, 46.2252],
          [7.00181, 46.22502],
          [7.002, 46.22461],
          [7.00237, 46.22385],
          [7.00249, 46.22359],
          [7.00261, 46.22331],
          [7.00273, 46.22296],
          [7.00281, 46.22266],
          [7.00288, 46.22237],
          [7.00295, 46.22172],
          [7.00293, 46.22119],
          [7.0029, 46.22086],
          [7.00285, 46.22053],
          [7.00276, 46.22012],
          [7.00276, 46.22012],
          [7.00249, 46.21923],
          [7.00243, 46.21903],
          [7.00239, 46.21891],
          [7.00236, 46.21878],
          [7.00231, 46.21861],
          [7.00221, 46.21828],
          [7.00217, 46.21815],
          [7.00211, 46.2179],
          [7.00207, 46.21775],
          [7.00205, 46.21763],
          [7.00202, 46.2175],
          [7.002, 46.21737],
          [7.00198, 46.21725],
          [7.00196, 46.21713],
          [7.00195, 46.21699],
          [7.00194, 46.21687],
          [7.00193, 46.21677],
          [7.00192, 46.21662],
          [7.00192, 46.21651],
          [7.00192, 46.21639],
          [7.00192, 46.21625],
          [7.00193, 46.21611],
          [7.00194, 46.21599],
          [7.00194, 46.21587],
          [7.00196, 46.21573],
          [7.00201, 46.21503],
          [7.00203, 46.21482],
          [7.00205, 46.2146],
          [7.00207, 46.21446],
          [7.00208, 46.21437],
          [7.0021, 46.21422],
          [7.00212, 46.21411],
          [7.00215, 46.21398],
          [7.00218, 46.21386],
          [7.00221, 46.21372],
          [7.00226, 46.21357],
          [7.00231, 46.21342],
          [7.00235, 46.21332],
          [7.00241, 46.21318],
          [7.00247, 46.21304],
          [7.00253, 46.21291],
          [7.0026, 46.21279],
          [7.00268, 46.21263],
          [7.00277, 46.21249],
          [7.00283, 46.21239],
          [7.0029, 46.21229],
          [7.00302, 46.21211],
          [7.00318, 46.2119],
          [7.00332, 46.21173],
          [7.00332, 46.21173],
          [7.00424, 46.21056],
          [7.00503, 46.20958],
          [7.00541, 46.2091],
          [7.00551, 46.20896],
          [7.00571, 46.20872],
          [7.00584, 46.20855],
          [7.006, 46.20834],
          [7.00992, 46.2034],
          [7.01006, 46.20323],
          [7.01021, 46.20307],
          [7.01035, 46.20291],
          [7.0105, 46.20276],
          [7.01066, 46.20261],
          [7.01083, 46.20246],
          [7.01099, 46.20232],
          [7.01116, 46.20218],
          [7.01132, 46.20206],
          [7.01141, 46.20199],
          [7.01152, 46.20191],
          [7.01172, 46.20178],
          [7.01192, 46.20164],
          [7.01213, 46.20151],
          [7.01235, 46.20138],
          [7.01257, 46.20126],
          [7.01279, 46.20114],
          [7.01302, 46.20103],
          [7.01325, 46.20092],
          [7.01349, 46.20081],
          [7.01373, 46.20071],
          [7.01399, 46.20061],
          [7.01425, 46.20051],
          [7.01449, 46.20043],
          [7.01474, 46.20035],
          [7.015, 46.20027],
          [7.01527, 46.2002],
          [7.01545, 46.20015],
          [7.01562, 46.20011],
          [7.0158, 46.20007],
          [7.01599, 46.20003],
          [7.01635, 46.19996],
          [7.01702, 46.19983],
          [7.01837, 46.19957],
          [7.01865, 46.19951],
          [7.01892, 46.19946],
          [7.01919, 46.1994],
          [7.01945, 46.19934],
          [7.01972, 46.19927],
          [7.01999, 46.1992],
          [7.02025, 46.19912],
          [7.02052, 46.19904],
          [7.02077, 46.19895],
          [7.02102, 46.19886],
          [7.02127, 46.19876],
          [7.02152, 46.19866],
          [7.02176, 46.19855],
          [7.02199, 46.19844],
          [7.02223, 46.19832],
          [7.02246, 46.1982],
          [7.02267, 46.19808],
          [7.02288, 46.19796],
          [7.02306, 46.19784],
          [7.02324, 46.19773],
          [7.02342, 46.1976],
          [7.02359, 46.19748],
          [7.02376, 46.19735],
          [7.02392, 46.19723],
          [7.02408, 46.1971],
          [7.02423, 46.19696],
          [7.0244, 46.1968],
          [7.02457, 46.19664],
          [7.02473, 46.19648],
          [7.02488, 46.19631],
          [7.02502, 46.19613],
          [7.02516, 46.19596],
          [7.02542, 46.19561],
          [7.02579, 46.19509],
          [7.02589, 46.19495],
          [7.02705, 46.19332],
          [7.03032, 46.1887],
          [7.03045, 46.18853],
          [7.03057, 46.18835],
          [7.03068, 46.18817],
          [7.03079, 46.188],
          [7.0309, 46.18781],
          [7.03099, 46.18763],
          [7.03108, 46.18744],
          [7.03116, 46.18725],
          [7.03119, 46.18717],
          [7.03131, 46.18686],
          [7.03136, 46.18667],
          [7.03141, 46.18647],
          [7.03146, 46.18628],
          [7.03149, 46.18608],
          [7.03152, 46.18588],
          [7.03154, 46.18568],
          [7.03155, 46.18548],
          [7.03156, 46.18528],
          [7.03155, 46.18508],
          [7.03154, 46.18489],
          [7.03153, 46.18469],
          [7.0315, 46.18449],
          [7.03146, 46.18429],
          [7.03142, 46.1841],
          [7.03137, 46.1839],
          [7.03131, 46.1837],
          [7.03125, 46.18351],
          [7.03117, 46.18332],
          [7.03109, 46.18313],
          [7.03101, 46.18294],
          [7.03091, 46.18275],
          [7.0308, 46.18257],
          [7.03069, 46.18238],
          [7.03058, 46.18221],
          [7.03045, 46.18202],
          [7.03032, 46.18185],
          [7.03017, 46.18167],
          [7.03003, 46.1815],
          [7.02905, 46.18036],
          [7.02894, 46.18024],
          [7.02757, 46.17864],
          [7.02592, 46.17672],
          [7.02579, 46.17655],
          [7.02565, 46.17639],
          [7.02553, 46.17622],
          [7.02541, 46.17605],
          [7.02529, 46.17588],
          [7.02519, 46.17571],
          [7.02509, 46.17553],
          [7.02499, 46.17535],
          [7.02491, 46.17517],
          [7.02483, 46.17499],
          [7.02476, 46.17481],
          [7.02469, 46.17463],
          [7.02464, 46.17445],
          [7.02458, 46.17426],
          [7.02454, 46.17408],
          [7.02451, 46.17393],
          [7.02451, 46.17393],
          [7.0245, 46.17389],
          [7.02448, 46.17371],
          [7.02445, 46.17353],
          [7.02445, 46.17346],
          [7.02444, 46.1733],
          [7.02443, 46.17316],
          [7.02443, 46.17297],
          [7.02443, 46.17278],
          [7.02445, 46.1726],
          [7.02447, 46.17241],
          [7.02449, 46.17223],
          [7.02452, 46.17205],
          [7.02456, 46.17191],
          [7.02457, 46.17186],
          [7.02461, 46.17168],
          [7.02467, 46.1715],
          [7.02473, 46.17132],
          [7.0248, 46.17113],
          [7.02488, 46.17094],
          [7.02529, 46.17003],
          [7.02569, 46.16915],
          [7.02602, 46.16844],
          [7.02659, 46.16718],
          [7.02683, 46.16667],
          [7.02683, 46.16667],
          [7.02731, 46.16561],
          [7.02853, 46.16292],
          [7.02857, 46.16285],
          [7.02894, 46.16203],
          [7.0307, 46.15818],
          [7.03079, 46.15798],
          [7.03088, 46.15778],
          [7.03096, 46.15758],
          [7.03104, 46.15738],
          [7.03111, 46.15718],
          [7.03118, 46.15697],
          [7.03123, 46.15677],
          [7.03128, 46.15657],
          [7.03132, 46.15636],
          [7.03136, 46.15615],
          [7.03138, 46.15595],
          [7.0314, 46.15574],
          [7.03141, 46.15553],
          [7.03141, 46.15533],
          [7.0314, 46.15512],
          [7.03139, 46.15491],
          [7.03136, 46.1547],
          [7.03134, 46.1545],
          [7.03128, 46.15409],
          [7.03068, 46.15041],
          [7.03065, 46.15021],
          [7.03062, 46.15001],
          [7.03059, 46.14982],
          [7.03057, 46.14962],
          [7.03055, 46.14943],
          [7.03054, 46.14928],
          [7.03054, 46.14923],
          [7.03053, 46.14903],
          [7.03054, 46.14883],
          [7.03055, 46.14864],
          [7.03057, 46.14844],
          [7.03059, 46.14824],
          [7.03063, 46.14805],
          [7.03064, 46.14798],
          [7.03069, 46.14779],
          [7.03072, 46.14766],
          [7.03078, 46.14747],
          [7.03085, 46.14727],
          [7.03092, 46.14709],
          [7.031, 46.1469],
          [7.03109, 46.14671],
          [7.03119, 46.14652],
          [7.03129, 46.14634],
          [7.0314, 46.14616],
          [7.03152, 46.14598],
          [7.03165, 46.1458],
          [7.03178, 46.14563],
          [7.03192, 46.14546],
          [7.03206, 46.14529],
          [7.03221, 46.14512],
          [7.03237, 46.14496],
          [7.03252, 46.14479],
          [7.03796, 46.13914],
          [7.03853, 46.13856],
          [7.03945, 46.13759],
          [7.03961, 46.13742],
          [7.042, 46.13492],
          [7.0421, 46.13481],
          [7.0448, 46.13197],
          [7.04506, 46.1317],
          [7.04688, 46.12981],
          [7.04699, 46.12969],
          [7.04929, 46.12729],
          [7.05963, 46.11647],
          [7.06368, 46.11223],
          [7.06383, 46.11208],
          [7.06514, 46.11071],
          [7.06525, 46.1106],
          [7.0656, 46.11023],
          [7.06594, 46.10987],
          [7.06611, 46.1097],
          [7.06627, 46.10955],
          [7.06645, 46.10939],
          [7.06663, 46.10924],
          [7.0668, 46.1091],
          [7.06697, 46.10896],
          [7.06717, 46.10881],
          [7.06738, 46.10867],
          [7.06757, 46.10855],
          [7.06776, 46.10843],
          [7.06806, 46.10825],
          [7.06827, 46.10814],
          [7.06854, 46.108],
          [7.06875, 46.1079],
          [7.06898, 46.10779],
          [7.06917, 46.10771],
          [7.06945, 46.1076],
          [7.06975, 46.10748],
          [7.07, 46.10739],
          [7.07035, 46.10728],
          [7.07056, 46.10722],
          [7.07078, 46.10715],
          [7.0709, 46.10712],
          [7.07109, 46.10707],
          [7.07132, 46.10702],
          [7.07153, 46.10697],
          [7.07176, 46.10693],
          [7.072, 46.10688],
          [7.07225, 46.10684],
          [7.07275, 46.10677],
          [7.07298, 46.10674],
          [7.07298, 46.10674],
          [7.07364, 46.10664],
          [7.07459, 46.10651],
          [7.07508, 46.10645],
          [7.07568, 46.10637],
          [7.07595, 46.10633],
          [7.07616, 46.10631],
          [7.07616, 46.10631],
          [7.07666, 46.10624],
          [7.07707, 46.10618],
          [7.07745, 46.10614],
          [7.07764, 46.10611],
          [7.07783, 46.10609],
          [7.07801, 46.10607],
          [7.07819, 46.10606],
          [7.07836, 46.10604],
          [7.0786, 46.10603],
          [7.07906, 46.10601],
          [7.07916, 46.106],
          [7.07947, 46.106],
          [7.07976, 46.106],
          [7.07996, 46.106],
          [7.08022, 46.10601],
          [7.08049, 46.10603],
          [7.08075, 46.10605],
          [7.08097, 46.10607],
          [7.08113, 46.10608],
          [7.08133, 46.10611],
          [7.08156, 46.10614],
          [7.08178, 46.10617],
          [7.08195, 46.1062],
          [7.08216, 46.10624],
          [7.08232, 46.10627],
          [7.08247, 46.1063],
          [7.08265, 46.10634],
          [7.08284, 46.10639],
          [7.08303, 46.10643],
          [7.08324, 46.10649],
          [7.08354, 46.10658],
          [7.08373, 46.10664],
          [7.08406, 46.10675],
          [7.08447, 46.1069],
          [7.08479, 46.10702],
          [7.08484, 46.10704],
          [7.08484, 46.10704],
          [7.08526, 46.10719],
          [7.08547, 46.10726],
          [7.08574, 46.10737],
          [7.08597, 46.10746],
          [7.08617, 46.10754],
          [7.08639, 46.10763],
          [7.08655, 46.10771],
          [7.08672, 46.10779],
          [7.08704, 46.10794],
          [7.08741, 46.10812],
          [7.0878, 46.10831],
          [7.10332, 46.11579],
          [7.10336, 46.11581],
          [7.11633, 46.12206],
          [7.11633, 46.12206],
          [7.11912, 46.1234],
          [7.12557, 46.12651],
          [7.12639, 46.1269],
          [7.1463, 46.13646],
          [7.15863, 46.14238],
          [7.1622, 46.14409],
          [7.16302, 46.14449],
          [7.16533, 46.1456],
          [7.16573, 46.1458],
          [7.16573, 46.1458],
          [7.16665, 46.14624],
          [7.16695, 46.14638],
          [7.16724, 46.14653],
          [7.16778, 46.14679],
          [7.16832, 46.14706],
          [7.17005, 46.14793],
          [7.1706, 46.1482],
          [7.17117, 46.14848],
          [7.17174, 46.14876],
          [7.17286, 46.14929],
          [7.17353, 46.14961],
          [7.17566, 46.15061],
          [7.17604, 46.15078],
          [7.17604, 46.15078],
          [7.17744, 46.15144],
          [7.17831, 46.15184],
          [7.17915, 46.15224],
          [7.17927, 46.1523],
          [7.18076, 46.15301],
          [7.18224, 46.15372],
          [7.18521, 46.15514],
          [7.19115, 46.15799],
          [7.20304, 46.16368],
          [7.20316, 46.16374],
          [7.20749, 46.16581],
          [7.20811, 46.16611],
          [7.20844, 46.16628],
          [7.20871, 46.16642],
          [7.20894, 46.16653],
          [7.20917, 46.16666],
          [7.20938, 46.16677],
          [7.20959, 46.16689],
          [7.21003, 46.16715],
          [7.2103, 46.16732],
          [7.21058, 46.16749],
          [7.21114, 46.16786],
          [7.21136, 46.16801],
          [7.21157, 46.16816],
          [7.21207, 46.16852],
          [7.21757, 46.1725],
          [7.22044, 46.1746],
          [7.22044, 46.1746],
          [7.22314, 46.17657],
          [7.22501, 46.17795],
          [7.22571, 46.17845],
          [7.22704, 46.1794],
          [7.23043, 46.18183],
          [7.23181, 46.18277],
          [7.23439, 46.1845],
          [7.23965, 46.18801],
          [7.23983, 46.18814],
          [7.26298, 46.20365],
          [7.26307, 46.20371],
          [7.26513, 46.2051],
          [7.26513, 46.2051],
          [7.2673, 46.20654],
          [7.26767, 46.20678],
          [7.26803, 46.207],
          [7.26843, 46.20723],
          [7.26883, 46.20745],
          [7.26894, 46.20751],
          [7.26923, 46.20765],
          [7.2695, 46.20779],
          [7.26978, 46.20792],
          [7.27004, 46.20804],
          [7.27032, 46.20816],
          [7.27059, 46.20827],
          [7.27118, 46.2085],
          [7.27145, 46.20861],
          [7.27157, 46.20865],
          [7.27181, 46.20873],
          [7.27204, 46.20881],
          [7.27227, 46.20889],
          [7.27251, 46.20897],
          [7.27273, 46.20903],
          [7.27294, 46.20909],
          [7.27322, 46.20917],
          [7.27349, 46.20924],
          [7.27405, 46.20938],
          [7.27459, 46.20951],
          [7.27519, 46.20964],
          [7.2788, 46.21041],
          [7.28343, 46.21141],
          [7.2943, 46.21374],
          [7.29432, 46.21375],
          [7.30339, 46.21569],
          [7.30427, 46.21588],
          [7.30433, 46.21589],
          [7.3045, 46.21593],
          [7.30571, 46.21619],
          [7.30584, 46.21622],
          [7.30986, 46.21708],
          [7.31013, 46.21714],
          [7.31334, 46.21783],
          [7.31358, 46.21788],
          [7.31663, 46.21854],
          [7.31701, 46.21862],
          [7.32647, 46.22065],
          [7.33328, 46.22212],
          [7.33364, 46.2222],
          [7.34038, 46.22365],
          [7.34106, 46.2238],
          [7.34246, 46.22407],
          [7.34841, 46.22524],
          [7.35129, 46.22581],
          [7.35129, 46.22581],
          [7.35342, 46.22622],
          [7.35361, 46.22626],
          [7.35383, 46.2263],
          [7.35447, 46.22643],
          [7.35447, 46.22643],
          [7.35608, 46.22674],
          [7.35729, 46.22697],
          [7.3583, 46.22715],
          [7.35912, 46.22729],
          [7.36161, 46.22769],
          [7.36183, 46.22772],
          [7.36255, 46.22784],
          [7.36291, 46.2279],
          [7.36317, 46.22794],
          [7.36357, 46.22802],
          [7.36394, 46.22813],
          [7.36427, 46.22824],
          [7.36453, 46.22833],
          [7.36476, 46.22842],
          [7.36542, 46.22867],
          [7.36542, 46.22867],
          [7.36585, 46.22883],
          [7.36585, 46.22883],
          [7.36634, 46.22902],
          [7.36653, 46.22909],
          [7.36666, 46.22915],
          [7.36682, 46.22923],
          [7.367, 46.22931],
          [7.36711, 46.22937],
          [7.36716, 46.22939],
          [7.36726, 46.22945],
          [7.36738, 46.22953],
          [7.36753, 46.22962],
          [7.36767, 46.22972],
          [7.36773, 46.22976],
          [7.36782, 46.22983],
          [7.36793, 46.22992],
          [7.36806, 46.23003],
          [7.36819, 46.23015],
          [7.36829, 46.23025],
          [7.36832, 46.23029],
          [7.36842, 46.23039],
          [7.3685, 46.23049],
          [7.36858, 46.23059],
          [7.36866, 46.2307],
          [7.36873, 46.23081],
          [7.36879, 46.23092],
          [7.36884, 46.231],
          [7.36889, 46.23109],
          [7.36897, 46.23126],
          [7.36904, 46.23141],
          [7.36916, 46.2317],
          [7.36929, 46.23203],
          [7.3696, 46.23279],
          [7.36973, 46.2331],
          [7.36987, 46.2334],
          [7.37001, 46.23369],
          [7.37012, 46.23392],
          [7.37024, 46.23414],
          [7.37037, 46.23437],
          [7.3705, 46.23459],
          [7.37064, 46.2348],
          [7.37078, 46.23501],
          [7.37094, 46.23525],
          [7.37111, 46.23547],
          [7.37131, 46.23572],
          [7.37143, 46.23587],
          [7.37163, 46.23611],
          [7.37174, 46.23623],
          [7.37189, 46.2364],
          [7.37204, 46.23656],
          [7.37226, 46.23679],
          [7.37248, 46.23701],
          [7.37296, 46.23746],
          [7.37354, 46.238],
          [7.3767, 46.24091],
          [7.3773, 46.24147],
          [7.3776, 46.24173],
          [7.37777, 46.24187],
          [7.37792, 46.242],
          [7.37815, 46.24218],
          [7.37836, 46.24234],
          [7.37856, 46.24249],
          [7.37877, 46.24263],
          [7.37905, 46.24283],
          [7.37935, 46.24302],
          [7.37959, 46.24317],
          [7.37982, 46.2433],
          [7.38009, 46.24345],
          [7.38036, 46.2436],
          [7.38095, 46.24389],
          [7.38121, 46.24402],
          [7.38146, 46.24413],
          [7.38174, 46.24425],
          [7.382, 46.24436],
          [7.3824, 46.24451],
          [7.38283, 46.24467],
          [7.38324, 46.24481],
          [7.38357, 46.24491],
          [7.38393, 46.24502],
          [7.38427, 46.24511],
          [7.38452, 46.24518],
          [7.385, 46.24529],
          [7.3854, 46.24538],
          [7.38579, 46.24545],
          [7.38615, 46.24552],
          [7.38653, 46.24559],
          [7.38689, 46.24565],
          [7.41188, 46.24977],
          [7.41202, 46.24979],
          [7.41448, 46.2502],
          [7.41536, 46.25034],
          [7.41644, 46.25052],
          [7.41672, 46.25058],
          [7.41736, 46.25073],
          [7.41805, 46.25092],
          [7.41822, 46.25098],
          [7.41917, 46.2513],
          [7.42341, 46.25276],
          [7.44609, 46.26059],
          [7.44621, 46.26063],
          [7.45241, 46.26277],
          [7.45306, 46.26299],
          [7.45343, 46.26313],
          [7.45362, 46.2632],
          [7.45381, 46.26328],
          [7.45406, 46.26337],
          [7.4543, 46.26347],
          [7.45445, 46.26354],
          [7.45459, 46.2636],
          [7.45474, 46.26367],
          [7.45488, 46.26373],
          [7.45512, 46.26384],
          [7.45546, 46.264],
          [7.45683, 46.26464],
          [7.45727, 46.26485],
          [7.45772, 46.26505],
          [7.45806, 46.2652],
          [7.45822, 46.26527],
          [7.45839, 46.26534],
          [7.45866, 46.26545],
          [7.45895, 46.26556],
          [7.45917, 46.26565],
          [7.4594, 46.26573],
          [7.45968, 46.26583],
          [7.45996, 46.26592],
          [7.46032, 46.26604],
          [7.46047, 46.26609],
          [7.46063, 46.26614],
          [7.46091, 46.26622],
          [7.46121, 46.26631],
          [7.46149, 46.26638],
          [7.46171, 46.26644],
          [7.46215, 46.26655],
          [7.46259, 46.26666],
          [7.46395, 46.26699],
          [7.46431, 46.26708],
          [7.46459, 46.26715],
          [7.46487, 46.26722],
          [7.46519, 46.26731],
          [7.46557, 46.26741],
          [7.46591, 46.2675],
          [7.46763, 46.26796],
          [7.46797, 46.26806],
          [7.46797, 46.26806],
          [7.47209, 46.26916],
          [7.47318, 46.26946],
          [7.47373, 46.26961],
          [7.47428, 46.26976],
          [7.48042, 46.27152],
          [7.48091, 46.27166],
          [7.48148, 46.27182],
          [7.48206, 46.27197],
          [7.48264, 46.27213],
          [7.48321, 46.27227],
          [7.48408, 46.27249],
          [7.48682, 46.27318],
          [7.48739, 46.27332],
          [7.4881, 46.27351],
          [7.48888, 46.27371],
          [7.49017, 46.27406],
          [7.49529, 46.27544],
          [7.49731, 46.27599],
          [7.49883, 46.27643],
          [7.50032, 46.27689],
          [7.51157, 46.28043],
          [7.51206, 46.28059],
          [7.52178, 46.28363],
          [7.52216, 46.28375],
          [7.52233, 46.28381],
          [7.52252, 46.28388],
          [7.52273, 46.28395],
          [7.52295, 46.28404],
          [7.52316, 46.28413],
          [7.52334, 46.28421],
          [7.52351, 46.2843],
          [7.52372, 46.2844],
          [7.52391, 46.28451],
          [7.52409, 46.28461],
          [7.52425, 46.28471],
          [7.52442, 46.28482],
          [7.5246, 46.28495],
          [7.52478, 46.28509],
          [7.52496, 46.28523],
          [7.5251, 46.28535],
          [7.52527, 46.2855],
          [7.5254, 46.28564],
          [7.52554, 46.28579],
          [7.52566, 46.28591],
          [7.52576, 46.28604],
          [7.52587, 46.28618],
          [7.52596, 46.28629],
          [7.52603, 46.2864],
          [7.52608, 46.28648],
          [7.52616, 46.2866],
          [7.52628, 46.28682],
          [7.52638, 46.28699],
          [7.52657, 46.28733],
          [7.52684, 46.28781],
          [7.52695, 46.288],
          [7.52702, 46.28813],
          [7.52711, 46.28828],
          [7.5272, 46.28842],
          [7.52726, 46.28851],
          [7.52734, 46.28862],
          [7.52734, 46.28862],
          [7.52743, 46.28873],
          [7.5275, 46.28882],
          [7.52757, 46.28891],
          [7.52766, 46.289],
          [7.52776, 46.28911],
          [7.52792, 46.28927],
          [7.52804, 46.28937],
          [7.52818, 46.28949],
          [7.52833, 46.28961],
          [7.52846, 46.28971],
          [7.52858, 46.28979],
          [7.52897, 46.29008],
          [7.52897, 46.29008],
          [7.52947, 46.29043],
          [7.52967, 46.29057],
          [7.52976, 46.29063],
          [7.52993, 46.29074],
          [7.53009, 46.29084],
          [7.53025, 46.29094],
          [7.53037, 46.29101],
          [7.5305, 46.29107],
          [7.53064, 46.29114],
          [7.53076, 46.2912],
          [7.5309, 46.29127],
          [7.53106, 46.29133],
          [7.53122, 46.2914],
          [7.53137, 46.29146],
          [7.53159, 46.29155],
          [7.53198, 46.2917],
          [7.53496, 46.29284],
          [7.53526, 46.29296],
          [7.53542, 46.29302],
          [7.53561, 46.2931],
          [7.53577, 46.29317],
          [7.53592, 46.29324],
          [7.53606, 46.2933],
          [7.53626, 46.29341],
          [7.53638, 46.29348],
          [7.53652, 46.29355],
          [7.53692, 46.2938],
          [7.53707, 46.2939],
          [7.53757, 46.29422],
          [7.53783, 46.29439],
          [7.53812, 46.29457],
          [7.53812, 46.29457],
          [7.53842, 46.29474],
          [7.539, 46.29502],
          [7.53932, 46.29517],
          [7.5396, 46.2953],
          [7.53978, 46.29536],
          [7.54057, 46.29566],
          [7.54103, 46.29581],
          [7.5416, 46.29597],
          [7.54332, 46.29642],
          [7.54428, 46.29667],
          [7.54507, 46.29687],
          [7.54567, 46.29703],
          [7.54608, 46.29715],
          [7.54629, 46.29721],
          [7.54657, 46.29731],
          [7.54685, 46.2974],
          [7.54701, 46.29746],
          [7.54717, 46.29752],
          [7.54734, 46.29758],
          [7.54751, 46.29765],
          [7.54771, 46.29773],
          [7.54791, 46.29782],
          [7.54818, 46.29794],
          [7.5483, 46.298],
          [7.5485, 46.2981],
          [7.54869, 46.29819],
          [7.54888, 46.29829],
          [7.54903, 46.29837],
          [7.5493, 46.29852],
          [7.54961, 46.2987],
          [7.5508, 46.2994],
          [7.55084, 46.29942],
          [7.55492, 46.30181],
          [7.555, 46.30185],
          [7.55539, 46.30208],
          [7.55764, 46.30339],
          [7.55924, 46.30433],
          [7.56017, 46.30487],
          [7.56087, 46.30527],
          [7.56118, 46.30546],
          [7.56212, 46.30601],
          [7.56292, 46.30647],
          [7.56352, 46.30682],
          [7.5638, 46.30698],
          [7.56408, 46.30714],
          [7.5645, 46.30737],
          [7.56468, 46.30746],
          [7.5649, 46.30758],
          [7.56529, 46.30778],
          [7.56557, 46.30792],
          [7.56585, 46.30805],
          [7.56609, 46.30817],
          [7.56632, 46.30827],
          [7.56654, 46.30836],
          [7.56675, 46.30845],
          [7.56694, 46.30852],
          [7.56713, 46.30859],
          [7.5673, 46.30864],
          [7.56757, 46.30873],
          [7.56777, 46.30879],
          [7.56789, 46.30882],
          [7.56823, 46.30891],
          [7.5684, 46.30895],
          [7.56856, 46.30899],
          [7.56875, 46.30903],
          [7.56897, 46.30908],
          [7.56921, 46.30912],
          [7.56942, 46.30915],
          [7.56966, 46.30919],
          [7.56991, 46.30922],
          [7.57023, 46.30925],
          [7.57047, 46.30927],
          [7.57062, 46.30928],
          [7.57078, 46.30929],
          [7.57103, 46.3093],
          [7.57129, 46.30931],
          [7.57153, 46.30931],
          [7.57176, 46.30931],
          [7.572, 46.3093],
          [7.57224, 46.30929],
          [7.57253, 46.30927],
          [7.57278, 46.30925],
          [7.57312, 46.30922],
          [7.57346, 46.30918],
          [7.57413, 46.30911],
          [7.57441, 46.30908],
          [7.5746, 46.30906],
          [7.5748, 46.30904],
          [7.57496, 46.30903],
          [7.57513, 46.30902],
          [7.57521, 46.30902],
          [7.5753, 46.30901],
          [7.57541, 46.30901],
          [7.5755, 46.30901],
          [7.57563, 46.309],
          [7.57576, 46.309],
          [7.5759, 46.309],
          [7.57603, 46.309],
          [7.57617, 46.30901],
          [7.57629, 46.30901],
          [7.57644, 46.30902],
          [7.57655, 46.30902],
          [7.57666, 46.30903],
          [7.5768, 46.30904],
          [7.57693, 46.30905],
          [7.57707, 46.30906],
          [7.57721, 46.30908],
          [7.57732, 46.30909],
          [7.57747, 46.30911],
          [7.5776, 46.30913],
          [7.5777, 46.30914],
          [7.57792, 46.30917],
          [7.57813, 46.30921],
          [7.57828, 46.30923],
          [7.57843, 46.30926],
          [7.57864, 46.30931],
          [7.57885, 46.30935],
          [7.57906, 46.3094],
          [7.5792, 46.30943],
          [7.57933, 46.30947],
          [7.57947, 46.30951],
          [7.57962, 46.30955],
          [7.57978, 46.3096],
          [7.58, 46.30967],
          [7.5801, 46.3097],
          [7.58022, 46.30974],
          [7.58033, 46.30978],
          [7.58044, 46.30982],
          [7.58067, 46.30991],
          [7.58083, 46.30997],
          [7.58099, 46.31004],
          [7.58113, 46.3101],
          [7.58116, 46.31011],
          [7.58119, 46.31012],
          [7.58139, 46.31021],
          [7.58388, 46.31128],
          [7.58464, 46.31161],
          [7.58503, 46.31178],
          [7.58543, 46.31195],
          [7.5856, 46.31202],
          [7.58595, 46.31216],
          [7.58647, 46.31237],
          [7.58673, 46.31247],
          [7.58848, 46.31311],
          [7.59037, 46.31371],
          [7.59232, 46.31426],
          [7.5944, 46.31475],
          [7.59727, 46.3153],
          [7.60018, 46.31573],
          [7.6063, 46.31657],
          [7.60726, 46.31671],
          [7.60835, 46.31686],
          [7.61155, 46.31722],
          [7.61413, 46.3174],
          [7.61674, 46.31746],
          [7.6188, 46.31744],
          [7.62091, 46.31735],
          [7.62205, 46.31727],
          [7.62262, 46.31722],
          [7.62319, 46.31717],
          [7.62511, 46.31695],
          [7.62704, 46.31668],
          [7.62955, 46.31622],
          [7.63141, 46.31581],
          [7.63323, 46.31535],
          [7.63563, 46.31463],
          [7.6368, 46.31425],
          [7.63874, 46.31362],
          [7.64004, 46.3132],
          [7.64029, 46.31312],
          [7.64238, 46.31244],
          [7.64241, 46.31242],
          [7.6441, 46.31187],
          [7.64771, 46.3107],
          [7.64777, 46.31068],
          [7.64808, 46.31058],
          [7.64986, 46.31],
          [7.65055, 46.30978],
          [7.65079, 46.30971],
          [7.65104, 46.30964],
          [7.65133, 46.30956],
          [7.65162, 46.30948],
          [7.6521, 46.30936],
          [7.65246, 46.30927],
          [7.65306, 46.30913],
          [7.65351, 46.30903],
          [7.65351, 46.30903],
          [7.65866, 46.30787],
          [7.65867, 46.30786],
          [7.6639, 46.30668],
          [7.66466, 46.30651],
          [7.66497, 46.30645],
          [7.66544, 46.30635],
          [7.6659, 46.30627],
          [7.66634, 46.30619],
          [7.6666, 46.30614],
          [7.66688, 46.3061],
          [7.6672, 46.30605],
          [7.66759, 46.30599],
          [7.66799, 46.30593],
          [7.66841, 46.30588],
          [7.6687, 46.30584],
          [7.66893, 46.30582],
          [7.66916, 46.30579],
          [7.66948, 46.30576],
          [7.66975, 46.30573],
          [7.67011, 46.3057],
          [7.67045, 46.30567],
          [7.67085, 46.30564],
          [7.67125, 46.30561],
          [7.67164, 46.30559],
          [7.67207, 46.30557],
          [7.67243, 46.30555],
          [7.67279, 46.30554],
          [7.67307, 46.30553],
          [7.67358, 46.30552],
          [7.67389, 46.30552],
          [7.67421, 46.30552],
          [7.67455, 46.30552],
          [7.67495, 46.30552],
          [7.67526, 46.30553],
          [7.67562, 46.30554],
          [7.67595, 46.30555],
          [7.67624, 46.30556],
          [7.67655, 46.30558],
          [7.67678, 46.30559],
          [7.67701, 46.3056],
          [7.67721, 46.30562],
          [7.6774, 46.30563],
          [7.6776, 46.30564],
          [7.67778, 46.30566],
          [7.67796, 46.30567],
          [7.67814, 46.30569],
          [7.67852, 46.30572],
          [7.67879, 46.30575],
          [7.67905, 46.30577],
          [7.67959, 46.30583],
          [7.67994, 46.30588],
          [7.68031, 46.30592],
          [7.68068, 46.30597],
          [7.68105, 46.30603],
          [7.68133, 46.30607],
          [7.68165, 46.30612],
          [7.68199, 46.30618],
          [7.68266, 46.3063],
          [7.68314, 46.30639],
          [7.68733, 46.3072],
          [7.68797, 46.30733],
          [7.6902, 46.30776],
          [7.69048, 46.30781],
          [7.69161, 46.30803],
          [7.69161, 46.30803],
          [7.69467, 46.30863],
          [7.6951, 46.30871],
          [7.6956, 46.30881],
          [7.6961, 46.30891],
          [7.69669, 46.30901],
          [7.69729, 46.30911],
          [7.69763, 46.30917],
          [7.69786, 46.3092],
          [7.69809, 46.30923],
          [7.69833, 46.30927],
          [7.69872, 46.30932],
          [7.69907, 46.30937],
          [7.69936, 46.30941],
          [7.69973, 46.30945],
          [7.70001, 46.30949],
          [7.70034, 46.30952],
          [7.70066, 46.30955],
          [7.7009, 46.30958],
          [7.7011, 46.3096],
          [7.70134, 46.30962],
          [7.70158, 46.30964],
          [7.70207, 46.30968],
          [7.70242, 46.3097],
          [7.70271, 46.30972],
          [7.70315, 46.30974],
          [7.70348, 46.30976],
          [7.70392, 46.30978],
          [7.70441, 46.3098],
          [7.70477, 46.30981],
          [7.70513, 46.30981],
          [7.70562, 46.30982],
          [7.70599, 46.30983],
          [7.70636, 46.30983],
          [7.70675, 46.30983],
          [7.70719, 46.30982],
          [7.7075, 46.30982],
          [7.70779, 46.30981],
          [7.70809, 46.3098],
          [7.70831, 46.30979],
          [7.70853, 46.30978],
          [7.70896, 46.30976],
          [7.70946, 46.30974],
          [7.71011, 46.3097],
          [7.71067, 46.30966],
          [7.71122, 46.30961],
          [7.71175, 46.30956],
          [7.71227, 46.30951],
          [7.71268, 46.30946],
          [7.71309, 46.30941],
          [7.71349, 46.30936],
          [7.71389, 46.30931],
          [7.71468, 46.3092],
          [7.72215, 46.30817],
          [7.72884, 46.30725],
          [7.72932, 46.30718],
          [7.72979, 46.30712],
          [7.73009, 46.30707],
          [7.7304, 46.30702],
          [7.73084, 46.30695],
          [7.73112, 46.3069],
          [7.73153, 46.30683],
          [7.73195, 46.30675],
          [7.73219, 46.30671],
          [7.73374, 46.3064],
          [7.73415, 46.30631],
          [7.73455, 46.30624],
          [7.73478, 46.30619],
          [7.73506, 46.30614],
          [7.73531, 46.3061],
          [7.7355, 46.30607],
          [7.73575, 46.30604],
          [7.73597, 46.30601],
          [7.73619, 46.30598],
          [7.73644, 46.30595],
          [7.7367, 46.30592],
          [7.73693, 46.30589],
          [7.73719, 46.30587],
          [7.73743, 46.30585],
          [7.73769, 46.30583],
          [7.73796, 46.30581],
          [7.7382, 46.3058],
          [7.73841, 46.30579],
          [7.73863, 46.30578],
          [7.73887, 46.30577],
          [7.73913, 46.30576],
          [7.73939, 46.30576],
          [7.73965, 46.30576],
          [7.73988, 46.30576],
          [7.74018, 46.30576],
          [7.74018, 46.30576],
          [7.74053, 46.30577],
          [7.74073, 46.30578],
          [7.7409, 46.30578],
          [7.74112, 46.30579],
          [7.74141, 46.30581],
          [7.74167, 46.30582],
          [7.74187, 46.30584],
          [7.74221, 46.30586],
          [7.74254, 46.30589],
          [7.74267, 46.3059],
          [7.74289, 46.30593],
          [7.74302, 46.30594],
          [7.74333, 46.30597],
          [7.74343, 46.30599],
          [7.74343, 46.30599],
          [7.74396, 46.30606],
          [7.74446, 46.30613],
          [7.74486, 46.3062],
          [7.74513, 46.30624],
          [7.74546, 46.30631],
          [7.7458, 46.30637],
          [7.74604, 46.30642],
          [7.74635, 46.30649],
          [7.7468, 46.30659],
          [7.74721, 46.30667],
          [7.74931, 46.30714],
          [7.75036, 46.30736],
          [7.75086, 46.30747],
          [7.75086, 46.30747],
          [7.75139, 46.30759],
          [7.75139, 46.30759],
          [7.75208, 46.30774],
          [7.75233, 46.30779],
          [7.75254, 46.30784],
          [7.75275, 46.30788],
          [7.75315, 46.30795],
          [7.75353, 46.30802],
          [7.7539, 46.30808],
          [7.75426, 46.30814],
          [7.75461, 46.30819],
          [7.755, 46.30823],
          [7.75535, 46.30827],
          [7.75571, 46.30831],
          [7.75596, 46.30833],
          [7.75621, 46.30835],
          [7.75655, 46.30838],
          [7.75694, 46.3084],
          [7.75732, 46.30842],
          [7.75758, 46.30842],
          [7.75784, 46.30843],
          [7.7581, 46.30844],
          [7.75843, 46.30844],
          [7.75872, 46.30844],
          [7.75898, 46.30844],
          [7.75924, 46.30843],
          [7.7594, 46.30843],
          [7.7596, 46.30842],
          [7.7598, 46.30841],
          [7.75995, 46.3084],
          [7.7603, 46.30838],
          [7.76085, 46.30834],
          [7.76111, 46.30832],
          [7.76138, 46.30829],
          [7.76168, 46.30826],
          [7.76196, 46.30822],
          [7.76231, 46.30818],
          [7.76265, 46.30814],
          [7.76311, 46.30808],
          [7.77791, 46.30613],
          [7.77837, 46.30607],
          [7.77892, 46.306],
          [7.77898, 46.30599],
          [7.77918, 46.30596],
          [7.77947, 46.30593],
          [7.77976, 46.3059],
          [7.78003, 46.30587],
          [7.78026, 46.30585],
          [7.78047, 46.30584],
          [7.78073, 46.30582],
          [7.78097, 46.3058],
          [7.78114, 46.30579],
          [7.78131, 46.30578],
          [7.78148, 46.30578],
          [7.78183, 46.30576],
          [7.78211, 46.30575],
          [7.78237, 46.30575],
          [7.78286, 46.30574],
          [7.78336, 46.30574],
          [7.78386, 46.30574],
          [7.79033, 46.30574],
          [7.79294, 46.30575],
          [7.79338, 46.30575],
          [7.79374, 46.30575],
          [7.79404, 46.30575],
          [7.79443, 46.30576],
          [7.79462, 46.30577],
          [7.79462, 46.30577],
          [7.79504, 46.30578],
          [7.79535, 46.3058],
          [7.79562, 46.30582],
          [7.79587, 46.30583],
          [7.79615, 46.30586],
          [7.79642, 46.30588],
          [7.79668, 46.3059],
          [7.79695, 46.30593],
          [7.79719, 46.30596],
          [7.79774, 46.30602],
          [7.79827, 46.30609],
          [7.79976, 46.30629],
          [7.80024, 46.30635],
          [7.80056, 46.30638],
          [7.80087, 46.30641],
          [7.80107, 46.30643],
          [7.80144, 46.30646],
          [7.80175, 46.30648],
          [7.80207, 46.3065],
          [7.80241, 46.30651],
          [7.80278, 46.30653],
          [7.80316, 46.30654],
          [7.80355, 46.30654],
          [7.80393, 46.30654],
          [7.80433, 46.30655],
          [7.80731, 46.30656],
          [7.80833, 46.30656],
          [7.80863, 46.30656],
          [7.80895, 46.30656],
          [7.80927, 46.30657],
          [7.80955, 46.30657],
          [7.80983, 46.30658],
          [7.81012, 46.30659],
          [7.81039, 46.3066],
          [7.81076, 46.30662],
          [7.81162, 46.30667],
          [7.81304, 46.30675],
          [7.81371, 46.30679],
          [7.81406, 46.30682],
          [7.81436, 46.30684],
          [7.81484, 46.30687],
          [7.81531, 46.30691],
          [7.8177, 46.30712],
          [7.81819, 46.30716],
          [7.81867, 46.30721],
          [7.81914, 46.30725],
          [7.81962, 46.3073],
          [7.82253, 46.3076],
          [7.82408, 46.30777],
          [7.82445, 46.3078],
          [7.82482, 46.30784],
          [7.82519, 46.30787],
          [7.82558, 46.3079],
          [7.82579, 46.30791],
          [7.82599, 46.30792],
          [7.82622, 46.30794],
          [7.82663, 46.30795],
          [7.82685, 46.30796],
          [7.82706, 46.30797],
          [7.82743, 46.30797],
          [7.8278, 46.30797],
          [7.82817, 46.30797],
          [7.82856, 46.30796],
          [7.82893, 46.30795],
          [7.82931, 46.30794],
          [7.8297, 46.30791],
          [7.8299, 46.3079],
          [7.83009, 46.30789],
          [7.83027, 46.30787],
          [7.83045, 46.30786],
          [7.8308, 46.30783],
          [7.83113, 46.30779],
          [7.83147, 46.30776],
          [7.83214, 46.30769],
          [7.83425, 46.30746],
          [7.83502, 46.30737],
          [7.83587, 46.30728],
          [7.83702, 46.30715],
          [7.83758, 46.30709],
          [7.83807, 46.30704],
          [7.83854, 46.30698],
          [7.8393, 46.30688],
          [7.83992, 46.3068],
          [7.84058, 46.30671],
          [7.84093, 46.30666],
          [7.84095, 46.30665],
          [7.8426, 46.3064],
          [7.84289, 46.30636],
          [7.8433, 46.3063],
          [7.84371, 46.30624],
          [7.84418, 46.30618],
          [7.84472, 46.30611],
          [7.84525, 46.30604],
          [7.84556, 46.30599],
          [7.84591, 46.30594],
          [7.84668, 46.30582],
          [7.84678, 46.30581],
          [7.84773, 46.30566],
          [7.84831, 46.30557],
          [7.84862, 46.30551],
          [7.84893, 46.30546],
          [7.84918, 46.30541],
          [7.84942, 46.30537],
          [7.84977, 46.3053],
          [7.85013, 46.30522],
          [7.85049, 46.30514],
          [7.85078, 46.30507],
          [7.85113, 46.30498],
          [7.85149, 46.30489],
          [7.85193, 46.30476],
          [7.85248, 46.3046],
          [7.85298, 46.30444],
          [7.85396, 46.30412],
          [7.85543, 46.30365],
          [7.85642, 46.30333],
          [7.85673, 46.30322],
          [7.85704, 46.30312],
          [7.85739, 46.303],
          [7.85763, 46.30291],
          [7.85786, 46.30283],
          [7.85789, 46.30282],
          [7.85818, 46.30271],
          [7.85861, 46.30254],
          [7.85885, 46.30244],
          [7.85915, 46.30232],
          [7.85959, 46.30213],
          [7.85983, 46.30202],
          [7.86013, 46.30188],
          [7.86032, 46.30179],
          [7.86064, 46.30162],
          [7.86092, 46.30148],
          [7.86123, 46.30132],
          [7.8615, 46.30117],
          [7.8617, 46.30105],
          [7.86213, 46.30081],
          [7.86335, 46.30012],
          [7.86454, 46.29944],
          [7.86634, 46.29841],
          [7.86752, 46.29774],
          [7.86826, 46.29732],
          [7.86938, 46.29668],
          [7.86998, 46.29636],
          [7.87002, 46.29633],
          [7.87026, 46.29621],
          [7.87045, 46.29611],
          [7.87087, 46.29591],
          [7.8711, 46.2958],
          [7.87137, 46.29569],
          [7.87162, 46.29558],
          [7.8719, 46.29547],
          [7.87214, 46.29538],
          [7.8725, 46.29525],
          [7.87282, 46.29515],
          [7.87315, 46.29504],
          [7.8734, 46.29497],
          [7.8734, 46.29497],
          [7.87403, 46.29481],
          [7.87434, 46.29473],
          [7.8745, 46.2947],
          [7.8745, 46.2947],
          [7.87486, 46.29462],
          [7.8751, 46.29458],
          [7.87529, 46.29454],
          [7.87552, 46.29451],
          [7.87575, 46.29447],
          [7.87592, 46.29445],
          [7.8761, 46.29442],
          [7.8763, 46.2944],
          [7.87662, 46.29436],
          [7.87693, 46.29433],
          [7.87706, 46.29432],
          [7.8772, 46.29431],
          [7.87755, 46.29429],
          [7.8779, 46.29427],
          [7.87959, 46.2942],
          [7.88081, 46.29417],
          [7.88169, 46.29415],
          [7.88502, 46.29407],
          [7.88579, 46.29405],
          [7.88641, 46.29405],
          [7.88677, 46.29406],
          [7.88703, 46.29406],
          [7.88727, 46.29407],
          [7.88752, 46.29408],
          [7.88772, 46.29409],
          [7.88796, 46.2941],
          [7.88836, 46.29413],
          [7.8886, 46.29415],
          [7.8891, 46.2942],
          [7.88964, 46.29427],
          [7.89025, 46.29434],
          [7.89025, 46.29434],
          [7.89068, 46.29438],
          [7.89087, 46.29439],
          [7.89128, 46.29443],
          [7.89128, 46.29443],
          [7.89025, 46.2943],
          [7.88965, 46.29423],
          [7.8891, 46.29417],
          [7.88863, 46.29412],
          [7.88836, 46.29409],
          [7.88812, 46.29408],
          [7.88764, 46.29404],
          [7.88764, 46.29404],
          [7.88718, 46.29403],
          [7.88678, 46.29402],
          [7.88641, 46.29401],
          [7.88579, 46.29402],
          [7.88502, 46.29403],
          [7.88224, 46.29409],
          [7.88224, 46.29409],
          [7.88224, 46.29409],
          [7.88168, 46.29411],
          [7.87959, 46.29415],
          [7.87832, 46.29419],
          [7.87796, 46.2942],
          [7.87792, 46.2942],
          [7.87755, 46.29422],
          [7.87726, 46.29424],
          [7.87709, 46.29425],
          [7.87692, 46.29427],
          [7.87677, 46.29428],
          [7.87662, 46.29429],
          [7.87649, 46.29431],
          [7.87632, 46.29433],
          [7.87617, 46.29435],
          [7.87601, 46.29437],
          [7.87595, 46.29438],
          [7.87595, 46.29438],
          [7.87556, 46.29443],
          [7.8751, 46.29451],
          [7.87493, 46.29454],
          [7.87476, 46.29458],
          [7.87457, 46.29462],
          [7.87439, 46.29466],
          [7.87401, 46.29475],
          [7.87371, 46.29482],
          [7.87333, 46.29493],
          [7.87306, 46.29501],
          [7.87291, 46.29506],
          [7.87275, 46.29511],
          [7.87242, 46.29522],
          [7.87212, 46.29533],
          [7.87184, 46.29543],
          [7.87166, 46.2955],
          [7.87147, 46.29558],
          [7.87113, 46.29573],
          [7.87088, 46.29584],
          [7.87068, 46.29594],
          [7.87051, 46.29603],
          [7.87023, 46.29617],
          [7.86999, 46.2963],
          [7.86997, 46.29631],
          [7.86994, 46.29632],
          [7.86935, 46.29666],
          [7.86862, 46.29707],
          [7.86808, 46.29738],
          [7.86752, 46.29769],
          [7.86686, 46.29807],
          [7.86646, 46.2983],
          [7.86601, 46.29856],
          [7.86564, 46.29877],
          [7.86509, 46.29908],
          [7.86453, 46.2994],
          [7.86379, 46.29982],
          [7.86209, 46.30079],
          [7.86155, 46.30109],
          [7.86118, 46.30129],
          [7.86088, 46.30146],
          [7.8606, 46.3016],
          [7.86033, 46.30173],
          [7.86007, 46.30186],
          [7.85986, 46.30196],
          [7.85967, 46.30205],
          [7.85947, 46.30213],
          [7.85909, 46.3023],
          [7.85869, 46.30247],
          [7.8583, 46.30262],
          [7.85787, 46.30278],
          [7.85784, 46.30279],
          [7.85736, 46.30296],
          [7.85719, 46.30303],
          [7.85701, 46.30309],
          [7.85672, 46.30319],
          [7.85643, 46.30328],
          [7.8562, 46.30336],
          [7.85581, 46.30349],
          [7.8554, 46.30362],
          [7.85394, 46.30409],
          [7.85296, 46.3044],
          [7.85246, 46.30456],
          [7.85193, 46.30471],
          [7.85146, 46.30484],
          [7.85112, 46.30493],
          [7.85075, 46.30502],
          [7.85046, 46.30509],
          [7.85011, 46.30517],
          [7.84975, 46.30524],
          [7.84939, 46.30531],
          [7.84916, 46.30535],
          [7.84892, 46.30539],
          [7.8486, 46.30545],
          [7.84828, 46.3055],
          [7.8477, 46.30559],
          [7.84676, 46.30573],
          [7.84644, 46.30578],
          [7.84644, 46.30578],
          [7.84577, 46.30588],
          [7.84526, 46.30595],
          [7.84504, 46.30598],
          [7.8448, 46.30601],
          [7.84382, 46.30614],
          [7.84219, 46.30634],
          [7.84219, 46.30634],
          [7.84197, 46.30637],
          [7.84141, 46.30645],
          [7.84088, 46.30651],
          [7.84087, 46.30651],
          [7.84064, 46.30655],
          [7.84032, 46.30659],
          [7.83981, 46.30665],
          [7.83945, 46.3067],
          [7.8393, 46.30673],
          [7.83914, 46.30675],
          [7.83878, 46.3068],
          [7.83841, 46.30686],
          [7.83811, 46.30692],
          [7.83783, 46.30697],
          [7.83762, 46.30701],
          [7.83734, 46.30707],
          [7.83698, 46.30715],
          [7.83666, 46.30722],
          [7.83635, 46.30729],
          [7.83604, 46.30737],
          [7.83585, 46.30742],
          [7.83569, 46.30747],
          [7.83538, 46.30755],
          [7.83507, 46.30764],
          [7.83478, 46.30773],
          [7.83447, 46.30783],
          [7.83412, 46.30794],
          [7.83381, 46.30805],
          [7.83357, 46.30814],
          [7.83323, 46.30826],
          [7.83293, 46.30838],
          [7.83269, 46.30847],
          [7.83243, 46.30858],
          [7.83215, 46.3087],
          [7.83183, 46.30884],
          [7.83158, 46.30895],
          [7.83114, 46.30916],
          [7.81984, 46.31467],
          [7.81171, 46.3187],
          [7.80819, 46.32062],
          [7.8045, 46.32303],
          [7.80137, 46.32539],
          [7.7992, 46.32722],
          [7.79734, 46.32903],
          [7.79462, 46.33194],
          [7.79088, 46.33654],
          [7.79086, 46.33657],
          [7.78704, 46.34136],
          [7.78264, 46.34683],
          [7.77902, 46.35128],
          [7.7526, 46.38384],
          [7.74972, 46.38713],
          [7.73776, 46.40177],
          [7.73651, 46.40334],
          [7.73579, 46.40435],
          [7.73443, 46.40642],
          [7.73281, 46.40904],
          [7.73281, 46.40904],
          [7.73036, 46.41191],
          [7.72737, 46.41529],
          [7.72441, 46.41818],
          [7.67263, 46.46519],
          [7.66634, 46.47241],
          [7.66403, 46.47553],
          [7.66199, 46.4786],
          [7.66002, 46.48167],
          [7.65858, 46.48476],
          [7.65732, 46.4882],
          [7.6566, 46.49131],
          [7.6564, 46.4931],
          [7.65631, 46.49485],
          [7.65641, 46.4981],
          [7.65704, 46.50136],
          [7.65789, 46.50507],
          [7.65832, 46.50817],
          [7.6584, 46.51022],
          [7.65837, 46.51127],
          [7.65836, 46.51145],
          [7.65812, 46.51354],
          [7.65795, 46.5149],
          [7.65767, 46.51631],
          [7.65726, 46.51777],
          [7.6564, 46.5204],
          [7.65554, 46.52294],
          [7.64981, 46.53548],
          [7.6472, 46.54093],
          [7.6445, 46.54617],
          [7.64312, 46.54924],
          [7.64231, 46.55156],
          [7.64183, 46.55464],
          [7.64177, 46.55687],
          [7.64185, 46.56085],
          [7.64227, 46.56319],
          [7.64292, 46.56549],
          [7.64394, 46.56826],
          [7.64453, 46.56963],
          [7.64453, 46.56963],
          [7.64567, 46.57153],
          [7.64676, 46.57357],
          [7.64796, 46.57587],
          [7.64889, 46.578],
          [7.64889, 46.578],
          [7.64912, 46.57859],
          [7.64939, 46.57934],
          [7.64983, 46.58067],
          [7.65015, 46.58175],
          [7.65221, 46.58861],
          [7.65266, 46.58989],
          [7.65317, 46.59116],
          [7.65372, 46.59236],
          [7.65504, 46.59475],
          [7.65629, 46.5967],
          [7.65756, 46.5983],
          [7.65866, 46.59958],
          [7.65985, 46.60087],
          [7.6621, 46.60326],
          [7.66289, 46.604],
          [7.66326, 46.60437],
          [7.66366, 46.60472],
          [7.66399, 46.605],
          [7.66415, 46.60514],
          [7.66432, 46.60527],
          [7.66449, 46.60541],
          [7.66477, 46.60561],
          [7.66498, 46.60576],
          [7.6652, 46.60592],
          [7.6655, 46.60613],
          [7.66578, 46.60631],
          [7.66604, 46.60648],
          [7.66634, 46.60667],
          [7.66659, 46.60682],
          [7.66685, 46.60698],
          [7.66716, 46.60715],
          [7.66752, 46.60735],
          [7.66775, 46.60747],
          [7.66802, 46.60761],
          [7.66834, 46.60778],
          [7.66895, 46.60808],
          [7.66919, 46.6082],
          [7.66925, 46.60823],
          [7.6695, 46.60836],
          [7.66957, 46.6084],
          [7.66988, 46.60856],
          [7.67016, 46.60872],
          [7.67036, 46.60884],
          [7.67061, 46.60901],
          [7.67072, 46.60908],
          [7.67085, 46.60917],
          [7.67104, 46.60932],
          [7.67121, 46.60946],
          [7.67139, 46.60961],
          [7.67158, 46.60979],
          [7.67178, 46.60998],
          [7.6721, 46.61029],
          [7.6723, 46.61049],
          [7.67321, 46.61142],
          [7.67397, 46.61218],
          [7.67397, 46.61218],
          [7.67416, 46.61237],
          [7.67435, 46.61256],
          [7.67473, 46.61295],
          [7.67473, 46.61295],
          [7.67545, 46.61367],
          [7.67597, 46.61417],
          [7.67638, 46.61459],
          [7.67652, 46.61474],
          [7.6767, 46.61492],
          [7.67688, 46.61509],
          [7.67702, 46.61522],
          [7.67717, 46.61535],
          [7.67732, 46.61547],
          [7.67748, 46.61558],
          [7.67773, 46.61575],
          [7.678, 46.61591],
          [7.67827, 46.61606],
          [7.67856, 46.61621],
          [7.6789, 46.61637],
          [7.67932, 46.61657],
          [7.67973, 46.61677],
          [7.67988, 46.61685],
          [7.68003, 46.61693],
          [7.68017, 46.61702],
          [7.68032, 46.6171],
          [7.68053, 46.61725],
          [7.68074, 46.6174],
          [7.68086, 46.6175],
          [7.68099, 46.6176],
          [7.68114, 46.61774],
          [7.68123, 46.61783],
          [7.68136, 46.61796],
          [7.68148, 46.61809],
          [7.68163, 46.61827],
          [7.68222, 46.61905],
          [7.68239, 46.61926],
          [7.68253, 46.6194],
          [7.68268, 46.61954],
          [7.6828, 46.61964],
          [7.68293, 46.61974],
          [7.68307, 46.61984],
          [7.68321, 46.61993],
          [7.68329, 46.61999],
          [7.68336, 46.62002],
          [7.68344, 46.62007],
          [7.6836, 46.62015],
          [7.68377, 46.62023],
          [7.68394, 46.62031],
          [7.68414, 46.62038],
          [7.68435, 46.62046],
          [7.68458, 46.62052],
          [7.68479, 46.62058],
          [7.68506, 46.62065],
          [7.68565, 46.6208],
          [7.68606, 46.62091],
          [7.68648, 46.62103],
          [7.68656, 46.62106],
          [7.68676, 46.62113],
          [7.68694, 46.6212],
          [7.68708, 46.62127],
          [7.68727, 46.62136],
          [7.6874, 46.62143],
          [7.68763, 46.62156],
          [7.68784, 46.62171],
          [7.68802, 46.62185],
          [7.68817, 46.62198],
          [7.68827, 46.62207],
          [7.68835, 46.62215],
          [7.68843, 46.62224],
          [7.68851, 46.62233],
          [7.68858, 46.62243],
          [7.68865, 46.62252],
          [7.68872, 46.62262],
          [7.68879, 46.62272],
          [7.68887, 46.62285],
          [7.68895, 46.62298],
          [7.68903, 46.62313],
          [7.68911, 46.62328],
          [7.68918, 46.62343],
          [7.68925, 46.62358],
          [7.68932, 46.62374],
          [7.68939, 46.62392],
          [7.68947, 46.62414],
          [7.6898, 46.62512],
          [7.69016, 46.6262],
          [7.69024, 46.62643],
          [7.69027, 46.62651],
          [7.69034, 46.62673],
          [7.69046, 46.62709],
          [7.69072, 46.62778],
          [7.69075, 46.62787],
          [7.69124, 46.62928],
          [7.69145, 46.63003],
          [7.6915, 46.63036],
          [7.69151, 46.63062],
          [7.69152, 46.63109],
          [7.69135, 46.63611],
          [7.69132, 46.63655],
          [7.69132, 46.63655],
          [7.69128, 46.63698],
          [7.69127, 46.63707],
          [7.69109, 46.63803],
          [7.69091, 46.63903],
          [7.69088, 46.63917],
          [7.69087, 46.63923],
          [7.69069, 46.64024],
          [7.69067, 46.64032],
          [7.69052, 46.64117],
          [7.69034, 46.64228],
          [7.69025, 46.64284],
          [7.69025, 46.64285],
          [7.68976, 46.64549],
          [7.68968, 46.64582],
          [7.68964, 46.64602],
          [7.68958, 46.64624],
          [7.68949, 46.64648],
          [7.68938, 46.64672],
          [7.68928, 46.64692],
          [7.68917, 46.6471],
          [7.68907, 46.64725],
          [7.68894, 46.64742],
          [7.68873, 46.6477],
          [7.68757, 46.64925],
          [7.68755, 46.64927],
          [7.68754, 46.64928],
          [7.68702, 46.64995],
          [7.68702, 46.64995],
          [7.68631, 46.65087],
          [7.68596, 46.65123],
          [7.6855, 46.65162],
          [7.68497, 46.65194],
          [7.68456, 46.65213],
          [7.68406, 46.65231],
          [7.6835, 46.65252],
          [7.68289, 46.65276],
          [7.68247, 46.65298],
          [7.68215, 46.65319],
          [7.68185, 46.65342],
          [7.68156, 46.65369],
          [7.6813, 46.65399],
          [7.68107, 46.65431],
          [7.68008, 46.65573],
          [7.67994, 46.65596],
          [7.67993, 46.65598],
          [7.67955, 46.6567],
          [7.67939, 46.65697],
          [7.6792, 46.65724],
          [7.6788, 46.65774],
          [7.6788, 46.65774],
          [7.67717, 46.65979],
          [7.67692, 46.66011],
          [7.67678, 46.66031],
          [7.67662, 46.66053],
          [7.6751, 46.66302],
          [7.67495, 46.66325],
          [7.6748, 46.66347],
          [7.67462, 46.66368],
          [7.67443, 46.66387],
          [7.67423, 46.66406],
          [7.67401, 46.66425],
          [7.67377, 46.66442],
          [7.67353, 46.66459],
          [7.67266, 46.66518],
          [7.67238, 46.6654],
          [7.67213, 46.66562],
          [7.67199, 46.66576],
          [7.67187, 46.66589],
          [7.67172, 46.66608],
          [7.67152, 46.66636],
          [7.67126, 46.66684],
          [7.67105, 46.66745],
          [7.67098, 46.66763],
          [7.67082, 46.66808],
          [7.67044, 46.66896],
          [7.67033, 46.66926],
          [7.67025, 46.66953],
          [7.67022, 46.66965],
          [7.67021, 46.66976],
          [7.67019, 46.66983],
          [7.67018, 46.6699],
          [7.67018, 46.66999],
          [7.67017, 46.67017],
          [7.67018, 46.67053],
          [7.67024, 46.67093],
          [7.67037, 46.67131],
          [7.67064, 46.67189],
          [7.67102, 46.6724],
          [7.67139, 46.67279],
          [7.67184, 46.67313],
          [7.67232, 46.67347],
          [7.67302, 46.67384],
          [7.67371, 46.6741],
          [7.67447, 46.67435],
          [7.684, 46.67691],
          [7.68478, 46.67715],
          [7.68538, 46.67737],
          [7.68595, 46.67769],
          [7.68642, 46.67804],
          [7.68678, 46.67843],
          [7.68684, 46.67851],
          [7.68693, 46.67863],
          [7.68699, 46.67873],
          [7.68708, 46.67886],
          [7.68715, 46.67899],
          [7.68721, 46.6791],
          [7.68726, 46.67919],
          [7.68729, 46.67926],
          [7.68733, 46.67934],
          [7.68737, 46.67943],
          [7.68739, 46.67951],
          [7.68742, 46.67959],
          [7.68744, 46.67968],
          [7.68745, 46.67975],
          [7.68747, 46.67984],
          [7.68747, 46.67992],
          [7.68748, 46.68001],
          [7.68748, 46.6801],
          [7.68748, 46.68018],
          [7.68747, 46.68026],
          [7.68746, 46.68036],
          [7.68744, 46.68044],
          [7.68742, 46.68052],
          [7.68739, 46.68061],
          [7.68736, 46.68069],
          [7.68733, 46.68078],
          [7.68729, 46.68087],
          [7.68723, 46.68097],
          [7.68719, 46.68105],
          [7.68712, 46.68114],
          [7.68707, 46.68122],
          [7.68702, 46.68128],
          [7.68702, 46.68129],
          [7.68695, 46.68137],
          [7.68685, 46.68149],
          [7.68674, 46.68161],
          [7.68674, 46.68161],
          [7.68654, 46.68181],
          [7.68644, 46.6819],
          [7.68635, 46.68198],
          [7.68625, 46.68207],
          [7.68606, 46.68226],
          [7.68606, 46.68226],
          [7.68583, 46.68246],
          [7.68565, 46.68261],
          [7.68565, 46.68261],
          [7.68551, 46.68272],
          [7.68542, 46.68278],
          [7.68532, 46.68286],
          [7.68517, 46.68295],
          [7.68509, 46.683],
          [7.68497, 46.68307],
          [7.68481, 46.68316],
          [7.68481, 46.68316],
          [7.68463, 46.68324],
          [7.68414, 46.68349],
          [7.68389, 46.68362],
          [7.68373, 46.6837],
          [7.68349, 46.68382],
          [7.6833, 46.68391],
          [7.68319, 46.68397],
          [7.68306, 46.68404],
          [7.68271, 46.68425],
          [7.68271, 46.68425],
          [7.68223, 46.68454],
          [7.68223, 46.68454],
          [7.68176, 46.68484],
          [7.68166, 46.6849],
          [7.68156, 46.68496],
          [7.68144, 46.68505],
          [7.6813, 46.68515],
          [7.68118, 46.68524],
          [7.68083, 46.68552],
          [7.6797, 46.68641],
          [7.6797, 46.68641]
        ]
      },
      "properties": { "type": "train" }
    },
    {
      "type": "Feature",
      "geometry": {
        "type": "LineString",
        "coordinates": [
          [7.67514, 46.68941],
          [7.67571, 46.68916],
          [7.67581, 46.68912],
          [7.67591, 46.68907],
          [7.67602, 46.68901],
          [7.67624, 46.6889],
          [7.67624, 46.6889],
          [7.67661, 46.68871],
          [7.67661, 46.68871],
          [7.67674, 46.68865],
          [7.67683, 46.6886],
          [7.67692, 46.68855],
          [7.67692, 46.68855],
          [7.67721, 46.68838],
          [7.67747, 46.68823],
          [7.67747, 46.68823],
          [7.67757, 46.68818],
          [7.67767, 46.68813],
          [7.67778, 46.68807],
          [7.67788, 46.68801],
          [7.67796, 46.68795],
          [7.67806, 46.68789],
          [7.67815, 46.68783],
          [7.67826, 46.68775],
          [7.67836, 46.68768],
          [7.67962, 46.68668],
          [7.67978, 46.68655],
          [7.68124, 46.6854],
          [7.68149, 46.6852],
          [7.68149, 46.6852],
          [7.68154, 46.68516],
          [7.68166, 46.68507],
          [7.68172, 46.68503],
          [7.68183, 46.68495],
          [7.68193, 46.68487],
          [7.68193, 46.68487],
          [7.68206, 46.68478],
          [7.68221, 46.68467],
          [7.68231, 46.68461],
          [7.68241, 46.68455],
          [7.68254, 46.68447],
          [7.68266, 46.68439],
          [7.6828, 46.68431],
          [7.68323, 46.68408],
          [7.68323, 46.68408],
          [7.68339, 46.68399],
          [7.6836, 46.68389],
          [7.68374, 46.68381],
          [7.68391, 46.68373],
          [7.68451, 46.68344],
          [7.68458, 46.68341],
          [7.6847, 46.68335],
          [7.68483, 46.68329],
          [7.68499, 46.68321],
          [7.68508, 46.68316],
          [7.68519, 46.6831],
          [7.6853, 46.68304],
          [7.68547, 46.68294],
          [7.68561, 46.68285],
          [7.68581, 46.68271],
          [7.68599, 46.68256],
          [7.68609, 46.68248],
          [7.68618, 46.6824],
          [7.68637, 46.6822],
          [7.68638, 46.6822],
          [7.68657, 46.68201],
          [7.68688, 46.68168],
          [7.68932, 46.67917],
          [7.68968, 46.67881],
          [7.69008, 46.67847],
          [7.69058, 46.67815],
          [7.69138, 46.67768],
          [7.69154, 46.67759],
          [7.69185, 46.67741],
          [7.69256, 46.67698],
          [7.69292, 46.67671],
          [7.69326, 46.67645],
          [7.69365, 46.67614],
          [7.69365, 46.67614],
          [7.69454, 46.67536],
          [7.69479, 46.67516],
          [7.69527, 46.6748],
          [7.69577, 46.67451],
          [7.69654, 46.67415],
          [7.69713, 46.67393],
          [7.69786, 46.67367],
          [7.69986, 46.67295],
          [7.70081, 46.67269],
          [7.70204, 46.67236],
          [7.70251, 46.67224],
          [7.70321, 46.67205],
          [7.70354, 46.67198],
          [7.70387, 46.67192],
          [7.70424, 46.67187],
          [7.70456, 46.67185],
          [7.70519, 46.67179],
          [7.70547, 46.67176],
          [7.70563, 46.67173],
          [7.70577, 46.67171],
          [7.70597, 46.67166],
          [7.70621, 46.67161],
          [7.70646, 46.67154],
          [7.70674, 46.67145],
          [7.70694, 46.67137],
          [7.70719, 46.67128],
          [7.70743, 46.67119],
          [7.70764, 46.67111],
          [7.70782, 46.67104],
          [7.70802, 46.67098],
          [7.70826, 46.67091],
          [7.70835, 46.67089],
          [7.70891, 46.67074],
          [7.70907, 46.6707],
          [7.70959, 46.67056],
          [7.71021, 46.67042],
          [7.71288, 46.6698],
          [7.71348, 46.66966],
          [7.71383, 46.66957],
          [7.71408, 46.66949],
          [7.71434, 46.6694],
          [7.71456, 46.66931],
          [7.71478, 46.66923],
          [7.71511, 46.66908],
          [7.71562, 46.66883],
          [7.71616, 46.66856],
          [7.71686, 46.66822],
          [7.71745, 46.66793],
          [7.71781, 46.66775],
          [7.71799, 46.66767],
          [7.71818, 46.66759],
          [7.71836, 46.66752],
          [7.71857, 46.66746],
          [7.71873, 46.66741],
          [7.71888, 46.66738],
          [7.71906, 46.66734],
          [7.71924, 46.66731],
          [7.71937, 46.66729],
          [7.71954, 46.66727],
          [7.71977, 46.66725],
          [7.72, 46.66724],
          [7.72075, 46.66721],
          [7.72113, 46.66719],
          [7.72125, 46.66718],
          [7.72137, 46.66718],
          [7.72152, 46.66716],
          [7.72167, 46.66715],
          [7.72187, 46.66713],
          [7.72204, 46.6671],
          [7.72229, 46.66706],
          [7.72252, 46.66701],
          [7.72268, 46.66697],
          [7.72285, 46.66693],
          [7.72301, 46.66688],
          [7.7232, 46.66682],
          [7.72368, 46.66662],
          [7.72393, 46.66648],
          [7.72417, 46.66631],
          [7.72461, 46.66598],
          [7.72467, 46.66593],
          [7.72492, 46.66574],
          [7.72499, 46.66568],
          [7.72513, 46.66559],
          [7.72528, 46.66549],
          [7.72541, 46.66542],
          [7.72557, 46.66533],
          [7.72576, 46.66524],
          [7.72595, 46.66516],
          [7.72613, 46.6651],
          [7.72631, 46.66504],
          [7.72652, 46.66498],
          [7.72703, 46.66484],
          [7.7274, 46.66474],
          [7.7279, 46.66456],
          [7.72829, 46.66434],
          [7.72884, 46.664],
          [7.72912, 46.66384],
          [7.72973, 46.66361],
          [7.73039, 46.66349],
          [7.73085, 46.66346],
          [7.73136, 46.66347],
          [7.73192, 46.66355],
          [7.73235, 46.66365],
          [7.73305, 46.66379],
          [7.7332, 46.66381],
          [7.73335, 46.66382],
          [7.7335, 46.66383],
          [7.73364, 46.66383],
          [7.73383, 46.66383],
          [7.734, 46.66382],
          [7.73414, 46.66381],
          [7.7343, 46.66379],
          [7.73448, 46.66377],
          [7.73462, 46.66374],
          [7.73477, 46.66371],
          [7.73496, 46.66367],
          [7.73513, 46.66362],
          [7.7353, 46.66356],
          [7.73588, 46.66335],
          [7.73603, 46.6633],
          [7.73623, 46.66323],
          [7.73623, 46.66323],
          [7.73654, 46.66315],
          [7.7368, 46.66309],
          [7.73703, 46.66305],
          [7.73731, 46.66301],
          [7.73767, 46.66296],
          [7.74041, 46.66255],
          [7.74064, 46.66252],
          [7.74084, 46.66248],
          [7.741, 46.66245],
          [7.7412, 46.66241],
          [7.7414, 46.66235],
          [7.74154, 46.6623],
          [7.74168, 46.66224],
          [7.74196, 46.66214],
          [7.74247, 46.66192],
          [7.74336, 46.66155],
          [7.74357, 46.66147],
          [7.7437, 46.66141],
          [7.74384, 46.66134],
          [7.74397, 46.66128],
          [7.7441, 46.6612],
          [7.74422, 46.66113],
          [7.74433, 46.66105],
          [7.74444, 46.66096],
          [7.74456, 46.66086],
          [7.74467, 46.66075],
          [7.74477, 46.66064],
          [7.74482, 46.66057],
          [7.74488, 46.66049],
          [7.74496, 46.66039],
          [7.74523, 46.66],
          [7.74532, 46.6599],
          [7.74541, 46.65981],
          [7.74552, 46.65971],
          [7.74564, 46.65961],
          [7.74574, 46.65953],
          [7.74584, 46.65946],
          [7.74596, 46.65939],
          [7.74612, 46.6593],
          [7.74742, 46.65866],
          [7.7484, 46.65813],
          [7.74892, 46.65783],
          [7.75017, 46.65715],
          [7.75038, 46.65703],
          [7.75057, 46.65692],
          [7.75075, 46.65682],
          [7.75082, 46.65678],
          [7.75082, 46.65678],
          [7.75119, 46.65658],
          [7.7513, 46.65652],
          [7.75146, 46.65644],
          [7.75158, 46.65639],
          [7.75171, 46.65634],
          [7.75187, 46.65628],
          [7.752, 46.65624],
          [7.75218, 46.65619],
          [7.75241, 46.65614],
          [7.75256, 46.6561],
          [7.75274, 46.65607],
          [7.75296, 46.65603],
          [7.75319, 46.65599],
          [7.75439, 46.65578],
          [7.75509, 46.65566],
          [7.75517, 46.65564],
          [7.7555, 46.65558],
          [7.7555, 46.65558],
          [7.75612, 46.65548],
          [7.75628, 46.65545],
          [7.75659, 46.6554],
          [7.75673, 46.65537],
          [7.75688, 46.65534],
          [7.75707, 46.6553],
          [7.75719, 46.65526],
          [7.75733, 46.65522],
          [7.75745, 46.65518],
          [7.75756, 46.65515],
          [7.75765, 46.65511],
          [7.75778, 46.65506],
          [7.75799, 46.65498],
          [7.75868, 46.65467],
          [7.75889, 46.65458],
          [7.75907, 46.65452],
          [7.75922, 46.65447],
          [7.75936, 46.65443],
          [7.75953, 46.65439],
          [7.7597, 46.65436],
          [7.75989, 46.65432],
          [7.76007, 46.6543],
          [7.76023, 46.65429],
          [7.76037, 46.65428],
          [7.76053, 46.65428],
          [7.76067, 46.65428],
          [7.7608, 46.65429],
          [7.76096, 46.6543],
          [7.76111, 46.65431],
          [7.76128, 46.65433],
          [7.76142, 46.65435],
          [7.76159, 46.65438],
          [7.76174, 46.65442],
          [7.76188, 46.65445],
          [7.762, 46.65448],
          [7.76211, 46.65452],
          [7.76223, 46.65456],
          [7.76242, 46.65463],
          [7.76265, 46.65472],
          [7.76284, 46.6548],
          [7.76299, 46.65486],
          [7.76317, 46.65494],
          [7.76338, 46.65502],
          [7.76358, 46.65511],
          [7.76368, 46.65515],
          [7.76383, 46.65522],
          [7.76406, 46.65531],
          [7.76426, 46.65539],
          [7.76442, 46.65545],
          [7.76458, 46.6555],
          [7.76475, 46.65555],
          [7.76491, 46.65559],
          [7.76511, 46.65564],
          [7.76529, 46.65567],
          [7.76543, 46.6557],
          [7.76563, 46.65573],
          [7.76581, 46.65575],
          [7.76596, 46.65577],
          [7.76613, 46.65578],
          [7.76636, 46.65579],
          [7.76651, 46.65579],
          [7.76668, 46.65579],
          [7.76686, 46.65579],
          [7.76702, 46.65578],
          [7.76722, 46.65576],
          [7.76736, 46.65575],
          [7.76752, 46.65573],
          [7.76766, 46.65571],
          [7.76782, 46.65568],
          [7.76801, 46.65564],
          [7.76818, 46.65561],
          [7.76834, 46.65557],
          [7.76847, 46.65553],
          [7.76865, 46.65547],
          [7.76882, 46.65541],
          [7.76901, 46.65534],
          [7.76923, 46.65526],
          [7.76939, 46.65519],
          [7.76989, 46.65498],
          [7.77004, 46.65492],
          [7.77019, 46.65487],
          [7.77029, 46.65483],
          [7.77043, 46.65479],
          [7.77056, 46.65476],
          [7.7707, 46.65472],
          [7.77085, 46.65469],
          [7.77098, 46.65467],
          [7.77114, 46.65465],
          [7.77125, 46.65463],
          [7.7714, 46.65462],
          [7.77156, 46.65461],
          [7.77168, 46.65461],
          [7.77184, 46.65461],
          [7.77184, 46.65461],
          [7.77206, 46.65461],
          [7.77226, 46.65462],
          [7.77237, 46.65463],
          [7.77249, 46.65464],
          [7.77261, 46.65465],
          [7.7727, 46.65466],
          [7.77282, 46.65467],
          [7.77293, 46.65469],
          [7.77308, 46.65471],
          [7.77321, 46.65474],
          [7.77334, 46.65476],
          [7.77346, 46.65479],
          [7.77358, 46.65482],
          [7.77373, 46.65486],
          [7.77385, 46.6549],
          [7.77395, 46.65493],
          [7.77405, 46.65497],
          [7.77416, 46.65501],
          [7.7743, 46.65506],
          [7.77462, 46.6552],
          [7.7751, 46.65541],
          [7.77553, 46.65559],
          [7.77592, 46.65576],
          [7.77636, 46.65595],
          [7.77655, 46.65603],
          [7.77667, 46.65608],
          [7.77686, 46.65615],
          [7.77699, 46.6562],
          [7.77706, 46.65622],
          [7.7772, 46.65627],
          [7.77733, 46.6563],
          [7.77747, 46.65634],
          [7.77761, 46.65637],
          [7.77775, 46.65641],
          [7.77815, 46.65649],
          [7.77824, 46.65651],
          [7.77864, 46.65659],
          [7.77902, 46.65667],
          [7.77949, 46.65677],
          [7.77991, 46.65686],
          [7.78087, 46.65709],
          [7.78138, 46.65721],
          [7.78173, 46.6573],
          [7.78196, 46.65735],
          [7.78223, 46.65741],
          [7.7824, 46.65745],
          [7.7826, 46.65749],
          [7.78279, 46.65752],
          [7.78298, 46.65755],
          [7.78319, 46.65758],
          [7.78339, 46.6576],
          [7.78358, 46.65762],
          [7.78378, 46.65764],
          [7.78399, 46.65765],
          [7.78421, 46.65766],
          [7.78442, 46.65767],
          [7.78466, 46.65767],
          [7.78486, 46.65767],
          [7.785, 46.65767],
          [7.78569, 46.65766],
          [7.78593, 46.65766],
          [7.78638, 46.65766],
          [7.78664, 46.65766],
          [7.78684, 46.65768],
          [7.78703, 46.65769],
          [7.78718, 46.65772],
          [7.78739, 46.65775],
          [7.78756, 46.65779],
          [7.78771, 46.65784],
          [7.78786, 46.65788],
          [7.78801, 46.65794],
          [7.78816, 46.658],
          [7.78829, 46.65806],
          [7.7884, 46.65812],
          [7.78852, 46.65818],
          [7.78862, 46.65824],
          [7.78872, 46.65831],
          [7.78881, 46.65837],
          [7.78894, 46.65847],
          [7.78918, 46.65864],
          [7.78934, 46.65877],
          [7.7895, 46.65888],
          [7.78966, 46.659],
          [7.78978, 46.65907],
          [7.78989, 46.65914],
          [7.79001, 46.65921],
          [7.79013, 46.65927],
          [7.79027, 46.65933],
          [7.7904, 46.65938],
          [7.79053, 46.65943],
          [7.79067, 46.65947],
          [7.79078, 46.65951],
          [7.79091, 46.65954],
          [7.7911, 46.65958],
          [7.79128, 46.65961],
          [7.79173, 46.65969],
          [7.79192, 46.65973],
          [7.79209, 46.65977],
          [7.79226, 46.65981],
          [7.79242, 46.65986],
          [7.7926, 46.65992],
          [7.79273, 46.65997],
          [7.79286, 46.66002],
          [7.79302, 46.66009],
          [7.79317, 46.66016],
          [7.7933, 46.66023],
          [7.79366, 46.66044],
          [7.79405, 46.66066],
          [7.79443, 46.66083],
          [7.79459, 46.6609],
          [7.79471, 46.66094],
          [7.79484, 46.66098],
          [7.79533, 46.66113],
          [7.79556, 46.6612],
          [7.79569, 46.66124],
          [7.79583, 46.66129],
          [7.79594, 46.66133],
          [7.79611, 46.6614],
          [7.79626, 46.66147],
          [7.79661, 46.66164],
          [7.79693, 46.6618],
          [7.7973, 46.66198],
          [7.79746, 46.66205],
          [7.79763, 46.66212],
          [7.79775, 46.66216],
          [7.79793, 46.66222],
          [7.79809, 46.66226],
          [7.79831, 46.66232],
          [7.79865, 46.66241],
          [7.79883, 46.66246],
          [7.79895, 46.6625],
          [7.79908, 46.66254],
          [7.79918, 46.66257],
          [7.79933, 46.66263],
          [7.79949, 46.6627],
          [7.79963, 46.66276],
          [7.79975, 46.66283],
          [7.7999, 46.66291],
          [7.80009, 46.66303],
          [7.80038, 46.66321],
          [7.80098, 46.66359],
          [7.80116, 46.66369],
          [7.80135, 46.66379],
          [7.80157, 46.66389],
          [7.80174, 46.66395],
          [7.80193, 46.66401],
          [7.80216, 46.66408],
          [7.80248, 46.66416],
          [7.80306, 46.66429],
          [7.80324, 46.66433],
          [7.80352, 46.66438],
          [7.80373, 46.66442],
          [7.8039, 46.66445],
          [7.80411, 46.66447],
          [7.80429, 46.66448],
          [7.80452, 46.66449],
          [7.80472, 46.66449],
          [7.80492, 46.66448],
          [7.80512, 46.66447],
          [7.80527, 46.66445],
          [7.80538, 46.66444],
          [7.80556, 46.66442],
          [7.80576, 46.66438],
          [7.80595, 46.66435],
          [7.80613, 46.66431],
          [7.80629, 46.66427],
          [7.80642, 46.66423],
          [7.80655, 46.66418],
          [7.80669, 46.66413],
          [7.80684, 46.66406],
          [7.80698, 46.66399],
          [7.80712, 46.66391],
          [7.80725, 46.66383],
          [7.80736, 46.66375],
          [7.80746, 46.66368],
          [7.80756, 46.66359],
          [7.8077, 46.66346],
          [7.80781, 46.66335],
          [7.80811, 46.66304],
          [7.8082, 46.66295],
          [7.80829, 46.66287],
          [7.80837, 46.66281],
          [7.80847, 46.66274],
          [7.80857, 46.66267],
          [7.8087, 46.66259],
          [7.80886, 46.66251],
          [7.80899, 46.66245],
          [7.80914, 46.66239],
          [7.80929, 46.66233],
          [7.80946, 46.66228],
          [7.80979, 46.66217],
          [7.81006, 46.66208],
          [7.81022, 46.66203],
          [7.81039, 46.66197],
          [7.81055, 46.66191],
          [7.81073, 46.66183],
          [7.81089, 46.66175],
          [7.81106, 46.66167],
          [7.81118, 46.6616],
          [7.81132, 46.66152],
          [7.81152, 46.66139],
          [7.81203, 46.66105],
          [7.81208, 46.66102],
          [7.81226, 46.66091],
          [7.81245, 46.6608],
          [7.8125, 46.66076],
          [7.8125, 46.66076],
          [7.81275, 46.66063],
          [7.81292, 46.66055],
          [7.81307, 46.66048],
          [7.81324, 46.66041],
          [7.81337, 46.66036],
          [7.81361, 46.66027],
          [7.81378, 46.66021],
          [7.81404, 46.66012],
          [7.81438, 46.66],
          [7.8148, 46.65987],
          [7.81492, 46.65983],
          [7.81507, 46.65979],
          [7.81518, 46.65977],
          [7.81533, 46.65974],
          [7.81543, 46.65972],
          [7.8156, 46.65969],
          [7.81575, 46.65968],
          [7.8159, 46.65966],
          [7.81605, 46.65966],
          [7.81617, 46.65965],
          [7.81631, 46.65965],
          [7.81649, 46.65965],
          [7.81665, 46.65966],
          [7.81682, 46.65967],
          [7.81705, 46.6597],
          [7.81722, 46.65972],
          [7.81743, 46.65975],
          [7.81776, 46.65981],
          [7.81847, 46.65994],
          [7.81891, 46.65999],
          [7.81948, 46.66005],
          [7.81967, 46.66007],
          [7.81982, 46.66009],
          [7.82, 46.66012],
          [7.82013, 46.66015],
          [7.82029, 46.66019],
          [7.82044, 46.66023],
          [7.82061, 46.66028],
          [7.82076, 46.66035],
          [7.82098, 46.66045],
          [7.82135, 46.66063],
          [7.82185, 46.66091],
          [7.82212, 46.66103],
          [7.82242, 46.66114],
          [7.82275, 46.66124],
          [7.8232, 46.66138],
          [7.82362, 46.66153],
          [7.82394, 46.6617],
          [7.82425, 46.66189],
          [7.82498, 46.66249],
          [7.82526, 46.6627],
          [7.82562, 46.66291],
          [7.82652, 46.66336],
          [7.82691, 46.66359],
          [7.82703, 46.66367],
          [7.82725, 46.66382],
          [7.8274, 46.66394],
          [7.828, 46.66446],
          [7.82811, 46.66456],
          [7.82814, 46.66458],
          [7.82822, 46.66464],
          [7.82841, 46.66478],
          [7.82864, 46.66491],
          [7.82876, 46.66498],
          [7.82911, 46.66514],
          [7.82946, 46.66529],
          [7.83001, 46.66553],
          [7.8306, 46.66581],
          [7.83481, 46.66783],
          [7.83646, 46.66862],
          [7.83687, 46.6688],
          [7.83789, 46.66923],
          [7.83842, 46.66945],
          [7.83884, 46.66964],
          [7.83919, 46.66981],
          [7.83962, 46.67002],
          [7.84016, 46.67032],
          [7.8406, 46.67058],
          [7.84111, 46.67092],
          [7.84139, 46.67111],
          [7.84176, 46.6714],
          [7.84202, 46.6716],
          [7.84234, 46.67188],
          [7.8433, 46.67272],
          [7.84348, 46.67289],
          [7.8436, 46.67299],
          [7.84387, 46.67322],
          [7.8442, 46.67346],
          [7.84435, 46.67357],
          [7.84526, 46.67418],
          [7.84559, 46.6744],
          [7.84589, 46.67462],
          [7.84613, 46.6748],
          [7.84614, 46.67481],
          [7.84614, 46.67481],
          [7.84795, 46.67617],
          [7.8484, 46.67651],
          [7.84883, 46.67682],
          [7.84953, 46.67736],
          [7.84965, 46.67746],
          [7.84978, 46.67757],
          [7.84988, 46.67766],
          [7.84996, 46.67775],
          [7.85004, 46.67783],
          [7.8501, 46.67791],
          [7.85016, 46.67798],
          [7.85022, 46.67807],
          [7.85028, 46.67816],
          [7.85032, 46.67824],
          [7.85037, 46.67834],
          [7.85042, 46.67845],
          [7.85046, 46.67855],
          [7.85049, 46.67867],
          [7.85049, 46.67867],
          [7.85058, 46.67899],
          [7.85066, 46.67921],
          [7.85077, 46.67966],
          [7.85083, 46.67991],
          [7.85085, 46.68002],
          [7.85088, 46.68016],
          [7.85089, 46.68029],
          [7.85091, 46.68042],
          [7.85093, 46.68065],
          [7.85095, 46.68077],
          [7.85097, 46.68088],
          [7.85099, 46.68099],
          [7.85103, 46.68115],
          [7.85145, 46.68306],
          [7.85162, 46.68381],
          [7.85163, 46.68387],
          [7.85177, 46.68446],
          [7.85184, 46.68472],
          [7.85186, 46.68479],
          [7.85196, 46.685],
          [7.85203, 46.68512],
          [7.85216, 46.68532],
          [7.85223, 46.68541],
          [7.85234, 46.68554],
          [7.85243, 46.68563],
          [7.85254, 46.68573],
          [7.85272, 46.68588],
          [7.85298, 46.68608],
          [7.8537, 46.68663],
          [7.85383, 46.68673],
          [7.854, 46.68687],
          [7.85408, 46.68694],
          [7.85416, 46.68702],
          [7.85424, 46.68711],
          [7.8543, 46.68717],
          [7.85434, 46.68723],
          [7.8544, 46.68731],
          [7.85446, 46.68739],
          [7.85451, 46.68747],
          [7.85458, 46.68759],
          [7.85465, 46.68771],
          [7.85505, 46.68847],
          [7.85527, 46.68883],
          [7.85571, 46.68956],
          [7.85575, 46.68961],
          [7.85583, 46.68973],
          [7.85589, 46.6898],
          [7.85594, 46.68987],
          [7.856, 46.68993],
          [7.85611, 46.69003],
          [7.85616, 46.69008],
          [7.85622, 46.69013],
          [7.85629, 46.69019],
          [7.85635, 46.69023],
          [7.85645, 46.6903],
          [7.85654, 46.69036],
          [7.85663, 46.69041],
          [7.85671, 46.69046],
          [7.85681, 46.69051],
          [7.8569, 46.69055],
          [7.85702, 46.6906],
          [7.85713, 46.69064],
          [7.85722, 46.69067],
          [7.85733, 46.69071],
          [7.85744, 46.69074],
          [7.85757, 46.69077],
          [7.85766, 46.6908],
          [7.85777, 46.69082],
          [7.85786, 46.69084],
          [7.85795, 46.69085],
          [7.85804, 46.69086],
          [7.85814, 46.69088],
          [7.85823, 46.69089],
          [7.85831, 46.6909],
          [7.85839, 46.6909],
          [7.85847, 46.69091],
          [7.85856, 46.69091],
          [7.85865, 46.69091],
          [7.85872, 46.69091],
          [7.8588, 46.69091],
          [7.85888, 46.69091],
          [7.85896, 46.69091],
          [7.85904, 46.6909],
          [7.85912, 46.69089],
          [7.8592, 46.69088],
          [7.85928, 46.69087],
          [7.85936, 46.69086],
          [7.85948, 46.69084],
          [7.8596, 46.69082],
          [7.85974, 46.69079],
          [7.85992, 46.69074],
          [7.86011, 46.6907],
          [7.86064, 46.69056],
          [7.86081, 46.69051],
          [7.86094, 46.69048],
          [7.86108, 46.69045],
          [7.86119, 46.69043],
          [7.86129, 46.69042],
          [7.86141, 46.6904],
          [7.86152, 46.69038],
          [7.86162, 46.69037],
          [7.86181, 46.69035],
          [7.86191, 46.69035],
          [7.86201, 46.69034],
          [7.8622, 46.69034],
          [7.86237, 46.69034],
          [7.86253, 46.69034],
          [7.8627, 46.69035],
          [7.86285, 46.69036],
          [7.86298, 46.69037],
          [7.86313, 46.69039],
          [7.86358, 46.69043],
          [7.86372, 46.69044],
          [7.86384, 46.69046],
          [7.86393, 46.69047],
          [7.86401, 46.69049],
          [7.8641, 46.6905],
          [7.86422, 46.69053],
          [7.86433, 46.69056],
          [7.86452, 46.69061],
          [7.86468, 46.69065],
          [7.86483, 46.6907],
          [7.86497, 46.69073],
          [7.865, 46.69074],
          [7.86508, 46.69076],
          [7.8652, 46.69078],
          [7.86529, 46.6908],
          [7.86539, 46.69082],
          [7.86549, 46.69083],
          [7.86559, 46.69085],
          [7.86568, 46.69086],
          [7.86576, 46.69086],
          [7.86584, 46.69087],
          [7.86592, 46.69087],
          [7.86602, 46.69087],
          [7.86613, 46.69087],
          [7.86627, 46.69087],
          [7.86639, 46.69086],
          [7.86646, 46.69086],
          [7.86743, 46.69077],
          [7.86754, 46.69077],
          [7.86759, 46.69076],
          [7.86767, 46.69076],
          [7.86767, 46.69076],
          [7.86777, 46.69076],
          [7.86791, 46.69076],
          [7.86802, 46.69076],
          [7.8681, 46.69076],
          [7.86816, 46.69077],
          [7.86825, 46.69078],
          [7.86825, 46.69078],
          [7.86836, 46.69079],
          [7.86844, 46.6908],
          [7.86851, 46.69081],
          [7.86863, 46.69084],
          [7.86863, 46.69084],
          [7.86883, 46.69088],
          [7.869, 46.69091],
          [7.8692, 46.69094],
          [7.86932, 46.69096],
          [7.86974, 46.69101],
          [7.87048, 46.69109],
          [7.87048, 46.69109]
        ]
      },
      "properties": { "type": "train" }
    },
    {
      "type": "Feature",
      "geometry": {
        "type": "LineString",
        "coordinates": [
          [7.87065, 46.69094],
          [7.87092, 46.69097],
          [7.87092, 46.69097],
          [7.87183, 46.69107],
          [7.87183, 46.69107],
          [7.87191, 46.69108],
          [7.87201, 46.69109],
          [7.87211, 46.69109],
          [7.87219, 46.6911],
          [7.87229, 46.6911],
          [7.87241, 46.6911],
          [7.87251, 46.69111],
          [7.8728, 46.69111],
          [7.87294, 46.6911],
          [7.87303, 46.6911],
          [7.87312, 46.6911],
          [7.87328, 46.69109],
          [7.87343, 46.69109],
          [7.87356, 46.69108],
          [7.87367, 46.69107],
          [7.87378, 46.69105],
          [7.87391, 46.69104],
          [7.87404, 46.69102],
          [7.87416, 46.691],
          [7.87434, 46.69097],
          [7.87443, 46.69095],
          [7.87452, 46.69093],
          [7.87557, 46.69071],
          [7.87591, 46.69064],
          [7.876, 46.69062],
          [7.8761, 46.6906],
          [7.87622, 46.69058],
          [7.8763, 46.69057],
          [7.87638, 46.69056],
          [7.87647, 46.69055],
          [7.87656, 46.69054],
          [7.87665, 46.69053],
          [7.87674, 46.69053],
          [7.87682, 46.69052],
          [7.87693, 46.69052],
          [7.87703, 46.69052],
          [7.87711, 46.69052],
          [7.87721, 46.69052],
          [7.87739, 46.69053],
          [7.8775, 46.69055],
          [7.8776, 46.69056],
          [7.87771, 46.69057],
          [7.87786, 46.6906],
          [7.87794, 46.69062],
          [7.87804, 46.69064],
          [7.87814, 46.69066],
          [7.87823, 46.69069],
          [7.87829, 46.6907],
          [7.8784, 46.69074],
          [7.8785, 46.69077],
          [7.8786, 46.69081],
          [7.87869, 46.69085],
          [7.87879, 46.69089],
          [7.87887, 46.69093],
          [7.87896, 46.69097],
          [7.87904, 46.69102],
          [7.8791, 46.69105],
          [7.87916, 46.69109],
          [7.87925, 46.69114],
          [7.87937, 46.69123],
          [7.87948, 46.69131],
          [7.87969, 46.69148],
          [7.88188, 46.69329],
          [7.88202, 46.6934],
          [7.88296, 46.69418],
          [7.88313, 46.69431],
          [7.88333, 46.69446],
          [7.88346, 46.69454],
          [7.88347, 46.69455],
          [7.88354, 46.69458],
          [7.88363, 46.69463],
          [7.88372, 46.69467],
          [7.88382, 46.69472],
          [7.88393, 46.69476],
          [7.88402, 46.69479],
          [7.88411, 46.69482],
          [7.88421, 46.69485],
          [7.88432, 46.69488],
          [7.88442, 46.6949],
          [7.88453, 46.69492],
          [7.88465, 46.69494],
          [7.88477, 46.69496],
          [7.88494, 46.69497],
          [7.8851, 46.69498],
          [7.88549, 46.695],
          [7.88581, 46.695],
          [7.88613, 46.69502],
          [7.88635, 46.69504],
          [7.88658, 46.69507],
          [7.88671, 46.69509],
          [7.88683, 46.69512],
          [7.88695, 46.69515],
          [7.88706, 46.69518],
          [7.88718, 46.69521],
          [7.8873, 46.69525],
          [7.88752, 46.69534],
          [7.88761, 46.69538],
          [7.8877, 46.69542],
          [7.88779, 46.69547],
          [7.88788, 46.69552],
          [7.88803, 46.69561],
          [7.88819, 46.69571],
          [7.88866, 46.69605],
          [7.88908, 46.69634],
          [7.88933, 46.69648],
          [7.8896, 46.6966],
          [7.88988, 46.6967],
          [7.8902, 46.69679],
          [7.8905, 46.69685],
          [7.89083, 46.69691],
          [7.89114, 46.69697],
          [7.89145, 46.69705],
          [7.89174, 46.69714],
          [7.89205, 46.69726],
          [7.8921, 46.69728],
          [7.8922, 46.69733],
          [7.89236, 46.69742],
          [7.89248, 46.69749],
          [7.89259, 46.69757],
          [7.89282, 46.69772],
          [7.89328, 46.69804],
          [7.89371, 46.69833],
          [7.89392, 46.69848],
          [7.89413, 46.69862],
          [7.89424, 46.69872],
          [7.89435, 46.69881],
          [7.89444, 46.69889],
          [7.89452, 46.69898],
          [7.89461, 46.69908],
          [7.89469, 46.69918],
          [7.89477, 46.69929],
          [7.89484, 46.6994],
          [7.89492, 46.69956],
          [7.895, 46.69974],
          [7.89507, 46.6999],
          [7.89517, 46.70018],
          [7.89522, 46.70035],
          [7.89527, 46.70046],
          [7.89529, 46.70053],
          [7.89533, 46.70061],
          [7.89537, 46.7007],
          [7.89542, 46.70079],
          [7.89548, 46.70087],
          [7.89553, 46.70094],
          [7.89558, 46.70101],
          [7.8957, 46.70115],
          [7.89581, 46.70125],
          [7.89587, 46.70131],
          [7.89596, 46.70138],
          [7.89604, 46.70145],
          [7.89611, 46.70149],
          [7.89617, 46.70154],
          [7.89629, 46.70161],
          [7.89642, 46.70169],
          [7.89657, 46.70177],
          [7.89672, 46.70184],
          [7.89704, 46.702],
          [7.8972, 46.70208],
          [7.89728, 46.70213],
          [7.89735, 46.70217],
          [7.89744, 46.70222],
          [7.89752, 46.70227],
          [7.89771, 46.70242],
          [7.89791, 46.70257],
          [7.89811, 46.70274],
          [7.89825, 46.70284],
          [7.89839, 46.70295],
          [7.89839, 46.70295],
          [7.89855, 46.70306],
          [7.89872, 46.70317],
          [7.89883, 46.70323],
          [7.89895, 46.7033],
          [7.89919, 46.70344],
          [7.89919, 46.70344],
          [7.89997, 46.70384],
          [7.90075, 46.70424],
          [7.90137, 46.70456],
          [7.90154, 46.70464],
          [7.9017, 46.70472],
          [7.90187, 46.70479],
          [7.90204, 46.70485],
          [7.90215, 46.70488],
          [7.90225, 46.70491],
          [7.90237, 46.70494],
          [7.90248, 46.70496],
          [7.90268, 46.705],
          [7.90288, 46.70503],
          [7.90314, 46.70505],
          [7.90333, 46.70507],
          [7.90351, 46.70508],
          [7.90428, 46.70507],
          [7.90445, 46.70506],
          [7.90461, 46.70507],
          [7.90476, 46.70508],
          [7.90495, 46.70509],
          [7.90514, 46.70512],
          [7.90549, 46.70517],
          [7.90584, 46.70523],
          [7.90606, 46.70528],
          [7.90628, 46.70532],
          [7.90645, 46.70536],
          [7.90662, 46.7054],
          [7.90678, 46.70545],
          [7.90695, 46.70549],
          [7.90717, 46.70556],
          [7.90728, 46.70559],
          [7.90739, 46.70562],
          [7.9075, 46.70566],
          [7.90761, 46.70569],
          [7.90782, 46.70577],
          [7.90786, 46.70578],
          [7.90813, 46.70588],
          [7.90843, 46.706],
          [7.90859, 46.70608],
          [7.90875, 46.70616],
          [7.90885, 46.70621],
          [7.90895, 46.70626],
          [7.90914, 46.70637],
          [7.90944, 46.70656],
          [7.90974, 46.70674],
          [7.91004, 46.70693],
          [7.91032, 46.7071],
          [7.91045, 46.70717],
          [7.91058, 46.70723],
          [7.9108, 46.70733],
          [7.91098, 46.7074],
          [7.91109, 46.70743],
          [7.91119, 46.70747],
          [7.91149, 46.70754],
          [7.9117, 46.70758],
          [7.91177, 46.70759],
          [7.91191, 46.70761],
          [7.91255, 46.7077],
          [7.91277, 46.70773],
          [7.91298, 46.70777],
          [7.91323, 46.70783],
          [7.91346, 46.7079],
          [7.91357, 46.70794],
          [7.91369, 46.70798],
          [7.9139, 46.70806],
          [7.91417, 46.70819],
          [7.91447, 46.70836],
          [7.91474, 46.70853],
          [7.91488, 46.70861],
          [7.91502, 46.7087],
          [7.91512, 46.70876],
          [7.91521, 46.70883],
          [7.91529, 46.70889],
          [7.91537, 46.70895],
          [7.91543, 46.709],
          [7.91549, 46.70906],
          [7.91554, 46.70911],
          [7.9156, 46.70917],
          [7.91571, 46.70929],
          [7.91581, 46.70941],
          [7.91597, 46.70963],
          [7.91615, 46.70987],
          [7.91634, 46.71011],
          [7.91643, 46.71023],
          [7.91653, 46.71035],
          [7.91664, 46.71047],
          [7.91675, 46.71059],
          [7.91682, 46.71065],
          [7.91689, 46.71071],
          [7.91696, 46.71077],
          [7.91703, 46.71083],
          [7.91715, 46.71092],
          [7.91727, 46.711],
          [7.91738, 46.71106],
          [7.9174, 46.71107],
          [7.91745, 46.7111],
          [7.91747, 46.71111],
          [7.91755, 46.71116],
          [7.91763, 46.7112],
          [7.91771, 46.71123],
          [7.9178, 46.71128],
          [7.91789, 46.71132],
          [7.91799, 46.71136],
          [7.91809, 46.71139],
          [7.91819, 46.71143],
          [7.9183, 46.71146],
          [7.91852, 46.71153],
          [7.91896, 46.71165],
          [7.91929, 46.71174],
          [7.91944, 46.71178],
          [7.91959, 46.71183],
          [7.91969, 46.71187],
          [7.9198, 46.7119],
          [7.92002, 46.71199],
          [7.92023, 46.71208],
          [7.92055, 46.71221],
          [7.92111, 46.71244],
          [7.92139, 46.71255],
          [7.92153, 46.71261],
          [7.92167, 46.71267],
          [7.92184, 46.71274],
          [7.92193, 46.71278],
          [7.92201, 46.71282],
          [7.92214, 46.71289],
          [7.92226, 46.71296],
          [7.92236, 46.71302],
          [7.92246, 46.71309],
          [7.92258, 46.71318],
          [7.9227, 46.71327],
          [7.92279, 46.71334],
          [7.92287, 46.71341],
          [7.92302, 46.71355],
          [7.9233, 46.71379],
          [7.92345, 46.7139],
          [7.92355, 46.71397],
          [7.92365, 46.71403],
          [7.92371, 46.71407],
          [7.92377, 46.71411],
          [7.92389, 46.71417],
          [7.92402, 46.71423],
          [7.92416, 46.71429],
          [7.9243, 46.71435],
          [7.92441, 46.71438],
          [7.92455, 46.71443],
          [7.92468, 46.71447],
          [7.92501, 46.71457],
          [7.92517, 46.71461],
          [7.92533, 46.71466],
          [7.92544, 46.7147],
          [7.92554, 46.71474],
          [7.92565, 46.71478],
          [7.92575, 46.71482],
          [7.92587, 46.71487],
          [7.92598, 46.71493],
          [7.92609, 46.71498],
          [7.9262, 46.71504],
          [7.92684, 46.71536],
          [7.92749, 46.71569],
          [7.92813, 46.71601],
          [7.92846, 46.71617],
          [7.92878, 46.71634],
          [7.92912, 46.71651],
          [7.92931, 46.71661],
          [7.92947, 46.7167],
          [7.92965, 46.71681],
          [7.92983, 46.71693],
          [7.93011, 46.71712],
          [7.9304, 46.71732],
          [7.9305, 46.71738],
          [7.93116, 46.71782],
          [7.93126, 46.71788],
          [7.93135, 46.71794],
          [7.93144, 46.718],
          [7.93152, 46.71804],
          [7.93162, 46.71809],
          [7.93172, 46.71814],
          [7.93181, 46.71818],
          [7.9319, 46.71822],
          [7.93201, 46.71827],
          [7.93211, 46.71831],
          [7.93251, 46.71848],
          [7.93262, 46.71853],
          [7.93273, 46.71858],
          [7.93285, 46.71864],
          [7.93296, 46.7187],
          [7.93305, 46.71875],
          [7.93313, 46.7188],
          [7.9332, 46.71885],
          [7.93332, 46.71894],
          [7.93344, 46.71904],
          [7.93354, 46.71913],
          [7.93364, 46.71923],
          [7.93373, 46.71934],
          [7.93383, 46.71947],
          [7.93392, 46.71961],
          [7.93405, 46.71982],
          [7.93418, 46.72003],
          [7.93423, 46.7201],
          [7.93428, 46.72016],
          [7.93433, 46.72023],
          [7.93439, 46.7203],
          [7.93451, 46.72044],
          [7.93458, 46.7205],
          [7.93465, 46.72056],
          [7.93472, 46.72062],
          [7.93479, 46.72068],
          [7.93484, 46.72071],
          [7.93489, 46.72075],
          [7.93499, 46.72082],
          [7.93521, 46.72095],
          [7.93545, 46.72109],
          [7.93557, 46.72116],
          [7.93569, 46.72123],
          [7.93583, 46.72131],
          [7.9359, 46.72136],
          [7.93597, 46.7214],
          [7.93603, 46.72145],
          [7.9361, 46.72149],
          [7.93622, 46.72159],
          [7.93632, 46.72167],
          [7.93641, 46.72175],
          [7.93646, 46.7218],
          [7.93652, 46.72186],
          [7.93657, 46.72192],
          [7.93663, 46.72197],
          [7.93672, 46.72208],
          [7.93681, 46.72218],
          [7.93695, 46.72234],
          [7.93707, 46.72247],
          [7.93714, 46.72254],
          [7.93721, 46.72261],
          [7.93733, 46.72272],
          [7.93747, 46.72283],
          [7.93762, 46.72294],
          [7.93776, 46.72303],
          [7.9379, 46.72313],
          [7.93842, 46.72347],
          [7.93894, 46.72381],
          [7.93946, 46.72414],
          [7.93972, 46.72431],
          [7.93985, 46.7244],
          [7.93998, 46.72448],
          [7.94006, 46.72452],
          [7.94013, 46.72456],
          [7.94028, 46.72465],
          [7.94043, 46.72472],
          [7.94057, 46.72478],
          [7.94075, 46.72485],
          [7.94093, 46.72491],
          [7.94127, 46.72502],
          [7.94172, 46.72515],
          [7.94218, 46.72529],
          [7.94231, 46.72533],
          [7.94245, 46.72538],
          [7.94257, 46.72543],
          [7.94268, 46.72548],
          [7.94277, 46.72552],
          [7.94282, 46.72554],
          [7.94287, 46.72557],
          [7.94296, 46.72561],
          [7.94305, 46.72566],
          [7.94322, 46.72576],
          [7.94338, 46.72586],
          [7.94366, 46.72603],
          [7.9438, 46.72611],
          [7.94396, 46.72621],
          [7.94415, 46.72633],
          [7.94434, 46.72645],
          [7.94444, 46.72652],
          [7.94453, 46.72659],
          [7.94468, 46.7267],
          [7.94475, 46.72676],
          [7.94482, 46.72683],
          [7.94524, 46.7272],
          [7.94553, 46.72744],
          [7.94571, 46.72756],
          [7.9459, 46.72766],
          [7.9461, 46.72776],
          [7.94673, 46.728],
          [7.94691, 46.72806],
          [7.9471, 46.72813],
          [7.94721, 46.72818],
          [7.94732, 46.72823],
          [7.9474, 46.72827],
          [7.94749, 46.72831],
          [7.94756, 46.72835],
          [7.94763, 46.72839],
          [7.94777, 46.72848],
          [7.94785, 46.72853],
          [7.94793, 46.72859],
          [7.948, 46.72865],
          [7.94804, 46.72868],
          [7.94808, 46.72872],
          [7.94816, 46.72879],
          [7.94823, 46.72887],
          [7.9483, 46.72895],
          [7.94837, 46.72903],
          [7.94844, 46.72911],
          [7.9485, 46.72919],
          [7.94862, 46.72936],
          [7.94888, 46.72971],
          [7.94904, 46.7299],
          [7.94919, 46.73007],
          [7.9493, 46.73018],
          [7.94941, 46.73028],
          [7.94954, 46.73039],
          [7.9496, 46.73045],
          [7.94967, 46.7305],
          [7.94981, 46.73062],
          [7.94996, 46.73073],
          [7.94998, 46.73075],
          [7.95002, 46.73078],
          [7.95025, 46.73096],
          [7.95054, 46.73119],
          [7.95083, 46.73141],
          [7.95092, 46.73149],
          [7.95102, 46.73156],
          [7.95112, 46.73162],
          [7.95122, 46.73169],
          [7.95133, 46.73175],
          [7.95145, 46.73181],
          [7.95157, 46.73188],
          [7.95171, 46.73194],
          [7.95188, 46.73202],
          [7.95206, 46.73209],
          [7.95235, 46.73221],
          [7.95264, 46.73234],
          [7.95291, 46.73245],
          [7.95312, 46.73252],
          [7.95328, 46.73258],
          [7.95345, 46.73263],
          [7.95362, 46.73268],
          [7.95379, 46.73273],
          [7.95401, 46.73279],
          [7.95423, 46.73285],
          [7.95434, 46.73288],
          [7.95447, 46.73293],
          [7.95454, 46.73295],
          [7.95465, 46.73299],
          [7.95475, 46.73304],
          [7.95485, 46.73308],
          [7.95499, 46.73315],
          [7.95512, 46.73323],
          [7.95521, 46.73329],
          [7.95531, 46.73335],
          [7.95536, 46.73339],
          [7.95542, 46.73343],
          [7.95553, 46.73352],
          [7.95573, 46.73373],
          [7.95594, 46.734],
          [7.9561, 46.73428],
          [7.95633, 46.73481],
          [7.95647, 46.73506],
          [7.95653, 46.73515],
          [7.95663, 46.73528],
          [7.9567, 46.73535],
          [7.95677, 46.73541],
          [7.95677, 46.73541],
          [7.95683, 46.73548],
          [7.95702, 46.73564],
          [7.95712, 46.7357],
          [7.95721, 46.73577],
          [7.95738, 46.73587],
          [7.95755, 46.73596],
          [7.9579, 46.73615],
          [7.95867, 46.73656],
          [7.95942, 46.73698],
          [7.95975, 46.73718],
          [7.96015, 46.73743],
          [7.96029, 46.7375],
          [7.96042, 46.73757],
          [7.96057, 46.73763],
          [7.96068, 46.73768],
          [7.96079, 46.73772],
          [7.96086, 46.73774],
          [7.96095, 46.73777],
          [7.96109, 46.73782],
          [7.96121, 46.73785],
          [7.96133, 46.73788],
          [7.96149, 46.73791],
          [7.96179, 46.73796],
          [7.96209, 46.73799],
          [7.96227, 46.738],
          [7.96248, 46.738],
          [7.96268, 46.73799],
          [7.96288, 46.73798],
          [7.96343, 46.73793],
          [7.96371, 46.73791],
          [7.96385, 46.7379],
          [7.96399, 46.73789],
          [7.96414, 46.73788],
          [7.9643, 46.73788],
          [7.96444, 46.73788],
          [7.96459, 46.73789],
          [7.96474, 46.7379],
          [7.96489, 46.73791],
          [7.96501, 46.73793],
          [7.96514, 46.73795],
          [7.96538, 46.73799],
          [7.96553, 46.73802],
          [7.96568, 46.73806],
          [7.96585, 46.73811],
          [7.96619, 46.73822],
          [7.96653, 46.73834],
          [7.96665, 46.73839],
          [7.96676, 46.73843],
          [7.96688, 46.73848],
          [7.96698, 46.73853],
          [7.96707, 46.73857],
          [7.96716, 46.73862],
          [7.96725, 46.73867],
          [7.96742, 46.73876],
          [7.96759, 46.73886],
          [7.96815, 46.7392],
          [7.96871, 46.73953],
          [7.96984, 46.74021],
          [7.97002, 46.74032],
          [7.97011, 46.74038],
          [7.9702, 46.74043],
          [7.97044, 46.74062],
          [7.97059, 46.74075],
          [7.97072, 46.74088],
          [7.97085, 46.74102],
          [7.9709, 46.7411],
          [7.97093, 46.74113],
          [7.97096, 46.74117],
          [7.9711, 46.7414],
          [7.97116, 46.74151],
          [7.9712, 46.74162],
          [7.97123, 46.7417],
          [7.97126, 46.74178],
          [7.9713, 46.74195],
          [7.97133, 46.74211],
          [7.97134, 46.74219],
          [7.97134, 46.74227],
          [7.97134, 46.74237],
          [7.97134, 46.74247],
          [7.97134, 46.74266],
          [7.97133, 46.74285],
          [7.97133, 46.74294],
          [7.97133, 46.74304],
          [7.97134, 46.74317],
          [7.97136, 46.74328],
          [7.97138, 46.74339],
          [7.97143, 46.74356],
          [7.97147, 46.74365],
          [7.97151, 46.74373],
          [7.97161, 46.74391],
          [7.97168, 46.74399],
          [7.97174, 46.74408],
          [7.97184, 46.74419],
          [7.97194, 46.74429],
          [7.97206, 46.7444],
          [7.97208, 46.74441],
          [7.97218, 46.7445],
          [7.97226, 46.74456],
          [7.97234, 46.74461],
          [7.97245, 46.74468],
          [7.97257, 46.74474],
          [7.97279, 46.74486],
          [7.97302, 46.74497],
          [7.9732, 46.74506],
          [7.97339, 46.74514],
          [7.9735, 46.74518],
          [7.9736, 46.74522],
          [7.97382, 46.7453],
          [7.97641, 46.74621],
          [7.97662, 46.74628],
          [7.97682, 46.74636],
          [7.97698, 46.74643],
          [7.97715, 46.7465],
          [7.97725, 46.74656],
          [7.97734, 46.74661],
          [7.97744, 46.74667],
          [7.97753, 46.74674],
          [7.97766, 46.74683],
          [7.97779, 46.74694],
          [7.97786, 46.747],
          [7.97793, 46.74707],
          [7.97806, 46.74722],
          [7.97817, 46.74736],
          [7.97827, 46.7475],
          [7.97838, 46.74765],
          [7.9785, 46.74779],
          [7.97857, 46.74787],
          [7.97866, 46.74795],
          [7.97883, 46.74811],
          [7.97893, 46.74818],
          [7.97902, 46.74824],
          [7.97913, 46.74831],
          [7.97923, 46.74837],
          [7.97938, 46.74845],
          [7.97953, 46.74852],
          [7.97966, 46.74858],
          [7.97979, 46.74862],
          [7.97988, 46.74865],
          [7.97997, 46.74868],
          [7.98038, 46.74881],
          [7.98109, 46.74901],
          [7.98154, 46.74911],
          [7.98204, 46.74921],
          [7.98231, 46.74928],
          [7.98258, 46.74935],
          [7.98287, 46.74942],
          [7.98302, 46.74946],
          [7.98317, 46.7495],
          [7.98334, 46.74955],
          [7.98351, 46.7496],
          [7.98367, 46.74965],
          [7.98382, 46.7497],
          [7.98398, 46.74977],
          [7.98406, 46.74981],
          [7.98414, 46.74985],
          [7.9842, 46.74988],
          [7.9843, 46.74993],
          [7.98448, 46.75005],
          [7.98465, 46.75017],
          [7.98481, 46.75029],
          [7.98513, 46.75052],
          [7.98528, 46.75063],
          [7.98543, 46.75073],
          [7.98556, 46.7508],
          [7.98569, 46.75087],
          [7.9859, 46.75097],
          [7.98599, 46.75101],
          [7.98608, 46.75104],
          [7.98618, 46.75108],
          [7.98629, 46.75112],
          [7.98641, 46.75115],
          [7.98654, 46.75119],
          [7.98663, 46.75122],
          [7.98673, 46.75124],
          [7.98697, 46.75128],
          [7.98718, 46.75132],
          [7.98739, 46.75135],
          [7.9876, 46.75139],
          [7.9878, 46.75142],
          [7.98793, 46.75145],
          [7.98806, 46.75148],
          [7.98818, 46.75152],
          [7.9883, 46.75155],
          [7.98843, 46.7516],
          [7.98856, 46.75165],
          [7.98875, 46.75173],
          [7.98887, 46.75179],
          [7.98899, 46.75186],
          [7.98909, 46.75192],
          [7.98918, 46.75198],
          [7.98924, 46.75202],
          [7.9893, 46.75206],
          [7.98942, 46.75216],
          [7.98966, 46.75236],
          [7.98998, 46.75264],
          [7.99015, 46.75278],
          [7.99023, 46.75285],
          [7.99031, 46.75291],
          [7.99041, 46.75299],
          [7.99052, 46.75305],
          [7.99066, 46.75313],
          [7.9908, 46.75321],
          [7.99094, 46.75327],
          [7.99107, 46.75333],
          [7.99124, 46.75339],
          [7.99141, 46.75344],
          [7.99159, 46.75349],
          [7.99178, 46.75353],
          [7.99197, 46.75357],
          [7.99217, 46.7536],
          [7.9927, 46.75367],
          [7.99288, 46.7537],
          [7.99325, 46.75375],
          [7.99343, 46.75378],
          [7.99362, 46.75381],
          [7.99372, 46.75383],
          [7.99382, 46.75385],
          [7.99402, 46.7539],
          [7.99413, 46.75393],
          [7.99426, 46.75397],
          [7.99438, 46.75402],
          [7.9945, 46.75406],
          [7.99463, 46.75411],
          [7.9948, 46.75419],
          [7.99498, 46.75428],
          [7.99507, 46.75433],
          [7.99515, 46.75438],
          [7.99524, 46.75443],
          [7.99532, 46.75449],
          [7.99554, 46.75464],
          [7.99574, 46.7548],
          [7.99604, 46.75502],
          [7.99633, 46.75521],
          [7.99667, 46.75538],
          [7.99701, 46.75552],
          [7.99738, 46.75561],
          [7.99775, 46.75569],
          [7.9982, 46.75573],
          [7.99858, 46.75574],
          [7.99893, 46.75571],
          [8.00002, 46.75562],
          [8.00025, 46.75561],
          [8.00084, 46.75559],
          [8.00199, 46.75554],
          [8.00243, 46.75551],
          [8.00267, 46.75548],
          [8.00303, 46.75544],
          [8.0038, 46.75533],
          [8.00397, 46.75531],
          [8.00413, 46.7553],
          [8.00422, 46.75529],
          [8.00431, 46.75528],
          [8.0044, 46.75528],
          [8.00449, 46.75527],
          [8.00466, 46.75527],
          [8.00483, 46.75527],
          [8.00516, 46.75529],
          [8.00549, 46.75532],
          [8.00632, 46.7554],
          [8.0067, 46.75543],
          [8.0069, 46.75545],
          [8.00708, 46.75547],
          [8.00722, 46.75549],
          [8.00735, 46.75551],
          [8.00748, 46.75554],
          [8.00761, 46.75557],
          [8.00771, 46.75559],
          [8.0078, 46.75562],
          [8.00789, 46.75565],
          [8.00798, 46.75568],
          [8.00811, 46.75573],
          [8.00823, 46.75577],
          [8.00881, 46.75603],
          [8.00897, 46.7561],
          [8.00914, 46.75617],
          [8.00925, 46.75622],
          [8.00956, 46.75632],
          [8.00971, 46.75636],
          [8.00986, 46.7564],
          [8.01, 46.75643],
          [8.01015, 46.75646],
          [8.01114, 46.75664],
          [8.01125, 46.75666],
          [8.01135, 46.75668],
          [8.01168, 46.75676],
          [8.01175, 46.75678],
          [8.01189, 46.75683],
          [8.01199, 46.75687],
          [8.01209, 46.75691],
          [8.01226, 46.75699],
          [8.01243, 46.75707],
          [8.01276, 46.75729],
          [8.01311, 46.75752],
          [8.01345, 46.75775],
          [8.01367, 46.75787],
          [8.01377, 46.75792],
          [8.01387, 46.75797],
          [8.01398, 46.75801],
          [8.01416, 46.75808],
          [8.01427, 46.75812],
          [8.01444, 46.75817],
          [8.01461, 46.75821],
          [8.01472, 46.75823],
          [8.01485, 46.75826],
          [8.01504, 46.75828],
          [8.01519, 46.7583],
          [8.01532, 46.75831],
          [8.01543, 46.75832],
          [8.01556, 46.75832],
          [8.0157, 46.75832],
          [8.01581, 46.75831],
          [8.01595, 46.75831],
          [8.01607, 46.7583],
          [8.01622, 46.75828],
          [8.01635, 46.75826],
          [8.01649, 46.75824],
          [8.01663, 46.75821],
          [8.01679, 46.75817],
          [8.01726, 46.75804],
          [8.01773, 46.75791],
          [8.01799, 46.75785],
          [8.01826, 46.7578],
          [8.01898, 46.75769],
          [8.0192, 46.75766],
          [8.01943, 46.75762],
          [8.01958, 46.75759],
          [8.01974, 46.75755],
          [8.01986, 46.75753],
          [8.01997, 46.7575],
          [8.02012, 46.75745],
          [8.0204, 46.75736],
          [8.02079, 46.75724],
          [8.02098, 46.75718],
          [8.02117, 46.75713],
          [8.02132, 46.75709],
          [8.02148, 46.75706],
          [8.02173, 46.75702],
          [8.02187, 46.757],
          [8.02202, 46.75699],
          [8.02218, 46.75698],
          [8.02233, 46.75698],
          [8.02247, 46.75698],
          [8.02261, 46.75699],
          [8.02282, 46.757],
          [8.02293, 46.75702],
          [8.02328, 46.75707],
          [8.0245, 46.75727],
          [8.0252, 46.75738],
          [8.02537, 46.75741],
          [8.02555, 46.75744],
          [8.02573, 46.75746],
          [8.02631, 46.75748],
          [8.0267, 46.75745],
          [8.02704, 46.7574],
          [8.02745, 46.75731],
          [8.02802, 46.75711],
          [8.03484, 46.7546],
          [8.03536, 46.75443],
          [8.03555, 46.75438],
          [8.03574, 46.75434],
          [8.03589, 46.75431],
          [8.03604, 46.75429],
          [8.03615, 46.75427],
          [8.03626, 46.75426],
          [8.03635, 46.75425],
          [8.03645, 46.75425],
          [8.03652, 46.75425],
          [8.0366, 46.75425],
          [8.03668, 46.75425],
          [8.03674, 46.75425],
          [8.0368, 46.75425],
          [8.03687, 46.75426],
          [8.03695, 46.75426],
          [8.03704, 46.75427],
          [8.03709, 46.75428],
          [8.03716, 46.75429],
          [8.03723, 46.7543],
          [8.03731, 46.75431],
          [8.03738, 46.75433],
          [8.03746, 46.75434],
          [8.03754, 46.75437],
          [8.03763, 46.75439],
          [8.0377, 46.75441],
          [8.0377, 46.75441],
          [8.0378, 46.75445],
          [8.03788, 46.75447],
          [8.03804, 46.75454],
          [8.03816, 46.75459],
          [8.03826, 46.75463],
          [8.03835, 46.75466],
          [8.03844, 46.75468],
          [8.03852, 46.75469],
          [8.03865, 46.75472],
          [8.03875, 46.75473],
          [8.03881, 46.75474],
          [8.03894, 46.75476],
          [8.03906, 46.75477],
          [8.03917, 46.75477],
          [8.03989, 46.75481],
          [8.04068, 46.75485],
          [8.04092, 46.75486],
          [8.04102, 46.75486],
          [8.04108, 46.75487],
          [8.04117, 46.75487],
          [8.04126, 46.75487],
          [8.04133, 46.75487],
          [8.04142, 46.75486],
          [8.0415, 46.75485],
          [8.04157, 46.75485],
          [8.04165, 46.75484],
          [8.04173, 46.75483],
          [8.04181, 46.75481],
          [8.04188, 46.7548],
          [8.04197, 46.75478],
          [8.04203, 46.75476],
          [8.0421, 46.75474],
          [8.04221, 46.75471],
          [8.04232, 46.75467],
          [8.04239, 46.75465],
          [8.04247, 46.75462],
          [8.04259, 46.75457],
          [8.04265, 46.75454],
          [8.04273, 46.75451],
          [8.04284, 46.75444],
          [8.04288, 46.75442],
          [8.04319, 46.75426],
          [8.04349, 46.7541],
          [8.04357, 46.75406],
          [8.04364, 46.75401],
          [8.04371, 46.75397],
          [8.04378, 46.75392],
          [8.04382, 46.75389],
          [8.04389, 46.75383],
          [8.04396, 46.75377],
          [8.044, 46.75372],
          [8.04405, 46.75367],
          [8.0441, 46.75361],
          [8.04415, 46.75354],
          [8.0442, 46.75346],
          [8.04429, 46.75334],
          [8.04434, 46.75327],
          [8.04439, 46.75321],
          [8.04443, 46.75315],
          [8.04449, 46.75309],
          [8.04453, 46.75304],
          [8.04459, 46.75299],
          [8.04464, 46.75294],
          [8.04469, 46.7529],
          [8.04475, 46.75286],
          [8.04482, 46.75282],
          [8.04487, 46.75279],
          [8.04491, 46.75276],
          [8.04498, 46.75273],
          [8.04504, 46.7527],
          [8.0451, 46.75267],
          [8.04517, 46.75265],
          [8.04523, 46.75263],
          [8.04529, 46.7526],
          [8.04537, 46.75258],
          [8.04545, 46.75256],
          [8.04554, 46.75254],
          [8.04564, 46.75252],
          [8.04573, 46.7525],
          [8.04593, 46.75245],
          [8.04607, 46.75242],
          [8.04615, 46.7524],
          [8.04624, 46.75237],
          [8.04632, 46.75235],
          [8.04638, 46.75232],
          [8.04645, 46.75229],
          [8.04653, 46.75226],
          [8.0466, 46.75222],
          [8.0467, 46.75217],
          [8.04689, 46.75207],
          [8.04707, 46.75196],
          [8.048, 46.75143],
          [8.04809, 46.75137],
          [8.04915, 46.75077],
          [8.04924, 46.75072],
          [8.04936, 46.75064],
          [8.04948, 46.75056],
          [8.04954, 46.75052],
          [8.0496, 46.75047],
          [8.04971, 46.75038],
          [8.04978, 46.75031],
          [8.04986, 46.75023],
          [8.04992, 46.75017],
          [8.04997, 46.75011],
          [8.05001, 46.75006],
          [8.05006, 46.74999],
          [8.0501, 46.74994],
          [8.05014, 46.74987],
          [8.05019, 46.74979],
          [8.05023, 46.74971],
          [8.05029, 46.74961],
          [8.05034, 46.74951],
          [8.05044, 46.74927],
          [8.05048, 46.74919],
          [8.05076, 46.74858],
          [8.05087, 46.74835],
          [8.05099, 46.74811],
          [8.05103, 46.74802],
          [8.05115, 46.74783],
          [8.05121, 46.74774],
          [8.05127, 46.74764],
          [8.05147, 46.74739],
          [8.05179, 46.74705],
          [8.05216, 46.74669],
          [8.05251, 46.74638],
          [8.05299, 46.74601],
          [8.05343, 46.74571],
          [8.05457, 46.745],
          [8.05465, 46.74494],
          [8.05467, 46.74493],
          [8.05473, 46.7449],
          [8.0549, 46.74479],
          [8.05516, 46.74463],
          [8.05563, 46.74433],
          [8.05612, 46.74404],
          [8.05613, 46.74403],
          [8.05617, 46.74401],
          [8.05647, 46.74384],
          [8.05679, 46.74369],
          [8.05696, 46.74362],
          [8.05713, 46.74355],
          [8.05736, 46.74347],
          [8.0576, 46.7434],
          [8.05776, 46.74335],
          [8.05793, 46.74331],
          [8.05814, 46.74327],
          [8.05834, 46.74323],
          [8.05849, 46.74321],
          [8.05864, 46.74319],
          [8.05882, 46.74317],
          [8.059, 46.74315],
          [8.05916, 46.74314],
          [8.05933, 46.74313],
          [8.05951, 46.74313],
          [8.0597, 46.74313],
          [8.06018, 46.74314],
          [8.06067, 46.74315],
          [8.06165, 46.74318],
          [8.06359, 46.74324],
          [8.06749, 46.74335],
          [8.07138, 46.74346],
          [8.07333, 46.74352],
          [8.0743, 46.74354],
          [8.07473, 46.74356],
          [8.075, 46.74357],
          [8.07528, 46.74358],
          [8.07552, 46.7436],
          [8.07577, 46.74362],
          [8.07601, 46.74364],
          [8.07626, 46.74366],
          [8.0765, 46.74369],
          [8.07675, 46.74372],
          [8.07735, 46.7438],
          [8.07823, 46.74391],
          [8.07911, 46.74403],
          [8.07916, 46.74403],
          [8.07916, 46.74403],
          [8.08069, 46.74424],
          [8.08411, 46.74469],
          [8.08753, 46.74514],
          [8.08964, 46.74541],
          [8.09174, 46.74568],
          [8.09273, 46.74581],
          [8.09485, 46.74608],
          [8.09886, 46.74651],
          [8.09955, 46.74657],
          [8.10027, 46.74662],
          [8.10145, 46.74664],
          [8.10189, 46.74664],
          [8.10232, 46.74663],
          [8.10265, 46.74662],
          [8.10297, 46.74661],
          [8.10328, 46.74659],
          [8.1039, 46.74655],
          [8.10493, 46.74647],
          [8.11427, 46.74567],
          [8.11785, 46.74537],
          [8.11964, 46.74521],
          [8.12054, 46.74514],
          [8.12143, 46.74506],
          [8.12373, 46.74486],
          [8.12473, 46.74478],
          [8.12523, 46.74474],
          [8.12548, 46.74472],
          [8.12573, 46.74471],
          [8.12591, 46.74469],
          [8.12609, 46.74469],
          [8.13084, 46.74445],
          [8.13322, 46.74434],
          [8.13441, 46.74428],
          [8.1354, 46.74423],
          [8.1356, 46.74422],
          [8.13638, 46.74419],
          [8.13678, 46.74416],
          [8.13717, 46.74413],
          [8.13756, 46.74409],
          [8.13794, 46.74405],
          [8.13833, 46.74401],
          [8.13871, 46.74396],
          [8.139, 46.74392],
          [8.13929, 46.74387],
          [8.13987, 46.74378],
          [8.14043, 46.74367],
          [8.14099, 46.74356],
          [8.14142, 46.74346],
          [8.14183, 46.74336],
          [8.14225, 46.74325],
          [8.14266, 46.74314],
          [8.14296, 46.74306],
          [8.14325, 46.74297],
          [8.14382, 46.7428],
          [8.14439, 46.74261],
          [8.14472, 46.74249],
          [8.14494, 46.74241],
          [8.14534, 46.74226],
          [8.14554, 46.74218],
          [8.14573, 46.74211],
          [8.14612, 46.74195],
          [8.14632, 46.74186],
          [8.14651, 46.74178],
          [8.1468, 46.74165],
          [8.14709, 46.74152],
          [8.14737, 46.74139],
          [8.14766, 46.74124],
          [8.14794, 46.7411],
          [8.14822, 46.74096],
          [8.14849, 46.74081],
          [8.14876, 46.74066],
          [8.14909, 46.74048],
          [8.14941, 46.74029],
          [8.1637, 46.73193],
          [8.16386, 46.73183],
          [8.16404, 46.73174],
          [8.16421, 46.73165],
          [8.16439, 46.73156],
          [8.16458, 46.73147],
          [8.16468, 46.73143],
          [8.16479, 46.73139],
          [8.16487, 46.73135],
          [8.16507, 46.73129],
          [8.16527, 46.73122],
          [8.1654, 46.73119],
          [8.16555, 46.73115],
          [8.16571, 46.7311],
          [8.16617, 46.73098],
          [8.16664, 46.73086],
          [8.1671, 46.73074],
          [8.16802, 46.7305],
          [8.16987, 46.73002],
          [8.17023, 46.72993],
          [8.1706, 46.72984],
          [8.17128, 46.7297],
          [8.17212, 46.72954],
          [8.17296, 46.72938],
          [8.1738, 46.72922],
          [8.17462, 46.72907],
          [8.17471, 46.72905],
          [8.17483, 46.72903],
          [8.17794, 46.72843],
          [8.17857, 46.72832],
          [8.17857, 46.72832],
          [8.17883, 46.72827],
          [8.18056, 46.72794],
          [8.18069, 46.72791],
          [8.18069, 46.72791],
          [8.18138, 46.72778],
          [8.18151, 46.72775],
          [8.18151, 46.72775],
          [8.18168, 46.72773],
          [8.18179, 46.72771],
          [8.18203, 46.72769],
          [8.18212, 46.72768],
          [8.18226, 46.72765],
          [8.18242, 46.72762],
          [8.18324, 46.72747],
          [8.18324, 46.72747]
        ]
      },
      "properties": { "type": "train" }
    },
    {
      "type": "Feature",
      "properties": {
        "name": "Meiringen to Grindelwald",
        "type": "walk",
        "coordinateProperties": {
          "times": [
            "2025-05-21T07:29:03Z",
            "2025-05-21T07:29:09Z",
            "2025-05-21T07:29:11Z",
            "2025-05-21T07:29:17Z",
            "2025-05-21T07:29:18Z",
            "2025-05-21T07:29:25Z",
            "2025-05-21T07:29:35Z",
            "2025-05-21T07:29:36Z",
            "2025-05-21T07:29:53Z",
            "2025-05-21T07:29:54Z",
            "2025-05-21T07:30:01Z",
            "2025-05-21T07:30:06Z",
            "2025-05-21T07:30:07Z",
            "2025-05-21T07:30:19Z",
            "2025-05-21T07:30:20Z",
            "2025-05-21T07:30:25Z",
            "2025-05-21T07:30:36Z",
            "2025-05-21T07:30:37Z",
            "2025-05-21T07:30:49Z",
            "2025-05-21T07:30:50Z",
            "2025-05-21T07:30:52Z",
            "2025-05-21T07:30:56Z",
            "2025-05-21T07:30:59Z",
            "2025-05-21T07:31:01Z",
            "2025-05-21T07:31:02Z",
            "2025-05-21T07:31:07Z",
            "2025-05-21T07:31:13Z",
            "2025-05-21T07:31:15Z",
            "2025-05-21T07:31:16Z",
            "2025-05-21T07:31:24Z",
            "2025-05-21T07:31:26Z",
            "2025-05-21T07:31:27Z",
            "2025-05-21T07:31:37Z",
            "2025-05-21T07:31:38Z",
            "2025-05-21T07:31:43Z",
            "2025-05-21T07:31:46Z",
            "2025-05-21T07:31:49Z",
            "2025-05-21T07:31:50Z",
            "2025-05-21T07:31:55Z",
            "2025-05-21T07:31:59Z",
            "2025-05-21T07:32:03Z",
            "2025-05-21T07:32:04Z",
            "2025-05-21T07:32:10Z",
            "2025-05-21T07:32:13Z",
            "2025-05-21T07:32:18Z",
            "2025-05-21T07:32:19Z",
            "2025-05-21T07:32:20Z",
            "2025-05-21T07:32:27Z",
            "2025-05-21T07:32:33Z",
            "2025-05-21T07:32:34Z",
            "2025-05-21T07:32:38Z",
            "2025-05-21T07:32:45Z",
            "2025-05-21T07:32:46Z",
            "2025-05-21T07:32:56Z",
            "2025-05-21T07:32:57Z",
            "2025-05-21T07:33:04Z",
            "2025-05-21T07:33:10Z",
            "2025-05-21T07:33:11Z",
            "2025-05-21T07:33:13Z",
            "2025-05-21T07:33:25Z",
            "2025-05-21T07:33:26Z",
            "2025-05-21T07:33:30Z",
            "2025-05-21T07:33:35Z",
            "2025-05-21T07:33:36Z",
            "2025-05-21T07:33:44Z",
            "2025-05-21T07:33:50Z",
            "2025-05-21T07:33:51Z",
            "2025-05-21T07:34:04Z",
            "2025-05-21T07:34:05Z",
            "2025-05-21T07:34:10Z",
            "2025-05-21T07:34:14Z",
            "2025-05-21T07:34:15Z",
            "2025-05-21T07:34:20Z",
            "2025-05-21T07:34:26Z",
            "2025-05-21T07:34:27Z",
            "2025-05-21T07:34:34Z",
            "2025-05-21T07:34:47Z",
            "2025-05-21T07:34:48Z",
            "2025-05-21T07:34:52Z",
            "2025-05-21T07:35:03Z",
            "2025-05-21T07:35:04Z",
            "2025-05-21T07:35:10Z",
            "2025-05-21T07:35:18Z",
            "2025-05-21T07:35:19Z",
            "2025-05-21T07:35:29Z",
            "2025-05-21T07:35:30Z",
            "2025-05-21T07:35:33Z",
            "2025-05-21T07:35:36Z",
            "2025-05-21T07:35:39Z",
            "2025-05-21T07:35:41Z",
            "2025-05-21T07:35:43Z",
            "2025-05-21T07:35:44Z",
            "2025-05-21T07:35:46Z",
            "2025-05-21T07:35:50Z",
            "2025-05-21T07:35:55Z",
            "2025-05-21T07:35:58Z",
            "2025-05-21T07:35:59Z",
            "2025-05-21T07:36:04Z",
            "2025-05-21T07:36:14Z",
            "2025-05-21T07:36:17Z",
            "2025-05-21T07:36:18Z",
            "2025-05-21T07:36:22Z",
            "2025-05-21T07:36:31Z",
            "2025-05-21T07:36:32Z",
            "2025-05-21T07:36:43Z",
            "2025-05-21T07:36:45Z",
            "2025-05-21T07:36:46Z",
            "2025-05-21T07:36:47Z",
            "2025-05-21T07:36:51Z",
            "2025-05-21T07:36:57Z",
            "2025-05-21T07:36:58Z",
            "2025-05-21T07:37:04Z",
            "2025-05-21T07:37:11Z",
            "2025-05-21T07:37:12Z",
            "2025-05-21T07:37:22Z",
            "2025-05-21T07:37:23Z",
            "2025-05-21T07:37:27Z",
            "2025-05-21T07:37:33Z",
            "2025-05-21T07:37:35Z",
            "2025-05-21T07:37:36Z",
            "2025-05-21T07:37:44Z",
            "2025-05-21T07:37:50Z",
            "2025-05-21T07:37:51Z",
            "2025-05-21T07:37:55Z",
            "2025-05-21T07:38:03Z",
            "2025-05-21T07:38:04Z",
            "2025-05-21T07:38:10Z",
            "2025-05-21T07:38:14Z",
            "2025-05-21T07:38:15Z",
            "2025-05-21T07:38:19Z",
            "2025-05-21T07:38:27Z",
            "2025-05-21T07:38:28Z",
            "2025-05-21T07:38:32Z",
            "2025-05-21T07:38:39Z",
            "2025-05-21T07:38:40Z",
            "2025-05-21T07:38:47Z",
            "2025-05-21T07:39:04Z",
            "2025-05-21T07:39:05Z",
            "2025-05-21T07:39:11Z",
            "2025-05-21T07:39:14Z",
            "2025-05-21T07:39:18Z",
            "2025-05-21T07:39:19Z",
            "2025-05-21T07:39:28Z",
            "2025-05-21T07:39:33Z",
            "2025-05-21T07:39:34Z",
            "2025-05-21T07:39:40Z",
            "2025-05-21T07:39:45Z",
            "2025-05-21T07:39:46Z",
            "2025-05-21T07:39:54Z",
            "2025-05-21T07:39:59Z",
            "2025-05-21T07:40:00Z",
            "2025-05-21T07:40:05Z",
            "2025-05-21T07:40:14Z",
            "2025-05-21T07:40:15Z",
            "2025-05-21T07:40:21Z",
            "2025-05-21T07:40:25Z",
            "2025-05-21T07:40:26Z",
            "2025-05-21T07:40:28Z",
            "2025-05-21T07:40:31Z",
            "2025-05-21T07:40:37Z",
            "2025-05-21T07:40:38Z",
            "2025-05-21T07:40:41Z",
            "2025-05-21T07:40:53Z",
            "2025-05-21T07:40:54Z",
            "2025-05-21T07:41:03Z",
            "2025-05-21T07:41:05Z",
            "2025-05-21T07:41:06Z",
            "2025-05-21T07:41:09Z",
            "2025-05-21T07:41:18Z",
            "2025-05-21T07:41:21Z",
            "2025-05-21T07:41:24Z",
            "2025-05-21T07:41:25Z",
            "2025-05-21T07:41:39Z",
            "2025-05-21T07:41:40Z",
            "2025-05-21T07:41:49Z",
            "2025-05-21T07:41:50Z",
            "2025-05-21T07:42:00Z",
            "2025-05-21T07:42:03Z",
            "2025-05-21T07:42:04Z",
            "2025-05-21T07:42:19Z",
            "2025-05-21T07:42:20Z",
            "2025-05-21T07:42:23Z",
            "2025-05-21T07:42:35Z",
            "2025-05-21T07:42:36Z",
            "2025-05-21T07:42:44Z",
            "2025-05-21T07:42:49Z",
            "2025-05-21T07:42:53Z",
            "2025-05-21T07:42:54Z",
            "2025-05-21T07:42:58Z",
            "2025-05-21T07:43:00Z",
            "2025-05-21T07:43:05Z",
            "2025-05-21T07:43:08Z",
            "2025-05-21T07:43:09Z",
            "2025-05-21T07:43:18Z",
            "2025-05-21T07:43:21Z",
            "2025-05-21T07:43:22Z",
            "2025-05-21T07:43:25Z",
            "2025-05-21T07:43:32Z",
            "2025-05-21T07:43:37Z",
            "2025-05-21T07:43:38Z",
            "2025-05-21T07:43:49Z",
            "2025-05-21T07:43:50Z",
            "2025-05-21T07:43:53Z",
            "2025-05-21T07:44:00Z",
            "2025-05-21T07:44:03Z",
            "2025-05-21T07:44:04Z",
            "2025-05-21T07:44:15Z",
            "2025-05-21T07:44:16Z",
            "2025-05-21T07:44:22Z",
            "2025-05-21T07:44:25Z",
            "2025-05-21T07:44:26Z",
            "2025-05-21T07:44:29Z",
            "2025-05-21T07:44:35Z",
            "2025-05-21T07:44:41Z",
            "2025-05-21T07:44:42Z",
            "2025-05-21T07:44:51Z",
            "2025-05-21T07:44:52Z",
            "2025-05-21T07:44:56Z",
            "2025-05-21T07:45:02Z",
            "2025-05-21T07:45:03Z",
            "2025-05-21T07:45:06Z",
            "2025-05-21T07:45:15Z",
            "2025-05-21T07:45:16Z",
            "2025-05-21T07:45:21Z",
            "2025-05-21T07:45:26Z",
            "2025-05-21T07:45:27Z",
            "2025-05-21T07:45:38Z",
            "2025-05-21T07:45:39Z",
            "2025-05-21T07:45:50Z",
            "2025-05-21T07:45:51Z",
            "2025-05-21T07:45:58Z",
            "2025-05-21T07:46:02Z",
            "2025-05-21T07:46:03Z",
            "2025-05-21T07:46:10Z",
            "2025-05-21T07:46:16Z",
            "2025-05-21T07:46:18Z",
            "2025-05-21T07:46:19Z",
            "2025-05-21T07:46:25Z",
            "2025-05-21T07:46:30Z",
            "2025-05-21T07:46:31Z",
            "2025-05-21T07:46:41Z",
            "2025-05-21T07:46:42Z",
            "2025-05-21T07:46:48Z",
            "2025-05-21T07:46:53Z",
            "2025-05-21T07:46:54Z",
            "2025-05-21T07:47:06Z",
            "2025-05-21T07:47:07Z",
            "2025-05-21T07:47:19Z",
            "2025-05-21T07:47:20Z",
            "2025-05-21T07:47:24Z",
            "2025-05-21T07:47:26Z",
            "2025-05-21T07:47:32Z",
            "2025-05-21T07:47:33Z",
            "2025-05-21T07:47:45Z",
            "2025-05-21T07:47:46Z",
            "2025-05-21T07:47:58Z",
            "2025-05-21T07:47:59Z",
            "2025-05-21T07:48:14Z",
            "2025-05-21T07:48:15Z",
            "2025-05-21T07:48:21Z",
            "2025-05-21T07:48:29Z",
            "2025-05-21T07:48:35Z",
            "2025-05-21T07:48:36Z",
            "2025-05-21T07:48:53Z",
            "2025-05-21T07:49:01Z",
            "2025-05-21T07:49:02Z",
            "2025-05-21T07:49:05Z",
            "2025-05-21T07:49:08Z",
            "2025-05-21T07:49:16Z",
            "2025-05-21T07:49:23Z",
            "2025-05-21T07:49:24Z",
            "2025-05-21T07:49:38Z",
            "2025-05-21T07:49:44Z",
            "2025-05-21T07:49:45Z",
            "2025-05-21T07:49:51Z",
            "2025-05-21T07:50:00Z",
            "2025-05-21T07:50:01Z",
            "2025-05-21T07:50:07Z",
            "2025-05-21T07:50:15Z",
            "2025-05-21T07:50:16Z",
            "2025-05-21T07:50:25Z",
            "2025-05-21T07:50:50Z",
            "2025-05-21T07:51:20Z",
            "2025-05-21T07:51:21Z",
            "2025-05-21T07:53:13Z",
            "2025-05-21T07:53:20Z",
            "2025-05-21T07:53:21Z",
            "2025-05-21T07:53:32Z",
            "2025-05-21T07:53:38Z",
            "2025-05-21T07:53:46Z",
            "2025-05-21T07:53:47Z",
            "2025-05-21T07:53:53Z",
            "2025-05-21T07:54:13Z",
            "2025-05-21T07:54:14Z",
            "2025-05-21T07:54:21Z",
            "2025-05-21T07:54:33Z",
            "2025-05-21T07:54:34Z",
            "2025-05-21T07:54:51Z",
            "2025-05-21T07:55:01Z",
            "2025-05-21T07:55:02Z",
            "2025-05-21T07:55:11Z",
            "2025-05-21T07:55:21Z",
            "2025-05-21T07:55:36Z",
            "2025-05-21T07:55:37Z",
            "2025-05-21T07:55:47Z",
            "2025-05-21T07:55:48Z",
            "2025-05-21T07:55:51Z",
            "2025-05-21T07:55:55Z",
            "2025-05-21T07:55:59Z",
            "2025-05-21T07:56:03Z",
            "2025-05-21T07:56:04Z",
            "2025-05-21T07:56:10Z",
            "2025-05-21T07:56:18Z",
            "2025-05-21T07:56:24Z",
            "2025-05-21T07:56:44Z",
            "2025-05-21T07:57:22Z",
            "2025-05-21T07:57:23Z",
            "2025-05-21T07:57:38Z",
            "2025-05-21T07:57:39Z",
            "2025-05-21T07:57:44Z",
            "2025-05-21T07:57:50Z",
            "2025-05-21T07:57:55Z",
            "2025-05-21T07:57:56Z",
            "2025-05-21T07:58:02Z",
            "2025-05-21T07:58:09Z",
            "2025-05-21T07:58:10Z",
            "2025-05-21T07:58:20Z",
            "2025-05-21T07:58:29Z",
            "2025-05-21T07:58:30Z",
            "2025-05-21T07:58:38Z",
            "2025-05-21T07:58:43Z",
            "2025-05-21T07:58:44Z",
            "2025-05-21T07:59:02Z",
            "2025-05-21T07:59:27Z",
            "2025-05-21T07:59:28Z",
            "2025-05-21T07:59:43Z",
            "2025-05-21T07:59:44Z",
            "2025-05-21T07:59:49Z",
            "2025-05-21T07:59:53Z",
            "2025-05-21T07:59:58Z",
            "2025-05-21T07:59:59Z",
            "2025-05-21T08:00:00Z",
            "2025-05-21T08:00:03Z",
            "2025-05-21T08:00:08Z",
            "2025-05-21T08:00:10Z",
            "2025-05-21T08:00:12Z",
            "2025-05-21T08:00:14Z",
            "2025-05-21T08:00:15Z",
            "2025-05-21T08:00:16Z",
            "2025-05-21T08:00:17Z",
            "2025-05-21T08:00:19Z",
            "2025-05-21T08:00:23Z",
            "2025-05-21T08:00:33Z",
            "2025-05-21T08:00:36Z",
            "2025-05-21T08:00:39Z",
            "2025-05-21T08:00:40Z",
            "2025-05-21T08:00:41Z",
            "2025-05-21T08:00:48Z",
            "2025-05-21T08:00:51Z",
            "2025-05-21T08:00:52Z",
            "2025-05-21T08:01:03Z",
            "2025-05-21T08:01:21Z",
            "2025-05-21T08:01:28Z",
            "2025-05-21T08:01:29Z",
            "2025-05-21T08:01:30Z",
            "2025-05-21T08:01:31Z",
            "2025-05-21T08:01:32Z",
            "2025-05-21T08:01:33Z",
            "2025-05-21T08:01:36Z",
            "2025-05-21T08:01:43Z",
            "2025-05-21T08:01:47Z",
            "2025-05-21T08:01:54Z",
            "2025-05-21T08:01:55Z",
            "2025-05-21T08:02:04Z",
            "2025-05-21T08:02:27Z",
            "2025-05-21T08:02:38Z",
            "2025-05-21T08:02:46Z",
            "2025-05-21T08:02:47Z",
            "2025-05-21T08:03:00Z",
            "2025-05-21T08:03:21Z",
            "2025-05-21T08:03:33Z",
            "2025-05-21T08:03:34Z",
            "2025-05-21T08:03:43Z",
            "2025-05-21T08:03:56Z",
            "2025-05-21T08:03:57Z",
            "2025-05-21T08:04:16Z",
            "2025-05-21T08:05:00Z",
            "2025-05-21T08:09:51Z",
            "2025-05-21T08:09:52Z",
            "2025-05-21T08:09:53Z",
            "2025-05-21T08:09:59Z",
            "2025-05-21T08:10:03Z",
            "2025-05-21T08:10:04Z",
            "2025-05-21T08:10:20Z",
            "2025-05-21T08:10:23Z",
            "2025-05-21T08:10:42Z",
            "2025-05-21T08:10:45Z",
            "2025-05-21T08:10:46Z",
            "2025-05-21T08:11:13Z",
            "2025-05-21T08:11:14Z",
            "2025-05-21T08:11:26Z",
            "2025-05-21T08:11:33Z",
            "2025-05-21T08:11:44Z",
            "2025-05-21T08:11:45Z",
            "2025-05-21T08:11:46Z",
            "2025-05-21T08:11:53Z",
            "2025-05-21T08:11:58Z",
            "2025-05-21T08:11:59Z",
            "2025-05-21T08:12:22Z",
            "2025-05-21T08:13:22Z",
            "2025-05-21T08:13:29Z",
            "2025-05-21T08:13:37Z",
            "2025-05-21T08:13:39Z",
            "2025-05-21T08:13:40Z",
            "2025-05-21T08:13:41Z",
            "2025-05-21T08:14:01Z",
            "2025-05-21T08:14:02Z",
            "2025-05-21T08:14:14Z",
            "2025-05-21T08:14:22Z",
            "2025-05-21T08:14:23Z",
            "2025-05-21T08:14:31Z",
            "2025-05-21T08:14:43Z",
            "2025-05-21T08:14:44Z",
            "2025-05-21T08:14:57Z",
            "2025-05-21T08:14:58Z",
            "2025-05-21T08:15:00Z",
            "2025-05-21T08:15:25Z",
            "2025-05-21T08:15:26Z",
            "2025-05-21T08:15:37Z",
            "2025-05-21T08:15:42Z",
            "2025-05-21T08:15:48Z",
            "2025-05-21T08:15:53Z",
            "2025-05-21T08:15:54Z",
            "2025-05-21T08:16:16Z",
            "2025-05-21T08:16:18Z",
            "2025-05-21T08:16:21Z",
            "2025-05-21T08:16:22Z",
            "2025-05-21T08:16:56Z",
            "2025-05-21T08:17:01Z",
            "2025-05-21T08:17:04Z",
            "2025-05-21T08:17:07Z",
            "2025-05-21T08:17:08Z",
            "2025-05-21T08:17:20Z",
            "2025-05-21T08:17:27Z",
            "2025-05-21T08:17:28Z",
            "2025-05-21T08:17:42Z",
            "2025-05-21T08:17:43Z",
            "2025-05-21T08:17:51Z",
            "2025-05-21T08:17:58Z",
            "2025-05-21T08:17:59Z",
            "2025-05-21T08:18:08Z",
            "2025-05-21T08:18:50Z",
            "2025-05-21T08:18:51Z",
            "2025-05-21T08:19:24Z",
            "2025-05-21T08:19:37Z",
            "2025-05-21T08:19:40Z",
            "2025-05-21T08:19:41Z",
            "2025-05-21T08:20:01Z",
            "2025-05-21T08:20:02Z",
            "2025-05-21T08:20:21Z",
            "2025-05-21T08:20:22Z",
            "2025-05-21T08:20:25Z",
            "2025-05-21T08:20:29Z",
            "2025-05-21T08:20:34Z",
            "2025-05-21T08:20:45Z",
            "2025-05-21T08:20:46Z",
            "2025-05-21T08:20:57Z",
            "2025-05-21T08:21:02Z",
            "2025-05-21T08:21:03Z",
            "2025-05-21T08:21:13Z",
            "2025-05-21T08:21:34Z",
            "2025-05-21T08:21:42Z",
            "2025-05-21T08:21:43Z",
            "2025-05-21T08:21:47Z",
            "2025-05-21T08:21:53Z",
            "2025-05-21T08:21:57Z",
            "2025-05-21T08:22:05Z",
            "2025-05-21T08:22:06Z",
            "2025-05-21T08:22:23Z",
            "2025-05-21T08:22:45Z",
            "2025-05-21T08:22:55Z",
            "2025-05-21T08:22:56Z",
            "2025-05-21T08:23:45Z",
            "2025-05-21T08:23:46Z",
            "2025-05-21T08:25:02Z",
            "2025-05-21T08:25:16Z",
            "2025-05-21T08:25:17Z",
            "2025-05-21T08:25:18Z",
            "2025-05-21T08:25:35Z",
            "2025-05-21T08:25:41Z",
            "2025-05-21T08:25:44Z",
            "2025-05-21T08:25:46Z",
            "2025-05-21T08:25:49Z",
            "2025-05-21T08:25:50Z",
            "2025-05-21T08:25:56Z",
            "2025-05-21T08:26:08Z",
            "2025-05-21T08:26:12Z",
            "2025-05-21T08:26:14Z",
            "2025-05-21T08:26:17Z",
            "2025-05-21T08:26:18Z",
            "2025-05-21T08:27:04Z",
            "2025-05-21T08:27:05Z",
            "2025-05-21T08:27:25Z",
            "2025-05-21T08:27:26Z",
            "2025-05-21T08:28:24Z",
            "2025-05-21T08:29:23Z",
            "2025-05-21T08:30:23Z",
            "2025-05-21T08:30:40Z",
            "2025-05-21T08:30:41Z",
            "2025-05-21T08:30:42Z",
            "2025-05-21T08:30:43Z",
            "2025-05-21T08:31:55Z",
            "2025-05-21T08:31:56Z",
            "2025-05-21T08:32:16Z",
            "2025-05-21T08:32:17Z",
            "2025-05-21T08:32:18Z",
            "2025-05-21T08:32:19Z",
            "2025-05-21T08:32:22Z",
            "2025-05-21T08:32:40Z",
            "2025-05-21T08:33:01Z",
            "2025-05-21T08:33:09Z",
            "2025-05-21T08:33:09Z",
            "2025-05-21T08:34:14Z",
            "2025-05-21T08:34:15Z",
            "2025-05-21T08:34:32Z",
            "2025-05-21T08:34:36Z",
            "2025-05-21T08:34:37Z",
            "2025-05-21T08:34:38Z",
            "2025-05-21T08:34:40Z",
            "2025-05-21T08:34:49Z",
            "2025-05-21T08:34:53Z",
            "2025-05-21T08:35:02Z",
            "2025-05-21T08:35:21Z",
            "2025-05-21T08:35:25Z",
            "2025-05-21T08:35:35Z",
            "2025-05-21T08:35:36Z",
            "2025-05-21T08:35:37Z",
            "2025-05-21T08:35:43Z",
            "2025-05-21T08:35:49Z",
            "2025-05-21T08:35:53Z",
            "2025-05-21T08:35:59Z",
            "2025-05-21T08:36:11Z",
            "2025-05-21T08:36:16Z",
            "2025-05-21T08:36:22Z",
            "2025-05-21T08:36:23Z",
            "2025-05-21T08:36:42Z",
            "2025-05-21T08:37:03Z",
            "2025-05-21T08:37:04Z",
            "2025-05-21T08:37:38Z",
            "2025-05-21T08:37:40Z",
            "2025-05-21T08:37:41Z",
            "2025-05-21T08:37:44Z",
            "2025-05-21T08:37:52Z",
            "2025-05-21T08:37:53Z",
            "2025-05-21T08:37:59Z",
            "2025-05-21T08:38:00Z",
            "2025-05-21T08:38:09Z",
            "2025-05-21T08:38:22Z",
            "2025-05-21T08:38:28Z",
            "2025-05-21T08:38:29Z",
            "2025-05-21T08:38:30Z",
            "2025-05-21T08:38:38Z",
            "2025-05-21T08:38:48Z",
            "2025-05-21T08:38:57Z",
            "2025-05-21T08:38:58Z",
            "2025-05-21T08:39:28Z",
            "2025-05-21T08:40:03Z",
            "2025-05-21T08:40:11Z",
            "2025-05-21T08:40:23Z",
            "2025-05-21T08:40:26Z",
            "2025-05-21T08:40:27Z",
            "2025-05-21T08:40:28Z",
            "2025-05-21T08:40:32Z",
            "2025-05-21T08:40:39Z",
            "2025-05-21T08:40:46Z",
            "2025-05-21T08:40:47Z",
            "2025-05-21T08:41:03Z",
            "2025-05-21T08:41:32Z",
            "2025-05-21T08:41:33Z",
            "2025-05-21T08:42:02Z",
            "2025-05-21T08:42:24Z",
            "2025-05-21T08:42:28Z",
            "2025-05-21T08:42:29Z",
            "2025-05-21T08:42:30Z",
            "2025-05-21T08:42:35Z",
            "2025-05-21T08:42:43Z",
            "2025-05-21T08:42:47Z",
            "2025-05-21T08:42:53Z",
            "2025-05-21T08:42:56Z",
            "2025-05-21T08:42:57Z",
            "2025-05-21T08:43:50Z",
            "2025-05-21T08:44:10Z",
            "2025-05-21T08:44:11Z",
            "2025-05-21T08:44:56Z",
            "2025-05-21T08:44:57Z",
            "2025-05-21T08:46:17Z",
            "2025-05-21T08:46:38Z",
            "2025-05-21T08:47:06Z",
            "2025-05-21T08:47:13Z",
            "2025-05-21T08:47:14Z",
            "2025-05-21T08:47:53Z",
            "2025-05-21T08:48:02Z",
            "2025-05-21T08:48:03Z",
            "2025-05-21T08:48:30Z",
            "2025-05-21T08:48:47Z",
            "2025-05-21T08:48:48Z",
            "2025-05-21T08:49:01Z",
            "2025-05-21T08:49:02Z",
            "2025-05-21T08:49:10Z",
            "2025-05-21T08:49:22Z",
            "2025-05-21T08:49:23Z",
            "2025-05-21T08:49:31Z",
            "2025-05-21T08:49:40Z",
            "2025-05-21T08:49:41Z",
            "2025-05-21T08:49:48Z",
            "2025-05-21T08:49:58Z",
            "2025-05-21T08:49:59Z",
            "2025-05-21T08:50:10Z",
            "2025-05-21T08:50:19Z",
            "2025-05-21T08:50:20Z",
            "2025-05-21T08:50:24Z",
            "2025-05-21T08:50:33Z",
            "2025-05-21T08:50:45Z",
            "2025-05-21T08:50:49Z",
            "2025-05-21T08:50:50Z",
            "2025-05-21T08:51:00Z",
            "2025-05-21T08:53:12Z",
            "2025-05-21T08:53:16Z",
            "2025-05-21T08:53:21Z",
            "2025-05-21T08:53:22Z",
            "2025-05-21T08:53:25Z",
            "2025-05-21T08:53:31Z",
            "2025-05-21T08:53:32Z",
            "2025-05-21T08:53:39Z",
            "2025-05-21T08:53:45Z",
            "2025-05-21T08:53:46Z",
            "2025-05-21T08:53:55Z",
            "2025-05-21T08:54:02Z",
            "2025-05-21T08:54:07Z",
            "2025-05-21T08:54:08Z",
            "2025-05-21T08:54:20Z",
            "2025-05-21T08:54:42Z",
            "2025-05-21T08:54:43Z",
            "2025-05-21T08:54:51Z",
            "2025-05-21T08:54:55Z",
            "2025-05-21T08:55:11Z",
            "2025-05-21T08:55:14Z",
            "2025-05-21T08:55:15Z",
            "2025-05-21T08:55:33Z",
            "2025-05-21T08:55:42Z",
            "2025-05-21T08:55:43Z",
            "2025-05-21T08:55:47Z",
            "2025-05-21T08:56:00Z",
            "2025-05-21T08:56:03Z",
            "2025-05-21T08:56:04Z",
            "2025-05-21T08:56:05Z",
            "2025-05-21T08:56:09Z",
            "2025-05-21T08:56:25Z",
            "2025-05-21T08:56:40Z",
            "2025-05-21T08:56:41Z",
            "2025-05-21T08:56:57Z",
            "2025-05-21T08:57:10Z",
            "2025-05-21T08:57:19Z",
            "2025-05-21T08:57:20Z",
            "2025-05-21T08:57:23Z",
            "2025-05-21T08:57:52Z",
            "2025-05-21T08:58:14Z",
            "2025-05-21T08:58:15Z",
            "2025-05-21T08:58:29Z",
            "2025-05-21T08:58:30Z",
            "2025-05-21T08:58:59Z",
            "2025-05-21T08:59:17Z",
            "2025-05-21T08:59:25Z",
            "2025-05-21T08:59:26Z",
            "2025-05-21T08:59:27Z",
            "2025-05-21T08:59:43Z",
            "2025-05-21T09:00:07Z",
            "2025-05-21T09:00:08Z",
            "2025-05-21T09:00:26Z",
            "2025-05-21T09:00:34Z",
            "2025-05-21T09:00:37Z",
            "2025-05-21T09:01:04Z",
            "2025-05-21T09:01:05Z",
            "2025-05-21T09:01:09Z",
            "2025-05-21T09:01:10Z",
            "2025-05-21T09:01:16Z",
            "2025-05-21T09:01:21Z",
            "2025-05-21T09:01:22Z",
            "2025-05-21T09:01:42Z",
            "2025-05-21T09:01:43Z",
            "2025-05-21T09:01:57Z",
            "2025-05-21T09:02:08Z",
            "2025-05-21T09:02:09Z",
            "2025-05-21T09:02:15Z",
            "2025-05-21T09:02:18Z",
            "2025-05-21T09:02:28Z",
            "2025-05-21T09:02:29Z",
            "2025-05-21T09:02:30Z",
            "2025-05-21T09:02:46Z",
            "2025-05-21T09:02:53Z",
            "2025-05-21T09:02:54Z",
            "2025-05-21T09:03:28Z",
            "2025-05-21T09:03:29Z",
            "2025-05-21T09:04:02Z",
            "2025-05-21T09:04:04Z",
            "2025-05-21T09:04:05Z",
            "2025-05-21T09:04:09Z",
            "2025-05-21T09:04:41Z",
            "2025-05-21T09:04:42Z",
            "2025-05-21T09:05:06Z",
            "2025-05-21T09:05:11Z",
            "2025-05-21T09:05:12Z",
            "2025-05-21T09:05:17Z",
            "2025-05-21T09:05:22Z",
            "2025-05-21T09:05:31Z",
            "2025-05-21T09:05:32Z",
            "2025-05-21T09:05:36Z",
            "2025-05-21T09:05:42Z",
            "2025-05-21T09:05:45Z",
            "2025-05-21T09:05:46Z",
            "2025-05-21T09:05:48Z",
            "2025-05-21T09:05:56Z",
            "2025-05-21T09:06:24Z",
            "2025-05-21T09:06:40Z",
            "2025-05-21T09:06:41Z",
            "2025-05-21T09:06:59Z",
            "2025-05-21T09:07:06Z",
            "2025-05-21T09:07:07Z",
            "2025-05-21T09:07:20Z",
            "2025-05-21T09:07:24Z",
            "2025-05-21T09:07:25Z",
            "2025-05-21T09:07:41Z",
            "2025-05-21T09:07:56Z",
            "2025-05-21T09:07:57Z",
            "2025-05-21T09:08:16Z",
            "2025-05-21T09:08:25Z",
            "2025-05-21T09:08:26Z",
            "2025-05-21T09:08:52Z",
            "2025-05-21T09:08:53Z",
            "2025-05-21T09:08:56Z",
            "2025-05-21T09:08:57Z",
            "2025-05-21T09:08:58Z",
            "2025-05-21T09:09:26Z",
            "2025-05-21T09:09:38Z",
            "2025-05-21T09:09:40Z",
            "2025-05-21T09:10:40Z",
            "2025-05-21T09:10:41Z",
            "2025-05-21T09:10:44Z",
            "2025-05-21T09:10:56Z",
            "2025-05-21T09:11:00Z",
            "2025-05-21T09:11:01Z",
            "2025-05-21T09:11:02Z",
            "2025-05-21T09:11:05Z",
            "2025-05-21T09:11:12Z",
            "2025-05-21T09:11:19Z",
            "2025-05-21T09:11:25Z",
            "2025-05-21T09:11:26Z",
            "2025-05-21T09:11:40Z",
            "2025-05-21T09:12:01Z",
            "2025-05-21T09:12:02Z",
            "2025-05-21T09:12:08Z",
            "2025-05-21T09:12:19Z",
            "2025-05-21T09:12:25Z",
            "2025-05-21T09:12:30Z",
            "2025-05-21T09:12:31Z",
            "2025-05-21T09:12:34Z",
            "2025-05-21T09:12:40Z",
            "2025-05-21T09:12:47Z",
            "2025-05-21T09:12:48Z",
            "2025-05-21T09:12:51Z",
            "2025-05-21T09:12:56Z",
            "2025-05-21T09:13:09Z",
            "2025-05-21T09:13:12Z",
            "2025-05-21T09:13:13Z",
            "2025-05-21T09:13:24Z",
            "2025-05-21T09:13:27Z",
            "2025-05-21T09:13:28Z",
            "2025-05-21T09:13:51Z",
            "2025-05-21T09:13:52Z",
            "2025-05-21T09:13:53Z",
            "2025-05-21T09:13:57Z",
            "2025-05-21T09:14:03Z",
            "2025-05-21T09:14:04Z",
            "2025-05-21T09:14:07Z",
            "2025-05-21T09:14:20Z",
            "2025-05-21T09:14:22Z",
            "2025-05-21T09:14:23Z",
            "2025-05-21T09:14:31Z",
            "2025-05-21T09:14:41Z",
            "2025-05-21T09:14:44Z",
            "2025-05-21T09:14:45Z",
            "2025-05-21T09:15:03Z",
            "2025-05-21T09:15:14Z",
            "2025-05-21T09:15:15Z",
            "2025-05-21T09:15:26Z",
            "2025-05-21T09:15:40Z",
            "2025-05-21T09:15:41Z",
            "2025-05-21T09:15:53Z",
            "2025-05-21T09:16:18Z",
            "2025-05-21T09:16:19Z",
            "2025-05-21T09:16:28Z",
            "2025-05-21T09:16:33Z",
            "2025-05-21T09:16:34Z",
            "2025-05-21T09:16:50Z",
            "2025-05-21T09:16:59Z",
            "2025-05-21T09:17:04Z",
            "2025-05-21T09:17:05Z",
            "2025-05-21T09:17:15Z",
            "2025-05-21T09:17:32Z",
            "2025-05-21T09:17:33Z",
            "2025-05-21T09:17:42Z",
            "2025-05-21T09:17:50Z",
            "2025-05-21T09:17:51Z",
            "2025-05-21T09:17:55Z",
            "2025-05-21T09:18:02Z",
            "2025-05-21T09:18:07Z",
            "2025-05-21T09:18:08Z",
            "2025-05-21T09:18:18Z",
            "2025-05-21T09:19:00Z",
            "2025-05-21T09:19:01Z",
            "2025-05-21T09:19:02Z",
            "2025-05-21T09:19:18Z",
            "2025-05-21T09:21:31Z",
            "2025-05-21T09:23:23Z",
            "2025-05-21T09:23:24Z",
            "2025-05-21T09:23:32Z",
            "2025-05-21T09:23:38Z",
            "2025-05-21T09:23:39Z",
            "2025-05-21T09:23:42Z",
            "2025-05-21T09:24:40Z",
            "2025-05-21T09:24:41Z",
            "2025-05-21T09:24:48Z",
            "2025-05-21T09:24:49Z",
            "2025-05-21T09:24:54Z",
            "2025-05-21T09:24:56Z",
            "2025-05-21T09:25:02Z",
            "2025-05-21T09:25:03Z",
            "2025-05-21T09:25:07Z",
            "2025-05-21T09:25:13Z",
            "2025-05-21T09:25:14Z",
            "2025-05-21T09:25:17Z",
            "2025-05-21T09:25:23Z",
            "2025-05-21T09:25:28Z",
            "2025-05-21T09:25:29Z",
            "2025-05-21T09:25:32Z",
            "2025-05-21T09:25:44Z",
            "2025-05-21T09:25:47Z",
            "2025-05-21T09:25:48Z",
            "2025-05-21T09:25:58Z",
            "2025-05-21T09:25:59Z",
            "2025-05-21T09:26:04Z",
            "2025-05-21T09:26:21Z",
            "2025-05-21T09:26:38Z",
            "2025-05-21T09:28:17Z",
            "2025-05-21T09:28:18Z",
            "2025-05-21T09:28:24Z",
            "2025-05-21T09:28:28Z",
            "2025-05-21T09:28:33Z",
            "2025-05-21T09:28:34Z",
            "2025-05-21T09:28:41Z",
            "2025-05-21T09:28:45Z",
            "2025-05-21T09:28:47Z",
            "2025-05-21T09:28:48Z",
            "2025-05-21T09:28:53Z",
            "2025-05-21T09:29:08Z",
            "2025-05-21T09:29:10Z",
            "2025-05-21T09:29:14Z",
            "2025-05-21T09:29:15Z",
            "2025-05-21T09:29:22Z",
            "2025-05-21T09:29:27Z",
            "2025-05-21T09:29:35Z",
            "2025-05-21T09:29:36Z",
            "2025-05-21T09:30:03Z",
            "2025-05-21T09:30:15Z",
            "2025-05-21T09:31:01Z",
            "2025-05-21T09:31:04Z",
            "2025-05-21T09:31:05Z",
            "2025-05-21T09:31:08Z",
            "2025-05-21T09:31:18Z",
            "2025-05-21T09:31:20Z",
            "2025-05-21T09:31:21Z",
            "2025-05-21T09:31:22Z",
            "2025-05-21T09:31:33Z",
            "2025-05-21T09:31:36Z",
            "2025-05-21T09:31:40Z",
            "2025-05-21T09:31:41Z",
            "2025-05-21T09:32:18Z",
            "2025-05-21T09:32:25Z",
            "2025-05-21T09:32:27Z",
            "2025-05-21T09:32:28Z",
            "2025-05-21T09:32:30Z",
            "2025-05-21T09:32:32Z",
            "2025-05-21T09:32:38Z",
            "2025-05-21T09:32:39Z",
            "2025-05-21T09:32:40Z",
            "2025-05-21T09:32:48Z",
            "2025-05-21T09:32:55Z",
            "2025-05-21T09:32:56Z",
            "2025-05-21T09:33:01Z",
            "2025-05-21T09:33:06Z",
            "2025-05-21T09:33:09Z",
            "2025-05-21T09:33:11Z",
            "2025-05-21T09:33:12Z",
            "2025-05-21T09:33:34Z",
            "2025-05-21T09:33:40Z",
            "2025-05-21T09:33:41Z",
            "2025-05-21T09:33:42Z",
            "2025-05-21T09:33:47Z",
            "2025-05-21T09:33:53Z",
            "2025-05-21T09:33:55Z",
            "2025-05-21T09:34:02Z",
            "2025-05-21T09:34:21Z",
            "2025-05-21T09:34:22Z",
            "2025-05-21T09:34:29Z",
            "2025-05-21T09:34:31Z",
            "2025-05-21T09:34:41Z",
            "2025-05-21T09:34:42Z",
            "2025-05-21T09:34:49Z",
            "2025-05-21T09:34:50Z",
            "2025-05-21T09:34:54Z",
            "2025-05-21T09:34:55Z",
            "2025-05-21T09:35:08Z",
            "2025-05-21T09:35:18Z",
            "2025-05-21T09:35:19Z",
            "2025-05-21T09:35:20Z",
            "2025-05-21T09:35:42Z",
            "2025-05-21T09:35:51Z",
            "2025-05-21T09:35:55Z",
            "2025-05-21T09:35:59Z",
            "2025-05-21T09:36:00Z",
            "2025-05-21T09:36:01Z",
            "2025-05-21T09:36:06Z",
            "2025-05-21T09:36:17Z",
            "2025-05-21T09:36:25Z",
            "2025-05-21T09:36:26Z",
            "2025-05-21T09:36:35Z",
            "2025-05-21T09:36:41Z",
            "2025-05-21T09:36:45Z",
            "2025-05-21T09:36:46Z",
            "2025-05-21T09:36:47Z",
            "2025-05-21T09:36:54Z",
            "2025-05-21T09:36:58Z",
            "2025-05-21T09:36:59Z",
            "2025-05-21T09:37:08Z",
            "2025-05-21T09:37:09Z",
            "2025-05-21T09:37:11Z",
            "2025-05-21T09:37:20Z",
            "2025-05-21T09:37:21Z",
            "2025-05-21T09:37:22Z",
            "2025-05-21T09:37:23Z",
            "2025-05-21T09:37:24Z",
            "2025-05-21T09:37:31Z",
            "2025-05-21T09:37:40Z",
            "2025-05-21T09:37:43Z",
            "2025-05-21T09:37:54Z",
            "2025-05-21T09:37:55Z",
            "2025-05-21T09:37:58Z",
            "2025-05-21T09:38:00Z",
            "2025-05-21T09:38:05Z",
            "2025-05-21T09:38:12Z",
            "2025-05-21T09:38:15Z",
            "2025-05-21T09:38:16Z",
            "2025-05-21T09:38:29Z",
            "2025-05-21T09:38:30Z",
            "2025-05-21T09:38:33Z",
            "2025-05-21T09:38:34Z",
            "2025-05-21T09:38:38Z",
            "2025-05-21T09:38:41Z",
            "2025-05-21T09:38:48Z",
            "2025-05-21T09:38:49Z",
            "2025-05-21T09:38:54Z",
            "2025-05-21T09:39:12Z",
            "2025-05-21T09:39:13Z",
            "2025-05-21T09:40:13Z",
            "2025-05-21T09:40:18Z",
            "2025-05-21T09:40:19Z",
            "2025-05-21T09:40:38Z",
            "2025-05-21T09:40:39Z",
            "2025-05-21T09:40:50Z",
            "2025-05-21T09:40:55Z",
            "2025-05-21T09:41:03Z",
            "2025-05-21T09:41:04Z",
            "2025-05-21T09:41:25Z",
            "2025-05-21T09:41:26Z",
            "2025-05-21T09:41:35Z",
            "2025-05-21T09:41:48Z",
            "2025-05-21T09:41:49Z",
            "2025-05-21T09:42:19Z",
            "2025-05-21T09:42:20Z",
            "2025-05-21T09:42:30Z",
            "2025-05-21T09:42:50Z",
            "2025-05-21T09:42:51Z",
            "2025-05-21T09:43:06Z",
            "2025-05-21T09:43:09Z",
            "2025-05-21T09:43:10Z",
            "2025-05-21T09:43:15Z",
            "2025-05-21T09:43:33Z",
            "2025-05-21T09:43:39Z",
            "2025-05-21T09:43:40Z",
            "2025-05-21T09:44:10Z",
            "2025-05-21T09:44:15Z",
            "2025-05-21T09:44:16Z",
            "2025-05-21T09:44:23Z",
            "2025-05-21T09:44:29Z",
            "2025-05-21T09:44:30Z",
            "2025-05-21T09:44:36Z",
            "2025-05-21T09:44:44Z",
            "2025-05-21T09:44:45Z",
            "2025-05-21T09:44:51Z",
            "2025-05-21T09:45:29Z",
            "2025-05-21T09:45:30Z",
            "2025-05-21T09:49:03Z",
            "2025-05-21T09:49:07Z",
            "2025-05-21T09:50:11Z",
            "2025-05-21T09:50:12Z",
            "2025-05-21T09:54:50Z",
            "2025-05-21T09:54:51Z",
            "2025-05-21T09:54:52Z",
            "2025-05-21T09:56:31Z",
            "2025-05-21T09:56:51Z",
            "2025-05-21T09:57:00Z",
            "2025-05-21T09:57:02Z",
            "2025-05-21T09:57:06Z",
            "2025-05-21T09:57:38Z",
            "2025-05-21T09:57:39Z",
            "2025-05-21T09:58:30Z",
            "2025-05-21T09:58:35Z",
            "2025-05-21T09:58:36Z",
            "2025-05-21T09:58:44Z",
            "2025-05-21T09:58:55Z",
            "2025-05-21T09:59:06Z",
            "2025-05-21T09:59:07Z",
            "2025-05-21T09:59:13Z",
            "2025-05-21T09:59:19Z",
            "2025-05-21T09:59:20Z",
            "2025-05-21T09:59:25Z",
            "2025-05-21T09:59:30Z",
            "2025-05-21T09:59:31Z",
            "2025-05-21T09:59:39Z",
            "2025-05-21T09:59:44Z",
            "2025-05-21T09:59:45Z",
            "2025-05-21T09:59:50Z",
            "2025-05-21T09:59:55Z",
            "2025-05-21T10:00:00Z",
            "2025-05-21T10:00:01Z",
            "2025-05-21T10:00:22Z",
            "2025-05-21T10:00:38Z",
            "2025-05-21T10:00:39Z",
            "2025-05-21T10:00:58Z",
            "2025-05-21T10:00:59Z",
            "2025-05-21T10:01:01Z",
            "2025-05-21T10:01:02Z",
            "2025-05-21T10:01:09Z",
            "2025-05-21T10:01:10Z",
            "2025-05-21T10:01:13Z",
            "2025-05-21T10:01:14Z",
            "2025-05-21T10:01:17Z",
            "2025-05-21T10:01:20Z",
            "2025-05-21T10:01:23Z",
            "2025-05-21T10:02:21Z",
            "2025-05-21T10:02:46Z",
            "2025-05-21T10:02:47Z",
            "2025-05-21T10:02:48Z",
            "2025-05-21T10:02:57Z",
            "2025-05-21T10:03:05Z",
            "2025-05-21T10:03:06Z",
            "2025-05-21T10:03:10Z",
            "2025-05-21T10:03:13Z",
            "2025-05-21T10:03:15Z",
            "2025-05-21T10:03:16Z",
            "2025-05-21T10:03:21Z",
            "2025-05-21T10:03:25Z",
            "2025-05-21T10:03:30Z",
            "2025-05-21T10:03:31Z",
            "2025-05-21T10:03:39Z",
            "2025-05-21T10:03:44Z",
            "2025-05-21T10:03:48Z",
            "2025-05-21T10:03:49Z",
            "2025-05-21T10:03:53Z",
            "2025-05-21T10:04:00Z",
            "2025-05-21T10:04:05Z",
            "2025-05-21T10:04:06Z",
            "2025-05-21T10:04:13Z",
            "2025-05-21T10:04:18Z",
            "2025-05-21T10:04:20Z",
            "2025-05-21T10:04:21Z",
            "2025-05-21T10:04:25Z",
            "2025-05-21T10:04:30Z",
            "2025-05-21T10:04:33Z",
            "2025-05-21T10:04:34Z",
            "2025-05-21T10:04:37Z",
            "2025-05-21T10:04:45Z",
            "2025-05-21T10:04:46Z",
            "2025-05-21T10:04:51Z",
            "2025-05-21T10:04:58Z",
            "2025-05-21T10:04:59Z",
            "2025-05-21T10:05:06Z",
            "2025-05-21T10:05:11Z",
            "2025-05-21T10:05:12Z",
            "2025-05-21T10:05:17Z",
            "2025-05-21T10:05:22Z",
            "2025-05-21T10:05:25Z",
            "2025-05-21T10:05:26Z",
            "2025-05-21T10:05:29Z",
            "2025-05-21T10:05:36Z",
            "2025-05-21T10:05:46Z",
            "2025-05-21T10:05:59Z",
            "2025-05-21T10:06:00Z",
            "2025-05-21T10:06:08Z",
            "2025-05-21T10:06:10Z",
            "2025-05-21T10:06:17Z",
            "2025-05-21T10:06:18Z",
            "2025-05-21T10:06:26Z",
            "2025-05-21T10:06:40Z",
            "2025-05-21T10:06:41Z",
            "2025-05-21T10:06:46Z",
            "2025-05-21T10:06:54Z",
            "2025-05-21T10:06:55Z",
            "2025-05-21T10:06:59Z",
            "2025-05-21T10:07:02Z",
            "2025-05-21T10:07:04Z",
            "2025-05-21T10:07:07Z",
            "2025-05-21T10:07:08Z",
            "2025-05-21T10:07:29Z",
            "2025-05-21T10:07:34Z",
            "2025-05-21T10:07:35Z",
            "2025-05-21T10:07:39Z",
            "2025-05-21T10:07:53Z",
            "2025-05-21T10:07:54Z",
            "2025-05-21T10:07:58Z",
            "2025-05-21T10:07:59Z",
            "2025-05-21T10:08:00Z",
            "2025-05-21T10:08:10Z",
            "2025-05-21T10:08:14Z",
            "2025-05-21T10:08:16Z",
            "2025-05-21T10:08:23Z",
            "2025-05-21T10:08:24Z",
            "2025-05-21T10:08:30Z",
            "2025-05-21T10:08:34Z",
            "2025-05-21T10:08:39Z",
            "2025-05-21T10:08:40Z",
            "2025-05-21T10:08:52Z",
            "2025-05-21T10:08:55Z",
            "2025-05-21T10:08:56Z",
            "2025-05-21T10:09:08Z",
            "2025-05-21T10:09:09Z",
            "2025-05-21T10:09:19Z",
            "2025-05-21T10:09:28Z",
            "2025-05-21T10:09:30Z",
            "2025-05-21T10:09:31Z",
            "2025-05-21T10:09:32Z",
            "2025-05-21T10:09:35Z",
            "2025-05-21T10:09:38Z",
            "2025-05-21T10:09:42Z",
            "2025-05-21T10:09:51Z",
            "2025-05-21T10:09:52Z",
            "2025-05-21T10:10:04Z",
            "2025-05-21T10:10:06Z",
            "2025-05-21T10:10:10Z",
            "2025-05-21T10:10:11Z",
            "2025-05-21T10:10:14Z",
            "2025-05-21T10:10:15Z",
            "2025-05-21T10:10:16Z",
            "2025-05-21T10:10:31Z",
            "2025-05-21T10:10:44Z",
            "2025-05-21T10:10:49Z",
            "2025-05-21T10:10:50Z",
            "2025-05-21T10:10:54Z",
            "2025-05-21T10:11:01Z",
            "2025-05-21T10:11:03Z",
            "2025-05-21T10:11:05Z",
            "2025-05-21T10:11:07Z",
            "2025-05-21T10:11:12Z",
            "2025-05-21T10:11:13Z",
            "2025-05-21T10:11:23Z",
            "2025-05-21T10:11:46Z",
            "2025-05-21T10:12:10Z",
            "2025-05-21T10:12:11Z",
            "2025-05-21T10:12:12Z",
            "2025-05-21T10:12:37Z",
            "2025-05-21T10:12:52Z",
            "2025-05-21T10:12:59Z",
            "2025-05-21T10:13:00Z",
            "2025-05-21T10:13:19Z",
            "2025-05-21T10:13:51Z",
            "2025-05-21T10:14:00Z",
            "2025-05-21T10:14:01Z",
            "2025-05-21T10:14:06Z",
            "2025-05-21T10:14:12Z",
            "2025-05-21T10:14:15Z",
            "2025-05-21T10:14:16Z",
            "2025-05-21T10:14:18Z",
            "2025-05-21T10:14:26Z",
            "2025-05-21T10:14:34Z",
            "2025-05-21T10:14:37Z",
            "2025-05-21T10:14:38Z",
            "2025-05-21T10:14:46Z",
            "2025-05-21T10:14:52Z",
            "2025-05-21T10:14:53Z",
            "2025-05-21T10:14:59Z",
            "2025-05-21T10:15:07Z",
            "2025-05-21T10:15:08Z",
            "2025-05-21T10:15:13Z",
            "2025-05-21T10:15:22Z",
            "2025-05-21T10:15:23Z",
            "2025-05-21T10:15:32Z",
            "2025-05-21T10:15:38Z",
            "2025-05-21T10:15:39Z",
            "2025-05-21T10:16:06Z",
            "2025-05-21T10:16:09Z",
            "2025-05-21T10:16:10Z",
            "2025-05-21T10:16:21Z",
            "2025-05-21T10:16:22Z",
            "2025-05-21T10:16:28Z",
            "2025-05-21T10:16:36Z",
            "2025-05-21T10:16:37Z",
            "2025-05-21T10:16:43Z",
            "2025-05-21T10:17:00Z",
            "2025-05-21T10:17:02Z",
            "2025-05-21T10:17:05Z",
            "2025-05-21T10:17:06Z",
            "2025-05-21T10:17:10Z",
            "2025-05-21T10:17:16Z",
            "2025-05-21T10:17:17Z",
            "2025-05-21T10:17:24Z",
            "2025-05-21T10:17:26Z",
            "2025-05-21T10:17:28Z",
            "2025-05-21T10:17:30Z",
            "2025-05-21T10:17:31Z",
            "2025-05-21T10:17:50Z",
            "2025-05-21T10:17:53Z",
            "2025-05-21T10:18:00Z",
            "2025-05-21T10:18:03Z",
            "2025-05-21T10:18:04Z",
            "2025-05-21T10:18:10Z",
            "2025-05-21T10:18:17Z",
            "2025-05-21T10:18:18Z",
            "2025-05-21T10:18:24Z",
            "2025-05-21T10:18:32Z",
            "2025-05-21T10:18:33Z",
            "2025-05-21T10:18:36Z",
            "2025-05-21T10:18:48Z",
            "2025-05-21T10:18:49Z",
            "2025-05-21T10:19:01Z",
            "2025-05-21T10:19:02Z",
            "2025-05-21T10:19:12Z",
            "2025-05-21T10:19:22Z",
            "2025-05-21T10:19:23Z",
            "2025-05-21T10:19:30Z",
            "2025-05-21T10:19:37Z",
            "2025-05-21T10:19:38Z",
            "2025-05-21T10:19:46Z",
            "2025-05-21T10:19:49Z",
            "2025-05-21T10:19:50Z",
            "2025-05-21T10:19:56Z",
            "2025-05-21T10:20:00Z",
            "2025-05-21T10:20:01Z",
            "2025-05-21T10:20:09Z",
            "2025-05-21T10:20:14Z",
            "2025-05-21T10:20:15Z",
            "2025-05-21T10:20:25Z",
            "2025-05-21T10:20:26Z",
            "2025-05-21T10:20:39Z",
            "2025-05-21T10:20:40Z",
            "2025-05-21T10:20:43Z",
            "2025-05-21T10:20:49Z",
            "2025-05-21T10:20:52Z",
            "2025-05-21T10:20:53Z",
            "2025-05-21T10:21:03Z",
            "2025-05-21T10:21:08Z",
            "2025-05-21T10:21:09Z",
            "2025-05-21T10:21:17Z",
            "2025-05-21T10:21:21Z",
            "2025-05-21T10:21:22Z",
            "2025-05-21T10:21:38Z",
            "2025-05-21T10:21:39Z",
            "2025-05-21T10:21:44Z",
            "2025-05-21T10:21:45Z",
            "2025-05-21T10:21:47Z",
            "2025-05-21T10:21:49Z",
            "2025-05-21T10:21:50Z",
            "2025-05-21T10:21:59Z",
            "2025-05-21T10:22:02Z",
            "2025-05-21T10:22:06Z",
            "2025-05-21T10:22:07Z",
            "2025-05-21T10:22:20Z",
            "2025-05-21T10:22:31Z",
            "2025-05-21T10:22:36Z",
            "2025-05-21T10:22:40Z",
            "2025-05-21T10:22:41Z",
            "2025-05-21T10:22:47Z",
            "2025-05-21T10:24:49Z",
            "2025-05-21T10:24:53Z",
            "2025-05-21T10:24:56Z",
            "2025-05-21T10:24:57Z",
            "2025-05-21T10:25:06Z",
            "2025-05-21T10:25:11Z",
            "2025-05-21T10:25:12Z",
            "2025-05-21T10:25:24Z",
            "2025-05-21T10:25:25Z",
            "2025-05-21T10:25:32Z",
            "2025-05-21T10:25:37Z",
            "2025-05-21T10:25:38Z",
            "2025-05-21T10:25:44Z",
            "2025-05-21T10:25:53Z",
            "2025-05-21T10:25:54Z",
            "2025-05-21T10:25:56Z",
            "2025-05-21T10:25:59Z",
            "2025-05-21T10:26:08Z",
            "2025-05-21T10:26:09Z",
            "2025-05-21T10:26:21Z",
            "2025-05-21T10:26:22Z",
            "2025-05-21T10:26:31Z",
            "2025-05-21T10:26:36Z",
            "2025-05-21T10:26:37Z",
            "2025-05-21T10:26:53Z",
            "2025-05-21T10:26:54Z",
            "2025-05-21T10:27:01Z",
            "2025-05-21T10:27:10Z",
            "2025-05-21T10:27:18Z",
            "2025-05-21T10:27:19Z",
            "2025-05-21T10:27:24Z",
            "2025-05-21T10:27:33Z",
            "2025-05-21T10:27:34Z",
            "2025-05-21T10:27:38Z",
            "2025-05-21T10:27:39Z",
            "2025-05-21T10:27:43Z",
            "2025-05-21T10:27:46Z",
            "2025-05-21T10:27:47Z",
            "2025-05-21T10:27:50Z",
            "2025-05-21T10:27:53Z",
            "2025-05-21T10:28:01Z",
            "2025-05-21T10:28:02Z",
            "2025-05-21T10:28:07Z",
            "2025-05-21T10:28:11Z",
            "2025-05-21T10:28:14Z",
            "2025-05-21T10:28:15Z",
            "2025-05-21T10:28:19Z",
            "2025-05-21T10:28:25Z",
            "2025-05-21T10:28:26Z",
            "2025-05-21T10:28:33Z",
            "2025-05-21T10:28:37Z",
            "2025-05-21T10:28:38Z",
            "2025-05-21T10:28:42Z",
            "2025-05-21T10:28:48Z",
            "2025-05-21T10:28:49Z",
            "2025-05-21T10:28:53Z",
            "2025-05-21T10:28:58Z",
            "2025-05-21T10:28:59Z",
            "2025-05-21T10:29:07Z",
            "2025-05-21T10:29:11Z",
            "2025-05-21T10:29:12Z",
            "2025-05-21T10:29:18Z",
            "2025-05-21T10:29:24Z",
            "2025-05-21T10:29:25Z",
            "2025-05-21T10:29:29Z",
            "2025-05-21T10:29:35Z",
            "2025-05-21T10:29:40Z",
            "2025-05-21T10:29:41Z",
            "2025-05-21T10:29:45Z",
            "2025-05-21T10:29:51Z",
            "2025-05-21T10:29:52Z",
            "2025-05-21T10:30:00Z",
            "2025-05-21T10:30:03Z",
            "2025-05-21T10:30:04Z",
            "2025-05-21T10:30:11Z",
            "2025-05-21T10:30:16Z",
            "2025-05-21T10:30:17Z",
            "2025-05-21T10:30:26Z",
            "2025-05-21T10:30:37Z",
            "2025-05-21T10:30:42Z",
            "2025-05-21T10:30:48Z",
            "2025-05-21T10:30:49Z",
            "2025-05-21T10:30:50Z",
            "2025-05-21T10:30:52Z",
            "2025-05-21T10:30:58Z",
            "2025-05-21T10:31:01Z",
            "2025-05-21T10:31:04Z",
            "2025-05-21T10:31:05Z",
            "2025-05-21T10:31:15Z",
            "2025-05-21T10:31:16Z",
            "2025-05-21T10:31:17Z",
            "2025-05-21T10:31:25Z",
            "2025-05-21T10:31:32Z",
            "2025-05-21T10:31:35Z",
            "2025-05-21T10:31:36Z",
            "2025-05-21T10:31:39Z",
            "2025-05-21T10:31:42Z",
            "2025-05-21T10:31:44Z",
            "2025-05-21T10:31:46Z",
            "2025-05-21T10:31:47Z",
            "2025-05-21T10:31:48Z",
            "2025-05-21T10:31:52Z",
            "2025-05-21T10:31:57Z",
            "2025-05-21T10:32:02Z",
            "2025-05-21T10:32:03Z",
            "2025-05-21T10:32:04Z",
            "2025-05-21T10:32:10Z",
            "2025-05-21T10:32:18Z",
            "2025-05-21T10:32:20Z",
            "2025-05-21T10:32:21Z",
            "2025-05-21T10:32:22Z",
            "2025-05-21T10:32:27Z",
            "2025-05-21T10:32:29Z",
            "2025-05-21T10:32:32Z",
            "2025-05-21T10:32:33Z",
            "2025-05-21T10:32:48Z",
            "2025-05-21T10:32:50Z",
            "2025-05-21T10:32:51Z",
            "2025-05-21T10:33:00Z",
            "2025-05-21T10:33:06Z",
            "2025-05-21T10:33:07Z",
            "2025-05-21T10:33:13Z",
            "2025-05-21T10:33:16Z",
            "2025-05-21T10:33:21Z",
            "2025-05-21T10:33:22Z",
            "2025-05-21T10:33:23Z",
            "2025-05-21T10:33:32Z",
            "2025-05-21T10:33:40Z",
            "2025-05-21T10:33:41Z",
            "2025-05-21T10:33:51Z",
            "2025-05-21T10:33:53Z",
            "2025-05-21T10:33:54Z",
            "2025-05-21T10:33:55Z",
            "2025-05-21T10:34:03Z",
            "2025-05-21T10:34:09Z",
            "2025-05-21T10:34:10Z",
            "2025-05-21T10:34:17Z",
            "2025-05-21T10:34:24Z",
            "2025-05-21T10:34:26Z",
            "2025-05-21T10:34:27Z",
            "2025-05-21T10:34:32Z",
            "2025-05-21T10:34:35Z",
            "2025-05-21T10:34:39Z",
            "2025-05-21T10:34:40Z",
            "2025-05-21T10:34:44Z",
            "2025-05-21T10:34:48Z",
            "2025-05-21T10:34:53Z",
            "2025-05-21T10:34:54Z",
            "2025-05-21T10:34:58Z",
            "2025-05-21T10:35:01Z",
            "2025-05-21T10:35:03Z",
            "2025-05-21T10:35:04Z",
            "2025-05-21T10:35:13Z",
            "2025-05-21T10:35:15Z",
            "2025-05-21T10:35:16Z",
            "2025-05-21T10:35:19Z",
            "2025-05-21T10:35:23Z",
            "2025-05-21T10:35:30Z",
            "2025-05-21T10:35:31Z",
            "2025-05-21T10:35:39Z",
            "2025-05-21T10:35:45Z",
            "2025-05-21T10:35:46Z",
            "2025-05-21T10:35:50Z",
            "2025-05-21T10:35:52Z",
            "2025-05-21T10:35:56Z",
            "2025-05-21T10:35:57Z",
            "2025-05-21T10:36:03Z",
            "2025-05-21T10:36:07Z",
            "2025-05-21T10:36:11Z",
            "2025-05-21T10:36:12Z",
            "2025-05-21T10:36:19Z",
            "2025-05-21T10:36:23Z",
            "2025-05-21T10:36:24Z",
            "2025-05-21T10:36:29Z",
            "2025-05-21T10:36:33Z",
            "2025-05-21T10:36:38Z",
            "2025-05-21T10:36:39Z",
            "2025-05-21T10:36:45Z",
            "2025-05-21T10:36:51Z",
            "2025-05-21T10:36:52Z",
            "2025-05-21T10:36:59Z",
            "2025-05-21T10:37:05Z",
            "2025-05-21T10:37:06Z",
            "2025-05-21T10:37:09Z",
            "2025-05-21T10:37:14Z",
            "2025-05-21T10:37:17Z",
            "2025-05-21T10:37:18Z",
            "2025-05-21T10:37:23Z",
            "2025-05-21T10:37:29Z",
            "2025-05-21T10:37:30Z",
            "2025-05-21T10:37:37Z",
            "2025-05-21T10:37:39Z",
            "2025-05-21T10:37:40Z",
            "2025-05-21T10:37:51Z",
            "2025-05-21T10:37:51Z",
            "2025-05-21T10:37:53Z",
            "2025-05-21T10:37:56Z",
            "2025-05-21T10:38:03Z",
            "2025-05-21T10:38:04Z",
            "2025-05-21T10:38:13Z",
            "2025-05-21T10:38:17Z",
            "2025-05-21T10:38:18Z",
            "2025-05-21T10:38:22Z",
            "2025-05-21T10:38:29Z",
            "2025-05-21T10:38:30Z",
            "2025-05-21T10:38:38Z",
            "2025-05-21T10:38:42Z",
            "2025-05-21T10:38:43Z",
            "2025-05-21T10:38:49Z",
            "2025-05-21T10:38:55Z",
            "2025-05-21T10:38:56Z",
            "2025-05-21T10:39:07Z",
            "2025-05-21T10:39:08Z",
            "2025-05-21T10:39:20Z",
            "2025-05-21T10:39:21Z",
            "2025-05-21T10:39:28Z",
            "2025-05-21T10:39:31Z",
            "2025-05-21T10:39:32Z",
            "2025-05-21T10:39:40Z",
            "2025-05-21T10:39:46Z",
            "2025-05-21T10:39:47Z",
            "2025-05-21T10:39:51Z",
            "2025-05-21T10:39:54Z",
            "2025-05-21T10:40:00Z",
            "2025-05-21T10:40:01Z",
            "2025-05-21T10:40:05Z",
            "2025-05-21T10:40:08Z",
            "2025-05-21T10:40:12Z",
            "2025-05-21T10:40:18Z",
            "2025-05-21T10:40:27Z",
            "2025-05-21T10:40:30Z",
            "2025-05-21T10:40:31Z",
            "2025-05-21T10:40:40Z",
            "2025-05-21T10:40:45Z",
            "2025-05-21T10:40:46Z",
            "2025-05-21T10:40:55Z",
            "2025-05-21T10:40:56Z",
            "2025-05-21T10:40:59Z",
            "2025-05-21T10:41:03Z",
            "2025-05-21T10:41:08Z",
            "2025-05-21T10:41:09Z",
            "2025-05-21T10:41:12Z",
            "2025-05-21T10:41:14Z",
            "2025-05-21T10:41:22Z",
            "2025-05-21T10:41:23Z",
            "2025-05-21T10:41:24Z",
            "2025-05-21T10:41:27Z",
            "2025-05-21T10:41:32Z",
            "2025-05-21T10:41:36Z",
            "2025-05-21T10:41:37Z",
            "2025-05-21T10:41:42Z",
            "2025-05-21T10:41:47Z",
            "2025-05-21T10:41:48Z",
            "2025-05-21T10:41:55Z",
            "2025-05-21T10:41:59Z",
            "2025-05-21T10:42:00Z",
            "2025-05-21T10:42:04Z",
            "2025-05-21T10:42:12Z",
            "2025-05-21T10:42:13Z",
            "2025-05-21T10:42:18Z",
            "2025-05-21T10:42:25Z",
            "2025-05-21T10:42:28Z",
            "2025-05-21T10:42:29Z",
            "2025-05-21T10:42:44Z",
            "2025-05-21T10:42:51Z",
            "2025-05-21T10:42:54Z",
            "2025-05-21T10:42:55Z",
            "2025-05-21T10:43:06Z",
            "2025-05-21T10:43:11Z",
            "2025-05-21T10:43:12Z",
            "2025-05-21T10:43:17Z",
            "2025-05-21T10:43:22Z",
            "2025-05-21T10:43:23Z",
            "2025-05-21T10:43:26Z",
            "2025-05-21T10:43:31Z",
            "2025-05-21T10:43:35Z",
            "2025-05-21T10:43:36Z",
            "2025-05-21T10:43:40Z",
            "2025-05-21T10:43:57Z",
            "2025-05-21T10:44:51Z",
            "2025-05-21T10:45:45Z",
            "2025-05-21T10:45:46Z",
            "2025-05-21T10:45:51Z",
            "2025-05-21T10:45:57Z",
            "2025-05-21T10:45:58Z",
            "2025-05-21T10:46:02Z",
            "2025-05-21T10:46:13Z",
            "2025-05-21T10:46:14Z",
            "2025-05-21T10:46:17Z",
            "2025-05-21T10:46:21Z",
            "2025-05-21T10:46:23Z",
            "2025-05-21T10:46:28Z",
            "2025-05-21T10:46:39Z",
            "2025-05-21T10:46:44Z",
            "2025-05-21T10:46:45Z",
            "2025-05-21T10:46:46Z",
            "2025-05-21T10:47:03Z",
            "2025-05-21T10:47:04Z",
            "2025-05-21T10:47:18Z",
            "2025-05-21T10:47:29Z",
            "2025-05-21T10:47:46Z",
            "2025-05-21T10:47:57Z",
            "2025-05-21T10:48:01Z",
            "2025-05-21T10:48:02Z",
            "2025-05-21T10:48:10Z",
            "2025-05-21T10:48:18Z",
            "2025-05-21T10:48:19Z",
            "2025-05-21T10:48:24Z",
            "2025-05-21T10:48:26Z",
            "2025-05-21T10:48:29Z",
            "2025-05-21T10:48:37Z",
            "2025-05-21T10:48:38Z",
            "2025-05-21T10:48:43Z",
            "2025-05-21T10:48:54Z",
            "2025-05-21T10:48:55Z",
            "2025-05-21T10:49:01Z",
            "2025-05-21T10:49:05Z",
            "2025-05-21T10:49:13Z",
            "2025-05-21T10:49:14Z",
            "2025-05-21T10:49:32Z",
            "2025-05-21T10:49:33Z",
            "2025-05-21T10:49:37Z",
            "2025-05-21T10:49:44Z",
            "2025-05-21T10:49:49Z",
            "2025-05-21T10:49:52Z",
            "2025-05-21T10:49:55Z",
            "2025-05-21T10:49:56Z",
            "2025-05-21T10:50:01Z",
            "2025-05-21T10:50:12Z",
            "2025-05-21T10:50:15Z",
            "2025-05-21T10:50:16Z",
            "2025-05-21T10:50:19Z",
            "2025-05-21T10:50:24Z",
            "2025-05-21T10:51:01Z",
            "2025-05-21T10:51:06Z",
            "2025-05-21T10:51:07Z",
            "2025-05-21T10:51:18Z",
            "2025-05-21T10:51:21Z",
            "2025-05-21T10:51:22Z",
            "2025-05-21T10:51:29Z",
            "2025-05-21T10:51:39Z",
            "2025-05-21T10:51:40Z",
            "2025-05-21T10:51:44Z",
            "2025-05-21T10:51:50Z",
            "2025-05-21T10:51:56Z",
            "2025-05-21T10:51:57Z",
            "2025-05-21T10:52:17Z",
            "2025-05-21T10:53:34Z",
            "2025-05-21T10:55:24Z",
            "2025-05-21T10:56:49Z",
            "2025-05-21T10:57:06Z",
            "2025-05-21T10:57:08Z",
            "2025-05-21T10:57:09Z",
            "2025-05-21T10:57:10Z",
            "2025-05-21T10:57:12Z",
            "2025-05-21T10:57:32Z",
            "2025-05-21T10:57:36Z",
            "2025-05-21T10:57:43Z",
            "2025-05-21T10:57:45Z",
            "2025-05-21T10:57:48Z",
            "2025-05-21T10:57:49Z",
            "2025-05-21T10:58:00Z",
            "2025-05-21T10:59:00Z",
            "2025-05-21T10:59:01Z",
            "2025-05-21T10:59:30Z",
            "2025-05-21T10:59:49Z",
            "2025-05-21T11:00:01Z",
            "2025-05-21T11:02:10Z",
            "2025-05-21T11:02:11Z",
            "2025-05-21T11:02:14Z",
            "2025-05-21T11:02:29Z",
            "2025-05-21T11:02:44Z",
            "2025-05-21T11:03:09Z",
            "2025-05-21T11:03:29Z",
            "2025-05-21T11:03:37Z",
            "2025-05-21T11:03:38Z",
            "2025-05-21T11:03:43Z",
            "2025-05-21T11:04:06Z",
            "2025-05-21T11:04:23Z",
            "2025-05-21T11:04:25Z",
            "2025-05-21T11:05:02Z",
            "2025-05-21T11:05:03Z",
            "2025-05-21T11:05:18Z",
            "2025-05-21T11:05:22Z",
            "2025-05-21T11:05:42Z",
            "2025-05-21T11:05:43Z",
            "2025-05-21T11:05:46Z",
            "2025-05-21T11:05:49Z",
            "2025-05-21T11:05:54Z",
            "2025-05-21T11:05:57Z",
            "2025-05-21T11:05:58Z",
            "2025-05-21T11:06:03Z",
            "2025-05-21T11:06:08Z",
            "2025-05-21T11:06:09Z",
            "2025-05-21T11:06:14Z",
            "2025-05-21T11:06:18Z",
            "2025-05-21T11:06:20Z",
            "2025-05-21T11:06:21Z",
            "2025-05-21T11:06:26Z",
            "2025-05-21T11:06:29Z",
            "2025-05-21T11:06:34Z",
            "2025-05-21T11:06:35Z",
            "2025-05-21T11:06:38Z",
            "2025-05-21T11:06:42Z",
            "2025-05-21T11:06:45Z",
            "2025-05-21T11:06:47Z",
            "2025-05-21T11:06:48Z",
            "2025-05-21T11:06:52Z",
            "2025-05-21T11:06:56Z",
            "2025-05-21T11:06:58Z",
            "2025-05-21T11:07:03Z",
            "2025-05-21T11:07:06Z",
            "2025-05-21T11:07:07Z",
            "2025-05-21T11:07:08Z",
            "2025-05-21T11:07:51Z",
            "2025-05-21T11:08:05Z",
            "2025-05-21T11:08:14Z",
            "2025-05-21T11:08:15Z",
            "2025-05-21T11:08:22Z",
            "2025-05-21T11:08:31Z",
            "2025-05-21T11:08:32Z",
            "2025-05-21T11:08:45Z",
            "2025-05-21T11:08:46Z",
            "2025-05-21T11:08:55Z",
            "2025-05-21T11:08:57Z",
            "2025-05-21T11:09:08Z",
            "2025-05-21T11:09:38Z",
            "2025-05-21T11:09:48Z",
            "2025-05-21T11:10:22Z",
            "2025-05-21T11:10:23Z",
            "2025-05-21T11:10:26Z",
            "2025-05-21T11:10:29Z",
            "2025-05-21T11:10:30Z",
            "2025-05-21T11:10:51Z",
            "2025-05-21T11:10:59Z",
            "2025-05-21T11:11:00Z",
            "2025-05-21T11:11:24Z",
            "2025-05-21T11:11:44Z",
            "2025-05-21T11:12:11Z",
            "2025-05-21T11:12:14Z",
            "2025-05-21T11:12:20Z",
            "2025-05-21T11:12:21Z",
            "2025-05-21T11:12:30Z",
            "2025-05-21T11:12:47Z",
            "2025-05-21T11:12:55Z",
            "2025-05-21T11:12:59Z",
            "2025-05-21T11:13:00Z",
            "2025-05-21T11:16:30Z",
            "2025-05-21T11:16:38Z",
            "2025-05-21T11:16:42Z",
            "2025-05-21T11:16:46Z",
            "2025-05-21T11:16:53Z",
            "2025-05-21T11:17:10Z",
            "2025-05-21T11:17:11Z",
            "2025-05-21T11:17:12Z",
            "2025-05-21T11:17:18Z",
            "2025-05-21T11:17:20Z",
            "2025-05-21T11:17:23Z",
            "2025-05-21T11:17:24Z",
            "2025-05-21T11:17:29Z",
            "2025-05-21T11:17:30Z",
            "2025-05-21T11:17:43Z",
            "2025-05-21T11:17:53Z",
            "2025-05-21T11:18:02Z",
            "2025-05-21T11:18:03Z",
            "2025-05-21T11:18:06Z",
            "2025-05-21T11:18:08Z",
            "2025-05-21T11:18:19Z",
            "2025-05-21T11:18:23Z",
            "2025-05-21T11:18:43Z",
            "2025-05-21T11:18:48Z",
            "2025-05-21T11:18:49Z",
            "2025-05-21T11:18:54Z",
            "2025-05-21T11:18:59Z",
            "2025-05-21T11:19:07Z",
            "2025-05-21T11:19:20Z",
            "2025-05-21T11:19:33Z",
            "2025-05-21T11:19:49Z",
            "2025-05-21T11:19:50Z",
            "2025-05-21T11:19:51Z",
            "2025-05-21T11:19:59Z",
            "2025-05-21T11:20:08Z",
            "2025-05-21T11:20:15Z",
            "2025-05-21T11:20:16Z",
            "2025-05-21T11:20:35Z",
            "2025-05-21T11:20:46Z",
            "2025-05-21T11:20:53Z",
            "2025-05-21T11:21:28Z",
            "2025-05-21T11:22:34Z",
            "2025-05-21T11:33:08Z",
            "2025-05-21T11:33:09Z",
            "2025-05-21T11:33:10Z",
            "2025-05-21T11:33:17Z",
            "2025-05-21T11:33:19Z",
            "2025-05-21T11:33:25Z",
            "2025-05-21T11:33:29Z",
            "2025-05-21T11:33:30Z",
            "2025-05-21T11:33:41Z",
            "2025-05-21T11:33:42Z",
            "2025-05-21T11:33:44Z",
            "2025-05-21T11:33:47Z",
            "2025-05-21T11:33:52Z",
            "2025-05-21T11:33:56Z",
            "2025-05-21T11:33:57Z",
            "2025-05-21T11:33:58Z",
            "2025-05-21T11:34:01Z",
            "2025-05-21T11:34:07Z",
            "2025-05-21T11:34:11Z",
            "2025-05-21T11:34:15Z",
            "2025-05-21T11:34:26Z",
            "2025-05-21T11:34:28Z",
            "2025-05-21T11:34:32Z",
            "2025-05-21T11:35:03Z",
            "2025-05-21T11:35:11Z",
            "2025-05-21T11:35:18Z",
            "2025-05-21T11:35:19Z",
            "2025-05-21T11:35:21Z",
            "2025-05-21T11:35:30Z",
            "2025-05-21T11:36:28Z",
            "2025-05-21T11:36:46Z",
            "2025-05-21T11:36:47Z",
            "2025-05-21T11:36:48Z",
            "2025-05-21T11:36:49Z",
            "2025-05-21T11:36:50Z",
            "2025-05-21T11:36:56Z",
            "2025-05-21T11:37:17Z",
            "2025-05-21T11:37:24Z",
            "2025-05-21T11:37:32Z",
            "2025-05-21T11:37:46Z",
            "2025-05-21T11:37:47Z",
            "2025-05-21T11:37:56Z",
            "2025-05-21T11:37:58Z",
            "2025-05-21T11:37:59Z",
            "2025-05-21T11:38:05Z",
            "2025-05-21T11:38:16Z",
            "2025-05-21T11:38:17Z",
            "2025-05-21T11:38:25Z",
            "2025-05-21T11:38:29Z",
            "2025-05-21T11:38:36Z",
            "2025-05-21T11:38:37Z",
            "2025-05-21T11:38:41Z",
            "2025-05-21T11:38:54Z",
            "2025-05-21T11:38:59Z",
            "2025-05-21T11:39:02Z",
            "2025-05-21T11:39:03Z",
            "2025-05-21T11:39:27Z",
            "2025-05-21T11:39:36Z",
            "2025-05-21T11:39:40Z",
            "2025-05-21T11:39:41Z",
            "2025-05-21T11:39:53Z",
            "2025-05-21T11:39:57Z",
            "2025-05-21T11:40:00Z",
            "2025-05-21T11:40:01Z",
            "2025-05-21T11:40:04Z",
            "2025-05-21T11:40:09Z",
            "2025-05-21T11:40:19Z",
            "2025-05-21T11:40:23Z",
            "2025-05-21T11:40:24Z",
            "2025-05-21T11:40:31Z",
            "2025-05-21T11:40:38Z",
            "2025-05-21T11:40:41Z",
            "2025-05-21T11:40:45Z",
            "2025-05-21T11:40:46Z",
            "2025-05-21T11:40:51Z",
            "2025-05-21T11:40:55Z",
            "2025-05-21T11:40:57Z",
            "2025-05-21T11:41:00Z",
            "2025-05-21T11:41:01Z",
            "2025-05-21T11:41:04Z",
            "2025-05-21T11:41:07Z",
            "2025-05-21T11:41:16Z",
            "2025-05-21T11:41:18Z",
            "2025-05-21T11:41:19Z",
            "2025-05-21T11:41:29Z",
            "2025-05-21T11:41:34Z",
            "2025-05-21T11:41:35Z",
            "2025-05-21T11:41:39Z",
            "2025-05-21T11:41:48Z",
            "2025-05-21T11:41:55Z",
            "2025-05-21T11:41:56Z",
            "2025-05-21T11:42:10Z",
            "2025-05-21T11:42:11Z",
            "2025-05-21T11:42:17Z",
            "2025-05-21T11:42:19Z",
            "2025-05-21T11:42:22Z",
            "2025-05-21T11:42:24Z",
            "2025-05-21T11:42:25Z",
            "2025-05-21T11:42:28Z",
            "2025-05-21T11:42:30Z",
            "2025-05-21T11:42:31Z",
            "2025-05-21T11:42:34Z",
            "2025-05-21T11:42:35Z",
            "2025-05-21T11:43:12Z",
            "2025-05-21T11:43:20Z",
            "2025-05-21T11:43:24Z",
            "2025-05-21T11:43:25Z",
            "2025-05-21T11:43:37Z",
            "2025-05-21T11:44:13Z",
            "2025-05-21T11:44:16Z",
            "2025-05-21T11:44:21Z",
            "2025-05-21T11:44:28Z",
            "2025-05-21T11:44:34Z",
            "2025-05-21T11:44:35Z",
            "2025-05-21T11:44:51Z",
            "2025-05-21T11:44:59Z",
            "2025-05-21T11:45:00Z",
            "2025-05-21T11:45:14Z",
            "2025-05-21T11:45:20Z",
            "2025-05-21T11:45:21Z",
            "2025-05-21T11:45:34Z",
            "2025-05-21T11:45:38Z",
            "2025-05-21T11:45:46Z",
            "2025-05-21T11:45:47Z",
            "2025-05-21T11:45:58Z",
            "2025-05-21T11:46:16Z",
            "2025-05-21T11:46:22Z",
            "2025-05-21T11:46:23Z",
            "2025-05-21T11:46:42Z",
            "2025-05-21T11:46:43Z",
            "2025-05-21T11:46:53Z",
            "2025-05-21T11:47:00Z",
            "2025-05-21T11:47:01Z",
            "2025-05-21T11:47:09Z",
            "2025-05-21T11:47:11Z",
            "2025-05-21T11:47:13Z",
            "2025-05-21T11:47:14Z",
            "2025-05-21T11:47:19Z",
            "2025-05-21T11:47:21Z",
            "2025-05-21T11:47:24Z",
            "2025-05-21T11:47:30Z",
            "2025-05-21T11:47:31Z",
            "2025-05-21T11:47:36Z",
            "2025-05-21T11:47:41Z",
            "2025-05-21T11:47:42Z",
            "2025-05-21T11:47:48Z",
            "2025-05-21T11:47:50Z",
            "2025-05-21T11:47:54Z",
            "2025-05-21T11:47:58Z",
            "2025-05-21T11:47:59Z",
            "2025-05-21T11:48:01Z",
            "2025-05-21T11:48:02Z",
            "2025-05-21T11:48:08Z",
            "2025-05-21T11:48:12Z",
            "2025-05-21T11:48:15Z",
            "2025-05-21T11:48:16Z",
            "2025-05-21T11:48:21Z",
            "2025-05-21T11:48:25Z",
            "2025-05-21T11:48:29Z",
            "2025-05-21T11:48:58Z",
            "2025-05-21T11:49:02Z",
            "2025-05-21T11:49:03Z",
            "2025-05-21T11:49:06Z",
            "2025-05-21T11:49:11Z",
            "2025-05-21T11:49:13Z",
            "2025-05-21T11:49:14Z",
            "2025-05-21T11:49:19Z",
            "2025-05-21T11:49:21Z",
            "2025-05-21T11:49:31Z",
            "2025-05-21T11:51:12Z",
            "2025-05-21T11:51:24Z",
            "2025-05-21T11:51:25Z",
            "2025-05-21T11:52:54Z",
            "2025-05-21T11:55:43Z",
            "2025-05-21T11:55:45Z",
            "2025-05-21T11:55:48Z",
            "2025-05-21T11:55:56Z",
            "2025-05-21T11:55:57Z",
            "2025-05-21T11:56:14Z",
            "2025-05-21T11:56:16Z",
            "2025-05-21T11:57:11Z",
            "2025-05-21T11:58:59Z",
            "2025-05-21T11:59:00Z",
            "2025-05-21T12:00:09Z",
            "2025-05-21T12:00:10Z",
            "2025-05-21T12:00:17Z",
            "2025-05-21T12:00:18Z",
            "2025-05-21T12:00:20Z",
            "2025-05-21T12:00:21Z",
            "2025-05-21T12:00:22Z",
            "2025-05-21T12:00:23Z",
            "2025-05-21T12:00:30Z",
            "2025-05-21T12:00:34Z",
            "2025-05-21T12:00:38Z",
            "2025-05-21T12:00:54Z",
            "2025-05-21T12:01:17Z",
            "2025-05-21T12:01:18Z",
            "2025-05-21T12:01:37Z",
            "2025-05-21T12:01:57Z",
            "2025-05-21T12:02:31Z",
            "2025-05-21T12:03:19Z",
            "2025-05-21T12:03:57Z",
            "2025-05-21T12:03:58Z",
            "2025-05-21T12:05:30Z",
            "2025-05-21T12:07:26Z",
            "2025-05-21T12:08:32Z",
            "2025-05-21T12:19:18Z",
            "2025-05-21T12:19:19Z",
            "2025-05-21T12:19:20Z",
            "2025-05-21T12:21:27Z",
            "2025-05-21T12:23:36Z",
            "2025-05-21T12:26:48Z",
            "2025-05-21T12:27:52Z",
            "2025-05-21T12:30:11Z",
            "2025-05-21T12:30:12Z",
            "2025-05-21T12:33:43Z",
            "2025-05-21T12:35:32Z",
            "2025-05-21T12:35:33Z",
            "2025-05-21T12:36:06Z",
            "2025-05-21T12:36:19Z",
            "2025-05-21T12:36:51Z",
            "2025-05-21T12:36:52Z",
            "2025-05-21T12:36:53Z",
            "2025-05-21T12:40:13Z",
            "2025-05-21T12:42:39Z",
            "2025-05-21T12:42:44Z",
            "2025-05-21T12:42:45Z",
            "2025-05-21T12:42:58Z",
            "2025-05-21T12:43:03Z",
            "2025-05-21T12:43:04Z",
            "2025-05-21T12:43:10Z",
            "2025-05-21T12:43:19Z",
            "2025-05-21T12:43:20Z",
            "2025-05-21T12:43:21Z",
            "2025-05-21T12:43:27Z",
            "2025-05-21T12:43:31Z",
            "2025-05-21T12:43:42Z",
            "2025-05-21T12:43:43Z",
            "2025-05-21T12:43:48Z",
            "2025-05-21T12:43:56Z",
            "2025-05-21T12:44:00Z",
            "2025-05-21T12:44:01Z",
            "2025-05-21T12:44:04Z",
            "2025-05-21T12:44:12Z",
            "2025-05-21T12:44:32Z",
            "2025-05-21T12:44:33Z",
            "2025-05-21T12:44:42Z",
            "2025-05-21T12:44:50Z",
            "2025-05-21T12:44:51Z",
            "2025-05-21T12:44:54Z",
            "2025-05-21T12:45:02Z",
            "2025-05-21T12:45:05Z",
            "2025-05-21T12:45:06Z",
            "2025-05-21T12:45:10Z",
            "2025-05-21T12:45:14Z",
            "2025-05-21T12:45:16Z",
            "2025-05-21T12:45:20Z",
            "2025-05-21T12:45:24Z",
            "2025-05-21T12:45:25Z",
            "2025-05-21T12:45:32Z",
            "2025-05-21T12:45:42Z",
            "2025-05-21T12:45:45Z",
            "2025-05-21T12:45:46Z",
            "2025-05-21T12:45:52Z",
            "2025-05-21T12:46:00Z",
            "2025-05-21T12:46:01Z",
            "2025-05-21T12:46:10Z",
            "2025-05-21T12:46:17Z",
            "2025-05-21T12:46:18Z",
            "2025-05-21T12:46:32Z",
            "2025-05-21T12:46:33Z",
            "2025-05-21T12:46:38Z",
            "2025-05-21T12:46:45Z",
            "2025-05-21T12:46:48Z",
            "2025-05-21T12:46:49Z",
            "2025-05-21T12:46:54Z",
            "2025-05-21T12:47:02Z",
            "2025-05-21T12:47:05Z",
            "2025-05-21T12:47:06Z",
            "2025-05-21T12:47:18Z",
            "2025-05-21T12:47:19Z",
            "2025-05-21T12:47:24Z",
            "2025-05-21T12:47:27Z",
            "2025-05-21T12:47:32Z",
            "2025-05-21T12:47:35Z",
            "2025-05-21T12:47:36Z",
            "2025-05-21T12:47:49Z",
            "2025-05-21T12:47:50Z",
            "2025-05-21T12:47:54Z",
            "2025-05-21T12:47:56Z",
            "2025-05-21T12:47:59Z",
            "2025-05-21T12:48:02Z",
            "2025-05-21T12:48:03Z",
            "2025-05-21T12:48:19Z",
            "2025-05-21T12:48:33Z",
            "2025-05-21T12:48:34Z",
            "2025-05-21T12:48:38Z",
            "2025-05-21T12:48:44Z",
            "2025-05-21T12:48:53Z",
            "2025-05-21T12:48:54Z",
            "2025-05-21T12:48:57Z",
            "2025-05-21T12:49:02Z",
            "2025-05-21T12:49:08Z",
            "2025-05-21T12:49:09Z",
            "2025-05-21T12:49:16Z",
            "2025-05-21T12:49:20Z",
            "2025-05-21T12:49:23Z",
            "2025-05-21T12:49:24Z",
            "2025-05-21T12:49:31Z",
            "2025-05-21T12:49:37Z",
            "2025-05-21T12:49:38Z",
            "2025-05-21T12:49:42Z",
            "2025-05-21T12:49:46Z",
            "2025-05-21T12:49:51Z",
            "2025-05-21T12:49:52Z",
            "2025-05-21T12:49:58Z",
            "2025-05-21T12:50:06Z",
            "2025-05-21T12:50:07Z",
            "2025-05-21T12:50:15Z",
            "2025-05-21T12:50:23Z",
            "2025-05-21T12:50:24Z",
            "2025-05-21T12:50:28Z",
            "2025-05-21T12:50:35Z",
            "2025-05-21T12:50:36Z",
            "2025-05-21T12:50:43Z",
            "2025-05-21T12:50:53Z",
            "2025-05-21T12:50:54Z",
            "2025-05-21T12:51:05Z",
            "2025-05-21T12:51:08Z",
            "2025-05-21T12:51:09Z",
            "2025-05-21T12:51:19Z",
            "2025-05-21T12:51:22Z",
            "2025-05-21T12:51:23Z",
            "2025-05-21T12:51:28Z",
            "2025-05-21T12:51:32Z",
            "2025-05-21T12:51:37Z",
            "2025-05-21T12:51:38Z",
            "2025-05-21T12:51:48Z",
            "2025-05-21T12:51:55Z",
            "2025-05-21T12:51:56Z",
            "2025-05-21T12:52:12Z",
            "2025-05-21T12:52:13Z",
            "2025-05-21T12:52:20Z",
            "2025-05-21T12:52:29Z",
            "2025-05-21T12:52:30Z",
            "2025-05-21T12:52:43Z",
            "2025-05-21T12:52:44Z",
            "2025-05-21T12:52:51Z",
            "2025-05-21T12:53:00Z",
            "2025-05-21T12:53:01Z",
            "2025-05-21T12:53:13Z",
            "2025-05-21T12:53:14Z",
            "2025-05-21T12:53:21Z",
            "2025-05-21T12:53:29Z",
            "2025-05-21T12:53:30Z",
            "2025-05-21T12:53:39Z",
            "2025-05-21T12:53:46Z",
            "2025-05-21T12:53:47Z",
            "2025-05-21T12:53:54Z",
            "2025-05-21T12:54:02Z",
            "2025-05-21T12:54:05Z",
            "2025-05-21T12:54:06Z",
            "2025-05-21T12:54:12Z",
            "2025-05-21T12:54:16Z",
            "2025-05-21T12:54:17Z",
            "2025-05-21T12:54:22Z",
            "2025-05-21T12:54:24Z",
            "2025-05-21T12:54:29Z",
            "2025-05-21T12:54:42Z",
            "2025-05-21T12:54:43Z",
            "2025-05-21T12:54:53Z",
            "2025-05-21T12:54:54Z",
            "2025-05-21T12:54:57Z",
            "2025-05-21T12:55:04Z",
            "2025-05-21T12:55:16Z",
            "2025-05-21T12:55:17Z",
            "2025-05-21T12:55:21Z",
            "2025-05-21T12:55:28Z",
            "2025-05-21T12:55:31Z",
            "2025-05-21T12:55:32Z",
            "2025-05-21T12:55:44Z",
            "2025-05-21T12:55:45Z",
            "2025-05-21T12:55:52Z",
            "2025-05-21T12:55:57Z",
            "2025-05-21T12:55:58Z",
            "2025-05-21T12:56:09Z",
            "2025-05-21T12:56:10Z",
            "2025-05-21T12:56:25Z",
            "2025-05-21T12:56:26Z",
            "2025-05-21T12:56:41Z",
            "2025-05-21T12:56:42Z",
            "2025-05-21T12:56:57Z",
            "2025-05-21T12:56:58Z",
            "2025-05-21T12:57:08Z",
            "2025-05-21T12:57:12Z",
            "2025-05-21T12:57:13Z",
            "2025-05-21T12:57:20Z",
            "2025-05-21T12:57:25Z",
            "2025-05-21T12:57:26Z",
            "2025-05-21T12:57:36Z",
            "2025-05-21T12:57:37Z",
            "2025-05-21T12:57:41Z",
            "2025-05-21T12:57:49Z",
            "2025-05-21T12:57:50Z",
            "2025-05-21T12:58:01Z",
            "2025-05-21T12:58:06Z",
            "2025-05-21T12:58:07Z",
            "2025-05-21T12:58:12Z",
            "2025-05-21T12:58:19Z",
            "2025-05-21T12:58:20Z",
            "2025-05-21T12:58:28Z",
            "2025-05-21T12:58:31Z",
            "2025-05-21T12:58:32Z",
            "2025-05-21T12:58:41Z",
            "2025-05-21T12:58:43Z",
            "2025-05-21T12:58:46Z",
            "2025-05-21T12:58:47Z",
            "2025-05-21T12:58:50Z",
            "2025-05-21T12:58:54Z",
            "2025-05-21T12:59:12Z",
            "2025-05-21T12:59:15Z",
            "2025-05-21T12:59:16Z",
            "2025-05-21T12:59:28Z",
            "2025-05-21T12:59:29Z",
            "2025-05-21T12:59:32Z",
            "2025-05-21T12:59:36Z",
            "2025-05-21T12:59:39Z",
            "2025-05-21T12:59:40Z",
            "2025-05-21T12:59:44Z",
            "2025-05-21T12:59:54Z",
            "2025-05-21T12:59:55Z",
            "2025-05-21T13:00:09Z",
            "2025-05-21T13:00:10Z",
            "2025-05-21T13:00:20Z",
            "2025-05-21T13:00:21Z",
            "2025-05-21T13:00:33Z",
            "2025-05-21T13:00:34Z",
            "2025-05-21T13:00:42Z",
            "2025-05-21T13:00:44Z",
            "2025-05-21T13:00:45Z",
            "2025-05-21T13:00:55Z",
            "2025-05-21T13:01:00Z",
            "2025-05-21T13:01:01Z",
            "2025-05-21T13:01:06Z",
            "2025-05-21T13:01:11Z",
            "2025-05-21T13:01:12Z",
            "2025-05-21T13:01:15Z",
            "2025-05-21T13:01:22Z",
            "2025-05-21T13:01:23Z",
            "2025-05-21T13:01:29Z",
            "2025-05-21T13:01:35Z",
            "2025-05-21T13:01:36Z",
            "2025-05-21T13:01:45Z",
            "2025-05-21T13:01:51Z",
            "2025-05-21T13:01:52Z",
            "2025-05-21T13:02:01Z",
            "2025-05-21T13:02:02Z",
            "2025-05-21T13:02:06Z",
            "2025-05-21T13:02:17Z",
            "2025-05-21T13:02:18Z",
            "2025-05-21T13:02:23Z",
            "2025-05-21T13:02:31Z",
            "2025-05-21T13:02:32Z",
            "2025-05-21T13:02:47Z",
            "2025-05-21T13:02:48Z",
            "2025-05-21T13:02:54Z",
            "2025-05-21T13:03:00Z",
            "2025-05-21T13:03:05Z",
            "2025-05-21T13:03:06Z",
            "2025-05-21T13:03:11Z",
            "2025-05-21T13:03:16Z",
            "2025-05-21T13:03:17Z",
            "2025-05-21T13:03:23Z",
            "2025-05-21T13:03:35Z",
            "2025-05-21T13:03:36Z",
            "2025-05-21T13:03:39Z",
            "2025-05-21T13:03:41Z",
            "2025-05-21T13:03:44Z",
            "2025-05-21T13:03:46Z",
            "2025-05-21T13:03:47Z",
            "2025-05-21T13:03:55Z",
            "2025-05-21T13:03:58Z",
            "2025-05-21T13:03:59Z",
            "2025-05-21T13:04:05Z",
            "2025-05-21T13:04:11Z",
            "2025-05-21T13:04:12Z",
            "2025-05-21T13:04:16Z",
            "2025-05-21T13:04:23Z",
            "2025-05-21T13:04:24Z",
            "2025-05-21T13:04:28Z",
            "2025-05-21T13:04:33Z",
            "2025-05-21T13:04:34Z",
            "2025-05-21T13:04:46Z",
            "2025-05-21T13:04:47Z",
            "2025-05-21T13:04:52Z",
            "2025-05-21T13:05:01Z",
            "2025-05-21T13:05:02Z",
            "2025-05-21T13:05:07Z",
            "2025-05-21T13:05:14Z",
            "2025-05-21T13:05:15Z",
            "2025-05-21T13:05:17Z",
            "2025-05-21T13:05:22Z",
            "2025-05-21T13:05:25Z",
            "2025-05-21T13:05:26Z",
            "2025-05-21T13:05:28Z",
            "2025-05-21T13:05:36Z",
            "2025-05-21T13:05:41Z",
            "2025-05-21T13:05:42Z",
            "2025-05-21T13:05:45Z",
            "2025-05-21T13:05:47Z",
            "2025-05-21T13:05:49Z",
            "2025-05-21T13:05:51Z",
            "2025-05-21T13:05:52Z",
            "2025-05-21T13:05:53Z",
            "2025-05-21T13:05:56Z",
            "2025-05-21T13:05:59Z",
            "2025-05-21T13:06:04Z",
            "2025-05-21T13:06:05Z",
            "2025-05-21T13:06:10Z",
            "2025-05-21T13:06:18Z",
            "2025-05-21T13:06:23Z",
            "2025-05-21T13:06:25Z",
            "2025-05-21T13:06:29Z",
            "2025-05-21T13:06:30Z",
            "2025-05-21T13:06:36Z",
            "2025-05-21T13:06:42Z",
            "2025-05-21T13:06:47Z",
            "2025-05-21T13:06:48Z",
            "2025-05-21T13:06:59Z",
            "2025-05-21T13:07:04Z",
            "2025-05-21T13:07:05Z",
            "2025-05-21T13:07:08Z",
            "2025-05-21T13:07:10Z",
            "2025-05-21T13:07:15Z",
            "2025-05-21T13:07:17Z",
            "2025-05-21T13:07:22Z",
            "2025-05-21T13:07:23Z",
            "2025-05-21T13:07:26Z",
            "2025-05-21T13:07:30Z",
            "2025-05-21T13:07:38Z",
            "2025-05-21T13:07:39Z",
            "2025-05-21T13:07:44Z",
            "2025-05-21T13:07:55Z",
            "2025-05-21T13:07:57Z",
            "2025-05-21T13:07:58Z",
            "2025-05-21T13:08:07Z",
            "2025-05-21T13:08:12Z",
            "2025-05-21T13:08:13Z",
            "2025-05-21T13:08:20Z",
            "2025-05-21T13:08:28Z",
            "2025-05-21T13:08:29Z",
            "2025-05-21T13:08:31Z",
            "2025-05-21T13:08:35Z",
            "2025-05-21T13:08:41Z",
            "2025-05-21T13:08:42Z",
            "2025-05-21T13:08:47Z",
            "2025-05-21T13:08:52Z",
            "2025-05-21T13:08:55Z",
            "2025-05-21T13:08:56Z",
            "2025-05-21T13:08:58Z",
            "2025-05-21T13:08:59Z",
            "2025-05-21T13:09:03Z",
            "2025-05-21T13:09:37Z",
            "2025-05-21T13:09:41Z",
            "2025-05-21T13:09:46Z",
            "2025-05-21T13:09:47Z",
            "2025-05-21T13:09:54Z",
            "2025-05-21T13:10:01Z",
            "2025-05-21T13:10:02Z",
            "2025-05-21T13:10:09Z",
            "2025-05-21T13:10:14Z",
            "2025-05-21T13:10:15Z",
            "2025-05-21T13:10:28Z",
            "2025-05-21T13:10:30Z",
            "2025-05-21T13:10:31Z",
            "2025-05-21T13:10:32Z",
            "2025-05-21T13:10:36Z",
            "2025-05-21T13:10:45Z",
            "2025-05-21T13:10:46Z",
            "2025-05-21T13:10:54Z",
            "2025-05-21T13:11:00Z",
            "2025-05-21T13:11:11Z",
            "2025-05-21T13:11:12Z",
            "2025-05-21T13:11:16Z",
            "2025-05-21T13:11:20Z",
            "2025-05-21T13:11:30Z",
            "2025-05-21T13:11:34Z",
            "2025-05-21T13:11:35Z",
            "2025-05-21T13:11:41Z",
            "2025-05-21T13:11:46Z",
            "2025-05-21T13:11:47Z",
            "2025-05-21T13:11:48Z",
            "2025-05-21T13:11:49Z",
            "2025-05-21T13:11:53Z",
            "2025-05-21T13:11:55Z",
            "2025-05-21T13:12:07Z",
            "2025-05-21T13:12:08Z",
            "2025-05-21T13:12:11Z",
            "2025-05-21T13:12:16Z",
            "2025-05-21T13:12:22Z",
            "2025-05-21T13:12:25Z",
            "2025-05-21T13:12:26Z",
            "2025-05-21T13:12:35Z",
            "2025-05-21T13:12:42Z",
            "2025-05-21T13:12:43Z",
            "2025-05-21T13:12:55Z",
            "2025-05-21T13:12:58Z",
            "2025-05-21T13:12:59Z",
            "2025-05-21T13:13:02Z",
            "2025-05-21T13:13:08Z",
            "2025-05-21T13:13:10Z",
            "2025-05-21T13:13:11Z",
            "2025-05-21T13:13:23Z",
            "2025-05-21T13:13:24Z",
            "2025-05-21T13:13:29Z",
            "2025-05-21T13:13:33Z",
            "2025-05-21T13:13:39Z",
            "2025-05-21T13:13:40Z",
            "2025-05-21T13:14:02Z",
            "2025-05-21T13:14:03Z",
            "2025-05-21T13:14:12Z",
            "2025-05-21T13:14:13Z",
            "2025-05-21T13:14:14Z",
            "2025-05-21T13:14:17Z",
            "2025-05-21T13:14:20Z",
            "2025-05-21T13:14:28Z",
            "2025-05-21T13:14:29Z",
            "2025-05-21T13:14:30Z",
            "2025-05-21T13:14:38Z",
            "2025-05-21T13:14:42Z",
            "2025-05-21T13:14:43Z",
            "2025-05-21T13:14:55Z",
            "2025-05-21T13:15:02Z",
            "2025-05-21T13:15:03Z",
            "2025-05-21T13:15:31Z",
            "2025-05-21T13:15:38Z",
            "2025-05-21T13:15:45Z",
            "2025-05-21T13:15:49Z",
            "2025-05-21T13:15:50Z",
            "2025-05-21T13:15:57Z",
            "2025-05-21T13:16:55Z",
            "2025-05-21T13:17:20Z",
            "2025-05-21T13:19:49Z",
            "2025-05-21T13:21:34Z",
            "2025-05-21T13:21:35Z",
            "2025-05-21T13:21:44Z",
            "2025-05-21T13:22:18Z",
            "2025-05-21T13:22:55Z",
            "2025-05-21T13:23:02Z",
            "2025-05-21T13:23:03Z",
            "2025-05-21T13:23:08Z",
            "2025-05-21T13:23:14Z",
            "2025-05-21T13:23:19Z",
            "2025-05-21T13:23:20Z",
            "2025-05-21T13:23:26Z",
            "2025-05-21T13:23:35Z",
            "2025-05-21T13:23:36Z",
            "2025-05-21T13:23:43Z",
            "2025-05-21T13:23:57Z",
            "2025-05-21T13:24:00Z",
            "2025-05-21T13:24:04Z",
            "2025-05-21T13:24:16Z",
            "2025-05-21T13:24:17Z",
            "2025-05-21T13:24:22Z",
            "2025-05-21T13:24:33Z",
            "2025-05-21T13:24:34Z",
            "2025-05-21T13:24:42Z",
            "2025-05-21T13:24:54Z",
            "2025-05-21T13:24:55Z",
            "2025-05-21T13:25:03Z",
            "2025-05-21T13:25:10Z",
            "2025-05-21T13:25:11Z",
            "2025-05-21T13:25:15Z",
            "2025-05-21T13:25:22Z",
            "2025-05-21T13:25:27Z",
            "2025-05-21T13:25:32Z",
            "2025-05-21T13:25:33Z",
            "2025-05-21T13:25:34Z",
            "2025-05-21T13:25:40Z",
            "2025-05-21T13:25:44Z",
            "2025-05-21T13:25:50Z",
            "2025-05-21T13:25:56Z",
            "2025-05-21T13:25:57Z",
            "2025-05-21T13:26:12Z",
            "2025-05-21T13:26:18Z",
            "2025-05-21T13:26:23Z",
            "2025-05-21T13:26:38Z",
            "2025-05-21T13:26:39Z",
            "2025-05-21T13:26:40Z",
            "2025-05-21T13:26:45Z",
            "2025-05-21T13:26:52Z",
            "2025-05-21T13:27:13Z",
            "2025-05-21T13:27:16Z",
            "2025-05-21T13:27:20Z",
            "2025-05-21T13:27:21Z",
            "2025-05-21T13:27:23Z",
            "2025-05-21T13:27:28Z",
            "2025-05-21T13:27:31Z",
            "2025-05-21T13:27:32Z",
            "2025-05-21T13:27:38Z",
            "2025-05-21T13:27:40Z",
            "2025-05-21T13:27:50Z",
            "2025-05-21T13:27:51Z",
            "2025-05-21T13:28:05Z",
            "2025-05-21T13:28:09Z",
            "2025-05-21T13:28:10Z",
            "2025-05-21T13:28:16Z",
            "2025-05-21T13:28:26Z",
            "2025-05-21T13:28:27Z",
            "2025-05-21T13:28:32Z",
            "2025-05-21T13:28:37Z",
            "2025-05-21T13:28:41Z",
            "2025-05-21T13:28:42Z",
            "2025-05-21T13:28:53Z",
            "2025-05-21T13:28:54Z",
            "2025-05-21T13:29:10Z",
            "2025-05-21T13:29:18Z",
            "2025-05-21T13:29:19Z",
            "2025-05-21T13:29:22Z",
            "2025-05-21T13:29:31Z",
            "2025-05-21T13:29:37Z",
            "2025-05-21T13:29:38Z",
            "2025-05-21T13:30:03Z",
            "2025-05-21T13:30:15Z",
            "2025-05-21T13:30:16Z",
            "2025-05-21T13:30:40Z",
            "2025-05-21T13:30:53Z",
            "2025-05-21T13:31:01Z",
            "2025-05-21T13:31:02Z",
            "2025-05-21T13:31:08Z",
            "2025-05-21T13:31:15Z",
            "2025-05-21T13:31:24Z",
            "2025-05-21T13:31:25Z",
            "2025-05-21T13:31:30Z",
            "2025-05-21T13:31:34Z",
            "2025-05-21T13:31:38Z",
            "2025-05-21T13:31:39Z",
            "2025-05-21T13:31:46Z",
            "2025-05-21T13:31:50Z",
            "2025-05-21T13:31:55Z",
            "2025-05-21T13:32:08Z",
            "2025-05-21T13:33:23Z",
            "2025-05-21T13:33:24Z",
            "2025-05-21T13:34:22Z",
            "2025-05-21T13:34:35Z",
            "2025-05-21T13:34:41Z",
            "2025-05-21T13:34:42Z",
            "2025-05-21T13:34:50Z",
            "2025-05-21T13:34:53Z",
            "2025-05-21T13:34:54Z",
            "2025-05-21T13:35:02Z",
            "2025-05-21T13:35:19Z",
            "2025-05-21T13:35:22Z",
            "2025-05-21T13:35:23Z",
            "2025-05-21T13:35:28Z",
            "2025-05-21T13:35:32Z",
            "2025-05-21T13:35:33Z",
            "2025-05-21T13:35:50Z",
            "2025-05-21T13:35:54Z",
            "2025-05-21T13:35:55Z",
            "2025-05-21T13:35:58Z",
            "2025-05-21T13:36:00Z",
            "2025-05-21T13:36:05Z",
            "2025-05-21T13:36:06Z",
            "2025-05-21T13:36:10Z",
            "2025-05-21T13:36:16Z",
            "2025-05-21T13:36:23Z",
            "2025-05-21T13:36:24Z",
            "2025-05-21T13:36:25Z",
            "2025-05-21T13:36:43Z",
            "2025-05-21T13:36:45Z",
            "2025-05-21T13:36:54Z",
            "2025-05-21T13:36:55Z",
            "2025-05-21T13:37:05Z",
            "2025-05-21T13:37:10Z",
            "2025-05-21T13:37:31Z",
            "2025-05-21T13:37:32Z",
            "2025-05-21T13:37:46Z",
            "2025-05-21T13:37:50Z",
            "2025-05-21T13:37:51Z",
            "2025-05-21T13:38:08Z",
            "2025-05-21T13:38:20Z",
            "2025-05-21T13:38:25Z",
            "2025-05-21T13:38:26Z",
            "2025-05-21T13:38:33Z",
            "2025-05-21T13:38:36Z",
            "2025-05-21T13:38:38Z",
            "2025-05-21T13:38:46Z",
            "2025-05-21T13:38:51Z",
            "2025-05-21T13:38:53Z",
            "2025-05-21T13:38:54Z",
            "2025-05-21T13:38:55Z",
            "2025-05-21T13:38:57Z",
            "2025-05-21T13:38:58Z",
            "2025-05-21T13:38:59Z",
            "2025-05-21T13:39:06Z",
            "2025-05-21T13:39:14Z",
            "2025-05-21T13:39:15Z",
            "2025-05-21T13:39:28Z",
            "2025-05-21T13:39:31Z",
            "2025-05-21T13:39:32Z",
            "2025-05-21T13:39:35Z",
            "2025-05-21T13:39:44Z",
            "2025-05-21T13:40:37Z",
            "2025-05-21T13:40:38Z",
            "2025-05-21T13:40:50Z",
            "2025-05-21T13:40:53Z",
            "2025-05-21T13:40:54Z",
            "2025-05-21T13:40:57Z",
            "2025-05-21T13:41:01Z",
            "2025-05-21T13:41:10Z",
            "2025-05-21T13:41:11Z",
            "2025-05-21T13:41:15Z",
            "2025-05-21T13:41:17Z",
            "2025-05-21T13:41:24Z",
            "2025-05-21T13:41:25Z",
            "2025-05-21T13:41:33Z",
            "2025-05-21T13:41:38Z",
            "2025-05-21T13:41:50Z",
            "2025-05-21T13:41:51Z",
            "2025-05-21T13:43:34Z",
            "2025-05-21T13:43:40Z",
            "2025-05-21T13:43:41Z",
            "2025-05-21T13:43:51Z",
            "2025-05-21T13:43:55Z",
            "2025-05-21T13:43:56Z",
            "2025-05-21T13:44:08Z",
            "2025-05-21T13:44:23Z",
            "2025-05-21T13:44:28Z",
            "2025-05-21T13:44:29Z",
            "2025-05-21T13:44:34Z",
            "2025-05-21T13:44:38Z",
            "2025-05-21T13:44:44Z",
            "2025-05-21T13:44:47Z",
            "2025-05-21T13:44:48Z",
            "2025-05-21T13:44:53Z",
            "2025-05-21T13:44:56Z",
            "2025-05-21T13:45:04Z",
            "2025-05-21T13:46:06Z",
            "2025-05-21T13:46:09Z",
            "2025-05-21T13:46:10Z",
            "2025-05-21T13:46:18Z",
            "2025-05-21T13:46:22Z",
            "2025-05-21T13:46:33Z",
            "2025-05-21T13:46:51Z",
            "2025-05-21T13:47:19Z",
            "2025-05-21T13:47:20Z",
            "2025-05-21T13:47:36Z",
            "2025-05-21T13:47:53Z",
            "2025-05-21T13:48:14Z",
            "2025-05-21T13:48:15Z",
            "2025-05-21T13:48:25Z",
            "2025-05-21T13:48:30Z",
            "2025-05-21T13:49:00Z",
            "2025-05-21T13:49:05Z",
            "2025-05-21T13:49:09Z",
            "2025-05-21T13:49:10Z",
            "2025-05-21T13:49:16Z",
            "2025-05-21T13:49:28Z",
            "2025-05-21T13:49:47Z",
            "2025-05-21T13:51:53Z",
            "2025-05-21T13:52:12Z",
            "2025-05-21T13:52:26Z",
            "2025-05-21T13:52:31Z",
            "2025-05-21T13:52:32Z",
            "2025-05-21T13:52:40Z",
            "2025-05-21T13:52:48Z",
            "2025-05-21T13:53:34Z",
            "2025-05-21T13:54:03Z",
            "2025-05-21T13:54:04Z",
            "2025-05-21T13:54:42Z",
            "2025-05-21T13:55:10Z",
            "2025-05-21T13:55:16Z",
            "2025-05-21T13:55:17Z",
            "2025-05-21T13:55:22Z",
            "2025-05-21T13:55:27Z",
            "2025-05-21T13:55:38Z",
            "2025-05-21T13:55:49Z",
            "2025-05-21T13:55:50Z",
            "2025-05-21T13:56:05Z",
            "2025-05-21T13:56:33Z",
            "2025-05-21T13:56:36Z",
            "2025-05-21T13:56:48Z",
            "2025-05-21T13:56:53Z",
            "2025-05-21T13:56:54Z",
            "2025-05-21T13:57:01Z",
            "2025-05-21T13:57:06Z",
            "2025-05-21T13:57:09Z",
            "2025-05-21T13:57:10Z",
            "2025-05-21T13:57:14Z",
            "2025-05-21T13:57:15Z",
            "2025-05-21T13:57:16Z",
            "2025-05-21T13:57:19Z",
            "2025-05-21T13:57:24Z",
            "2025-05-21T13:57:25Z",
            "2025-05-21T13:57:40Z",
            "2025-05-21T13:57:41Z",
            "2025-05-21T13:57:47Z",
            "2025-05-21T13:57:51Z",
            "2025-05-21T13:57:53Z",
            "2025-05-21T13:57:54Z",
            "2025-05-21T13:57:56Z",
            "2025-05-21T13:58:00Z",
            "2025-05-21T13:58:02Z",
            "2025-05-21T13:59:23Z",
            "2025-05-21T13:59:24Z",
            "2025-05-21T13:59:25Z",
            "2025-05-21T13:59:45Z",
            "2025-05-21T13:59:51Z",
            "2025-05-21T13:59:52Z",
            "2025-05-21T13:59:58Z",
            "2025-05-21T14:00:04Z",
            "2025-05-21T14:00:09Z",
            "2025-05-21T14:00:10Z",
            "2025-05-21T14:00:19Z",
            "2025-05-21T14:00:29Z",
            "2025-05-21T14:00:30Z",
            "2025-05-21T14:00:33Z",
            "2025-05-21T14:00:38Z",
            "2025-05-21T14:00:47Z",
            "2025-05-21T14:00:50Z",
            "2025-05-21T14:00:51Z",
            "2025-05-21T14:00:58Z",
            "2025-05-21T14:01:01Z",
            "2025-05-21T14:01:04Z",
            "2025-05-21T14:01:05Z",
            "2025-05-21T14:01:14Z",
            "2025-05-21T14:01:19Z",
            "2025-05-21T14:01:20Z",
            "2025-05-21T14:01:27Z",
            "2025-05-21T14:01:32Z",
            "2025-05-21T14:01:38Z",
            "2025-05-21T14:01:39Z",
            "2025-05-21T14:01:45Z",
            "2025-05-21T14:01:49Z",
            "2025-05-21T14:01:50Z",
            "2025-05-21T14:02:00Z",
            "2025-05-21T14:02:01Z",
            "2025-05-21T14:02:09Z",
            "2025-05-21T14:02:13Z",
            "2025-05-21T14:02:14Z",
            "2025-05-21T14:02:15Z",
            "2025-05-21T14:02:24Z",
            "2025-05-21T14:02:39Z",
            "2025-05-21T14:02:42Z",
            "2025-05-21T14:02:43Z",
            "2025-05-21T14:02:51Z",
            "2025-05-21T14:02:58Z",
            "2025-05-21T14:02:59Z",
            "2025-05-21T14:03:13Z",
            "2025-05-21T14:03:20Z",
            "2025-05-21T14:03:26Z",
            "2025-05-21T14:03:27Z",
            "2025-05-21T14:04:58Z",
            "2025-05-21T14:05:07Z",
            "2025-05-21T14:05:13Z",
            "2025-05-21T14:05:19Z",
            "2025-05-21T14:05:20Z",
            "2025-05-21T14:05:33Z",
            "2025-05-21T14:05:38Z",
            "2025-05-21T14:05:46Z",
            "2025-05-21T14:05:47Z",
            "2025-05-21T14:05:54Z",
            "2025-05-21T14:06:13Z",
            "2025-05-21T14:06:16Z",
            "2025-05-21T14:06:17Z",
            "2025-05-21T14:06:25Z",
            "2025-05-21T14:06:37Z",
            "2025-05-21T14:06:43Z",
            "2025-05-21T14:06:53Z",
            "2025-05-21T14:06:54Z",
            "2025-05-21T14:07:02Z",
            "2025-05-21T14:07:08Z",
            "2025-05-21T14:07:09Z",
            "2025-05-21T14:07:16Z",
            "2025-05-21T14:07:29Z",
            "2025-05-21T14:07:30Z",
            "2025-05-21T14:07:39Z",
            "2025-05-21T14:07:44Z",
            "2025-05-21T14:07:45Z",
            "2025-05-21T14:07:49Z",
            "2025-05-21T14:07:53Z",
            "2025-05-21T14:07:59Z",
            "2025-05-21T14:08:00Z",
            "2025-05-21T14:08:01Z",
            "2025-05-21T14:08:05Z",
            "2025-05-21T14:08:18Z",
            "2025-05-21T14:08:25Z",
            "2025-05-21T14:08:26Z",
            "2025-05-21T14:08:29Z",
            "2025-05-21T14:08:32Z",
            "2025-05-21T14:08:41Z",
            "2025-05-21T14:08:47Z",
            "2025-05-21T14:08:48Z",
            "2025-05-21T14:08:50Z",
            "2025-05-21T14:08:51Z",
            "2025-05-21T14:08:58Z",
            "2025-05-21T14:09:04Z",
            "2025-05-21T14:09:05Z",
            "2025-05-21T14:09:09Z",
            "2025-05-21T14:09:11Z",
            "2025-05-21T14:09:12Z",
            "2025-05-21T14:09:18Z",
            "2025-05-21T14:09:19Z",
            "2025-05-21T14:09:26Z",
            "2025-05-21T14:09:31Z",
            "2025-05-21T14:09:37Z",
            "2025-05-21T14:09:49Z",
            "2025-05-21T14:09:50Z",
            "2025-05-21T14:09:55Z",
            "2025-05-21T14:10:03Z",
            "2025-05-21T14:10:07Z",
            "2025-05-21T14:10:08Z",
            "2025-05-21T14:10:15Z",
            "2025-05-21T14:10:19Z",
            "2025-05-21T14:10:22Z",
            "2025-05-21T14:10:23Z",
            "2025-05-21T14:10:37Z",
            "2025-05-21T14:10:38Z",
            "2025-05-21T14:10:45Z",
            "2025-05-21T14:10:54Z",
            "2025-05-21T14:10:55Z",
            "2025-05-21T14:11:04Z",
            "2025-05-21T14:11:12Z",
            "2025-05-21T14:11:13Z",
            "2025-05-21T14:11:26Z",
            "2025-05-21T14:11:27Z",
            "2025-05-21T14:13:00Z",
            "2025-05-21T14:13:01Z",
            "2025-05-21T14:13:06Z",
            "2025-05-21T14:13:09Z",
            "2025-05-21T14:13:15Z",
            "2025-05-21T14:13:23Z",
            "2025-05-21T14:13:24Z",
            "2025-05-21T14:13:25Z",
            "2025-05-21T14:13:52Z",
            "2025-05-21T14:13:53Z",
            "2025-05-21T14:14:03Z",
            "2025-05-21T14:14:11Z",
            "2025-05-21T14:14:12Z",
            "2025-05-21T14:14:19Z",
            "2025-05-21T14:14:29Z",
            "2025-05-21T14:14:30Z",
            "2025-05-21T14:14:38Z",
            "2025-05-21T14:14:46Z",
            "2025-05-21T14:14:51Z",
            "2025-05-21T14:14:52Z",
            "2025-05-21T14:14:55Z",
            "2025-05-21T14:14:59Z",
            "2025-05-21T14:15:12Z",
            "2025-05-21T14:15:13Z",
            "2025-05-21T14:15:18Z",
            "2025-05-21T14:15:26Z",
            "2025-05-21T14:15:35Z",
            "2025-05-21T14:15:36Z",
            "2025-05-21T14:15:58Z",
            "2025-05-21T14:16:08Z",
            "2025-05-21T14:16:19Z",
            "2025-05-21T14:16:20Z",
            "2025-05-21T14:16:22Z",
            "2025-05-21T14:16:35Z",
            "2025-05-21T14:16:36Z",
            "2025-05-21T14:16:41Z",
            "2025-05-21T14:16:49Z",
            "2025-05-21T14:16:56Z",
            "2025-05-21T14:16:57Z",
            "2025-05-21T14:16:58Z",
            "2025-05-21T14:17:12Z",
            "2025-05-21T14:17:24Z",
            "2025-05-21T14:17:27Z",
            "2025-05-21T14:17:28Z",
            "2025-05-21T14:17:40Z",
            "2025-05-21T14:17:44Z",
            "2025-05-21T14:17:50Z",
            "2025-05-21T14:17:51Z",
            "2025-05-21T14:17:56Z",
            "2025-05-21T14:18:14Z",
            "2025-05-21T14:18:36Z",
            "2025-05-21T14:18:43Z",
            "2025-05-21T14:18:44Z",
            "2025-05-21T14:21:08Z",
            "2025-05-21T14:21:09Z",
            "2025-05-21T14:21:16Z",
            "2025-05-21T14:21:22Z",
            "2025-05-21T14:21:25Z",
            "2025-05-21T14:21:26Z",
            "2025-05-21T14:21:29Z",
            "2025-05-21T14:21:38Z",
            "2025-05-21T14:21:43Z",
            "2025-05-21T14:21:44Z",
            "2025-05-21T14:22:15Z",
            "2025-05-21T14:22:16Z",
            "2025-05-21T14:22:21Z",
            "2025-05-21T14:22:32Z",
            "2025-05-21T14:22:33Z",
            "2025-05-21T14:22:39Z",
            "2025-05-21T14:22:44Z",
            "2025-05-21T14:22:53Z",
            "2025-05-21T14:22:54Z",
            "2025-05-21T14:22:57Z",
            "2025-05-21T14:23:03Z",
            "2025-05-21T14:23:17Z",
            "2025-05-21T14:23:20Z",
            "2025-05-21T14:23:21Z",
            "2025-05-21T14:23:22Z",
            "2025-05-21T14:23:26Z",
            "2025-05-21T14:23:33Z",
            "2025-05-21T14:24:11Z",
            "2025-05-21T14:24:12Z",
            "2025-05-21T14:24:15Z",
            "2025-05-21T14:24:18Z",
            "2025-05-21T14:25:41Z",
            "2025-05-21T14:25:45Z",
            "2025-05-21T14:25:46Z",
            "2025-05-21T14:25:59Z",
            "2025-05-21T14:26:34Z",
            "2025-05-21T14:26:38Z",
            "2025-05-21T14:26:44Z",
            "2025-05-21T14:26:59Z",
            "2025-05-21T14:27:00Z",
            "2025-05-21T14:27:01Z",
            "2025-05-21T14:27:34Z",
            "2025-05-21T14:27:37Z",
            "2025-05-21T14:27:47Z",
            "2025-05-21T14:27:51Z",
            "2025-05-21T14:27:52Z",
            "2025-05-21T14:27:53Z",
            "2025-05-21T14:28:07Z",
            "2025-05-21T14:28:10Z",
            "2025-05-21T14:28:13Z",
            "2025-05-21T14:28:18Z",
            "2025-05-21T14:28:19Z",
            "2025-05-21T14:28:30Z",
            "2025-05-21T14:28:33Z",
            "2025-05-21T14:28:34Z",
            "2025-05-21T14:28:38Z",
            "2025-05-21T14:28:49Z",
            "2025-05-21T14:28:55Z",
            "2025-05-21T14:28:58Z",
            "2025-05-21T14:28:59Z",
            "2025-05-21T14:29:06Z",
            "2025-05-21T14:29:18Z",
            "2025-05-21T14:29:34Z",
            "2025-05-21T14:29:35Z",
            "2025-05-21T14:29:39Z",
            "2025-05-21T14:29:48Z",
            "2025-05-21T14:29:53Z",
            "2025-05-21T14:29:54Z",
            "2025-05-21T14:30:01Z",
            "2025-05-21T14:30:05Z",
            "2025-05-21T14:30:09Z",
            "2025-05-21T14:30:10Z",
            "2025-05-21T14:30:14Z",
            "2025-05-21T14:30:28Z",
            "2025-05-21T14:30:29Z",
            "2025-05-21T14:30:32Z",
            "2025-05-21T14:30:37Z",
            "2025-05-21T14:30:50Z",
            "2025-05-21T14:30:51Z",
            "2025-05-21T14:31:04Z",
            "2025-05-21T14:31:37Z",
            "2025-05-21T14:31:38Z",
            "2025-05-21T14:31:43Z",
            "2025-05-21T14:31:54Z",
            "2025-05-21T14:31:59Z",
            "2025-05-21T14:32:00Z",
            "2025-05-21T14:32:07Z",
            "2025-05-21T14:32:16Z",
            "2025-05-21T14:32:17Z",
            "2025-05-21T14:32:23Z",
            "2025-05-21T14:32:30Z",
            "2025-05-21T14:32:32Z",
            "2025-05-21T14:32:33Z",
            "2025-05-21T14:32:45Z",
            "2025-05-21T14:32:54Z",
            "2025-05-21T14:32:55Z",
            "2025-05-21T14:33:01Z",
            "2025-05-21T14:33:08Z",
            "2025-05-21T14:33:09Z",
            "2025-05-21T14:33:25Z",
            "2025-05-21T14:33:26Z",
            "2025-05-21T14:33:33Z",
            "2025-05-21T14:33:53Z",
            "2025-05-21T14:34:13Z",
            "2025-05-21T14:34:21Z",
            "2025-05-21T14:34:22Z",
            "2025-05-21T14:34:35Z",
            "2025-05-21T14:34:37Z",
            "2025-05-21T14:34:40Z",
            "2025-05-21T14:34:41Z",
            "2025-05-21T14:34:42Z",
            "2025-05-21T14:35:03Z",
            "2025-05-21T14:35:09Z",
            "2025-05-21T14:35:14Z",
            "2025-05-21T14:35:15Z",
            "2025-05-21T14:35:24Z",
            "2025-05-21T14:35:27Z",
            "2025-05-21T14:35:32Z",
            "2025-05-21T14:35:33Z",
            "2025-05-21T14:35:38Z",
            "2025-05-21T14:35:42Z",
            "2025-05-21T14:35:46Z",
            "2025-05-21T14:35:47Z",
            "2025-05-21T14:35:50Z",
            "2025-05-21T14:35:54Z",
            "2025-05-21T14:36:05Z",
            "2025-05-21T14:36:06Z",
            "2025-05-21T14:36:11Z",
            "2025-05-21T14:36:20Z",
            "2025-05-21T14:36:21Z",
            "2025-05-21T14:36:28Z",
            "2025-05-21T14:36:31Z",
            "2025-05-21T14:36:37Z",
            "2025-05-21T14:36:38Z",
            "2025-05-21T14:36:45Z",
            "2025-05-21T14:36:51Z",
            "2025-05-21T14:37:00Z",
            "2025-05-21T14:37:01Z",
            "2025-05-21T14:37:09Z",
            "2025-05-21T14:37:13Z",
            "2025-05-21T14:37:19Z",
            "2025-05-21T14:37:20Z",
            "2025-05-21T14:37:28Z",
            "2025-05-21T14:37:38Z",
            "2025-05-21T14:37:39Z",
            "2025-05-21T14:37:54Z",
            "2025-05-21T14:38:05Z",
            "2025-05-21T14:38:06Z",
            "2025-05-21T14:38:15Z",
            "2025-05-21T14:38:25Z",
            "2025-05-21T14:38:26Z",
            "2025-05-21T14:38:27Z",
            "2025-05-21T14:38:47Z",
            "2025-05-21T14:38:48Z",
            "2025-05-21T14:38:53Z",
            "2025-05-21T14:38:59Z",
            "2025-05-21T14:39:04Z",
            "2025-05-21T14:39:05Z",
            "2025-05-21T14:39:08Z",
            "2025-05-21T14:39:14Z",
            "2025-05-21T14:39:19Z",
            "2025-05-21T14:39:20Z",
            "2025-05-21T14:39:31Z",
            "2025-05-21T14:39:36Z",
            "2025-05-21T14:39:38Z",
            "2025-05-21T14:39:54Z",
            "2025-05-21T14:39:55Z",
            "2025-05-21T14:40:06Z",
            "2025-05-21T14:40:12Z",
            "2025-05-21T14:40:13Z",
            "2025-05-21T14:40:23Z",
            "2025-05-21T14:40:31Z",
            "2025-05-21T14:40:36Z",
            "2025-05-21T14:40:37Z",
            "2025-05-21T14:41:01Z",
            "2025-05-21T14:41:13Z",
            "2025-05-21T14:41:14Z",
            "2025-05-21T14:41:17Z",
            "2025-05-21T14:41:22Z",
            "2025-05-21T14:41:24Z",
            "2025-05-21T14:41:39Z",
            "2025-05-21T14:41:43Z",
            "2025-05-21T14:41:44Z",
            "2025-05-21T14:41:49Z",
            "2025-05-21T14:41:58Z",
            "2025-05-21T14:42:21Z",
            "2025-05-21T14:42:28Z",
            "2025-05-21T14:42:29Z",
            "2025-05-21T14:42:34Z",
            "2025-05-21T14:42:42Z",
            "2025-05-21T14:42:43Z",
            "2025-05-21T14:42:49Z",
            "2025-05-21T14:43:04Z",
            "2025-05-21T14:43:05Z",
            "2025-05-21T14:43:21Z",
            "2025-05-21T14:43:22Z",
            "2025-05-21T14:43:38Z",
            "2025-05-21T14:43:42Z",
            "2025-05-21T14:43:43Z",
            "2025-05-21T14:43:51Z",
            "2025-05-21T14:43:55Z",
            "2025-05-21T14:44:51Z",
            "2025-05-21T14:44:54Z",
            "2025-05-21T14:44:55Z",
            "2025-05-21T14:44:58Z",
            "2025-05-21T14:45:09Z",
            "2025-05-21T14:45:10Z",
            "2025-05-21T14:45:25Z",
            "2025-05-21T14:45:26Z",
            "2025-05-21T14:45:30Z",
            "2025-05-21T14:45:38Z",
            "2025-05-21T14:45:41Z",
            "2025-05-21T14:45:42Z",
            "2025-05-21T14:45:51Z",
            "2025-05-21T14:45:57Z",
            "2025-05-21T14:45:58Z",
            "2025-05-21T14:46:01Z",
            "2025-05-21T14:46:17Z",
            "2025-05-21T14:46:18Z",
            "2025-05-21T14:46:27Z",
            "2025-05-21T14:46:37Z",
            "2025-05-21T14:47:08Z",
            "2025-05-21T14:47:19Z",
            "2025-05-21T14:47:20Z",
            "2025-05-21T14:47:26Z",
            "2025-05-21T14:47:37Z",
            "2025-05-21T14:47:38Z",
            "2025-05-21T14:47:46Z",
            "2025-05-21T14:47:55Z",
            "2025-05-21T14:47:56Z",
            "2025-05-21T14:48:05Z",
            "2025-05-21T14:48:13Z",
            "2025-05-21T14:48:14Z",
            "2025-05-21T14:48:23Z",
            "2025-05-21T14:48:31Z",
            "2025-05-21T14:48:48Z",
            "2025-05-21T14:48:49Z",
            "2025-05-21T14:49:04Z",
            "2025-05-21T14:49:07Z",
            "2025-05-21T14:49:10Z",
            "2025-05-21T14:49:35Z",
            "2025-05-21T14:49:36Z",
            "2025-05-21T14:49:37Z",
            "2025-05-21T14:49:42Z",
            "2025-05-21T14:49:51Z",
            "2025-05-21T14:49:56Z",
            "2025-05-21T14:49:57Z",
            "2025-05-21T14:50:01Z",
            "2025-05-21T14:50:11Z",
            "2025-05-21T14:50:11Z",
            "2025-05-21T14:50:20Z",
            "2025-05-21T14:50:22Z",
            "2025-05-21T14:50:24Z",
            "2025-05-21T14:50:25Z",
            "2025-05-21T14:50:33Z",
            "2025-05-21T14:50:35Z",
            "2025-05-21T14:50:40Z",
            "2025-05-21T14:50:41Z",
            "2025-05-21T14:50:50Z",
            "2025-05-21T14:51:04Z",
            "2025-05-21T14:51:14Z",
            "2025-05-21T14:51:15Z",
            "2025-05-21T14:51:22Z",
            "2025-05-21T14:51:27Z",
            "2025-05-21T14:51:32Z",
            "2025-05-21T14:51:36Z",
            "2025-05-21T14:51:37Z",
            "2025-05-21T14:52:12Z",
            "2025-05-21T14:52:42Z",
            "2025-05-21T14:52:43Z",
            "2025-05-21T14:52:51Z",
            "2025-05-21T14:53:31Z",
            "2025-05-21T14:53:35Z",
            "2025-05-21T14:53:41Z",
            "2025-05-21T14:53:42Z",
            "2025-05-21T14:54:00Z",
            "2025-05-21T14:54:07Z",
            "2025-05-21T14:54:08Z",
            "2025-05-21T14:54:22Z",
            "2025-05-21T14:54:27Z",
            "2025-05-21T14:54:32Z",
            "2025-05-21T14:54:33Z",
            "2025-05-21T14:54:57Z",
            "2025-05-21T14:55:02Z",
            "2025-05-21T14:55:06Z",
            "2025-05-21T14:55:07Z",
            "2025-05-21T14:55:23Z",
            "2025-05-21T14:55:28Z",
            "2025-05-21T14:55:38Z",
            "2025-05-21T14:55:39Z",
            "2025-05-21T14:55:48Z",
            "2025-05-21T14:56:21Z",
            "2025-05-21T14:56:47Z",
            "2025-05-21T14:56:48Z",
            "2025-05-21T14:56:52Z",
            "2025-05-21T14:56:57Z",
            "2025-05-21T14:57:03Z",
            "2025-05-21T14:57:06Z",
            "2025-05-21T14:57:11Z",
            "2025-05-21T14:57:12Z",
            "2025-05-21T14:57:17Z",
            "2025-05-21T14:57:33Z",
            "2025-05-21T14:57:38Z",
            "2025-05-21T14:57:39Z",
            "2025-05-21T14:57:59Z",
            "2025-05-21T14:58:08Z",
            "2025-05-21T14:58:09Z",
            "2025-05-21T14:58:19Z",
            "2025-05-21T14:58:35Z",
            "2025-05-21T14:58:40Z",
            "2025-05-21T14:58:57Z",
            "2025-05-21T14:58:58Z",
            "2025-05-21T14:59:07Z",
            "2025-05-21T14:59:20Z",
            "2025-05-21T14:59:21Z",
            "2025-05-21T14:59:32Z",
            "2025-05-21T14:59:34Z",
            "2025-05-21T14:59:37Z",
            "2025-05-21T14:59:45Z",
            "2025-05-21T14:59:55Z",
            "2025-05-21T14:59:56Z",
            "2025-05-21T15:00:08Z",
            "2025-05-21T15:00:11Z",
            "2025-05-21T15:00:16Z",
            "2025-05-21T15:00:29Z",
            "2025-05-21T15:01:29Z",
            "2025-05-21T15:01:30Z",
            "2025-05-21T15:01:58Z",
            "2025-05-21T15:02:13Z",
            "2025-05-21T15:02:14Z",
            "2025-05-21T15:02:17Z",
            "2025-05-21T15:02:20Z",
            "2025-05-21T15:02:23Z",
            "2025-05-21T15:02:49Z",
            "2025-05-21T15:02:50Z",
            "2025-05-21T15:03:12Z",
            "2025-05-21T15:03:24Z",
            "2025-05-21T15:03:25Z",
            "2025-05-21T15:03:36Z",
            "2025-05-21T15:03:46Z",
            "2025-05-21T15:03:47Z",
            "2025-05-21T15:04:00Z",
            "2025-05-21T15:04:01Z",
            "2025-05-21T15:04:11Z",
            "2025-05-21T15:04:16Z",
            "2025-05-21T15:04:17Z",
            "2025-05-21T15:04:43Z",
            "2025-05-21T15:04:58Z",
            "2025-05-21T15:05:03Z",
            "2025-05-21T15:05:04Z",
            "2025-05-21T15:05:13Z",
            "2025-05-21T15:06:01Z",
            "2025-05-21T15:06:08Z",
            "2025-05-21T15:06:09Z",
            "2025-05-21T15:06:17Z",
            "2025-05-21T15:06:22Z",
            "2025-05-21T15:06:23Z",
            "2025-05-21T15:06:32Z",
            "2025-05-21T15:06:38Z",
            "2025-05-21T15:06:39Z",
            "2025-05-21T15:06:44Z",
            "2025-05-21T15:06:48Z",
            "2025-05-21T15:06:53Z",
            "2025-05-21T15:06:54Z",
            "2025-05-21T15:07:01Z",
            "2025-05-21T15:07:09Z",
            "2025-05-21T15:07:10Z",
            "2025-05-21T15:07:27Z",
            "2025-05-21T15:07:28Z",
            "2025-05-21T15:07:39Z",
            "2025-05-21T15:07:44Z",
            "2025-05-21T15:07:45Z",
            "2025-05-21T15:07:47Z",
            "2025-05-21T15:07:50Z",
            "2025-05-21T15:07:55Z",
            "2025-05-21T15:08:01Z",
            "2025-05-21T15:08:02Z",
            "2025-05-21T15:08:10Z",
            "2025-05-21T15:08:14Z",
            "2025-05-21T15:08:15Z",
            "2025-05-21T15:08:18Z",
            "2025-05-21T15:08:24Z",
            "2025-05-21T15:08:31Z",
            "2025-05-21T15:08:32Z",
            "2025-05-21T15:08:37Z",
            "2025-05-21T15:08:48Z",
            "2025-05-21T15:08:49Z",
            "2025-05-21T15:09:03Z",
            "2025-05-21T15:09:04Z",
            "2025-05-21T15:09:10Z",
            "2025-05-21T15:09:19Z",
            "2025-05-21T15:09:20Z",
            "2025-05-21T15:09:36Z",
            "2025-05-21T15:09:37Z",
            "2025-05-21T15:09:45Z",
            "2025-05-21T15:09:52Z",
            "2025-05-21T15:09:53Z",
            "2025-05-21T15:09:57Z",
            "2025-05-21T15:10:05Z",
            "2025-05-21T15:10:06Z",
            "2025-05-21T15:10:15Z",
            "2025-05-21T15:10:22Z",
            "2025-05-21T15:10:23Z",
            "2025-05-21T15:10:26Z",
            "2025-05-21T15:10:30Z",
            "2025-05-21T15:10:32Z",
            "2025-05-21T15:10:38Z",
            "2025-05-21T15:10:39Z",
            "2025-05-21T15:10:43Z",
            "2025-05-21T15:10:54Z",
            "2025-05-21T15:10:55Z",
            "2025-05-21T15:11:04Z",
            "2025-05-21T15:11:06Z",
            "2025-05-21T15:11:08Z",
            "2025-05-21T15:11:11Z",
            "2025-05-21T15:11:12Z",
            "2025-05-21T15:11:13Z",
            "2025-05-21T15:11:21Z",
            "2025-05-21T15:11:24Z",
            "2025-05-21T15:11:34Z",
            "2025-05-21T15:11:35Z",
            "2025-05-21T15:11:44Z",
            "2025-05-21T15:11:53Z",
            "2025-05-21T15:11:54Z",
            "2025-05-21T15:11:57Z",
            "2025-05-21T15:12:04Z",
            "2025-05-21T15:12:06Z",
            "2025-05-21T15:12:11Z",
            "2025-05-21T15:12:12Z",
            "2025-05-21T15:12:15Z",
            "2025-05-21T15:12:19Z",
            "2025-05-21T15:12:29Z",
            "2025-05-21T15:12:30Z",
            "2025-05-21T15:12:34Z",
            "2025-05-21T15:12:41Z",
            "2025-05-21T15:15:52Z",
            "2025-05-21T15:16:13Z",
            "2025-05-21T15:17:41Z",
            "2025-05-21T15:21:01Z",
            "2025-05-21T15:21:02Z",
            "2025-05-21T15:21:42Z",
            "2025-05-21T15:21:45Z",
            "2025-05-21T15:22:49Z",
            "2025-05-21T15:23:24Z",
            "2025-05-21T15:24:33Z",
            "2025-05-21T15:24:34Z",
            "2025-05-21T15:24:37Z",
            "2025-05-21T15:24:44Z",
            "2025-05-21T15:24:51Z",
            "2025-05-21T15:24:52Z",
            "2025-05-21T15:25:03Z",
            "2025-05-21T15:25:09Z",
            "2025-05-21T15:25:10Z",
            "2025-05-21T15:25:13Z",
            "2025-05-21T15:25:28Z",
            "2025-05-21T15:25:29Z",
            "2025-05-21T15:25:35Z",
            "2025-05-21T15:25:47Z",
            "2025-05-21T15:25:48Z",
            "2025-05-21T15:25:55Z",
            "2025-05-21T15:26:00Z",
            "2025-05-21T15:26:01Z",
            "2025-05-21T15:26:07Z",
            "2025-05-21T15:26:27Z",
            "2025-05-21T15:26:30Z",
            "2025-05-21T15:26:31Z",
            "2025-05-21T15:26:34Z",
            "2025-05-21T15:26:40Z",
            "2025-05-21T15:26:44Z",
            "2025-05-21T15:26:46Z",
            "2025-05-21T15:26:47Z",
            "2025-05-21T15:26:48Z",
            "2025-05-21T15:26:50Z",
            "2025-05-21T15:26:54Z",
            "2025-05-21T15:27:04Z",
            "2025-05-21T15:27:06Z",
            "2025-05-21T15:27:07Z",
            "2025-05-21T15:27:50Z",
            "2025-05-21T15:28:37Z",
            "2025-05-21T15:28:46Z",
            "2025-05-21T15:28:47Z",
            "2025-05-21T15:28:48Z",
            "2025-05-21T15:28:54Z",
            "2025-05-21T15:28:59Z",
            "2025-05-21T15:29:17Z",
            "2025-05-21T15:29:52Z",
            "2025-05-21T15:29:53Z",
            "2025-05-21T15:29:54Z",
            "2025-05-21T15:30:22Z",
            "2025-05-21T15:31:13Z",
            "2025-05-21T15:31:25Z",
            "2025-05-21T15:31:42Z",
            "2025-05-21T15:32:10Z",
            "2025-05-21T15:32:20Z",
            "2025-05-21T15:32:21Z",
            "2025-05-21T15:32:22Z",
            "2025-05-21T15:32:33Z",
            "2025-05-21T15:32:34Z",
            "2025-05-21T15:32:52Z",
            "2025-05-21T15:32:56Z",
            "2025-05-21T15:32:57Z",
            "2025-05-21T15:33:16Z",
            "2025-05-21T15:33:23Z",
            "2025-05-21T15:33:24Z",
            "2025-05-21T15:33:30Z",
            "2025-05-21T15:33:38Z",
            "2025-05-21T15:33:43Z",
            "2025-05-21T15:33:44Z",
            "2025-05-21T15:33:48Z",
            "2025-05-21T15:33:53Z",
            "2025-05-21T15:33:56Z",
            "2025-05-21T15:33:57Z",
            "2025-05-21T15:34:07Z",
            "2025-05-21T15:34:12Z",
            "2025-05-21T15:34:13Z",
            "2025-05-21T15:34:18Z",
            "2025-05-21T15:34:26Z",
            "2025-05-21T15:34:27Z",
            "2025-05-21T15:34:39Z",
            "2025-05-21T15:34:40Z",
            "2025-05-21T15:34:51Z",
            "2025-05-21T15:34:52Z",
            "2025-05-21T15:34:56Z",
            "2025-05-21T15:35:10Z",
            "2025-05-21T15:35:11Z",
            "2025-05-21T15:35:24Z",
            "2025-05-21T15:35:25Z",
            "2025-05-21T15:35:36Z",
            "2025-05-21T15:35:39Z",
            "2025-05-21T15:35:40Z",
            "2025-05-21T15:35:44Z",
            "2025-05-21T15:36:03Z",
            "2025-05-21T15:36:04Z",
            "2025-05-21T15:36:22Z",
            "2025-05-21T15:36:28Z",
            "2025-05-21T15:36:29Z",
            "2025-05-21T15:36:33Z",
            "2025-05-21T15:36:40Z",
            "2025-05-21T15:36:45Z",
            "2025-05-21T15:37:01Z",
            "2025-05-21T15:37:02Z",
            "2025-05-21T15:37:05Z",
            "2025-05-21T15:37:07Z",
            "2025-05-21T15:37:15Z",
            "2025-05-21T15:37:22Z",
            "2025-05-21T15:37:23Z",
            "2025-05-21T15:37:24Z",
            "2025-05-21T15:37:25Z",
            "2025-05-21T15:37:29Z",
            "2025-05-21T15:37:36Z",
            "2025-05-21T15:37:37Z",
            "2025-05-21T15:37:53Z",
            "2025-05-21T15:38:00Z",
            "2025-05-21T15:38:04Z",
            "2025-05-21T15:38:10Z",
            "2025-05-21T15:38:11Z",
            "2025-05-21T15:38:23Z",
            "2025-05-21T15:38:32Z",
            "2025-05-21T15:38:33Z",
            "2025-05-21T15:38:38Z",
            "2025-05-21T15:38:42Z",
            "2025-05-21T15:38:45Z",
            "2025-05-21T15:38:46Z",
            "2025-05-21T15:38:51Z",
            "2025-05-21T15:39:00Z",
            "2025-05-21T15:39:02Z",
            "2025-05-21T15:39:03Z",
            "2025-05-21T15:39:04Z",
            "2025-05-21T15:39:11Z",
            "2025-05-21T15:39:16Z",
            "2025-05-21T15:39:21Z",
            "2025-05-21T15:39:24Z",
            "2025-05-21T15:39:25Z",
            "2025-05-21T15:39:31Z",
            "2025-05-21T15:39:34Z",
            "2025-05-21T15:40:05Z",
            "2025-05-21T15:40:16Z",
            "2025-05-21T15:40:17Z",
            "2025-05-21T15:40:20Z",
            "2025-05-21T15:40:30Z",
            "2025-05-21T15:40:32Z",
            "2025-05-21T15:40:36Z",
            "2025-05-21T15:40:37Z",
            "2025-05-21T15:40:46Z",
            "2025-05-21T15:41:20Z",
            "2025-05-21T15:41:33Z",
            "2025-05-21T15:42:01Z",
            "2025-05-21T15:42:08Z",
            "2025-05-21T15:42:09Z",
            "2025-05-21T15:42:12Z",
            "2025-05-21T15:42:20Z",
            "2025-05-21T15:42:24Z",
            "2025-05-21T15:42:29Z",
            "2025-05-21T15:42:30Z",
            "2025-05-21T15:42:41Z",
            "2025-05-21T15:42:43Z",
            "2025-05-21T15:42:53Z",
            "2025-05-21T15:42:54Z",
            "2025-05-21T15:43:21Z",
            "2025-05-21T15:43:22Z",
            "2025-05-21T15:43:29Z",
            "2025-05-21T15:43:35Z",
            "2025-05-21T15:44:36Z",
            "2025-05-21T15:44:47Z",
            "2025-05-21T15:46:04Z",
            "2025-05-21T15:46:59Z",
            "2025-05-21T15:47:00Z",
            "2025-05-21T15:47:20Z",
            "2025-05-21T15:49:11Z",
            "2025-05-21T15:49:18Z",
            "2025-05-21T15:49:19Z",
            "2025-05-21T15:49:24Z",
            "2025-05-21T15:49:26Z",
            "2025-05-21T15:49:28Z",
            "2025-05-21T15:49:34Z",
            "2025-05-21T15:49:35Z",
            "2025-05-21T15:49:36Z",
            "2025-05-21T15:49:45Z",
            "2025-05-21T15:49:52Z",
            "2025-05-21T15:49:53Z",
            "2025-05-21T15:50:06Z",
            "2025-05-21T15:50:12Z",
            "2025-05-21T15:50:13Z",
            "2025-05-21T15:50:20Z",
            "2025-05-21T15:50:34Z",
            "2025-05-21T15:50:35Z",
            "2025-05-21T15:50:41Z",
            "2025-05-21T15:50:44Z",
            "2025-05-21T15:50:52Z",
            "2025-05-21T15:50:57Z",
            "2025-05-21T15:50:58Z",
            "2025-05-21T15:51:04Z",
            "2025-05-21T15:51:09Z",
            "2025-05-21T15:51:14Z",
            "2025-05-21T15:51:20Z",
            "2025-05-21T15:51:21Z",
            "2025-05-21T15:51:26Z",
            "2025-05-21T15:51:30Z",
            "2025-05-21T15:51:37Z",
            "2025-05-21T15:51:38Z",
            "2025-05-21T15:51:43Z",
            "2025-05-21T15:51:46Z",
            "2025-05-21T15:51:54Z",
            "2025-05-21T15:51:55Z",
            "2025-05-21T15:51:58Z",
            "2025-05-21T15:52:02Z",
            "2025-05-21T15:52:05Z",
            "2025-05-21T15:52:07Z",
            "2025-05-21T15:52:08Z",
            "2025-05-21T15:52:19Z",
            "2025-05-21T15:52:21Z",
            "2025-05-21T15:52:24Z",
            "2025-05-21T15:52:25Z",
            "2025-05-21T15:52:30Z",
            "2025-05-21T15:52:34Z",
            "2025-05-21T15:52:41Z",
            "2025-05-21T15:52:42Z",
            "2025-05-21T15:52:48Z",
            "2025-05-21T15:53:02Z",
            "2025-05-21T15:53:03Z",
            "2025-05-21T15:53:14Z",
            "2025-05-21T15:53:19Z",
            "2025-05-21T15:53:25Z",
            "2025-05-21T15:53:26Z",
            "2025-05-21T15:53:32Z",
            "2025-05-21T15:53:35Z",
            "2025-05-21T15:53:40Z",
            "2025-05-21T15:53:41Z",
            "2025-05-21T15:53:42Z",
            "2025-05-21T15:53:47Z",
            "2025-05-21T15:53:53Z",
            "2025-05-21T15:53:55Z",
            "2025-05-21T15:53:58Z",
            "2025-05-21T15:53:59Z",
            "2025-05-21T15:54:06Z",
            "2025-05-21T15:54:12Z",
            "2025-05-21T15:54:13Z",
            "2025-05-21T15:54:18Z",
            "2025-05-21T15:54:25Z",
            "2025-05-21T15:54:32Z",
            "2025-05-21T15:54:33Z",
            "2025-05-21T15:54:41Z",
            "2025-05-21T15:54:46Z",
            "2025-05-21T15:54:47Z",
            "2025-05-21T15:54:57Z",
            "2025-05-21T15:55:03Z",
            "2025-05-21T15:55:10Z",
            "2025-05-21T15:55:11Z",
            "2025-05-21T15:55:23Z",
            "2025-05-21T15:55:35Z",
            "2025-05-21T15:55:36Z",
            "2025-05-21T15:55:40Z",
            "2025-05-21T15:55:43Z",
            "2025-05-21T15:55:45Z",
            "2025-05-21T15:56:03Z",
            "2025-05-21T15:56:04Z",
            "2025-05-21T15:56:12Z",
            "2025-05-21T15:56:18Z",
            "2025-05-21T15:56:19Z",
            "2025-05-21T15:56:32Z",
            "2025-05-21T15:56:42Z",
            "2025-05-21T15:56:49Z",
            "2025-05-21T15:56:53Z",
            "2025-05-21T15:56:57Z",
            "2025-05-21T15:56:58Z",
            "2025-05-21T15:57:07Z",
            "2025-05-21T15:57:14Z",
            "2025-05-21T15:57:16Z",
            "2025-05-21T15:57:21Z",
            "2025-05-21T15:57:37Z",
            "2025-05-21T15:57:38Z",
            "2025-05-21T15:57:47Z",
            "2025-05-21T15:58:01Z",
            "2025-05-21T15:58:02Z",
            "2025-05-21T15:58:28Z",
            "2025-05-21T15:58:31Z",
            "2025-05-21T15:58:37Z",
            "2025-05-21T15:58:43Z",
            "2025-05-21T15:58:44Z",
            "2025-05-21T15:59:04Z",
            "2025-05-21T15:59:05Z",
            "2025-05-21T15:59:15Z",
            "2025-05-21T15:59:27Z",
            "2025-05-21T15:59:37Z",
            "2025-05-21T15:59:38Z",
            "2025-05-21T15:59:43Z",
            "2025-05-21T15:59:46Z",
            "2025-05-21T15:59:57Z",
            "2025-05-21T15:59:58Z",
            "2025-05-21T16:00:09Z",
            "2025-05-21T16:00:53Z",
            "2025-05-21T16:00:54Z",
            "2025-05-21T16:01:12Z",
            "2025-05-21T16:01:18Z",
            "2025-05-21T16:01:19Z",
            "2025-05-21T16:01:20Z",
            "2025-05-21T16:01:53Z",
            "2025-05-21T16:02:04Z",
            "2025-05-21T16:02:05Z",
            "2025-05-21T16:02:31Z",
            "2025-05-21T16:02:32Z",
            "2025-05-21T16:02:42Z",
            "2025-05-21T16:02:45Z",
            "2025-05-21T16:02:59Z",
            "2025-05-21T16:03:02Z",
            "2025-05-21T16:03:14Z",
            "2025-05-21T16:03:15Z",
            "2025-05-21T16:03:16Z",
            "2025-05-21T16:03:22Z",
            "2025-05-21T16:03:26Z",
            "2025-05-21T16:03:27Z",
            "2025-05-21T16:03:28Z",
            "2025-05-21T16:03:29Z",
            "2025-05-21T16:03:37Z",
            "2025-05-21T16:03:38Z",
            "2025-05-21T16:03:46Z",
            "2025-05-21T16:03:48Z",
            "2025-05-21T16:03:56Z",
            "2025-05-21T16:03:57Z",
            "2025-05-21T16:04:04Z",
            "2025-05-21T16:04:11Z",
            "2025-05-21T16:04:12Z",
            "2025-05-21T16:04:28Z",
            "2025-05-21T16:04:29Z",
            "2025-05-21T16:04:36Z",
            "2025-05-21T16:04:42Z",
            "2025-05-21T16:04:43Z",
            "2025-05-21T16:04:58Z",
            "2025-05-21T16:04:59Z",
            "2025-05-21T16:05:12Z",
            "2025-05-21T16:05:13Z",
            "2025-05-21T16:05:18Z",
            "2025-05-21T16:05:25Z",
            "2025-05-21T16:05:26Z",
            "2025-05-21T16:05:27Z",
            "2025-05-21T16:05:34Z",
            "2025-05-21T16:05:41Z",
            "2025-05-21T16:05:42Z",
            "2025-05-21T16:05:49Z",
            "2025-05-21T16:05:54Z",
            "2025-05-21T16:05:55Z",
            "2025-05-21T16:06:01Z",
            "2025-05-21T16:06:06Z",
            "2025-05-21T16:06:07Z",
            "2025-05-21T16:06:11Z",
            "2025-05-21T16:06:15Z",
            "2025-05-21T16:06:20Z",
            "2025-05-21T16:06:21Z",
            "2025-05-21T16:06:27Z",
            "2025-05-21T16:06:33Z",
            "2025-05-21T16:06:34Z",
            "2025-05-21T16:06:38Z",
            "2025-05-21T16:06:43Z",
            "2025-05-21T16:06:44Z",
            "2025-05-21T16:06:50Z",
            "2025-05-21T16:06:57Z",
            "2025-05-21T16:06:58Z",
            "2025-05-21T16:07:05Z",
            "2025-05-21T16:07:17Z",
            "2025-05-21T16:07:18Z",
            "2025-05-21T16:07:24Z",
            "2025-05-21T16:07:30Z",
            "2025-05-21T16:07:31Z",
            "2025-05-21T16:07:36Z",
            "2025-05-21T16:07:44Z",
            "2025-05-21T16:07:50Z",
            "2025-05-21T16:07:51Z",
            "2025-05-21T16:08:04Z",
            "2025-05-21T16:08:08Z",
            "2025-05-21T16:08:09Z",
            "2025-05-21T16:08:12Z",
            "2025-05-21T16:08:25Z",
            "2025-05-21T16:08:29Z",
            "2025-05-21T16:08:30Z",
            "2025-05-21T16:08:33Z",
            "2025-05-21T16:08:44Z",
            "2025-05-21T16:08:47Z",
            "2025-05-21T16:08:50Z",
            "2025-05-21T16:08:56Z",
            "2025-05-21T16:08:57Z",
            "2025-05-21T16:08:58Z",
            "2025-05-21T16:09:01Z",
            "2025-05-21T16:09:05Z",
            "2025-05-21T16:09:16Z",
            "2025-05-21T16:09:19Z",
            "2025-05-21T16:09:20Z",
            "2025-05-21T16:09:25Z",
            "2025-05-21T16:09:33Z",
            "2025-05-21T16:09:34Z",
            "2025-05-21T16:09:41Z",
            "2025-05-21T16:09:44Z",
            "2025-05-21T16:09:53Z",
            "2025-05-21T16:09:54Z",
            "2025-05-21T16:09:58Z",
            "2025-05-21T16:10:09Z",
            "2025-05-21T16:10:15Z",
            "2025-05-21T16:10:19Z",
            "2025-05-21T16:10:20Z",
            "2025-05-21T16:10:24Z",
            "2025-05-21T16:10:34Z",
            "2025-05-21T16:10:38Z",
            "2025-05-21T16:10:41Z",
            "2025-05-21T16:10:42Z",
            "2025-05-21T16:10:47Z",
            "2025-05-21T16:10:52Z",
            "2025-05-21T16:10:59Z",
            "2025-05-21T16:11:04Z",
            "2025-05-21T16:11:05Z",
            "2025-05-21T16:11:09Z",
            "2025-05-21T16:11:33Z",
            "2025-05-21T16:11:45Z",
            "2025-05-21T16:11:46Z",
            "2025-05-21T16:11:51Z",
            "2025-05-21T16:11:54Z",
            "2025-05-21T16:12:01Z",
            "2025-05-21T16:12:10Z",
            "2025-05-21T16:12:11Z",
            "2025-05-21T16:12:19Z",
            "2025-05-21T16:12:32Z",
            "2025-05-21T16:12:33Z",
            "2025-05-21T16:12:40Z",
            "2025-05-21T16:12:44Z",
            "2025-05-21T16:12:53Z",
            "2025-05-21T16:12:54Z",
            "2025-05-21T16:13:03Z",
            "2025-05-21T16:13:06Z",
            "2025-05-21T16:13:07Z",
            "2025-05-21T16:13:18Z",
            "2025-05-21T16:13:19Z",
            "2025-05-21T16:13:34Z",
            "2025-05-21T16:13:35Z",
            "2025-05-21T16:13:43Z",
            "2025-05-21T16:13:50Z",
            "2025-05-21T16:13:51Z",
            "2025-05-21T16:14:00Z",
            "2025-05-21T16:14:09Z",
            "2025-05-21T16:14:10Z",
            "2025-05-21T16:14:11Z",
            "2025-05-21T16:14:13Z",
            "2025-05-21T16:14:17Z",
            "2025-05-21T16:14:21Z",
            "2025-05-21T16:14:26Z",
            "2025-05-21T16:14:27Z",
            "2025-05-21T16:14:30Z",
            "2025-05-21T16:14:33Z",
            "2025-05-21T16:14:35Z",
            "2025-05-21T16:15:25Z",
            "2025-05-21T16:15:28Z",
            "2025-05-21T16:15:29Z",
            "2025-05-21T16:15:30Z",
            "2025-05-21T16:15:48Z",
            "2025-05-21T16:16:10Z",
            "2025-05-21T16:16:31Z",
            "2025-05-21T16:16:34Z",
            "2025-05-21T16:16:42Z",
            "2025-05-21T16:16:43Z",
            "2025-05-21T16:16:49Z",
            "2025-05-21T16:16:55Z",
            "2025-05-21T16:17:00Z",
            "2025-05-21T16:17:01Z",
            "2025-05-21T16:17:06Z",
            "2025-05-21T16:17:08Z",
            "2025-05-21T16:17:18Z",
            "2025-05-21T16:17:20Z",
            "2025-05-21T16:17:21Z",
            "2025-05-21T16:17:23Z",
            "2025-05-21T16:17:27Z",
            "2025-05-21T16:17:29Z",
            "2025-05-21T16:17:32Z",
            "2025-05-21T16:17:33Z",
            "2025-05-21T16:17:35Z",
            "2025-05-21T16:17:40Z",
            "2025-05-21T16:17:42Z",
            "2025-05-21T16:17:43Z",
            "2025-05-21T16:17:49Z",
            "2025-05-21T16:17:51Z",
            "2025-05-21T16:17:53Z",
            "2025-05-21T16:17:54Z",
            "2025-05-21T16:18:02Z",
            "2025-05-21T16:18:07Z",
            "2025-05-21T16:18:09Z",
            "2025-05-21T16:18:12Z",
            "2025-05-21T16:18:13Z",
            "2025-05-21T16:18:14Z",
            "2025-05-21T16:18:19Z",
            "2025-05-21T16:18:25Z",
            "2025-05-21T16:18:26Z",
            "2025-05-21T16:18:31Z",
            "2025-05-21T16:18:33Z",
            "2025-05-21T16:18:39Z",
            "2025-05-21T16:18:53Z",
            "2025-05-21T16:18:54Z",
            "2025-05-21T16:19:07Z",
            "2025-05-21T16:19:08Z",
            "2025-05-21T16:19:11Z",
            "2025-05-21T16:19:22Z",
            "2025-05-21T16:19:23Z",
            "2025-05-21T16:19:27Z",
            "2025-05-21T16:19:35Z",
            "2025-05-21T16:19:37Z",
            "2025-05-21T16:19:40Z",
            "2025-05-21T16:19:41Z",
            "2025-05-21T16:19:44Z",
            "2025-05-21T16:19:53Z",
            "2025-05-21T16:19:58Z",
            "2025-05-21T16:19:59Z",
            "2025-05-21T16:20:06Z",
            "2025-05-21T16:20:13Z",
            "2025-05-21T16:20:14Z",
            "2025-05-21T16:20:22Z",
            "2025-05-21T16:20:25Z",
            "2025-05-21T16:20:26Z",
            "2025-05-21T16:20:34Z",
            "2025-05-21T16:20:40Z",
            "2025-05-21T16:20:41Z",
            "2025-05-21T16:21:12Z",
            "2025-05-21T16:21:19Z",
            "2025-05-21T16:21:20Z",
            "2025-05-21T16:21:36Z",
            "2025-05-21T16:21:37Z",
            "2025-05-21T16:21:45Z",
            "2025-05-21T16:21:54Z",
            "2025-05-21T16:21:55Z",
            "2025-05-21T16:22:00Z",
            "2025-05-21T16:22:03Z",
            "2025-05-21T16:22:05Z",
            "2025-05-21T16:22:10Z",
            "2025-05-21T16:22:11Z",
            "2025-05-21T16:22:15Z",
            "2025-05-21T16:22:19Z",
            "2025-05-21T16:22:21Z",
            "2025-05-21T16:22:23Z",
            "2025-05-21T16:22:26Z",
            "2025-05-21T16:22:27Z",
            "2025-05-21T16:22:28Z",
            "2025-05-21T16:22:58Z",
            "2025-05-21T16:23:11Z",
            "2025-05-21T16:23:12Z",
            "2025-05-21T16:23:26Z",
            "2025-05-21T16:23:31Z",
            "2025-05-21T16:23:32Z",
            "2025-05-21T16:23:42Z",
            "2025-05-21T16:23:46Z",
            "2025-05-21T16:23:47Z",
            "2025-05-21T16:24:02Z",
            "2025-05-21T16:24:13Z",
            "2025-05-21T16:24:14Z",
            "2025-05-21T16:24:19Z",
            "2025-05-21T16:24:23Z",
            "2025-05-21T16:24:30Z",
            "2025-05-21T16:24:37Z",
            "2025-05-21T16:24:38Z",
            "2025-05-21T16:24:45Z",
            "2025-05-21T16:24:52Z",
            "2025-05-21T16:24:54Z",
            "2025-05-21T16:24:55Z",
            "2025-05-21T16:24:57Z",
            "2025-05-21T16:25:02Z",
            "2025-05-21T16:25:13Z",
            "2025-05-21T16:25:20Z",
            "2025-05-21T16:25:21Z",
            "2025-05-21T16:25:22Z",
            "2025-05-21T16:25:24Z",
            "2025-05-21T16:25:26Z",
            "2025-05-21T16:25:29Z",
            "2025-05-21T16:25:32Z",
            "2025-05-21T16:25:36Z",
            "2025-05-21T16:25:37Z",
            "2025-05-21T16:25:45Z",
            "2025-05-21T16:25:53Z",
            "2025-05-21T16:25:54Z",
            "2025-05-21T16:25:55Z",
            "2025-05-21T16:25:58Z",
            "2025-05-21T16:26:01Z",
            "2025-05-21T16:26:06Z",
            "2025-05-21T16:26:08Z",
            "2025-05-21T16:26:11Z",
            "2025-05-21T16:26:23Z",
            "2025-05-21T16:26:24Z",
            "2025-05-21T16:26:27Z",
            "2025-05-21T16:26:34Z",
            "2025-05-21T16:26:39Z",
            "2025-05-21T16:26:40Z",
            "2025-05-21T16:26:45Z",
            "2025-05-21T16:26:51Z",
            "2025-05-21T16:26:57Z",
            "2025-05-21T16:26:58Z",
            "2025-05-21T16:27:03Z",
            "2025-05-21T16:27:10Z",
            "2025-05-21T16:27:11Z",
            "2025-05-21T16:27:14Z",
            "2025-05-21T16:27:23Z",
            "2025-05-21T16:27:26Z",
            "2025-05-21T16:27:27Z",
            "2025-05-21T16:27:34Z",
            "2025-05-21T16:27:41Z",
            "2025-05-21T16:27:42Z",
            "2025-05-21T16:27:47Z",
            "2025-05-21T16:27:54Z",
            "2025-05-21T16:27:56Z",
            "2025-05-21T16:27:57Z",
            "2025-05-21T16:28:02Z",
            "2025-05-21T16:28:11Z",
            "2025-05-21T16:28:12Z",
            "2025-05-21T16:28:14Z",
            "2025-05-21T16:28:20Z",
            "2025-05-21T16:28:25Z",
            "2025-05-21T16:28:26Z",
            "2025-05-21T16:28:29Z",
            "2025-05-21T16:28:36Z",
            "2025-05-21T16:28:39Z",
            "2025-05-21T16:28:40Z",
            "2025-05-21T16:28:47Z",
            "2025-05-21T16:28:54Z",
            "2025-05-21T16:28:55Z",
            "2025-05-21T16:29:06Z",
            "2025-05-21T16:29:07Z",
            "2025-05-21T16:29:20Z",
            "2025-05-21T16:29:21Z",
            "2025-05-21T16:29:27Z",
            "2025-05-21T16:29:34Z",
            "2025-05-21T16:29:39Z",
            "2025-05-21T16:29:40Z",
            "2025-05-21T16:29:47Z",
            "2025-05-21T16:29:51Z",
            "2025-05-21T16:29:58Z",
            "2025-05-21T16:29:59Z",
            "2025-05-21T16:30:06Z",
            "2025-05-21T16:30:26Z",
            "2025-05-21T16:30:27Z",
            "2025-05-21T16:30:32Z",
            "2025-05-21T16:30:38Z",
            "2025-05-21T16:30:39Z",
            "2025-05-21T16:30:43Z",
            "2025-05-21T16:30:46Z",
            "2025-05-21T16:30:50Z",
            "2025-05-21T16:30:51Z",
            "2025-05-21T16:30:54Z",
            "2025-05-21T16:31:01Z",
            "2025-05-21T16:31:05Z",
            "2025-05-21T16:31:06Z",
            "2025-05-21T16:31:15Z",
            "2025-05-21T16:31:19Z",
            "2025-05-21T16:31:20Z",
            "2025-05-21T16:31:34Z",
            "2025-05-21T16:31:35Z",
            "2025-05-21T16:31:42Z",
            "2025-05-21T16:31:48Z",
            "2025-05-21T16:31:53Z",
            "2025-05-21T16:31:54Z",
            "2025-05-21T16:32:06Z",
            "2025-05-21T16:32:07Z",
            "2025-05-21T16:32:12Z",
            "2025-05-21T16:32:21Z",
            "2025-05-21T16:32:22Z",
            "2025-05-21T16:32:27Z",
            "2025-05-21T16:32:36Z",
            "2025-05-21T16:32:37Z",
            "2025-05-21T16:32:50Z",
            "2025-05-21T16:32:51Z",
            "2025-05-21T16:32:55Z",
            "2025-05-21T16:33:05Z",
            "2025-05-21T16:33:06Z",
            "2025-05-21T16:33:09Z",
            "2025-05-21T16:33:21Z",
            "2025-05-21T16:33:22Z",
            "2025-05-21T16:33:29Z",
            "2025-05-21T16:33:37Z",
            "2025-05-21T16:33:38Z",
            "2025-05-21T16:33:48Z",
            "2025-05-21T16:33:53Z",
            "2025-05-21T16:33:54Z",
            "2025-05-21T16:34:10Z",
            "2025-05-21T16:34:11Z",
            "2025-05-21T16:34:20Z",
            "2025-05-21T16:34:23Z",
            "2025-05-21T16:34:24Z",
            "2025-05-21T16:34:29Z",
            "2025-05-21T16:34:33Z",
            "2025-05-21T16:34:40Z",
            "2025-05-21T16:34:41Z",
            "2025-05-21T16:34:54Z",
            "2025-05-21T16:34:55Z",
            "2025-05-21T16:35:08Z",
            "2025-05-21T16:35:09Z",
            "2025-05-21T16:35:21Z",
            "2025-05-21T16:35:27Z",
            "2025-05-21T16:35:28Z",
            "2025-05-21T16:35:37Z",
            "2025-05-21T16:35:42Z",
            "2025-05-21T16:35:43Z",
            "2025-05-21T16:35:53Z",
            "2025-05-21T16:35:54Z",
            "2025-05-21T16:35:58Z",
            "2025-05-21T16:36:00Z",
            "2025-05-21T16:36:08Z",
            "2025-05-21T16:36:11Z",
            "2025-05-21T16:36:12Z",
            "2025-05-21T16:36:19Z",
            "2025-05-21T16:36:21Z",
            "2025-05-21T16:36:29Z",
            "2025-05-21T16:36:30Z",
            "2025-05-21T16:36:38Z",
            "2025-05-21T16:36:42Z",
            "2025-05-21T16:36:47Z",
            "2025-05-21T16:36:48Z",
            "2025-05-21T16:36:53Z",
            "2025-05-21T16:37:08Z",
            "2025-05-21T16:37:12Z",
            "2025-05-21T16:37:13Z",
            "2025-05-21T16:37:25Z",
            "2025-05-21T16:37:29Z",
            "2025-05-21T16:37:32Z",
            "2025-05-21T16:37:33Z",
            "2025-05-21T16:37:48Z",
            "2025-05-21T16:37:56Z",
            "2025-05-21T16:37:57Z",
            "2025-05-21T16:38:08Z",
            "2025-05-21T16:38:12Z",
            "2025-05-21T16:38:13Z",
            "2025-05-21T16:38:25Z",
            "2025-05-21T16:38:26Z",
            "2025-05-21T16:38:31Z",
            "2025-05-21T16:38:36Z",
            "2025-05-21T16:38:39Z",
            "2025-05-21T16:38:40Z",
            "2025-05-21T16:38:45Z",
            "2025-05-21T16:38:52Z",
            "2025-05-21T16:38:57Z",
            "2025-05-21T16:38:58Z",
            "2025-05-21T16:39:01Z",
            "2025-05-21T16:39:07Z",
            "2025-05-21T16:39:23Z",
            "2025-05-21T16:39:24Z",
            "2025-05-21T16:39:27Z",
            "2025-05-21T16:39:30Z",
            "2025-05-21T16:39:43Z",
            "2025-05-21T16:39:44Z",
            "2025-05-21T16:40:18Z",
            "2025-05-21T16:40:21Z",
            "2025-05-21T16:40:22Z",
            "2025-05-21T16:40:40Z",
            "2025-05-21T16:40:50Z",
            "2025-05-21T16:40:54Z",
            "2025-05-21T16:40:57Z",
            "2025-05-21T16:40:58Z",
            "2025-05-21T16:41:26Z",
            "2025-05-21T16:41:35Z",
            "2025-05-21T16:41:36Z",
            "2025-05-21T16:41:41Z",
            "2025-05-21T16:41:44Z",
            "2025-05-21T16:41:49Z",
            "2025-05-21T16:41:50Z",
            "2025-05-21T16:42:00Z",
            "2025-05-21T16:42:05Z",
            "2025-05-21T16:42:06Z",
            "2025-05-21T16:42:11Z",
            "2025-05-21T16:42:17Z",
            "2025-05-21T16:42:36Z",
            "2025-05-21T16:42:37Z",
            "2025-05-21T16:42:38Z",
            "2025-05-21T16:42:45Z",
            "2025-05-21T16:42:50Z",
            "2025-05-21T16:42:55Z",
            "2025-05-21T16:42:56Z",
            "2025-05-21T16:43:12Z",
            "2025-05-21T16:43:13Z",
            "2025-05-21T16:43:23Z",
            "2025-05-21T16:43:28Z",
            "2025-05-21T16:43:29Z",
            "2025-05-21T16:43:40Z",
            "2025-05-21T16:43:44Z",
            "2025-05-21T16:43:45Z",
            "2025-05-21T16:43:50Z",
            "2025-05-21T16:43:58Z",
            "2025-05-21T16:43:59Z",
            "2025-05-21T16:44:12Z",
            "2025-05-21T16:44:13Z",
            "2025-05-21T16:44:20Z",
            "2025-05-21T16:44:27Z",
            "2025-05-21T16:44:28Z",
            "2025-05-21T16:44:37Z",
            "2025-05-21T16:44:44Z",
            "2025-05-21T16:44:45Z",
            "2025-05-21T16:45:25Z",
            "2025-05-21T16:45:32Z",
            "2025-05-21T16:45:36Z",
            "2025-05-21T16:45:37Z",
            "2025-05-21T16:45:50Z",
            "2025-05-21T16:45:56Z",
            "2025-05-21T16:45:57Z",
            "2025-05-21T16:46:00Z",
            "2025-05-21T16:46:09Z",
            "2025-05-21T16:46:10Z",
            "2025-05-21T16:46:15Z",
            "2025-05-21T16:46:23Z",
            "2025-05-21T16:46:30Z",
            "2025-05-21T16:46:31Z",
            "2025-05-21T16:46:36Z",
            "2025-05-21T16:46:40Z",
            "2025-05-21T16:46:45Z",
            "2025-05-21T16:46:49Z",
            "2025-05-21T16:46:50Z",
            "2025-05-21T16:47:05Z",
            "2025-05-21T16:47:06Z",
            "2025-05-21T16:47:14Z",
            "2025-05-21T16:47:17Z",
            "2025-05-21T16:47:24Z",
            "2025-05-21T16:47:29Z",
            "2025-05-21T16:47:30Z",
            "2025-05-21T16:47:31Z",
            "2025-05-21T16:47:32Z",
            "2025-05-21T16:47:35Z",
            "2025-05-21T16:47:37Z",
            "2025-05-21T16:47:39Z",
            "2025-05-21T16:47:41Z",
            "2025-05-21T16:47:42Z",
            "2025-05-21T16:47:45Z",
            "2025-05-21T16:47:52Z",
            "2025-05-21T16:48:00Z",
            "2025-05-21T16:48:01Z",
            "2025-05-21T16:48:05Z",
            "2025-05-21T16:48:11Z",
            "2025-05-21T16:48:14Z",
            "2025-05-21T16:48:15Z",
            "2025-05-21T16:48:29Z",
            "2025-05-21T16:48:30Z",
            "2025-05-21T16:48:33Z",
            "2025-05-21T16:48:38Z",
            "2025-05-21T16:48:45Z",
            "2025-05-21T16:48:46Z",
            "2025-05-21T16:48:52Z",
            "2025-05-21T16:48:56Z",
            "2025-05-21T16:48:58Z",
            "2025-05-21T16:48:59Z",
            "2025-05-21T16:49:09Z",
            "2025-05-21T16:49:16Z",
            "2025-05-21T16:49:17Z",
            "2025-05-21T16:49:24Z",
            "2025-05-21T16:49:30Z",
            "2025-05-21T16:49:31Z",
            "2025-05-21T16:49:34Z",
            "2025-05-21T16:49:37Z",
            "2025-05-21T16:49:41Z",
            "2025-05-21T16:49:47Z",
            "2025-05-21T16:49:48Z",
            "2025-05-21T16:49:54Z",
            "2025-05-21T16:50:00Z",
            "2025-05-21T16:50:01Z",
            "2025-05-21T16:50:07Z",
            "2025-05-21T16:50:10Z",
            "2025-05-21T16:50:15Z",
            "2025-05-21T16:50:16Z",
            "2025-05-21T16:50:25Z",
            "2025-05-21T16:50:31Z",
            "2025-05-21T16:50:32Z",
            "2025-05-21T16:50:33Z",
            "2025-05-21T16:50:48Z",
            "2025-05-21T16:50:56Z",
            "2025-05-21T16:51:01Z",
            "2025-05-21T16:51:02Z",
            "2025-05-21T16:51:58Z",
            "2025-05-21T16:52:09Z",
            "2025-05-21T16:52:14Z",
            "2025-05-21T16:52:15Z",
            "2025-05-21T16:52:21Z",
            "2025-05-21T16:52:26Z",
            "2025-05-21T16:52:27Z",
            "2025-05-21T16:52:28Z",
            "2025-05-21T16:52:48Z",
            "2025-05-21T16:52:50Z",
            "2025-05-21T16:52:51Z",
            "2025-05-21T16:53:03Z",
            "2025-05-21T16:53:35Z",
            "2025-05-21T16:53:41Z",
            "2025-05-21T16:53:42Z",
            "2025-05-21T16:53:55Z",
            "2025-05-21T16:54:17Z",
            "2025-05-21T16:54:23Z",
            "2025-05-21T16:54:32Z",
            "2025-05-21T16:54:33Z",
            "2025-05-21T16:54:40Z",
            "2025-05-21T16:54:45Z",
            "2025-05-21T16:55:33Z",
            "2025-05-21T16:56:19Z",
            "2025-05-21T16:56:32Z",
            "2025-05-21T16:57:11Z",
            "2025-05-21T16:57:34Z",
            "2025-05-21T16:57:35Z",
            "2025-05-21T16:57:36Z",
            "2025-05-21T16:57:37Z",
            "2025-05-21T16:57:45Z",
            "2025-05-21T16:57:49Z",
            "2025-05-21T16:57:55Z",
            "2025-05-21T16:57:56Z",
            "2025-05-21T16:58:04Z",
            "2025-05-21T16:58:14Z",
            "2025-05-21T16:58:18Z",
            "2025-05-21T16:58:19Z",
            "2025-05-21T16:58:22Z",
            "2025-05-21T16:58:25Z",
            "2025-05-21T16:58:29Z",
            "2025-05-21T16:58:31Z",
            "2025-05-21T16:58:36Z",
            "2025-05-21T16:58:37Z",
            "2025-05-21T16:58:47Z",
            "2025-05-21T16:58:50Z",
            "2025-05-21T16:58:51Z",
            "2025-05-21T16:58:56Z",
            "2025-05-21T16:59:04Z",
            "2025-05-21T16:59:12Z",
            "2025-05-21T16:59:15Z",
            "2025-05-21T16:59:16Z",
            "2025-05-21T16:59:21Z",
            "2025-05-21T16:59:29Z",
            "2025-05-21T16:59:30Z",
            "2025-05-21T16:59:41Z",
            "2025-05-21T16:59:42Z",
            "2025-05-21T16:59:54Z",
            "2025-05-21T16:59:55Z",
            "2025-05-21T17:00:04Z",
            "2025-05-21T17:00:05Z",
            "2025-05-21T17:00:15Z",
            "2025-05-21T17:00:18Z",
            "2025-05-21T17:00:21Z",
            "2025-05-21T17:00:22Z",
            "2025-05-21T17:00:35Z",
            "2025-05-21T17:00:36Z",
            "2025-05-21T17:00:42Z",
            "2025-05-21T17:00:46Z",
            "2025-05-21T17:00:48Z",
            "2025-05-21T17:00:49Z",
            "2025-05-21T17:00:59Z",
            "2025-05-21T17:01:00Z",
            "2025-05-21T17:01:03Z",
            "2025-05-21T17:01:13Z",
            "2025-05-21T17:01:14Z",
            "2025-05-21T17:01:15Z",
            "2025-05-21T17:01:26Z",
            "2025-05-21T17:01:41Z",
            "2025-05-21T17:02:27Z",
            "2025-05-21T17:02:28Z",
            "2025-05-21T17:02:41Z",
            "2025-05-21T17:02:42Z",
            "2025-05-21T17:02:47Z",
            "2025-05-21T17:02:48Z",
            "2025-05-21T17:02:53Z",
            "2025-05-21T17:02:59Z",
            "2025-05-21T17:03:00Z",
            "2025-05-21T17:03:08Z",
            "2025-05-21T17:03:11Z",
            "2025-05-21T17:03:12Z",
            "2025-05-21T17:03:16Z",
            "2025-05-21T17:03:24Z",
            "2025-05-21T17:03:25Z",
            "2025-05-21T17:03:29Z",
            "2025-05-21T17:03:31Z",
            "2025-05-21T17:03:37Z",
            "2025-05-21T17:03:41Z",
            "2025-05-21T17:03:42Z",
            "2025-05-21T17:03:51Z",
            "2025-05-21T17:03:52Z",
            "2025-05-21T17:03:57Z",
            "2025-05-21T17:04:00Z",
            "2025-05-21T17:04:02Z",
            "2025-05-21T17:04:08Z",
            "2025-05-21T17:04:09Z",
            "2025-05-21T17:04:12Z",
            "2025-05-21T17:04:17Z",
            "2025-05-21T17:04:19Z",
            "2025-05-21T17:04:21Z",
            "2025-05-21T17:04:22Z",
            "2025-05-21T17:04:27Z",
            "2025-05-21T17:04:34Z",
            "2025-05-21T17:04:35Z",
            "2025-05-21T17:04:47Z",
            "2025-05-21T17:04:48Z",
            "2025-05-21T17:04:51Z",
            "2025-05-21T17:05:00Z",
            "2025-05-21T17:05:01Z",
            "2025-05-21T17:05:06Z",
            "2025-05-21T17:05:11Z",
            "2025-05-21T17:05:17Z",
            "2025-05-21T17:05:18Z",
            "2025-05-21T17:05:24Z",
            "2025-05-21T17:05:30Z",
            "2025-05-21T17:05:33Z",
            "2025-05-21T17:05:34Z",
            "2025-05-21T17:05:42Z",
            "2025-05-21T17:05:48Z",
            "2025-05-21T17:05:49Z",
            "2025-05-21T17:06:02Z",
            "2025-05-21T17:06:03Z",
            "2025-05-21T17:06:17Z",
            "2025-05-21T17:06:18Z",
            "2025-05-21T17:06:25Z",
            "2025-05-21T17:06:36Z",
            "2025-05-21T17:06:40Z",
            "2025-05-21T17:06:41Z",
            "2025-05-21T17:06:45Z",
            "2025-05-21T17:06:51Z",
            "2025-05-21T17:06:55Z",
            "2025-05-21T17:06:57Z",
            "2025-05-21T17:06:58Z",
            "2025-05-21T17:07:02Z",
            "2025-05-21T17:07:08Z",
            "2025-05-21T17:07:09Z",
            "2025-05-21T17:07:13Z",
            "2025-05-21T17:07:16Z",
            "2025-05-21T17:07:19Z",
            "2025-05-21T17:07:20Z",
            "2025-05-21T17:07:26Z",
            "2025-05-21T17:07:34Z",
            "2025-05-21T17:07:36Z",
            "2025-05-21T17:07:37Z",
            "2025-05-21T17:07:38Z",
            "2025-05-21T17:07:39Z",
            "2025-05-21T17:07:52Z",
            "2025-05-21T17:07:58Z",
            "2025-05-21T17:08:05Z",
            "2025-05-21T17:08:10Z",
            "2025-05-21T17:08:11Z",
            "2025-05-21T17:08:17Z",
            "2025-05-21T17:08:23Z",
            "2025-05-21T17:08:24Z",
            "2025-05-21T17:08:28Z",
            "2025-05-21T17:08:37Z",
            "2025-05-21T17:08:42Z",
            "2025-05-21T17:08:43Z",
            "2025-05-21T17:08:44Z",
            "2025-05-21T17:08:47Z",
            "2025-05-21T17:09:03Z",
            "2025-05-21T17:09:04Z",
            "2025-05-21T17:09:11Z",
            "2025-05-21T17:09:21Z",
            "2025-05-21T17:09:23Z",
            "2025-05-21T17:09:24Z",
            "2025-05-21T17:09:28Z",
            "2025-05-21T17:09:30Z",
            "2025-05-21T17:09:37Z",
            "2025-05-21T17:09:38Z",
            "2025-05-21T17:09:41Z",
            "2025-05-21T17:09:46Z",
            "2025-05-21T17:09:50Z",
            "2025-05-21T17:09:51Z",
            "2025-05-21T17:10:01Z",
            "2025-05-21T17:10:02Z",
            "2025-05-21T17:10:13Z",
            "2025-05-21T17:10:14Z",
            "2025-05-21T17:10:17Z",
            "2025-05-21T17:10:28Z",
            "2025-05-21T17:10:29Z",
            "2025-05-21T17:10:39Z",
            "2025-05-21T17:10:44Z",
            "2025-05-21T17:10:49Z",
            "2025-05-21T17:10:50Z",
            "2025-05-21T17:10:54Z",
            "2025-05-21T17:10:56Z",
            "2025-05-21T17:11:01Z",
            "2025-05-21T17:11:02Z",
            "2025-05-21T17:11:06Z",
            "2025-05-21T17:11:15Z",
            "2025-05-21T17:11:20Z",
            "2025-05-21T17:11:21Z",
            "2025-05-21T17:11:25Z",
            "2025-05-21T17:11:31Z",
            "2025-05-21T17:11:33Z",
            "2025-05-21T17:11:53Z",
            "2025-05-21T17:11:54Z",
            "2025-05-21T17:11:57Z",
            "2025-05-21T17:12:03Z",
            "2025-05-21T17:12:04Z",
            "2025-05-21T17:12:09Z",
            "2025-05-21T17:12:14Z",
            "2025-05-21T17:12:15Z",
            "2025-05-21T17:12:20Z",
            "2025-05-21T17:12:23Z",
            "2025-05-21T17:12:30Z",
            "2025-05-21T17:12:31Z",
            "2025-05-21T17:12:36Z",
            "2025-05-21T17:12:41Z",
            "2025-05-21T17:12:45Z",
            "2025-05-21T17:12:46Z",
            "2025-05-21T17:12:55Z",
            "2025-05-21T17:12:59Z",
            "2025-05-21T17:13:00Z",
            "2025-05-21T17:13:05Z",
            "2025-05-21T17:13:13Z",
            "2025-05-21T17:13:14Z",
            "2025-05-21T17:13:21Z",
            "2025-05-21T17:13:28Z",
            "2025-05-21T17:13:29Z",
            "2025-05-21T17:13:31Z",
            "2025-05-21T17:13:39Z",
            "2025-05-21T17:13:40Z",
            "2025-05-21T17:13:47Z",
            "2025-05-21T17:13:50Z",
            "2025-05-21T17:13:51Z",
            "2025-05-21T17:14:04Z",
            "2025-05-21T17:14:05Z",
            "2025-05-21T17:14:10Z",
            "2025-05-21T17:14:12Z",
            "2025-05-21T17:14:15Z",
            "2025-05-21T17:14:18Z",
            "2025-05-21T17:14:19Z",
            "2025-05-21T17:14:30Z",
            "2025-05-21T17:14:33Z",
            "2025-05-21T17:14:34Z",
            "2025-05-21T17:14:43Z",
            "2025-05-21T17:14:47Z",
            "2025-05-21T17:14:48Z",
            "2025-05-21T17:15:01Z",
            "2025-05-21T17:15:02Z",
            "2025-05-21T17:15:05Z",
            "2025-05-21T17:15:14Z",
            "2025-05-21T17:15:15Z",
            "2025-05-21T17:15:27Z",
            "2025-05-21T17:15:33Z",
            "2025-05-21T17:15:34Z",
            "2025-05-21T17:15:37Z",
            "2025-05-21T17:15:39Z",
            "2025-05-21T17:15:43Z",
            "2025-05-21T17:15:45Z",
            "2025-05-21T17:15:46Z",
            "2025-05-21T17:15:50Z",
            "2025-05-21T17:15:54Z",
            "2025-05-21T17:15:56Z",
            "2025-05-21T17:16:06Z",
            "2025-05-21T17:16:15Z",
            "2025-05-21T17:16:16Z",
            "2025-05-21T17:16:17Z",
            "2025-05-21T17:16:23Z",
            "2025-05-21T17:16:27Z",
            "2025-05-21T17:16:28Z",
            "2025-05-21T17:16:33Z",
            "2025-05-21T17:16:38Z",
            "2025-05-21T17:16:42Z",
            "2025-05-21T17:16:43Z",
            "2025-05-21T17:16:55Z",
            "2025-05-21T17:16:57Z",
            "2025-05-21T17:17:00Z",
            "2025-05-21T17:17:01Z",
            "2025-05-21T17:17:06Z",
            "2025-05-21T17:17:12Z",
            "2025-05-21T17:17:14Z",
            "2025-05-21T17:17:17Z",
            "2025-05-21T17:17:18Z",
            "2025-05-21T17:17:27Z",
            "2025-05-21T17:17:29Z",
            "2025-05-21T17:17:50Z",
            "2025-05-21T17:17:51Z",
            "2025-05-21T17:17:54Z",
            "2025-05-21T17:18:02Z",
            "2025-05-21T17:18:13Z",
            "2025-05-21T17:18:24Z",
            "2025-05-21T17:18:25Z",
            "2025-05-21T17:18:26Z",
            "2025-05-21T17:18:32Z",
            "2025-05-21T17:18:45Z",
            "2025-05-21T17:19:03Z",
            "2025-05-21T17:19:17Z",
            "2025-05-21T17:19:18Z",
            "2025-05-21T17:19:35Z",
            "2025-05-21T17:19:44Z",
            "2025-05-21T17:19:49Z",
            "2025-05-21T17:19:57Z",
            "2025-05-21T17:19:58Z",
            "2025-05-21T17:20:16Z",
            "2025-05-21T17:20:23Z",
            "2025-05-21T17:20:25Z",
            "2025-05-21T17:20:26Z",
            "2025-05-21T17:20:31Z",
            "2025-05-21T17:20:36Z",
            "2025-05-21T17:20:37Z",
            "2025-05-21T17:20:41Z",
            "2025-05-21T17:20:45Z",
            "2025-05-21T17:20:46Z",
            "2025-05-21T17:20:47Z",
            "2025-05-21T17:20:51Z",
            "2025-05-21T17:20:53Z",
            "2025-05-21T17:21:07Z",
            "2025-05-21T17:21:11Z",
            "2025-05-21T17:21:12Z",
            "2025-05-21T17:21:15Z",
            "2025-05-21T17:21:20Z",
            "2025-05-21T17:21:25Z",
            "2025-05-21T17:21:26Z",
            "2025-05-21T17:21:36Z",
            "2025-05-21T17:21:39Z",
            "2025-05-21T17:21:40Z",
            "2025-05-21T17:21:55Z",
            "2025-05-21T17:21:56Z",
            "2025-05-21T17:22:06Z",
            "2025-05-21T17:22:07Z",
            "2025-05-21T17:22:13Z",
            "2025-05-21T17:22:22Z",
            "2025-05-21T17:22:23Z",
            "2025-05-21T17:22:30Z",
            "2025-05-21T17:22:36Z",
            "2025-05-21T17:22:37Z",
            "2025-05-21T17:22:46Z",
            "2025-05-21T17:22:54Z",
            "2025-05-21T17:22:55Z",
            "2025-05-21T17:22:59Z",
            "2025-05-21T17:23:05Z",
            "2025-05-21T17:23:06Z",
            "2025-05-21T17:23:16Z",
            "2025-05-21T17:23:21Z",
            "2025-05-21T17:23:22Z",
            "2025-05-21T17:23:36Z",
            "2025-05-21T17:23:37Z",
            "2025-05-21T17:23:39Z",
            "2025-05-21T17:23:41Z",
            "2025-05-21T17:23:49Z",
            "2025-05-21T17:23:50Z",
            "2025-05-21T17:23:54Z",
            "2025-05-21T17:24:03Z",
            "2025-05-21T17:24:04Z",
            "2025-05-21T17:24:13Z",
            "2025-05-21T17:24:18Z",
            "2025-05-21T17:24:19Z",
            "2025-05-21T17:24:24Z",
            "2025-05-21T17:24:34Z",
            "2025-05-21T17:24:35Z",
            "2025-05-21T17:24:40Z",
            "2025-05-21T17:24:48Z",
            "2025-05-21T17:24:49Z",
            "2025-05-21T17:24:55Z",
            "2025-05-21T17:25:02Z",
            "2025-05-21T17:25:03Z",
            "2025-05-21T17:25:08Z",
            "2025-05-21T17:25:15Z",
            "2025-05-21T17:25:16Z",
            "2025-05-21T17:25:27Z",
            "2025-05-21T17:25:28Z",
            "2025-05-21T17:25:36Z",
            "2025-05-21T17:25:41Z",
            "2025-05-21T17:25:42Z",
            "2025-05-21T17:25:44Z",
            "2025-05-21T17:25:52Z",
            "2025-05-21T17:25:53Z",
            "2025-05-21T17:26:06Z",
            "2025-05-21T17:26:07Z",
            "2025-05-21T17:26:18Z",
            "2025-05-21T17:26:19Z",
            "2025-05-21T17:26:35Z",
            "2025-05-21T17:26:36Z",
            "2025-05-21T17:26:50Z",
            "2025-05-21T17:26:51Z",
            "2025-05-21T17:27:02Z",
            "2025-05-21T17:27:03Z",
            "2025-05-21T17:27:17Z",
            "2025-05-21T17:27:18Z",
            "2025-05-21T17:27:24Z",
            "2025-05-21T17:27:30Z",
            "2025-05-21T17:27:31Z",
            "2025-05-21T17:27:33Z",
            "2025-05-21T17:27:35Z",
            "2025-05-21T17:27:42Z",
            "2025-05-21T17:27:44Z",
            "2025-05-21T17:27:45Z",
            "2025-05-21T17:27:50Z",
            "2025-05-21T17:28:03Z",
            "2025-05-21T17:28:04Z",
            "2025-05-21T17:28:42Z",
            "2025-05-21T17:28:43Z",
            "2025-05-21T17:28:51Z",
            "2025-05-21T17:28:53Z",
            "2025-05-21T17:28:54Z",
            "2025-05-21T17:28:59Z",
            "2025-05-21T17:29:02Z",
            "2025-05-21T17:29:05Z",
            "2025-05-21T17:29:06Z",
            "2025-05-21T17:29:11Z",
            "2025-05-21T17:29:15Z",
            "2025-05-21T17:29:16Z",
            "2025-05-21T17:29:21Z",
            "2025-05-21T17:29:28Z",
            "2025-05-21T17:29:29Z",
            "2025-05-21T17:29:39Z",
            "2025-05-21T17:29:41Z",
            "2025-05-21T17:29:42Z",
            "2025-05-21T17:29:45Z",
            "2025-05-21T17:29:53Z",
            "2025-05-21T17:29:54Z",
            "2025-05-21T17:30:01Z",
            "2025-05-21T17:30:08Z",
            "2025-05-21T17:30:09Z",
            "2025-05-21T17:30:20Z",
            "2025-05-21T17:30:29Z",
            "2025-05-21T17:30:30Z",
            "2025-05-21T17:30:36Z",
            "2025-05-21T17:30:37Z",
            "2025-05-21T17:30:42Z",
            "2025-05-21T17:30:43Z",
            "2025-05-21T17:30:52Z",
            "2025-05-21T17:30:56Z",
            "2025-05-21T17:30:59Z",
            "2025-05-21T17:31:00Z",
            "2025-05-21T17:31:03Z",
            "2025-05-21T17:31:11Z",
            "2025-05-21T17:31:12Z",
            "2025-05-21T17:31:14Z",
            "2025-05-21T17:31:17Z",
            "2025-05-21T17:31:23Z",
            "2025-05-21T17:31:24Z",
            "2025-05-21T17:31:29Z",
            "2025-05-21T17:31:35Z",
            "2025-05-21T17:31:39Z",
            "2025-05-21T17:31:40Z",
            "2025-05-21T17:31:43Z",
            "2025-05-21T17:31:45Z",
            "2025-05-21T17:31:49Z",
            "2025-05-21T17:31:50Z",
            "2025-05-21T17:31:51Z",
            "2025-05-21T17:31:56Z",
            "2025-05-21T17:32:01Z",
            "2025-05-21T17:32:05Z",
            "2025-05-21T17:32:06Z",
            "2025-05-21T17:32:07Z",
            "2025-05-21T17:32:08Z",
            "2025-05-21T17:32:21Z",
            "2025-05-21T17:33:44Z",
            "2025-05-21T17:33:49Z",
            "2025-05-21T17:33:54Z",
            "2025-05-21T17:33:55Z",
            "2025-05-21T17:34:02Z",
            "2025-05-21T17:34:05Z",
            "2025-05-21T17:34:06Z",
            "2025-05-21T17:34:12Z",
            "2025-05-21T17:34:19Z",
            "2025-05-21T17:34:20Z",
            "2025-05-21T17:34:29Z",
            "2025-05-21T17:34:33Z",
            "2025-05-21T17:34:34Z",
            "2025-05-21T17:34:42Z",
            "2025-05-21T17:34:49Z",
            "2025-05-21T17:34:50Z",
            "2025-05-21T17:34:53Z",
            "2025-05-21T17:35:07Z",
            "2025-05-21T17:35:14Z",
            "2025-05-21T17:35:15Z",
            "2025-05-21T17:35:18Z",
            "2025-05-21T17:35:40Z",
            "2025-05-21T17:35:43Z",
            "2025-05-21T17:35:45Z",
            "2025-05-21T17:35:46Z",
            "2025-05-21T17:35:53Z",
            "2025-05-21T17:35:59Z",
            "2025-05-21T17:36:01Z",
            "2025-05-21T17:36:02Z",
            "2025-05-21T17:36:07Z",
            "2025-05-21T17:36:12Z",
            "2025-05-21T17:36:13Z",
            "2025-05-21T17:36:19Z",
            "2025-05-21T17:36:24Z",
            "2025-05-21T17:36:27Z",
            "2025-05-21T17:36:28Z",
            "2025-05-21T17:36:35Z",
            "2025-05-21T17:36:42Z",
            "2025-05-21T17:36:43Z",
            "2025-05-21T17:36:46Z",
            "2025-05-21T17:36:54Z",
            "2025-05-21T17:36:57Z",
            "2025-05-21T17:36:58Z",
            "2025-05-21T17:37:00Z",
            "2025-05-21T17:37:09Z",
            "2025-05-21T17:37:10Z",
            "2025-05-21T17:37:17Z",
            "2025-05-21T17:37:21Z",
            "2025-05-21T17:37:22Z",
            "2025-05-21T17:37:25Z",
            "2025-05-21T17:37:30Z",
            "2025-05-21T17:37:34Z",
            "2025-05-21T17:37:35Z",
            "2025-05-21T17:37:38Z",
            "2025-05-21T17:37:42Z",
            "2025-05-21T17:37:49Z",
            "2025-05-21T17:37:50Z",
            "2025-05-21T17:37:53Z",
            "2025-05-21T17:38:01Z",
            "2025-05-21T17:38:02Z",
            "2025-05-21T17:38:07Z",
            "2025-05-21T17:38:13Z",
            "2025-05-21T17:38:17Z",
            "2025-05-21T17:38:18Z",
            "2025-05-21T17:38:19Z",
            "2025-05-21T17:38:23Z",
            "2025-05-21T17:38:27Z",
            "2025-05-21T17:38:28Z",
            "2025-05-21T17:38:36Z",
            "2025-05-21T17:38:42Z",
            "2025-05-21T17:38:43Z",
            "2025-05-21T17:38:56Z",
            "2025-05-21T17:38:57Z",
            "2025-05-21T17:39:06Z",
            "2025-05-21T17:39:07Z",
            "2025-05-21T17:39:16Z",
            "2025-05-21T17:39:21Z",
            "2025-05-21T17:39:22Z",
            "2025-05-21T17:39:25Z",
            "2025-05-21T17:39:28Z",
            "2025-05-21T17:39:33Z",
            "2025-05-21T17:39:42Z",
            "2025-05-21T17:39:49Z",
            "2025-05-21T17:39:50Z",
            "2025-05-21T17:39:51Z",
            "2025-05-21T17:39:57Z",
            "2025-05-21T17:40:03Z",
            "2025-05-21T17:40:14Z",
            "2025-05-21T17:40:15Z",
            "2025-05-21T17:40:24Z",
            "2025-05-21T17:41:10Z",
            "2025-05-21T17:41:41Z",
            "2025-05-21T17:42:03Z",
            "2025-05-21T17:42:04Z",
            "2025-05-21T17:42:22Z",
            "2025-05-21T17:43:36Z",
            "2025-05-21T17:43:43Z",
            "2025-05-21T17:43:57Z",
            "2025-05-21T17:44:02Z",
            "2025-05-21T17:44:03Z",
            "2025-05-21T17:44:04Z",
            "2025-05-21T17:44:05Z",
            "2025-05-21T17:44:15Z",
            "2025-05-21T17:44:25Z",
            "2025-05-21T17:44:27Z",
            "2025-05-21T17:44:36Z",
            "2025-05-21T17:44:41Z",
            "2025-05-21T17:44:42Z",
            "2025-05-21T17:44:44Z"
          ]
        }
      },
      "geometry": {
        "type": "LineString",
        "coordinates": [
          [8.183898, 46.727374, 581.9],
          [8.183858, 46.727385, 586.8],
          [8.18386, 46.727341, 580],
          [8.183986, 46.72729, 581],
          [8.183996, 46.727283, 581],
          [8.184103, 46.727243, 582.6],
          [8.184253, 46.72722, 585],
          [8.184271, 46.727217, 585.9],
          [8.184521, 46.72716, 587.5],
          [8.184537, 46.727157, 587.5],
          [8.184644, 46.727145, 588.5],
          [8.184781, 46.727162, 593.7],
          [8.184803, 46.72717, 593.9],
          [8.185035, 46.727227, 597],
          [8.185052, 46.727229, 596.9],
          [8.185137, 46.727244, 597.3],
          [8.185292, 46.727232, 598],
          [8.185306, 46.727232, 597.9],
          [8.185558, 46.727217, 597.3],
          [8.185578, 46.727209, 595.7],
          [8.185632, 46.727201, 594.8],
          [8.185689, 46.727216, 597.5],
          [8.18575, 46.727202, 598.7],
          [8.185802, 46.727177, 598.7],
          [8.185824, 46.727165, 599.1],
          [8.185899, 46.727158, 598.8],
          [8.186, 46.727126, 597.2],
          [8.186064, 46.727128, 598],
          [8.186088, 46.727129, 598.3],
          [8.186209, 46.727201, 595.7],
          [8.186253, 46.727203, 595.5],
          [8.186276, 46.727195, 596],
          [8.186505, 46.727169, 597.3],
          [8.186515, 46.727167, 597],
          [8.186599, 46.727157, 597.4],
          [8.186661, 46.727164, 597.6],
          [8.186727, 46.727185, 597.6],
          [8.186742, 46.727193, 597.5],
          [8.186825, 46.727233, 597.8],
          [8.186872, 46.727268, 597.5],
          [8.186915, 46.727317, 597.9],
          [8.186928, 46.727331, 598.2],
          [8.186997, 46.7274, 599.4],
          [8.187041, 46.727424, 600],
          [8.187058, 46.727447, 598.4],
          [8.187071, 46.727446, 598.4],
          [8.187081, 46.727444, 598.5],
          [8.187197, 46.727403, 598.9],
          [8.187293, 46.727347, 601.4],
          [8.187311, 46.727335, 599.8],
          [8.187371, 46.7273, 598.6],
          [8.187465, 46.727222, 602],
          [8.18748, 46.727211, 602.4],
          [8.187611, 46.727086, 600.3],
          [8.187626, 46.727076, 601.5],
          [8.187714, 46.727031, 601.4],
          [8.187823, 46.726997, 600.1],
          [8.187838, 46.726988, 599.5],
          [8.187878, 46.726972, 598.3],
          [8.188028, 46.726877, 599.9],
          [8.188035, 46.726862, 600.3],
          [8.188088, 46.726815, 600.3],
          [8.188188, 46.72676, 602.8],
          [8.188208, 46.726749, 602.8],
          [8.188308, 46.726694, 601.8],
          [8.188374, 46.726627, 599.2],
          [8.188383, 46.726613, 597.8],
          [8.18856, 46.726482, 602.5],
          [8.188571, 46.726474, 601.4],
          [8.188655, 46.726423, 599.8],
          [8.188688, 46.726374, 599.6],
          [8.188698, 46.726361, 599.5],
          [8.188758, 46.726303, 600.2],
          [8.18886, 46.726264, 602.2],
          [8.188878, 46.726254, 602.2],
          [8.188986, 46.726221, 602.4],
          [8.189096, 46.726165, 602],
          [8.18911, 46.726155, 601.8],
          [8.18919, 46.726131, 603.7],
          [8.189333, 46.726067, 604],
          [8.189346, 46.726063, 604],
          [8.189447, 46.726059, 604],
          [8.189576, 46.72604, 602.8],
          [8.189589, 46.726033, 602.5],
          [8.189797, 46.725985, 603.5],
          [8.189819, 46.725983, 603.2],
          [8.189873, 46.725966, 603.3],
          [8.189907, 46.725933, 601.1],
          [8.189958, 46.725911, 600.4],
          [8.189985, 46.725892, 600.5],
          [8.19, 46.725866, 601.5],
          [8.190008, 46.725853, 603.2],
          [8.190029, 46.725828, 602.7],
          [8.190043, 46.725781, 602.3],
          [8.190039, 46.725736, 604.7],
          [8.190049, 46.725686, 608.4],
          [8.190044, 46.725677, 608.1],
          [8.190042, 46.725623, 607.3],
          [8.190077, 46.72553, 604.3],
          [8.190111, 46.725491, 605.1],
          [8.190118, 46.725481, 606.6],
          [8.190161, 46.72544, 608.3],
          [8.190316, 46.725394, 604.3],
          [8.190335, 46.725385, 605],
          [8.190521, 46.725331, 607.2],
          [8.190552, 46.725306, 606.8],
          [8.190578, 46.725297, 606.5],
          [8.190595, 46.725287, 607.4],
          [8.190632, 46.725237, 607.4],
          [8.190722, 46.725178, 608.1],
          [8.190731, 46.725166, 608.4],
          [8.190769, 46.725094, 610.4],
          [8.190766, 46.725003, 607.5],
          [8.190758, 46.724988, 607.8],
          [8.190683, 46.724867, 609.3],
          [8.190667, 46.72486, 609.9],
          [8.190621, 46.724806, 610.6],
          [8.190605, 46.724737, 609.4],
          [8.190585, 46.72471, 608.9],
          [8.190578, 46.724699, 609],
          [8.19052, 46.724617, 607.1],
          [8.190491, 46.72454, 608.3],
          [8.190487, 46.724529, 608.6],
          [8.190471, 46.72448, 608.6],
          [8.190391, 46.724387, 605.4],
          [8.190387, 46.724375, 605.4],
          [8.190334, 46.724285, 606],
          [8.190326, 46.724218, 608.7],
          [8.190323, 46.724205, 608.4],
          [8.190302, 46.724154, 608.3],
          [8.19023, 46.724069, 607.5],
          [8.190217, 46.724055, 607.5],
          [8.190177, 46.723999, 605.9],
          [8.190146, 46.723904, 605.6],
          [8.190142, 46.723891, 604.6],
          [8.190095, 46.723821, 605.4],
          [8.190051, 46.723715, 606.2],
          [8.190038, 46.7237, 605.8],
          [8.189985, 46.723635, 604.7],
          [8.189978, 46.723595, 604.8],
          [8.189947, 46.723546, 606.3],
          [8.189943, 46.723539, 606.7],
          [8.189871, 46.723425, 604.4],
          [8.189849, 46.723365, 605.9],
          [8.189841, 46.723353, 605.7],
          [8.189799, 46.723288, 605],
          [8.189742, 46.723227, 604.7],
          [8.189735, 46.72321, 605],
          [8.18969, 46.723115, 604.1],
          [8.189642, 46.723062, 603.6],
          [8.189639, 46.72305, 603.8],
          [8.189612, 46.722997, 604.3],
          [8.189579, 46.722882, 604.2],
          [8.189566, 46.72287, 603.3],
          [8.18954, 46.722786, 603.6],
          [8.189537, 46.722726, 604.1],
          [8.189534, 46.722712, 604],
          [8.18953, 46.722686, 603.8],
          [8.189499, 46.722635, 603.4],
          [8.189485, 46.722554, 603.2],
          [8.189478, 46.722541, 603.4],
          [8.189461, 46.722503, 603.9],
          [8.189476, 46.722375, 602.9],
          [8.189471, 46.722363, 602.3],
          [8.189444, 46.722254, 603.1],
          [8.189452, 46.722221, 603.7],
          [8.18945, 46.72221, 603.8],
          [8.189444, 46.722169, 604.2],
          [8.189459, 46.722155, 604.3],
          [8.189521, 46.722145, 604.2],
          [8.189573, 46.722113, 604.1],
          [8.18958, 46.722103, 604.3],
          [8.189551, 46.721933, 603.9],
          [8.189546, 46.721921, 603.9],
          [8.189516, 46.721793, 604.4],
          [8.189516, 46.721781, 603.9],
          [8.189522, 46.721663, 604.4],
          [8.189547, 46.721618, 604.5],
          [8.18956, 46.721605, 604.2],
          [8.189694, 46.721432, 605.3],
          [8.1897, 46.721426, 605.4],
          [8.18973, 46.721399, 604.4],
          [8.189784, 46.721258, 605.3],
          [8.189788, 46.721248, 605.2],
          [8.189815, 46.721169, 605.7],
          [8.18982, 46.721123, 605.7],
          [8.189874, 46.721081, 606.3],
          [8.18989, 46.721071, 606.4],
          [8.189961, 46.72104, 606.3],
          [8.189964, 46.721018, 606.2],
          [8.189941, 46.720953, 606.2],
          [8.189946, 46.72092, 606.2],
          [8.189949, 46.720907, 606.1],
          [8.189952, 46.720788, 606.5],
          [8.189964, 46.720738, 606.9],
          [8.189968, 46.720721, 607.3],
          [8.189975, 46.720684, 607.2],
          [8.190022, 46.720599, 607],
          [8.190035, 46.720534, 607.4],
          [8.190038, 46.720521, 607.5],
          [8.190067, 46.720372, 607.9],
          [8.190071, 46.720359, 608.1],
          [8.190078, 46.720326, 607.9],
          [8.190128, 46.720238, 608.6],
          [8.190136, 46.720203, 608.2],
          [8.190139, 46.720192, 607.7],
          [8.190166, 46.720033, 608.2],
          [8.190169, 46.72002, 608.1],
          [8.190191, 46.719931, 609.6],
          [8.190212, 46.71989, 609.4],
          [8.190218, 46.719878, 609.2],
          [8.190244, 46.719845, 609.6],
          [8.190262, 46.719766, 610.3],
          [8.190318, 46.719733, 610.3],
          [8.190325, 46.719724, 610.1],
          [8.190461, 46.719613, 610.9],
          [8.190471, 46.7196, 610.7],
          [8.19051, 46.719546, 611.6],
          [8.190552, 46.719459, 612.2],
          [8.190558, 46.719442, 612.5],
          [8.190573, 46.719404, 612.8],
          [8.190649, 46.719291, 612.8],
          [8.190656, 46.719278, 612.7],
          [8.190695, 46.719213, 613.5],
          [8.190763, 46.719156, 613.5],
          [8.190774, 46.719142, 613.3],
          [8.190885, 46.719004, 614.6],
          [8.190897, 46.718995, 614.7],
          [8.191056, 46.718882, 614.4],
          [8.19107, 46.718866, 614.5],
          [8.191115, 46.718778, 615],
          [8.191171, 46.718728, 615.1],
          [8.191184, 46.718715, 615.1],
          [8.191229, 46.718641, 615.9],
          [8.191284, 46.718582, 615.5],
          [8.191283, 46.718552, 616.1],
          [8.191277, 46.718539, 616.2],
          [8.191179, 46.718505, 616.1],
          [8.191074, 46.718504, 616.4],
          [8.191058, 46.718503, 616.1],
          [8.190865, 46.718472, 616.5],
          [8.190852, 46.718466, 616.7],
          [8.190751, 46.718419, 616.5],
          [8.190673, 46.718369, 616.2],
          [8.190656, 46.718359, 615.8],
          [8.190539, 46.718213, 616.8],
          [8.190529, 46.718199, 616.9],
          [8.190405, 46.718056, 616.5],
          [8.190389, 46.718049, 616.6],
          [8.190329, 46.718014, 617.1],
          [8.190323, 46.717992, 617],
          [8.190234, 46.717934, 617.1],
          [8.190219, 46.717923, 616.9],
          [8.190063, 46.717829, 618],
          [8.190053, 46.717821, 618],
          [8.189921, 46.717689, 619],
          [8.189919, 46.717679, 619],
          [8.189827, 46.717516, 621],
          [8.18982, 46.717507, 621.2],
          [8.189749, 46.717469, 622],
          [8.189656, 46.717481, 622.8],
          [8.189589, 46.717504, 624.2],
          [8.189577, 46.717502, 624.2],
          [8.189425, 46.717564, 628.2],
          [8.189376, 46.717605, 630.1],
          [8.189369, 46.717606, 630.3],
          [8.189351, 46.717628, 630.8],
          [8.189316, 46.717639, 630.7],
          [8.18923, 46.717657, 632.4],
          [8.189148, 46.717654, 632.9],
          [8.189136, 46.717652, 633.3],
          [8.188966, 46.717676, 635.5],
          [8.188903, 46.717703, 636.3],
          [8.188893, 46.717707, 636.5],
          [8.188832, 46.717745, 637.8],
          [8.188681, 46.717786, 639.1],
          [8.188663, 46.71779, 639.2],
          [8.188568, 46.717819, 640.2],
          [8.188439, 46.717828, 641],
          [8.188423, 46.717827, 641.2],
          [8.188282, 46.71781, 641.2],
          [8.188208, 46.717812, 641.7],
          [8.188197, 46.717784, 643.1],
          [8.188196, 46.717784, 643],
          [8.188136, 46.717803, 641.4],
          [8.188002, 46.717809, 641.8],
          [8.187986, 46.717811, 641.8],
          [8.18788, 46.717824, 643.9],
          [8.187821, 46.717821, 645.1],
          [8.18775, 46.717845, 646.2],
          [8.187735, 46.717845, 646.3],
          [8.18766, 46.717861, 647.5],
          [8.187511, 46.717943, 650.9],
          [8.187494, 46.71795, 651],
          [8.187457, 46.717955, 652.4],
          [8.18731, 46.718053, 654.6],
          [8.187302, 46.718058, 655],
          [8.187169, 46.718108, 659.2],
          [8.187078, 46.718118, 662.1],
          [8.187082, 46.718121, 661.5],
          [8.18702, 46.71814, 662.2],
          [8.186997, 46.718118, 663.4],
          [8.186991, 46.718018, 665.1],
          [8.187, 46.718006, 665.2],
          [8.187064, 46.717862, 667.4],
          [8.187079, 46.717853, 667.8],
          [8.187099, 46.717821, 668.6],
          [8.187105, 46.717786, 669.6],
          [8.187094, 46.717744, 669.8],
          [8.187097, 46.717697, 670.8],
          [8.187099, 46.717689, 670.8],
          [8.187106, 46.717658, 672.3],
          [8.187139, 46.717669, 672.7],
          [8.187155, 46.717693, 674.2],
          [8.187118, 46.717687, 673.7],
          [8.187194, 46.717621, 673],
          [8.187211, 46.717611, 673.2],
          [8.187376, 46.717497, 675.1],
          [8.187389, 46.717485, 675.3],
          [8.187431, 46.717437, 676.3],
          [8.18751, 46.717388, 677.2],
          [8.187546, 46.717345, 677.9],
          [8.187552, 46.717336, 677.9],
          [8.187607, 46.717273, 678.8],
          [8.187702, 46.717217, 679.6],
          [8.187714, 46.717206, 679.9],
          [8.187761, 46.717153, 680.9],
          [8.187865, 46.717063, 682.3],
          [8.187876, 46.717053, 682.5],
          [8.187986, 46.716959, 684],
          [8.188016, 46.7169, 685],
          [8.188017, 46.716889, 685.3],
          [8.188021, 46.716793, 687],
          [8.188081, 46.716711, 690.3],
          [8.188093, 46.716697, 690.5],
          [8.188231, 46.716552, 694.5],
          [8.188235, 46.716541, 694.7],
          [8.188253, 46.716509, 696.8],
          [8.188308, 46.71649, 695.7],
          [8.188473, 46.716514, 693.4],
          [8.188564, 46.716523, 690.5],
          [8.188694, 46.716541, 689.6],
          [8.189199, 46.716571, 691.7],
          [8.189191, 46.716762, 694.7],
          [8.188965, 46.716724, 693.5],
          [8.188841, 46.716669, 696.8],
          [8.188777, 46.716595, 697.5],
          [8.188726, 46.716554, 698.3],
          [8.188638, 46.716496, 699],
          [8.188531, 46.716441, 699.5],
          [8.188422, 46.716367, 700.2],
          [8.18841, 46.716342, 701.5],
          [8.188423, 46.716317, 702.1],
          [8.188408, 46.716278, 702.5],
          [8.188372, 46.716239, 702.4],
          [8.188353, 46.716217, 702.5],
          [8.18834, 46.716196, 702.7],
          [8.188366, 46.716076, 704.9],
          [8.188354, 46.716047, 706.1],
          [8.188342, 46.716043, 706.4],
          [8.188306, 46.715992, 707.7],
          [8.188317, 46.715947, 710.2],
          [8.188375, 46.715934, 709.9],
          [8.188383, 46.715911, 709.6],
          [8.188389, 46.715883, 709.1],
          [8.188389, 46.715854, 708.4],
          [8.188405, 46.715805, 708.1],
          [8.188434, 46.715755, 708.5],
          [8.188329, 46.715642, 708.5],
          [8.188398, 46.715636, 712.7],
          [8.188444, 46.715684, 712],
          [8.188485, 46.715677, 713.7],
          [8.188485, 46.715677, 714.8],
          [8.188477, 46.715651, 715.7],
          [8.188495, 46.715639, 718.2],
          [8.18843, 46.715573, 719.9],
          [8.188407, 46.715516, 721.5],
          [8.188407, 46.715516, 721.7],
          [8.188404, 46.715497, 724],
          [8.188443, 46.715393, 727],
          [8.188421, 46.715325, 730.2],
          [8.188421, 46.715325, 730.5],
          [8.188384, 46.715247, 732],
          [8.188392, 46.715135, 734.1],
          [8.188395, 46.71513, 734.5],
          [8.188413, 46.715068, 735.5],
          [8.188394, 46.715057, 736.2],
          [8.188379, 46.715085, 737.9],
          [8.188329, 46.715085, 738.2],
          [8.188306, 46.71508, 738.5],
          [8.188171, 46.715013, 739.6],
          [8.188137, 46.714976, 740.3],
          [8.18813, 46.71496, 741.3],
          [8.188121, 46.714921, 742.2],
          [8.188103, 46.714899, 743],
          [8.18797, 46.71486, 747],
          [8.187936, 46.714834, 748],
          [8.187928, 46.714827, 748],
          [8.187704, 46.714732, 752.5],
          [8.18769, 46.714727, 752.7],
          [8.187575, 46.714717, 754.9],
          [8.187508, 46.714701, 757.4],
          [8.18746, 46.714674, 758.7],
          [8.18745, 46.714657, 758.9],
          [8.18745, 46.714657, 759.1],
          [8.187429, 46.714596, 759.6],
          [8.187425, 46.714515, 761.4],
          [8.187425, 46.714507, 761.5],
          [8.187443, 46.714446, 763.9],
          [8.187487, 46.714417, 764.6],
          [8.187484, 46.714391, 765.4],
          [8.187505, 46.714376, 765],
          [8.18752, 46.714351, 765.3],
          [8.187518, 46.714337, 766],
          [8.187519, 46.714326, 765.8],
          [8.187598, 46.714169, 769.7],
          [8.187605, 46.714163, 770.1],
          [8.187681, 46.714059, 772.5],
          [8.187731, 46.714011, 772.6],
          [8.187737, 46.714001, 773],
          [8.187745, 46.713969, 774.9],
          [8.187738, 46.713948, 776.2],
          [8.187717, 46.713929, 776.6],
          [8.187595, 46.713886, 779.2],
          [8.187586, 46.713885, 778.8],
          [8.187543, 46.713884, 779.1],
          [8.187374, 46.713798, 781.9],
          [8.187362, 46.713793, 781.9],
          [8.187287, 46.713758, 784],
          [8.187241, 46.713725, 785.2],
          [8.187212, 46.713715, 785.4],
          [8.187165, 46.713715, 786.3],
          [8.187165, 46.713715, 787],
          [8.187033, 46.713698, 790.6],
          [8.187026, 46.71368, 791.2],
          [8.186978, 46.713673, 790.2],
          [8.186962, 46.713675, 790.4],
          [8.186878, 46.713666, 791.5],
          [8.186808, 46.713673, 791.3],
          [8.186757, 46.713691, 790.5],
          [8.186724, 46.713721, 790.7],
          [8.186716, 46.71373, 789.8],
          [8.186564, 46.713794, 792.6],
          [8.186483, 46.713801, 793.1],
          [8.186468, 46.713802, 793.7],
          [8.186241, 46.713819, 795.2],
          [8.186222, 46.713818, 795.6],
          [8.186109, 46.713798, 795.9],
          [8.186034, 46.713751, 797.2],
          [8.18602, 46.71374, 797.6],
          [8.185917, 46.713687, 797.7],
          [8.185805, 46.713652, 799.1],
          [8.185789, 46.713648, 798.6],
          [8.185653, 46.713628, 800.2],
          [8.185554, 46.713639, 801.9],
          [8.18552, 46.713653, 802.3],
          [8.185512, 46.713659, 802.8],
          [8.185254, 46.713709, 805.8],
          [8.185241, 46.713712, 806.4],
          [8.18502, 46.713778, 808.7],
          [8.185008, 46.713785, 809],
          [8.184974, 46.713802, 808.9],
          [8.184933, 46.71384, 809.5],
          [8.184886, 46.713862, 810.6],
          [8.184796, 46.713872, 812.6],
          [8.184796, 46.713872, 812.6],
          [8.184689, 46.713876, 814.4],
          [8.184591, 46.71386, 816.9],
          [8.184564, 46.713855, 816.2],
          [8.184514, 46.71383, 818.4],
          [8.184389, 46.713796, 823],
          [8.184225, 46.713762, 823.3],
          [8.184199, 46.713759, 823.1],
          [8.184109, 46.713764, 823.7],
          [8.184112, 46.713782, 824.6],
          [8.1841, 46.713799, 824.4],
          [8.183985, 46.713785, 826.3],
          [8.183975, 46.713782, 826.5],
          [8.183928, 46.713786, 828.3],
          [8.183859, 46.713818, 832.4],
          [8.18377, 46.713839, 833.9],
          [8.18377, 46.713839, 833.8],
          [8.18368, 46.713839, 836],
          [8.183615, 46.713897, 836.1],
          [8.183606, 46.713872, 836.2],
          [8.183623, 46.713815, 836.6],
          [8.183632, 46.713806, 835.9],
          [8.18364, 46.713798, 835.9],
          [8.183633, 46.713772, 837.3],
          [8.183641, 46.713718, 838.9],
          [8.183633, 46.71371, 839.4],
          [8.183634, 46.713639, 836.2],
          [8.183688, 46.713556, 840.5],
          [8.183705, 46.713538, 841.2],
          [8.183754, 46.713465, 843.2],
          [8.183812, 46.713427, 841.9],
          [8.183848, 46.713418, 842.1],
          [8.18386, 46.713404, 842.2],
          [8.183934, 46.713372, 844.1],
          [8.18395, 46.713368, 844.3],
          [8.184058, 46.713381, 853],
          [8.184087, 46.713348, 853.3],
          [8.184106, 46.71327, 857.2],
          [8.184106, 46.71327, 857.5],
          [8.184127, 46.713231, 862],
          [8.184184, 46.713194, 862],
          [8.184246, 46.713189, 862.2],
          [8.18426, 46.713216, 865.8],
          [8.184216, 46.713205, 866],
          [8.184216, 46.713205, 866],
          [8.184195, 46.713201, 866.2],
          [8.183812, 46.71327, 878.7],
          [8.183812, 46.71327, 878.4],
          [8.183598, 46.713318, 882.4],
          [8.183587, 46.713313, 882.3],
          [8.183582, 46.7133, 882],
          [8.183564, 46.713284, 881.3],
          [8.183528, 46.713321, 888.5],
          [8.183463, 46.713337, 885.4],
          [8.183443, 46.713357, 884.5],
          [8.183441, 46.713406, 884.4],
          [8.183439, 46.713412, 884.5],
          [8.18343, 46.713444, 884.8],
          [8.183437, 46.713477, 884.4],
          [8.183373, 46.713492, 885.3],
          [8.183345, 46.713466, 883.9],
          [8.183344, 46.713446, 883.3],
          [8.183345, 46.713424, 883.9],
          [8.183357, 46.713376, 883.6],
          [8.183354, 46.713331, 884.1],
          [8.183366, 46.713303, 884.4],
          [8.183364, 46.713241, 882.2],
          [8.183337, 46.713275, 881.2],
          [8.183296, 46.713285, 882.9],
          [8.183287, 46.713331, 882.5],
          [8.183287, 46.713331, 882.5],
          [8.183297, 46.713358, 882.2],
          [8.183335, 46.713355, 883.4],
          [8.183365, 46.713329, 886],
          [8.183411, 46.713309, 884.5],
          [8.183417, 46.713326, 885.5],
          [8.183395, 46.713365, 884.8],
          [8.183416, 46.713419, 884.4],
          [8.183379, 46.713435, 882.4],
          [8.183379, 46.713435, 883],
          [8.183376, 46.713493, 884],
          [8.183403, 46.713501, 885.2],
          [8.183428, 46.713491, 883.8],
          [8.183477, 46.713507, 885.9],
          [8.183532, 46.713497, 886.4],
          [8.183541, 46.713497, 886.8],
          [8.183588, 46.713477, 886.8],
          [8.183666, 46.713418, 887.7],
          [8.183691, 46.713381, 887.7],
          [8.183676, 46.713331, 888.6],
          [8.183676, 46.713331, 888.2],
          [8.18371, 46.713269, 887.7],
          [8.183831, 46.713152, 889.2],
          [8.183918, 46.713112, 888.7],
          [8.183951, 46.713107, 888.8],
          [8.183982, 46.713098, 888.8],
          [8.184052, 46.713069, 890.2],
          [8.184122, 46.713019, 891.7],
          [8.184151, 46.712968, 893.4],
          [8.184164, 46.712959, 894.2],
          [8.184239, 46.712924, 893.5],
          [8.184245, 46.712911, 894.5],
          [8.184208, 46.712887, 895],
          [8.184176, 46.712842, 897],
          [8.184176, 46.712801, 898.3],
          [8.184186, 46.712782, 898.5],
          [8.184201, 46.712763, 898.4],
          [8.18429, 46.712713, 901.3],
          [8.184347, 46.712647, 899.5],
          [8.184368, 46.712596, 901.3],
          [8.184368, 46.712596, 900.8],
          [8.184384, 46.712553, 903.5],
          [8.184483, 46.71238, 904.8],
          [8.184483, 46.71237, 904.4],
          [8.184505, 46.712281, 910.4],
          [8.184617, 46.712165, 913.6],
          [8.184637, 46.712112, 912.8],
          [8.184648, 46.712102, 912.2],
          [8.184667, 46.712092, 912.4],
          [8.184645, 46.712012, 913.3],
          [8.184472, 46.711845, 913.7],
          [8.18446, 46.711876, 911.2],
          [8.184589, 46.711905, 913],
          [8.184683, 46.711943, 914.3],
          [8.184683, 46.711943, 914.4],
          [8.184731, 46.711988, 920],
          [8.184528, 46.712007, 922.8],
          [8.184528, 46.712007, 923],
          [8.184209, 46.712068, 931.1],
          [8.184186, 46.712075, 931.6],
          [8.184007, 46.712129, 936.9],
          [8.183931, 46.712182, 937],
          [8.183876, 46.712248, 939],
          [8.183786, 46.712291, 940.3],
          [8.183786, 46.712291, 940.4],
          [8.183591, 46.712376, 946],
          [8.183509, 46.712429, 947.7],
          [8.183509, 46.712429, 947.9],
          [8.18337, 46.712558, 951],
          [8.183172, 46.71268, 954.7],
          [8.183172, 46.71268, 954.5],
          [8.182995, 46.712793, 957.7],
          [8.182983, 46.712802, 958.1],
          [8.182901, 46.712835, 959.6],
          [8.182728, 46.712841, 961.3],
          [8.182714, 46.712842, 960.7],
          [8.1826, 46.712821, 962.9],
          [8.18249, 46.712776, 963.3],
          [8.182477, 46.712769, 963.3],
          [8.182406, 46.712725, 964.5],
          [8.182311, 46.712645, 964.5],
          [8.182301, 46.712637, 965.2],
          [8.182202, 46.712566, 967.8],
          [8.18215, 46.712502, 969.8],
          [8.182141, 46.712496, 969.2],
          [8.182107, 46.712474, 966.8],
          [8.182028, 46.712458, 969.4],
          [8.181976, 46.712477, 970.2],
          [8.181938, 46.712468, 970.5],
          [8.181928, 46.712466, 970.1],
          [8.181857, 46.712449, 971.2],
          [8.181806, 46.712452, 970.9],
          [8.181787, 46.712396, 970],
          [8.181864, 46.712339, 970.5],
          [8.181884, 46.712331, 969.8],
          [8.181973, 46.712306, 970.6],
          [8.182148, 46.712328, 971.8],
          [8.182175, 46.712331, 971.7],
          [8.182291, 46.712368, 972.1],
          [8.182396, 46.712379, 972.1],
          [8.182416, 46.71238, 972],
          [8.182548, 46.71241, 973.4],
          [8.182574, 46.712403, 974.4],
          [8.18257, 46.712352, 974.6],
          [8.182566, 46.712342, 974.8],
          [8.18247, 46.712261, 973.8],
          [8.18241, 46.712228, 974.6],
          [8.182409, 46.712219, 975.2],
          [8.182386, 46.712169, 976.3],
          [8.182399, 46.712133, 975.5],
          [8.182393, 46.7121, 978.9],
          [8.182364, 46.712075, 980.1],
          [8.182354, 46.712061, 980.2],
          [8.182272, 46.711965, 983.2],
          [8.182208, 46.711922, 984.2],
          [8.182198, 46.711918, 984.5],
          [8.182156, 46.711899, 985.4],
          [8.182077, 46.711793, 987.6],
          [8.182047, 46.711776, 988.5],
          [8.182043, 46.711765, 988.7],
          [8.182032, 46.711755, 988.6],
          [8.182, 46.711739, 989.6],
          [8.181886, 46.711713, 991.4],
          [8.181834, 46.711672, 993.6],
          [8.181831, 46.711666, 993.6],
          [8.181808, 46.711634, 996.1],
          [8.18178, 46.711617, 997.2],
          [8.181694, 46.711529, 998.4],
          [8.181691, 46.711522, 998.6],
          [8.181676, 46.711495, 999.5],
          [8.181601, 46.711424, 1003],
          [8.181524, 46.711314, 1006.9],
          [8.181524, 46.711314, 1006.9],
          [8.18141, 46.711162, 1008.6],
          [8.1814, 46.711155, 1008.7],
          [8.18134, 46.71109, 1012.7],
          [8.181299, 46.711005, 1015.4],
          [8.181275, 46.710928, 1016.7],
          [8.181275, 46.710928, 1017],
          [8.181272, 46.710916, 1017.4],
          [8.181196, 46.710888, 1018],
          [8.18109, 46.71074, 1020.7],
          [8.181076, 46.710726, 1020.6],
          [8.18102, 46.710674, 1023],
          [8.18106, 46.710687, 1018.3],
          [8.181031, 46.710767, 1019.7],
          [8.181043, 46.710757, 1022.2],
          [8.18103, 46.710725, 1022.1],
          [8.180978, 46.710722, 1022],
          [8.180961, 46.710717, 1022.1],
          [8.180879, 46.71065, 1023],
          [8.18083, 46.71058, 1024.4],
          [8.180821, 46.710568, 1024.3],
          [8.18063, 46.710462, 1026.4],
          [8.18062, 46.710459, 1026.4],
          [8.180507, 46.710397, 1028.5],
          [8.180434, 46.710318, 1029.3],
          [8.18043, 46.710306, 1031],
          [8.180378, 46.710208, 1029.6],
          [8.180345, 46.7102, 1029.2],
          [8.180312, 46.710206, 1030.4],
          [8.180305, 46.710186, 1030.7],
          [8.180305, 46.710178, 1030.8],
          [8.18022, 46.710107, 1032],
          [8.180181, 46.710028, 1032.6],
          [8.180176, 46.710013, 1032.6],
          [8.180134, 46.709934, 1035],
          [8.180155, 46.709908, 1035.1],
          [8.180203, 46.709874, 1035.1],
          [8.180189, 46.709847, 1035.4],
          [8.18018, 46.709844, 1036],
          [8.180153, 46.709798, 1036.4],
          [8.179983, 46.709764, 1040.4],
          [8.179983, 46.709764, 1040.7],
          [8.179806, 46.709736, 1043.3],
          [8.179705, 46.709732, 1043.3],
          [8.17969, 46.709733, 1044.1],
          [8.17964, 46.709727, 1045.1],
          [8.17962, 46.709684, 1045.9],
          [8.179553, 46.709619, 1047.1],
          [8.179553, 46.709619, 1047.2],
          [8.179507, 46.709606, 1047.8],
          [8.179395, 46.709618, 1049.6],
          [8.179351, 46.709611, 1049.3],
          [8.179339, 46.709607, 1048.7],
          [8.179333, 46.709583, 1049.1],
          [8.179348, 46.709559, 1050.4],
          [8.179383, 46.709543, 1054.9],
          [8.179308, 46.709444, 1057.3],
          [8.1793, 46.709434, 1057.5],
          [8.179187, 46.709356, 1060.2],
          [8.179115, 46.709285, 1061.8],
          [8.179115, 46.709285, 1062.3],
          [8.179061, 46.709178, 1064],
          [8.179052, 46.709124, 1064.7],
          [8.179046, 46.709111, 1064.8],
          [8.178994, 46.709037, 1066.2],
          [8.178917, 46.708992, 1068.5],
          [8.178911, 46.708988, 1068.6],
          [8.178765, 46.708947, 1072.2],
          [8.178685, 46.708899, 1074.3],
          [8.178678, 46.708899, 1075],
          [8.178541, 46.708836, 1077.6],
          [8.178513, 46.708809, 1077.8],
          [8.178512, 46.708787, 1078.4],
          [8.178521, 46.708776, 1078.7],
          [8.178521, 46.708776, 1078.7],
          [8.17851, 46.70872, 1079.5],
          [8.178521, 46.708699, 1079.2],
          [8.178554, 46.708702, 1078.8],
          [8.178653, 46.708681, 1080.5],
          [8.178672, 46.708675, 1080.9],
          [8.178727, 46.708654, 1081.4],
          [8.178784, 46.708617, 1083.6],
          [8.178814, 46.708579, 1085.3],
          [8.178812, 46.70857, 1085],
          [8.178811, 46.708557, 1085.2],
          [8.178817, 46.708515, 1086.2],
          [8.178808, 46.708489, 1087],
          [8.178761, 46.708415, 1087.3],
          [8.178728, 46.708384, 1087.7],
          [8.178722, 46.708376, 1087.8],
          [8.178687, 46.708276, 1090.6],
          [8.178727, 46.708175, 1093.6],
          [8.178737, 46.708168, 1093.4],
          [8.178771, 46.708157, 1093.3],
          [8.178831, 46.708117, 1093],
          [8.178726, 46.708145, 1091.9],
          [8.178617, 46.708133, 1092.3],
          [8.178592, 46.708133, 1093],
          [8.178491, 46.708133, 1094.8],
          [8.178393, 46.708122, 1098],
          [8.178338, 46.708091, 1099.1],
          [8.178336, 46.708088, 1099.2],
          [8.178333, 46.708054, 1098.8],
          [8.178301, 46.708046, 1099.7],
          [8.17823, 46.70799, 1101.1],
          [8.178247, 46.707927, 1101.6],
          [8.178257, 46.707911, 1102.1],
          [8.178315, 46.707821, 1102.2],
          [8.178326, 46.707777, 1102.6],
          [8.178333, 46.707764, 1102.4],
          [8.178326, 46.707619, 1106],
          [8.178323, 46.707618, 1106.4],
          [8.178318, 46.707601, 1106.5],
          [8.17827, 46.70755, 1107.4],
          [8.178196, 46.707495, 1107.3],
          [8.178177, 46.707486, 1107.2],
          [8.178143, 46.707467, 1107.4],
          [8.178113, 46.707374, 1108.3],
          [8.178089, 46.707336, 1108.5],
          [8.178089, 46.707336, 1108.6],
          [8.178062, 46.707241, 1110.3],
          [8.178066, 46.707162, 1111.7],
          [8.178052, 46.707128, 1111.3],
          [8.178047, 46.70712, 1112.2],
          [8.178027, 46.707068, 1113],
          [8.178012, 46.706961, 1114.8],
          [8.17801, 46.706948, 1114.7],
          [8.178001, 46.706853, 1116],
          [8.177961, 46.706766, 1119.1],
          [8.177961, 46.706766, 1119.2],
          [8.177947, 46.706673, 1121.1],
          [8.177914, 46.706561, 1124.6],
          [8.177914, 46.706561, 1124.7],
          [8.1779, 46.70649, 1126],
          [8.177849, 46.706413, 1126.8],
          [8.177835, 46.706389, 1126.6],
          [8.177797, 46.706349, 1127.8],
          [8.177739, 46.706316, 1126.5],
          [8.177688, 46.706254, 1126.6],
          [8.177681, 46.706244, 1126.5],
          [8.177643, 46.706186, 1128.1],
          [8.177602, 46.706035, 1128.6],
          [8.177598, 46.706024, 1128.6],
          [8.177587, 46.705975, 1129.4],
          [8.177543, 46.705869, 1129.2],
          [8.177531, 46.705857, 1130.2],
          [8.177477, 46.705805, 1131],
          [8.17743, 46.705775, 1132],
          [8.177398, 46.705715, 1134],
          [8.177385, 46.705697, 1133.5],
          [8.177308, 46.705592, 1134.4],
          [8.177254, 46.705564, 1134.3],
          [8.177246, 46.705557, 1134.4],
          [8.177251, 46.705564, 1135.4],
          [8.17724, 46.705541, 1134.6],
          [8.177191, 46.705502, 1135],
          [8.177164, 46.705433, 1135],
          [8.177156, 46.705423, 1135.5],
          [8.177121, 46.705329, 1136.6],
          [8.17707, 46.705257, 1137.1],
          [8.17706, 46.705245, 1137.2],
          [8.177054, 46.705215, 1138.2],
          [8.177035, 46.705199, 1139.4],
          [8.177031, 46.705174, 1139.3],
          [8.176978, 46.705081, 1140.2],
          [8.176978, 46.705062, 1139.9],
          [8.176958, 46.704999, 1141],
          [8.176961, 46.704973, 1140.8],
          [8.17701, 46.704912, 1142.2],
          [8.177017, 46.704904, 1141.8],
          [8.177029, 46.704851, 1142.3],
          [8.177025, 46.704769, 1141.5],
          [8.177032, 46.704755, 1141.4],
          [8.177043, 46.704717, 1141.7],
          [8.177034, 46.704641, 1141.2],
          [8.17706, 46.704585, 1141.1],
          [8.177064, 46.704577, 1140.8],
          [8.177077, 46.704532, 1141.3],
          [8.17706, 46.704444, 1142.5],
          [8.177078, 46.704407, 1142.2],
          [8.177076, 46.704396, 1142.9],
          [8.177042, 46.704238, 1145.1],
          [8.177037, 46.704222, 1144.5],
          [8.177022, 46.704155, 1144.6],
          [8.177028, 46.704133, 1145],
          [8.177086, 46.704139, 1145.7],
          [8.177068, 46.704115, 1146.2],
          [8.177073, 46.704103, 1146.4],
          [8.177075, 46.704022, 1146.3],
          [8.177054, 46.703973, 1147.2],
          [8.177049, 46.703923, 1148.4],
          [8.177047, 46.703913, 1148.8],
          [8.177031, 46.703853, 1150.3],
          [8.177001, 46.7038, 1147.7],
          [8.176971, 46.703772, 1147.7],
          [8.176955, 46.70376, 1148.4],
          [8.176878, 46.703695, 1147.9],
          [8.176871, 46.703669, 1146.9],
          [8.176847, 46.703661, 1146.2],
          [8.176776, 46.703664, 1145.4],
          [8.176754, 46.703663, 1145.6],
          [8.176684, 46.703638, 1146.2],
          [8.17663, 46.703562, 1146.1],
          [8.176587, 46.703533, 1145.4],
          [8.176579, 46.703529, 1145.3],
          [8.176504, 46.703492, 1141],
          [8.176476, 46.703439, 1140.6],
          [8.176479, 46.703414, 1140.7],
          [8.176573, 46.703434, 1142],
          [8.176606, 46.703458, 1142.8],
          [8.176697, 46.70353, 1143.9],
          [8.176761, 46.703601, 1146.2],
          [8.176776, 46.703625, 1146.4],
          [8.176767, 46.703631, 1146.1],
          [8.176767, 46.703631, 1146.4],
          [8.176745, 46.703611, 1145.4],
          [8.176637, 46.703566, 1144.1],
          [8.176529, 46.703541, 1144],
          [8.176529, 46.703541, 1142],
          [8.176409, 46.703474, 1138.1],
          [8.1763, 46.703451, 1136.6],
          [8.176263, 46.703434, 1136.7],
          [8.176254, 46.703426, 1135.6],
          [8.176214, 46.703391, 1133.9],
          [8.176196, 46.703358, 1132.4],
          [8.176174, 46.703258, 1132.1],
          [8.176171, 46.703228, 1132.8],
          [8.17616, 46.703202, 1132.7],
          [8.176095, 46.703125, 1133.6],
          [8.176028, 46.703063, 1132.7],
          [8.176028, 46.703063, 1133.5],
          [8.176012, 46.703022, 1133.7],
          [8.175974, 46.70297, 1132.7],
          [8.175967, 46.702943, 1133.2],
          [8.175976, 46.702916, 1132.9],
          [8.175981, 46.702902, 1133.4],
          [8.175937, 46.702792, 1137.4],
          [8.175937, 46.702738, 1139.1],
          [8.175934, 46.702731, 1138.6],
          [8.175934, 46.702719, 1138.8],
          [8.175967, 46.702682, 1139.7],
          [8.175983, 46.702636, 1140],
          [8.175986, 46.702618, 1141.2],
          [8.175969, 46.702597, 1141.6],
          [8.175978, 46.702561, 1144.2],
          [8.175973, 46.702542, 1144.6],
          [8.175967, 46.702499, 1145.8],
          [8.175938, 46.702467, 1146.4],
          [8.175844, 46.702398, 1146.4],
          [8.175823, 46.702385, 1146.7],
          [8.175724, 46.702309, 1147.9],
          [8.17569, 46.702293, 1147.4],
          [8.175646, 46.70224, 1147.4],
          [8.175634, 46.70223, 1147.8],
          [8.175592, 46.702192, 1152.3],
          [8.175666, 46.702102, 1152],
          [8.175665, 46.702097, 1152.3],
          [8.175674, 46.702096, 1150.6],
          [8.175616, 46.702072, 1150.7],
          [8.175524, 46.702007, 1152],
          [8.175478, 46.702003, 1151.4],
          [8.175473, 46.701964, 1153.1],
          [8.175485, 46.70195, 1154.4],
          [8.175488, 46.70194, 1155.2],
          [8.175443, 46.701905, 1152.6],
          [8.175318, 46.701775, 1156.3],
          [8.175324, 46.701722, 1155.8],
          [8.175326, 46.701715, 1155.6],
          [8.17533, 46.701687, 1155.2],
          [8.175274, 46.701638, 1154.9],
          [8.175258, 46.701586, 1155.6],
          [8.175236, 46.701572, 1155.6],
          [8.175231, 46.701568, 1154.5],
          [8.175195, 46.70148, 1154.4],
          [8.175207, 46.701403, 1152.6],
          [8.175212, 46.701391, 1152.8],
          [8.175233, 46.701326, 1153],
          [8.175265, 46.701309, 1152.7],
          [8.175272, 46.701284, 1152.4],
          [8.175266, 46.701263, 1153.8],
          [8.175305, 46.70126, 1152.7],
          [8.175313, 46.701251, 1154],
          [8.175333, 46.701239, 1152.5],
          [8.175345, 46.701233, 1152.1],
          [8.175362, 46.701179, 1153.1],
          [8.175356, 46.701173, 1153],
          [8.175361, 46.701238, 1149.8],
          [8.175325, 46.701222, 1152.5],
          [8.175317, 46.701217, 1152.6],
          [8.175307, 46.701189, 1154.2],
          [8.175286, 46.701172, 1153.3],
          [8.175285, 46.70112, 1153.9],
          [8.175271, 46.701085, 1154.6],
          [8.175282, 46.701049, 1154.2],
          [8.175291, 46.701044, 1154.4],
          [8.17536, 46.700968, 1156.8],
          [8.175361, 46.700952, 1156.6],
          [8.175344, 46.700911, 1155.9],
          [8.175332, 46.700899, 1155.2],
          [8.175311, 46.700862, 1155.3],
          [8.175264, 46.700815, 1155.7],
          [8.175197, 46.700785, 1155.7],
          [8.175186, 46.700781, 1156.2],
          [8.175121, 46.700755, 1156.3],
          [8.175061, 46.700652, 1158.3],
          [8.175061, 46.700652, 1158.8],
          [8.174966, 46.700565, 1160.6],
          [8.174864, 46.700524, 1161.4],
          [8.174844, 46.700524, 1161.8],
          [8.1746, 46.700502, 1165.3],
          [8.174583, 46.700501, 1165.6],
          [8.174481, 46.700491, 1167.2],
          [8.174418, 46.700501, 1168.5],
          [8.174337, 46.700478, 1169.7],
          [8.174324, 46.700473, 1169.9],
          [8.174177, 46.700393, 1172.3],
          [8.174162, 46.700386, 1172.8],
          [8.174069, 46.700324, 1174.7],
          [8.173995, 46.700251, 1177.5],
          [8.173987, 46.700244, 1177.6],
          [8.173822, 46.700106, 1182.1],
          [8.17381, 46.700098, 1182.4],
          [8.173774, 46.700052, 1183.5],
          [8.173664, 46.699972, 1186.9],
          [8.173661, 46.699963, 1187],
          [8.173615, 46.699875, 1189.3],
          [8.173557, 46.699831, 1188.8],
          [8.173542, 46.699822, 1189.4],
          [8.173482, 46.699787, 1190.6],
          [8.173396, 46.699762, 1191.5],
          [8.173343, 46.699711, 1192.5],
          [8.173343, 46.699711, 1192.5],
          [8.173259, 46.699674, 1193.4],
          [8.173176, 46.69961, 1193.9],
          [8.173156, 46.699594, 1194.1],
          [8.173084, 46.699534, 1195.4],
          [8.173041, 46.699463, 1196.6],
          [8.173036, 46.699456, 1196.5],
          [8.173003, 46.69939, 1198.4],
          [8.173031, 46.699304, 1200.6],
          [8.173035, 46.699299, 1200.8],
          [8.173059, 46.699241, 1201.2],
          [8.173222, 46.699233, 1203.4],
          [8.173233, 46.69923, 1203.7],
          [8.173223, 46.699211, 1203.4],
          [8.173244, 46.699188, 1202.4],
          [8.173242, 46.69918, 1203],
          [8.173248, 46.699248, 1203],
          [8.173233, 46.6992, 1203.9],
          [8.173229, 46.699236, 1203.7],
          [8.173229, 46.699236, 1203.5],
          [8.173217, 46.699223, 1203.6],
          [8.173243, 46.699237, 1203.5],
          [8.173244, 46.699253, 1203.8],
          [8.173235, 46.699279, 1203.8],
          [8.17321, 46.699298, 1202.4],
          [8.173214, 46.699268, 1200.9],
          [8.173214, 46.699268, 1200.3],
          [8.17313, 46.699278, 1203.6],
          [8.173019, 46.699248, 1202.9],
          [8.173005, 46.699241, 1202.9],
          [8.172936, 46.69921, 1203.7],
          [8.172927, 46.699182, 1205],
          [8.172824, 46.699094, 1205.7],
          [8.172824, 46.699094, 1205.7],
          [8.172764, 46.699067, 1205.6],
          [8.172679, 46.698984, 1206.3],
          [8.17267, 46.698976, 1206.4],
          [8.172628, 46.698933, 1207.1],
          [8.172599, 46.698832, 1207.5],
          [8.172593, 46.698816, 1207.9],
          [8.172547, 46.698736, 1207.8],
          [8.172473, 46.698688, 1208.2],
          [8.172466, 46.698682, 1208.4],
          [8.172433, 46.698654, 1208.1],
          [8.172341, 46.69863, 1207.3],
          [8.172272, 46.698594, 1208.1],
          [8.172265, 46.698593, 1208.6],
          [8.172092, 46.698578, 1209.9],
          [8.172017, 46.698518, 1212.5],
          [8.172017, 46.698518, 1212.7],
          [8.171962, 46.698355, 1217.9],
          [8.171961, 46.698326, 1218.5],
          [8.171988, 46.698275, 1218.2],
          [8.171994, 46.698258, 1218.4],
          [8.172027, 46.698154, 1219.1],
          [8.172029, 46.698134, 1218.5],
          [8.172013, 46.698101, 1218.8],
          [8.172005, 46.698092, 1219.1],
          [8.171986, 46.698066, 1219.1],
          [8.171956, 46.698052, 1220.1],
          [8.171936, 46.698029, 1220.6],
          [8.171922, 46.69796, 1221.2],
          [8.171892, 46.697946, 1220.6],
          [8.171896, 46.697939, 1220.7],
          [8.171899, 46.697933, 1220.6],
          [8.171937, 46.697847, 1221.2],
          [8.171948, 46.697772, 1224.6],
          [8.171953, 46.697758, 1223.7],
          [8.171962, 46.697692, 1223.6],
          [8.171982, 46.697641, 1223.2],
          [8.171971, 46.697606, 1224.6],
          [8.17196, 46.697584, 1223.7],
          [8.171921, 46.697541, 1222.7],
          [8.171909, 46.6975, 1223.6],
          [8.171865, 46.697436, 1225.1],
          [8.171858, 46.697427, 1225.1],
          [8.17185, 46.697339, 1227.6],
          [8.171855, 46.697317, 1227.7],
          [8.171838, 46.697264, 1224],
          [8.171832, 46.697246, 1224.1],
          [8.171814, 46.697189, 1228],
          [8.171775, 46.697152, 1229.3],
          [8.17174, 46.697093, 1230.9],
          [8.171731, 46.697079, 1230.9],
          [8.171693, 46.697013, 1229],
          [8.17164, 46.696963, 1229.9],
          [8.171607, 46.696946, 1230.4],
          [8.171592, 46.696938, 1230.3],
          [8.17154, 46.696915, 1230.1],
          [8.17144, 46.696892, 1230.5],
          [8.171371, 46.696889, 1230.8],
          [8.171356, 46.696893, 1230.9],
          [8.17131, 46.696888, 1231.5],
          [8.171193, 46.696797, 1230.9],
          [8.171182, 46.696783, 1231.3],
          [8.171145, 46.69672, 1231.7],
          [8.171064, 46.69665, 1232],
          [8.171054, 46.696644, 1232.1],
          [8.170966, 46.696605, 1232.6],
          [8.1709, 46.696531, 1233.7],
          [8.170887, 46.696509, 1233.4],
          [8.170837, 46.696457, 1234.3],
          [8.170837, 46.696382, 1234.9],
          [8.170828, 46.696353, 1234.9],
          [8.170826, 46.696345, 1235.7],
          [8.170815, 46.696325, 1235.6],
          [8.170787, 46.696307, 1236.1],
          [8.17077, 46.696258, 1238.4],
          [8.17077, 46.696184, 1240],
          [8.170768, 46.696175, 1239.9],
          [8.170675, 46.696101, 1239.4],
          [8.170659, 46.696081, 1238.8],
          [8.170646, 46.696037, 1239.4],
          [8.170646, 46.696037, 1239.7],
          [8.170639, 46.695955, 1240.1],
          [8.170582, 46.695857, 1241.9],
          [8.170576, 46.695845, 1242.3],
          [8.170534, 46.695786, 1242.6],
          [8.170455, 46.695719, 1242.5],
          [8.170448, 46.695706, 1242.9],
          [8.170407, 46.695662, 1244.3],
          [8.17039, 46.695614, 1244.8],
          [8.170364, 46.695595, 1245.8],
          [8.170344, 46.695563, 1246.1],
          [8.170334, 46.695557, 1246.4],
          [8.17025, 46.695469, 1247.5],
          [8.17022, 46.695383, 1248.5],
          [8.170212, 46.695368, 1248.6],
          [8.170193, 46.695314, 1249.9],
          [8.170155, 46.695261, 1254],
          [8.170171, 46.69524, 1254.3],
          [8.170211, 46.695227, 1254.3],
          [8.170222, 46.695221, 1254.2],
          [8.170236, 46.695214, 1253.8],
          [8.170241, 46.695194, 1255.4],
          [8.17023, 46.695153, 1256.4],
          [8.170217, 46.69513, 1257],
          [8.170143, 46.695067, 1257.3],
          [8.170129, 46.695052, 1257.7],
          [8.170075, 46.695006, 1257.7],
          [8.170041, 46.694959, 1258],
          [8.169987, 46.694931, 1259.5],
          [8.169975, 46.694921, 1259.4],
          [8.169858, 46.694833, 1259.2],
          [8.169808, 46.694805, 1262.1],
          [8.169794, 46.694794, 1262.2],
          [8.169672, 46.694663, 1262.9],
          [8.169659, 46.694647, 1263.3],
          [8.169597, 46.694574, 1265.4],
          [8.169537, 46.69453, 1266.2],
          [8.169531, 46.694504, 1266.9],
          [8.169523, 46.694501, 1266.6],
          [8.16951, 46.694494, 1266.9],
          [8.16949, 46.694467, 1267.8],
          [8.1695, 46.694443, 1267.9],
          [8.169496, 46.694407, 1268.9],
          [8.169468, 46.694322, 1270],
          [8.169467, 46.694312, 1270.8],
          [8.169469, 46.694278, 1272],
          [8.169491, 46.694257, 1271.2],
          [8.169572, 46.694228, 1271.6],
          [8.169585, 46.694213, 1271.9],
          [8.169585, 46.694178, 1273],
          [8.169589, 46.694168, 1272.4],
          [8.169596, 46.694155, 1272.4],
          [8.169586, 46.694107, 1275.9],
          [8.16952, 46.69404, 1278.5],
          [8.169474, 46.694017, 1278.1],
          [8.169466, 46.694014, 1278],
          [8.169441, 46.694007, 1277.6],
          [8.169407, 46.694017, 1277.4],
          [8.169406, 46.694036, 1277.3],
          [8.169372, 46.694047, 1279.2],
          [8.169345, 46.694032, 1279.3],
          [8.169314, 46.693983, 1280.3],
          [8.169312, 46.693973, 1280.6],
          [8.169321, 46.693871, 1280.2],
          [8.169312, 46.693851, 1283.6],
          [8.169263, 46.693836, 1284.4],
          [8.169232, 46.693807, 1284.5],
          [8.169225, 46.693796, 1284.8],
          [8.169181, 46.693687, 1288.6],
          [8.169168, 46.693629, 1291],
          [8.169114, 46.693578, 1292.2],
          [8.169114, 46.693575, 1292.5],
          [8.169077, 46.693517, 1292],
          [8.168997, 46.693468, 1294.6],
          [8.168962, 46.693436, 1294.9],
          [8.168954, 46.693431, 1295],
          [8.168912, 46.693395, 1295.2],
          [8.16887, 46.693329, 1293.9],
          [8.168832, 46.6933, 1293.7],
          [8.168813, 46.693287, 1293.5],
          [8.168781, 46.693263, 1293.3],
          [8.168681, 46.693233, 1295],
          [8.168644, 46.693235, 1295.1],
          [8.168611, 46.693217, 1295],
          [8.168602, 46.693212, 1294.9],
          [8.168536, 46.693149, 1293.7],
          [8.168486, 46.693053, 1294.3],
          [8.168486, 46.69304, 1295],
          [8.16847, 46.692996, 1294],
          [8.168374, 46.692912, 1292.3],
          [8.168359, 46.692899, 1291.8],
          [8.1683, 46.692847, 1291.2],
          [8.16819, 46.692798, 1291.3],
          [8.168177, 46.692792, 1291.1],
          [8.168088, 46.692728, 1291.6],
          [8.167999, 46.69269, 1292.2],
          [8.167989, 46.692683, 1292.3],
          [8.167852, 46.692598, 1294.8],
          [8.167712, 46.692552, 1294.8],
          [8.167679, 46.692541, 1294.9],
          [8.167416, 46.692477, 1296.6],
          [8.167365, 46.692469, 1296.7],
          [8.167217, 46.692462, 1297.1],
          [8.16709, 46.692469, 1297.1],
          [8.167072, 46.692469, 1297.1],
          [8.167022, 46.69247, 1296.1],
          [8.166938, 46.692509, 1296.1],
          [8.166904, 46.692501, 1294.1],
          [8.166856, 46.692448, 1292.8],
          [8.166826, 46.692423, 1293.3],
          [8.166688, 46.692333, 1292.9],
          [8.166559, 46.692271, 1293.5],
          [8.166548, 46.692267, 1294],
          [8.166485, 46.692271, 1293.5],
          [8.166422, 46.692254, 1291.9],
          [8.166372, 46.692235, 1292.5],
          [8.166348, 46.692208, 1292.7],
          [8.166333, 46.692201, 1292.9],
          [8.166278, 46.692194, 1291.4],
          [8.166261, 46.692171, 1290.8],
          [8.166157, 46.69219, 1290.9],
          [8.166105, 46.692184, 1291.2],
          [8.166088, 46.69218, 1291.3],
          [8.165993, 46.692142, 1291.3],
          [8.165899, 46.692082, 1290.9],
          [8.165886, 46.692077, 1291.2],
          [8.165802, 46.692033, 1291.1],
          [8.165703, 46.691956, 1291.3],
          [8.165689, 46.691947, 1291.1],
          [8.165653, 46.691917, 1290.8],
          [8.165488, 46.69182, 1290.6],
          [8.16547, 46.691814, 1290.6],
          [8.16531, 46.691717, 1290.9],
          [8.165301, 46.691708, 1290.3],
          [8.165236, 46.691625, 1292.2],
          [8.165155, 46.691556, 1293],
          [8.165139, 46.691553, 1293],
          [8.16502, 46.691549, 1293],
          [8.164928, 46.691493, 1291.9],
          [8.164914, 46.691485, 1292.1],
          [8.164784, 46.691428, 1292],
          [8.164746, 46.691394, 1291.5],
          [8.164733, 46.691386, 1291.4],
          [8.164645, 46.691325, 1290.7],
          [8.164577, 46.691293, 1291.5],
          [8.164561, 46.691285, 1291.1],
          [8.164455, 46.691233, 1290.5],
          [8.164393, 46.691186, 1290.8],
          [8.164389, 46.691179, 1290.9],
          [8.164242, 46.691081, 1290.4],
          [8.164225, 46.691072, 1290.7],
          [8.164056, 46.690958, 1291.2],
          [8.164045, 46.690951, 1291.2],
          [8.164005, 46.690917, 1290.7],
          [8.16391, 46.690871, 1291.5],
          [8.163877, 46.690842, 1290.8],
          [8.163863, 46.690829, 1291],
          [8.163744, 46.69074, 1291.5],
          [8.163667, 46.690718, 1292],
          [8.163653, 46.690713, 1291.9],
          [8.163534, 46.690655, 1292],
          [8.16348, 46.690613, 1291.6],
          [8.163467, 46.690603, 1291.4],
          [8.163301, 46.690466, 1293.5],
          [8.163301, 46.690455, 1293],
          [8.163261, 46.690387, 1291.8],
          [8.163262, 46.690371, 1291.6],
          [8.163239, 46.690343, 1291.6],
          [8.163206, 46.690325, 1292.3],
          [8.163193, 46.690316, 1292.4],
          [8.163087, 46.690236, 1292.6],
          [8.163072, 46.6902, 1292.1],
          [8.163046, 46.690179, 1292.9],
          [8.163033, 46.690174, 1293.3],
          [8.163001, 46.690147, 1293.2],
          [8.162964, 46.690142, 1294.4],
          [8.162914, 46.69011, 1294.2],
          [8.162842, 46.689986, 1294],
          [8.162826, 46.689956, 1294.4],
          [8.162741, 46.689854, 1294.2],
          [8.162741, 46.689831, 1293.5],
          [8.162704, 46.689787, 1293.2],
          [8.162694, 46.689752, 1292.8],
          [8.162685, 46.689738, 1293],
          [8.162623, 46.689631, 1294.5],
          [8.162578, 46.689576, 1295.1],
          [8.162569, 46.689565, 1295.2],
          [8.162487, 46.689415, 1295.4],
          [8.162481, 46.689404, 1295.4],
          [8.162403, 46.689326, 1296],
          [8.162372, 46.689272, 1295.7],
          [8.162366, 46.689261, 1295.7],
          [8.162329, 46.6892, 1296.1],
          [8.162241, 46.689098, 1295.5],
          [8.162234, 46.689086, 1295.9],
          [8.162209, 46.689049, 1296.6],
          [8.162204, 46.689006, 1295.7],
          [8.162145, 46.688908, 1296.9],
          [8.162138, 46.688894, 1297],
          [8.162035, 46.688751, 1298.1],
          [8.162028, 46.68874, 1297.9],
          [8.161969, 46.688631, 1297.9],
          [8.161925, 46.688584, 1298.2],
          [8.161918, 46.688576, 1298.1],
          [8.161855, 46.688422, 1296.8],
          [8.161851, 46.688407, 1297.2],
          [8.161824, 46.68833, 1296.5],
          [8.161826, 46.688304, 1298.1],
          [8.161866, 46.68823, 1298.1],
          [8.161866, 46.688222, 1297.8],
          [8.161876, 46.688154, 1298],
          [8.161907, 46.688065, 1299.1],
          [8.16191, 46.688054, 1299.3],
          [8.161941, 46.688004, 1299.4],
          [8.161941, 46.687989, 1299.2],
          [8.161922, 46.687942, 1298.8],
          [8.161882, 46.687907, 1299.4],
          [8.161872, 46.687898, 1298.9],
          [8.161832, 46.687865, 1299.5],
          [8.161784, 46.687843, 1298.8],
          [8.16164, 46.687802, 1299.2],
          [8.161625, 46.687795, 1299],
          [8.161556, 46.687751, 1299.6],
          [8.161526, 46.687706, 1299.6],
          [8.161514, 46.687666, 1300.1],
          [8.161511, 46.687652, 1300.1],
          [8.161481, 46.687595, 1300.1],
          [8.161413, 46.687519, 1300.5],
          [8.161413, 46.687506, 1300.5],
          [8.16138, 46.687418, 1300.3],
          [8.161333, 46.687368, 1301.4],
          [8.161323, 46.687357, 1301.7],
          [8.161304, 46.68731, 1301.5],
          [8.16124, 46.687226, 1301],
          [8.161228, 46.687213, 1301.2],
          [8.16118, 46.687167, 1300.3],
          [8.161126, 46.687086, 1300.9],
          [8.161115, 46.68707, 1300.6],
          [8.161037, 46.686989, 1300.7],
          [8.161044, 46.686932, 1300.7],
          [8.161045, 46.686922, 1300.5],
          [8.16101, 46.686848, 1300.4],
          [8.160946, 46.686779, 1300.1],
          [8.160936, 46.686766, 1300.3],
          [8.160892, 46.686719, 1300.2],
          [8.160855, 46.686652, 1300.7],
          [8.16084, 46.68659, 1300.6],
          [8.160838, 46.686576, 1300.8],
          [8.160833, 46.686525, 1301.1],
          [8.160852, 46.686435, 1301.2],
          [8.160855, 46.686426, 1301.5],
          [8.160889, 46.686313, 1302.1],
          [8.160879, 46.686275, 1301.5],
          [8.160875, 46.686258, 1301.3],
          [8.160887, 46.686154, 1301.1],
          [8.160882, 46.686104, 1302.8],
          [8.160875, 46.686103, 1302.9],
          [8.160895, 46.686087, 1302.7],
          [8.160901, 46.686062, 1303.2],
          [8.160918, 46.686045, 1303.6],
          [8.160946, 46.685966, 1302.6],
          [8.160957, 46.685945, 1302.1],
          [8.160973, 46.685926, 1301.3],
          [8.161007, 46.685919, 1302.1],
          [8.161019, 46.685894, 1302.7],
          [8.160986, 46.685859, 1302.5],
          [8.160921, 46.685823, 1302.1],
          [8.160899, 46.685808, 1302.2],
          [8.160754, 46.685701, 1302],
          [8.160749, 46.685697, 1301.9],
          [8.160738, 46.685696, 1301.9],
          [8.160692, 46.685641, 1303.2],
          [8.16065, 46.685609, 1302.5],
          [8.160624, 46.685569, 1301.7],
          [8.160615, 46.685555, 1301.6],
          [8.160574, 46.685531, 1301.8],
          [8.160554, 46.685484, 1302.3],
          [8.1605, 46.685467, 1302.7],
          [8.160472, 46.685447, 1303],
          [8.160467, 46.685433, 1303],
          [8.160469, 46.685421, 1302.5],
          [8.160442, 46.685402, 1302.3],
          [8.160426, 46.685362, 1302.9],
          [8.160353, 46.685315, 1303.1],
          [8.160352, 46.685302, 1303.4],
          [8.16035, 46.685292, 1303.3],
          [8.160329, 46.68521, 1303.3],
          [8.160224, 46.685136, 1303.5],
          [8.160182, 46.685126, 1303.4],
          [8.160152, 46.685118, 1303.3],
          [8.160126, 46.685105, 1303.5],
          [8.160077, 46.685045, 1303.7],
          [8.160043, 46.685027, 1303.5],
          [8.160013, 46.684991, 1303.3],
          [8.159994, 46.684983, 1303.6],
          [8.159828, 46.684887, 1304.1],
          [8.159789, 46.684876, 1304.4],
          [8.159766, 46.684865, 1304.3],
          [8.159651, 46.684776, 1305.1],
          [8.159603, 46.684727, 1305.2],
          [8.159595, 46.684717, 1305.4],
          [8.159524, 46.68468, 1305.8],
          [8.159495, 46.684642, 1306.6],
          [8.159436, 46.684597, 1307.6],
          [8.159434, 46.684586, 1307.5],
          [8.159429, 46.684574, 1307.5],
          [8.159324, 46.684498, 1307.1],
          [8.159222, 46.684459, 1307.3],
          [8.159208, 46.68445, 1307.2],
          [8.159102, 46.68434, 1307.1],
          [8.159103, 46.684307, 1307.5],
          [8.159113, 46.684287, 1307.5],
          [8.159119, 46.684271, 1307.6],
          [8.159083, 46.684187, 1307.8],
          [8.15903, 46.684131, 1307.5],
          [8.159026, 46.684122, 1307.2],
          [8.159006, 46.684052, 1306.8],
          [8.158961, 46.683992, 1306.3],
          [8.158927, 46.683972, 1306.9],
          [8.158915, 46.683958, 1307],
          [8.158887, 46.683905, 1306.3],
          [8.158828, 46.683871, 1306.4],
          [8.158761, 46.683849, 1306],
          [8.158739, 46.683843, 1306],
          [8.158665, 46.683832, 1306.5],
          [8.158596, 46.6838, 1306.8],
          [8.158546, 46.683747, 1306.5],
          [8.158529, 46.683735, 1306.7],
          [8.158463, 46.6837, 1307.1],
          [8.158402, 46.683688, 1307],
          [8.158373, 46.683665, 1307.9],
          [8.158358, 46.683658, 1308.1],
          [8.15821, 46.683583, 1308.7],
          [8.158163, 46.68357, 1308.7],
          [8.158142, 46.683562, 1309],
          [8.15809, 46.683542, 1309.1],
          [8.158034, 46.683506, 1309.1],
          [8.157974, 46.683432, 1308.6],
          [8.157968, 46.683422, 1308.4],
          [8.157882, 46.683337, 1309.2],
          [8.157866, 46.683265, 1309.5],
          [8.157863, 46.68325, 1309.6],
          [8.157835, 46.683199, 1308.8],
          [8.157805, 46.683172, 1310.3],
          [8.157788, 46.683109, 1309.8],
          [8.157779, 46.683097, 1310.5],
          [8.157743, 46.683045, 1310.4],
          [8.157731, 46.683007, 1308.8],
          [8.157684, 46.682955, 1309.7],
          [8.157668, 46.682946, 1309.9],
          [8.157542, 46.682895, 1310.3],
          [8.157483, 46.682853, 1310.7],
          [8.157468, 46.682844, 1310.6],
          [8.157418, 46.682808, 1310.5],
          [8.157359, 46.682781, 1311.8],
          [8.157303, 46.682725, 1311.1],
          [8.157284, 46.682712, 1311.2],
          [8.157177, 46.68267, 1311.4],
          [8.15709, 46.682614, 1311.6],
          [8.15707, 46.682612, 1311.6],
          [8.156947, 46.682586, 1312],
          [8.156849, 46.682535, 1311.8],
          [8.156833, 46.682528, 1311.7],
          [8.156795, 46.682505, 1311.3],
          [8.156737, 46.682441, 1311.2],
          [8.156721, 46.682389, 1311.5],
          [8.156714, 46.682377, 1311.5],
          [8.156658, 46.682335, 1311.7],
          [8.156539, 46.682301, 1312.2],
          [8.156527, 46.68229, 1312.1],
          [8.156425, 46.682198, 1312.7],
          [8.15641, 46.682164, 1312.2],
          [8.156407, 46.682154, 1312.3],
          [8.156253, 46.682066, 1313.9],
          [8.156241, 46.682054, 1313.9],
          [8.156222, 46.682026, 1313.8],
          [8.156213, 46.681985, 1314.3],
          [8.156209, 46.6819, 1314.4],
          [8.156199, 46.681889, 1314.5],
          [8.156094, 46.6818, 1314.4],
          [8.156069, 46.681747, 1314.7],
          [8.156065, 46.681739, 1314.6],
          [8.156035, 46.681694, 1315.1],
          [8.15595, 46.681617, 1316.4],
          [8.155939, 46.68161, 1316.1],
          [8.155879, 46.681527, 1315.6],
          [8.155887, 46.681467, 1316],
          [8.155891, 46.681448, 1316.1],
          [8.155886, 46.681378, 1315.7],
          [8.155913, 46.681294, 1316.5],
          [8.155917, 46.681282, 1316.6],
          [8.156002, 46.681136, 1317.6],
          [8.156005, 46.681123, 1317.8],
          [8.15607, 46.680971, 1318.4],
          [8.156076, 46.680954, 1318.2],
          [8.156178, 46.680884, 1319.5],
          [8.156207, 46.680845, 1320.3],
          [8.156216, 46.680838, 1320.4],
          [8.156318, 46.680788, 1320.7],
          [8.156387, 46.680714, 1320.3],
          [8.156401, 46.680698, 1320.2],
          [8.15645, 46.680648, 1320.4],
          [8.156448, 46.680612, 1321],
          [8.156465, 46.680549, 1323],
          [8.156467, 46.680536, 1323.5],
          [8.156479, 46.680485, 1323.5],
          [8.156466, 46.680461, 1323.9],
          [8.156466, 46.680435, 1323.1],
          [8.156435, 46.680435, 1324],
          [8.156451, 46.680455, 1322.4],
          [8.156382, 46.68045, 1324.5],
          [8.156391, 46.680453, 1324.7],
          [8.156281, 46.680446, 1324.2],
          [8.156187, 46.680483, 1323.9],
          [8.156158, 46.680491, 1323.7],
          [8.15596, 46.680537, 1323],
          [8.155946, 46.68054, 1323.1],
          [8.155878, 46.680551, 1322.8],
          [8.155807, 46.680549, 1322.3],
          [8.155723, 46.680515, 1321.8],
          [8.155708, 46.680507, 1321.8],
          [8.155664, 46.680494, 1321.9],
          [8.155621, 46.680494, 1321.6],
          [8.155493, 46.680519, 1321.2],
          [8.155474, 46.680521, 1320.9],
          [8.155449, 46.680525, 1321.6],
          [8.1554, 46.680505, 1321],
          [8.15531, 46.680515, 1320.8],
          [8.155235, 46.680537, 1320.9],
          [8.155217, 46.680542, 1320.4],
          [8.155131, 46.680581, 1320.1],
          [8.155065, 46.680639, 1320.1],
          [8.155046, 46.680648, 1320],
          [8.154913, 46.680616, 1319.9],
          [8.154834, 46.680609, 1320.4],
          [8.154816, 46.680608, 1320.1],
          [8.154743, 46.680597, 1320.7],
          [8.154591, 46.680596, 1320.3],
          [8.154572, 46.680597, 1320.4],
          [8.154485, 46.680589, 1320.5],
          [8.154384, 46.680558, 1321.1],
          [8.154352, 46.680539, 1321.1],
          [8.154351, 46.680537, 1321.1],
          [8.154349, 46.680511, 1320.9],
          [8.15425, 46.680495, 1320.8],
          [8.154189, 46.680473, 1321.3],
          [8.15417, 46.680468, 1321.4],
          [8.154013, 46.680421, 1321.2],
          [8.15394, 46.680389, 1321.5],
          [8.153926, 46.680382, 1321.4],
          [8.153834, 46.680348, 1321.4],
          [8.153764, 46.680302, 1321.4],
          [8.153754, 46.680291, 1321.5],
          [8.153724, 46.680264, 1322],
          [8.153632, 46.68023, 1322.1],
          [8.153576, 46.680198, 1322.7],
          [8.153566, 46.680193, 1323],
          [8.153503, 46.680161, 1323.4],
          [8.153537, 46.68017, 1323.5],
          [8.153548, 46.680146, 1323.3],
          [8.153622, 46.68007, 1323.3],
          [8.153636, 46.680054, 1323.3],
          [8.153723, 46.679999, 1323.3],
          [8.153788, 46.679938, 1323.9],
          [8.153807, 46.679929, 1324],
          [8.153876, 46.679896, 1324.1],
          [8.15405, 46.679837, 1325],
          [8.154066, 46.679831, 1325],
          [8.154097, 46.679811, 1325],
          [8.154127, 46.679771, 1326],
          [8.154137, 46.679748, 1325.9],
          [8.154119, 46.679725, 1326.4],
          [8.154153, 46.679724, 1325.9],
          [8.154127, 46.67969, 1328.1],
          [8.154123, 46.679685, 1326.8],
          [8.154117, 46.679682, 1326.3],
          [8.154108, 46.679697, 1327.7],
          [8.154137, 46.679665, 1327.8],
          [8.154119, 46.679688, 1327],
          [8.154137, 46.679711, 1326.7],
          [8.154174, 46.679718, 1326.8],
          [8.154208, 46.679708, 1326.9],
          [8.154223, 46.67967, 1327],
          [8.154226, 46.679657, 1326.8],
          [8.154227, 46.679567, 1328.6],
          [8.154208, 46.679489, 1330.1],
          [8.154205, 46.679478, 1330.2],
          [8.154194, 46.67944, 1330.7],
          [8.154199, 46.679423, 1330.8],
          [8.15423, 46.67939, 1330.4],
          [8.15424, 46.679311, 1332.2],
          [8.154242, 46.679304, 1332.7],
          [8.154259, 46.679257, 1333.6],
          [8.154393, 46.679168, 1334.7],
          [8.154403, 46.679158, 1335.3],
          [8.154471, 46.679123, 1335.5],
          [8.154535, 46.679114, 1337.2],
          [8.154636, 46.679083, 1338.5],
          [8.154642, 46.679083, 1338.7],
          [8.154891, 46.679105, 1342.4],
          [8.154901, 46.679106, 1342.6],
          [8.154944, 46.679109, 1343.4],
          [8.154996, 46.679096, 1345.2],
          [8.15504, 46.67906, 1346],
          [8.15505, 46.679038, 1346.4],
          [8.155042, 46.67901, 1346.8],
          [8.155038, 46.679003, 1347.3],
          [8.15501, 46.678975, 1348.5],
          [8.154899, 46.678903, 1351.4],
          [8.15488, 46.678871, 1351.4],
          [8.154872, 46.678861, 1351.4],
          [8.154864, 46.678827, 1351.9],
          [8.15489, 46.678788, 1353.5],
          [8.15489, 46.678766, 1353.8],
          [8.154934, 46.678697, 1353.9],
          [8.154949, 46.67868, 1353.7],
          [8.15509, 46.678573, 1355.1],
          [8.155132, 46.678559, 1355],
          [8.155146, 46.678552, 1355.2],
          [8.155234, 46.678515, 1356.9],
          [8.155334, 46.678446, 1358.4],
          [8.155345, 46.678436, 1358.6],
          [8.155381, 46.67839, 1359.3],
          [8.155402, 46.67833, 1360.3],
          [8.155434, 46.678287, 1360.8],
          [8.155447, 46.678279, 1361.3],
          [8.155488, 46.678269, 1361.9],
          [8.15548, 46.678295, 1362.7],
          [8.155525, 46.678255, 1362.8],
          [8.155498, 46.678275, 1362.8],
          [8.155513, 46.67826, 1363.5],
          [8.155587, 46.678237, 1363.1],
          [8.155645, 46.678231, 1362.3],
          [8.155708, 46.678219, 1362],
          [8.155809, 46.678239, 1361.2],
          [8.155999, 46.678221, 1361.5],
          [8.155965, 46.678226, 1361.9],
          [8.155937, 46.67821, 1362.5],
          [8.155833, 46.678253, 1362],
          [8.155768, 46.678265, 1362.6],
          [8.155744, 46.678269, 1362.7],
          [8.155615, 46.678283, 1362.6],
          [8.155502, 46.678263, 1363.1],
          [8.155496, 46.678262, 1363.2],
          [8.155518, 46.67828, 1362.8],
          [8.155528, 46.678302, 1363.1],
          [8.155529, 46.678345, 1362.9],
          [8.155552, 46.678254, 1362],
          [8.155556, 46.678233, 1362],
          [8.155561, 46.678195, 1362.5],
          [8.155585, 46.678214, 1363.8],
          [8.155575, 46.678237, 1363.9],
          [8.15561, 46.678282, 1362.4],
          [8.155589, 46.678304, 1362.5],
          [8.155545, 46.678308, 1362.9],
          [8.155546, 46.678308, 1362.9],
          [8.155535, 46.678335, 1362.6],
          [8.155501, 46.678336, 1363.6],
          [8.155457, 46.678367, 1363.3],
          [8.15542, 46.678363, 1363.3],
          [8.15545, 46.678317, 1363.9],
          [8.155444, 46.678314, 1363.9],
          [8.155459, 46.6783, 1363.5],
          [8.155526, 46.678283, 1363.7],
          [8.155563, 46.678197, 1363.6],
          [8.155575, 46.678184, 1363.2],
          [8.155619, 46.678137, 1363.2],
          [8.155622, 46.678074, 1364.6],
          [8.155586, 46.678064, 1365.5],
          [8.155561, 46.678035, 1365.9],
          [8.155555, 46.678021, 1366.2],
          [8.155547, 46.67795, 1367.4],
          [8.155595, 46.677867, 1367.4],
          [8.155616, 46.677856, 1367.5],
          [8.155719, 46.677831, 1368.1],
          [8.155763, 46.677798, 1369.1],
          [8.155803, 46.677785, 1369.5],
          [8.155821, 46.677774, 1369.8],
          [8.155895, 46.677733, 1369.8],
          [8.155951, 46.677716, 1370.8],
          [8.155999, 46.677669, 1371.2],
          [8.156009, 46.677655, 1371.4],
          [8.156045, 46.677616, 1371.9],
          [8.156094, 46.677593, 1371.7],
          [8.156146, 46.677593, 1371.3],
          [8.156189, 46.677618, 1371.6],
          [8.156204, 46.677638, 1371.9],
          [8.156207, 46.677704, 1373.6],
          [8.156171, 46.677741, 1373.5],
          [8.156179, 46.677762, 1373.9],
          [8.156203, 46.677778, 1374.4],
          [8.156242, 46.677772, 1373.8],
          [8.156253, 46.677767, 1374],
          [8.156267, 46.67776, 1374.3],
          [8.156232, 46.677797, 1374.4],
          [8.156362, 46.677779, 1375.4],
          [8.156397, 46.677763, 1376.6],
          [8.156405, 46.677759, 1376.8],
          [8.156485, 46.677707, 1377.1],
          [8.156614, 46.677668, 1378],
          [8.156629, 46.677666, 1378.1],
          [8.15686, 46.677618, 1380],
          [8.156878, 46.677617, 1380.4],
          [8.156929, 46.677632, 1382.9],
          [8.156958, 46.677627, 1381.8],
          [8.157016, 46.677648, 1381.4],
          [8.157055, 46.677648, 1382.8],
          [8.157107, 46.67767, 1383.4],
          [8.157645, 46.677759, 1396.8],
          [8.157646, 46.67776, 1385.8],
          [8.157607, 46.677791, 1384.4],
          [8.157533, 46.6778, 1388.8],
          [8.157531, 46.67782, 1390],
          [8.157562, 46.677809, 1391],
          [8.157578, 46.677771, 1390.9],
          [8.157577, 46.677758, 1391],
          [8.157573, 46.677725, 1390.4],
          [8.157604, 46.677717, 1390],
          [8.157658, 46.677732, 1389.3],
          [8.157681, 46.67771, 1389.8],
          [8.157754, 46.677721, 1390.9],
          [8.157757, 46.677719, 1391],
          [8.157863, 46.677697, 1392.8],
          [8.157987, 46.677763, 1392.4],
          [8.158054, 46.677779, 1399.4],
          [8.158184, 46.677789, 1392],
          [8.158207, 46.677779, 1391.8],
          [8.158603, 46.677399, 1404.4],
          [8.158586, 46.677381, 1406.1],
          [8.158453, 46.677389, 1413.1],
          [8.158395, 46.677322, 1414.2],
          [8.158386, 46.677292, 1399],
          [8.158274, 46.677356, 1408.1],
          [8.158356, 46.677337, 1408.2],
          [8.158415, 46.677309, 1408.3],
          [8.158521, 46.677278, 1407.5],
          [8.158519, 46.677261, 1407.4],
          [8.158534, 46.67724, 1407.3],
          [8.158562, 46.677248, 1407.2],
          [8.158644, 46.677243, 1406.4],
          [8.158648, 46.677242, 1406.3],
          [8.158688, 46.677239, 1408.7],
          [8.158683, 46.677213, 1412.4],
          [8.158658, 46.677332, 1412.1],
          [8.158653, 46.677348, 1411.9],
          [8.158634, 46.677375, 1411.4],
          [8.158611, 46.677386, 1411.2],
          [8.158554, 46.677366, 1410.8],
          [8.158575, 46.67735, 1410.8],
          [8.158518, 46.677306, 1408.4],
          [8.158536, 46.677278, 1410.4],
          [8.158538, 46.677282, 1410.6],
          [8.158593, 46.677281, 1410.4],
          [8.158556, 46.677285, 1410.9],
          [8.158609, 46.677236, 1413.2],
          [8.158638, 46.677223, 1409.1],
          [8.158606, 46.677268, 1410.8],
          [8.158643, 46.677252, 1412.2],
          [8.158631, 46.677231, 1412],
          [8.158627, 46.677209, 1412.4],
          [8.158609, 46.677101, 1411.9],
          [8.15857, 46.677007, 1413.3],
          [8.15857, 46.676958, 1413.6],
          [8.158573, 46.676956, 1411.7],
          [8.15857, 46.676906, 1412.7],
          [8.158524, 46.676885, 1413.4],
          [8.158457, 46.67689, 1412],
          [8.158504, 46.676846, 1412.7],
          [8.158401, 46.676787, 1420],
          [8.159269, 46.67598, 1505.6],
          [8.159302, 46.67591, 1465.5],
          [8.159325, 46.675928, 1465],
          [8.159327, 46.675894, 1465.9],
          [8.159311, 46.675877, 1466.6],
          [8.159224, 46.675872, 1467.8],
          [8.159187, 46.67586, 1468.8],
          [8.15917, 46.675859, 1468.9],
          [8.158941, 46.675766, 1467],
          [8.158925, 46.675763, 1466.9],
          [8.158887, 46.675777, 1469.6],
          [8.158778, 46.675773, 1467],
          [8.158559, 46.67573, 1465.8],
          [8.158539, 46.675761, 1469.4],
          [8.158526, 46.675762, 1469.9],
          [8.158525, 46.675786, 1470.1],
          [8.158537, 46.675845, 1470.8],
          [8.158617, 46.67601, 1471.2],
          [8.158618, 46.676062, 1472.1],
          [8.158591, 46.676094, 1471.6],
          [8.158594, 46.676116, 1471.7],
          [8.158558, 46.676131, 1472.3],
          [8.158562, 46.676121, 1471.3],
          [8.15865, 46.676141, 1471.6],
          [8.15871, 46.676134, 1471.7],
          [8.158805, 46.676097, 1472.3],
          [8.158824, 46.676078, 1472.4],
          [8.158884, 46.676052, 1472.3],
          [8.158952, 46.676043, 1472.9],
          [8.159048, 46.676008, 1472.8],
          [8.15903, 46.676004, 1472.9],
          [8.159021, 46.675965, 1472.7],
          [8.158989, 46.67594, 1472.4],
          [8.158926, 46.675939, 1471.8],
          [8.15886, 46.675954, 1471.2],
          [8.158787, 46.676005, 1472.9],
          [8.158869, 46.67602, 1476],
          [8.158898, 46.676037, 1474.9],
          [8.158935, 46.676034, 1474.5],
          [8.15894, 46.676066, 1474.2],
          [8.158935, 46.676076, 1474.1],
          [8.158846, 46.676183, 1472.5],
          [8.158828, 46.676218, 1472.1],
          [8.158818, 46.676236, 1471.8],
          [8.158761, 46.676297, 1471.9],
          [8.158607, 46.676311, 1470.6],
          [8.15859, 46.676316, 1470.4],
          [8.158497, 46.67635, 1468.4],
          [8.158438, 46.676361, 1467.6],
          [8.15836, 46.676398, 1466],
          [8.158352, 46.676403, 1465.6],
          [8.158318, 46.676429, 1464.3],
          [8.158344, 46.676477, 1461.2],
          [8.158383, 46.676516, 1459.7],
          [8.158365, 46.676557, 1460],
          [8.158359, 46.676559, 1459],
          [8.158347, 46.676609, 1457],
          [8.15821, 46.676629, 1456.3],
          [8.158175, 46.676645, 1456.5],
          [8.158171, 46.676648, 1456.4],
          [8.158086, 46.676725, 1454],
          [8.158031, 46.676743, 1452.7],
          [8.157983, 46.676745, 1452.2],
          [8.15796, 46.676746, 1452.1],
          [8.157911, 46.676734, 1451.4],
          [8.157889, 46.676744, 1450.1],
          [8.157788, 46.676809, 1446.9],
          [8.157786, 46.676841, 1444.8],
          [8.157789, 46.676849, 1444.6],
          [8.157789, 46.676904, 1443.3],
          [8.157774, 46.676965, 1442.2],
          [8.157786, 46.67699, 1441],
          [8.157786, 46.677019, 1440.8],
          [8.157786, 46.677026, 1440.6],
          [8.157811, 46.677068, 1440.1],
          [8.15782, 46.67712, 1439.2],
          [8.157804, 46.677142, 1439.1],
          [8.157749, 46.677172, 1437.9],
          [8.157733, 46.67718, 1438.2],
          [8.15769, 46.677191, 1437.6],
          [8.157654, 46.67719, 1437.1],
          [8.157532, 46.677155, 1435.9],
          [8.15749, 46.677153, 1435],
          [8.157469, 46.677156, 1435.3],
          [8.157321, 46.677113, 1433.9],
          [8.157259, 46.677081, 1432.5],
          [8.157249, 46.677075, 1432.1],
          [8.157215, 46.677062, 1431.3],
          [8.157136, 46.676985, 1428.5],
          [8.157061, 46.676955, 1426],
          [8.157049, 46.676949, 1425.6],
          [8.156859, 46.676844, 1422],
          [8.156856, 46.676838, 1421.8],
          [8.156823, 46.676771, 1422.8],
          [8.156837, 46.676747, 1424.3],
          [8.15684, 46.676711, 1423.4],
          [8.156816, 46.67667, 1422.1],
          [8.156794, 46.676649, 1421.2],
          [8.156689, 46.67659, 1418.4],
          [8.156694, 46.676546, 1415.7],
          [8.156645, 46.676579, 1415.7],
          [8.156617, 46.676621, 1417.7],
          [8.15662, 46.676627, 1418.9],
          [8.156827, 46.676652, 1423.5],
          [8.156837, 46.676694, 1422.8],
          [8.156833, 46.676727, 1423],
          [8.156832, 46.676727, 1423],
          [8.156825, 46.676752, 1422.2],
          [8.156857, 46.676799, 1421.7],
          [8.156841, 46.676818, 1421.5],
          [8.156816, 46.676825, 1421],
          [8.156815, 46.67685, 1420.8],
          [8.15678, 46.676864, 1420.4],
          [8.156767, 46.67687, 1420.4],
          [8.156614, 46.676918, 1417.7],
          [8.156571, 46.676968, 1416.7],
          [8.156562, 46.676977, 1416.4],
          [8.156439, 46.677019, 1412.6],
          [8.156352, 46.677017, 1411.8],
          [8.156328, 46.677014, 1411.7],
          [8.156224, 46.67698, 1410.4],
          [8.156187, 46.676987, 1409.4],
          [8.156102, 46.677031, 1407.5],
          [8.156091, 46.677033, 1406.9],
          [8.15602, 46.677065, 1403.8],
          [8.156014, 46.677111, 1401.1],
          [8.15594, 46.677156, 1400.5],
          [8.15592, 46.677164, 1400.3],
          [8.155683, 46.677252, 1396.3],
          [8.155669, 46.677258, 1396.1],
          [8.155542, 46.677344, 1393.6],
          [8.15547, 46.677377, 1391.5],
          [8.155455, 46.677385, 1391.7],
          [8.155311, 46.677405, 1389.7],
          [8.155283, 46.677413, 1389.1],
          [8.155248, 46.67744, 1388],
          [8.155242, 46.67745, 1388],
          [8.155204, 46.677495, 1386.6],
          [8.155216, 46.677519, 1386.6],
          [8.155244, 46.677557, 1386.6],
          [8.155313, 46.677576, 1385.4],
          [8.155315, 46.677575, 1385],
          [8.155264, 46.677609, 1385.5],
          [8.155159, 46.677641, 1384.1],
          [8.155139, 46.67765, 1383.8],
          [8.155062, 46.677676, 1381.6],
          [8.155055, 46.6777, 1381.2],
          [8.155066, 46.677753, 1380.3],
          [8.155118, 46.677776, 1379.3],
          [8.155136, 46.677784, 1378.9],
          [8.155171, 46.677804, 1378.2],
          [8.155181, 46.67782, 1378.4],
          [8.155155, 46.677864, 1376.7],
          [8.155175, 46.677902, 1375.3],
          [8.155207, 46.677929, 1374.5],
          [8.155223, 46.677937, 1374.1],
          [8.155248, 46.677985, 1373.1],
          [8.155229, 46.678009, 1373.6],
          [8.155199, 46.677998, 1373.2],
          [8.155202, 46.678021, 1372.7],
          [8.155273, 46.678041, 1371.4],
          [8.155286, 46.678044, 1370.9],
          [8.155327, 46.678081, 1371],
          [8.155344, 46.678148, 1370.3],
          [8.155363, 46.678173, 1369.8],
          [8.155376, 46.678189, 1370.5],
          [8.155426, 46.678242, 1369.5],
          [8.155453, 46.678255, 1369.5],
          [8.155524, 46.678263, 1368.5],
          [8.155506, 46.678284, 1367.7],
          [8.1555, 46.678318, 1367.4],
          [8.1555, 46.678319, 1367.4],
          [8.155463, 46.678302, 1367.4],
          [8.155527, 46.678287, 1366.7],
          [8.15555, 46.678255, 1366.4],
          [8.15555, 46.678232, 1367.2],
          [8.155569, 46.678205, 1368.8],
          [8.155565, 46.678205, 1369.3],
          [8.15552, 46.67824, 1367.6],
          [8.155514, 46.678259, 1367.7],
          [8.155544, 46.678274, 1367.6],
          [8.155433, 46.678268, 1367.7],
          [8.155431, 46.678271, 1367.8],
          [8.155465, 46.678248, 1367.1],
          [8.155466, 46.678232, 1367],
          [8.155615, 46.678035, 1363.7],
          [8.155581, 46.678107, 1362.7],
          [8.155545, 46.678116, 1363],
          [8.155545, 46.678078, 1363.7],
          [8.155562, 46.678026, 1363.2],
          [8.155555, 46.677987, 1363.4],
          [8.15556, 46.677574, 1367.1],
          [8.155576, 46.677405, 1368.3],
          [8.155585, 46.677488, 1372.5],
          [8.155565, 46.677686, 1365.3],
          [8.155648, 46.677831, 1366.7],
          [8.155648, 46.677831, 1366.7],
          [8.155605, 46.677874, 1366.3],
          [8.155578, 46.677975, 1366.5],
          [8.155491, 46.678056, 1365],
          [8.155451, 46.678138, 1366],
          [8.155387, 46.678181, 1366.3],
          [8.155387, 46.678181, 1366.2],
          [8.155434, 46.678228, 1366],
          [8.155376, 46.678231, 1366],
          [8.155456, 46.678288, 1367.4],
          [8.155438, 46.67828, 1366.8],
          [8.155399, 46.678311, 1366.2],
          [8.155407, 46.678308, 1366.5],
          [8.155443, 46.678325, 1367.2],
          [8.155446, 46.678363, 1367],
          [8.155432, 46.67832, 1367],
          [8.155473, 46.678323, 1367.1],
          [8.155475, 46.678351, 1366],
          [8.155479, 46.678359, 1366.3],
          [8.155503, 46.678366, 1367.5],
          [8.155476, 46.678418, 1368.8],
          [8.155472, 46.678375, 1368.7],
          [8.155437, 46.678372, 1366.8],
          [8.155409, 46.678388, 1368.6],
          [8.155401, 46.678366, 1367.7],
          [8.155435, 46.678334, 1367.5],
          [8.155435, 46.678334, 1367.7],
          [8.155454, 46.678323, 1366.7],
          [8.155422, 46.678337, 1364.7],
          [8.155374, 46.678407, 1367],
          [8.155368, 46.678415, 1366.7],
          [8.155276, 46.678505, 1364.9],
          [8.155211, 46.678538, 1364.4],
          [8.155199, 46.678545, 1364.1],
          [8.155118, 46.678582, 1362.9],
          [8.154982, 46.678613, 1360.6],
          [8.154964, 46.678612, 1359.9],
          [8.154948, 46.678607, 1360.5],
          [8.154914, 46.678567, 1362],
          [8.154894, 46.678523, 1363.3],
          [8.154818, 46.67847, 1364.3],
          [8.154811, 46.678466, 1364.2],
          [8.154754, 46.678423, 1365.2],
          [8.154676, 46.67839, 1366.8],
          [8.154624, 46.678351, 1366.7],
          [8.15461, 46.678343, 1366.6],
          [8.154566, 46.678326, 1367.5],
          [8.154478, 46.678312, 1368.6],
          [8.154375, 46.678263, 1369.5],
          [8.154365, 46.678259, 1369.5],
          [8.154271, 46.678221, 1369.9],
          [8.154192, 46.678175, 1370.1],
          [8.154183, 46.678166, 1370],
          [8.15415, 46.678135, 1370.1],
          [8.154036, 46.678074, 1369.5],
          [8.153985, 46.678065, 1369.7],
          [8.153976, 46.678061, 1369.6],
          [8.153911, 46.678059, 1369.7],
          [8.153845, 46.678074, 1372],
          [8.153809, 46.678074, 1372],
          [8.153789, 46.678061, 1371.8],
          [8.153736, 46.67807, 1371.8],
          [8.153723, 46.678071, 1371.9],
          [8.153661, 46.678095, 1371.5],
          [8.153529, 46.678088, 1374.2],
          [8.153487, 46.67807, 1373],
          [8.153467, 46.678068, 1373],
          [8.153363, 46.678059, 1371.9],
          [8.153231, 46.678088, 1374],
          [8.153215, 46.678088, 1374.3],
          [8.153066, 46.678114, 1375],
          [8.152956, 46.678112, 1374.9],
          [8.152938, 46.678116, 1375.3],
          [8.1527, 46.678141, 1376.8],
          [8.152686, 46.678143, 1377],
          [8.15261, 46.678167, 1377.2],
          [8.152495, 46.67817, 1378.6],
          [8.152456, 46.678181, 1378.7],
          [8.15244, 46.678184, 1378.5],
          [8.152373, 46.678207, 1378.3],
          [8.152251, 46.678217, 1379.4],
          [8.1522, 46.678238, 1380.5],
          [8.152184, 46.678245, 1380.8],
          [8.152008, 46.678299, 1384.1],
          [8.151995, 46.678301, 1383.9],
          [8.151922, 46.67832, 1384.2],
          [8.151897, 46.678338, 1383.9],
          [8.151893, 46.678397, 1384.1],
          [8.15187, 46.678424, 1384.6],
          [8.151853, 46.678434, 1384.6],
          [8.151681, 46.678551, 1383.6],
          [8.151668, 46.678559, 1383.9],
          [8.151634, 46.6786, 1383.4],
          [8.151602, 46.678619, 1383.4],
          [8.151548, 46.678639, 1383.8],
          [8.151505, 46.678642, 1383.9],
          [8.151488, 46.678646, 1383.9],
          [8.151338, 46.678704, 1385.1],
          [8.151298, 46.678756, 1386.8],
          [8.151288, 46.678763, 1387.1],
          [8.151256, 46.678782, 1388.9],
          [8.151232, 46.678825, 1390.1],
          [8.151116, 46.678869, 1390],
          [8.151098, 46.678877, 1390.1],
          [8.151063, 46.678895, 1390.4],
          [8.150996, 46.678911, 1391.3],
          [8.150875, 46.678914, 1391.6],
          [8.150854, 46.678914, 1391.8],
          [8.150721, 46.678907, 1392.8],
          [8.150627, 46.678917, 1393.5],
          [8.150584, 46.678902, 1393.5],
          [8.150569, 46.678904, 1393.7],
          [8.150425, 46.678896, 1393.4],
          [8.150344, 46.678873, 1394.8],
          [8.150323, 46.678871, 1394.4],
          [8.150241, 46.678833, 1394.4],
          [8.15017, 46.678826, 1394.8],
          [8.150094, 46.678859, 1395.8],
          [8.150079, 46.678867, 1395.7],
          [8.149994, 46.678895, 1395.6],
          [8.149853, 46.67892, 1395.7],
          [8.149836, 46.678927, 1395.7],
          [8.149725, 46.67896, 1396.4],
          [8.149587, 46.678975, 1397.5],
          [8.149563, 46.678975, 1397.8],
          [8.149494, 46.678973, 1398.1],
          [8.149349, 46.679009, 1398.5],
          [8.14933, 46.679015, 1399.1],
          [8.149229, 46.679027, 1399.5],
          [8.149089, 46.679022, 1402],
          [8.149071, 46.679019, 1402],
          [8.148868, 46.679032, 1403.7],
          [8.14881, 46.679027, 1403.5],
          [8.148788, 46.679022, 1403.6],
          [8.148619, 46.679047, 1405],
          [8.148565, 46.67904, 1404.3],
          [8.148541, 46.679035, 1404.3],
          [8.14845, 46.679022, 1404.5],
          [8.148368, 46.679026, 1404.5],
          [8.148281, 46.679009, 1404.9],
          [8.148261, 46.679006, 1405],
          [8.148112, 46.678981, 1406.2],
          [8.148018, 46.678954, 1407.1],
          [8.148002, 46.678947, 1407.7],
          [8.147738, 46.678924, 1409.1],
          [8.147717, 46.678923, 1409.4],
          [8.147606, 46.678897, 1409.8],
          [8.147473, 46.678881, 1410.8],
          [8.147458, 46.678879, 1410.8],
          [8.147229, 46.678836, 1413],
          [8.147212, 46.678833, 1413.1],
          [8.147116, 46.678803, 1413.8],
          [8.146969, 46.678782, 1414.6],
          [8.146955, 46.67878, 1415],
          [8.14675, 46.678708, 1416.4],
          [8.146735, 46.678705, 1416.5],
          [8.146625, 46.678683, 1416.9],
          [8.146512, 46.678615, 1417.8],
          [8.146497, 46.678608, 1418.1],
          [8.146389, 46.678545, 1419.4],
          [8.14629, 46.67851, 1420.4],
          [8.146274, 46.678507, 1420.1],
          [8.146173, 46.678498, 1421.8],
          [8.146091, 46.678453, 1423],
          [8.14604, 46.678439, 1423.2],
          [8.146017, 46.678433, 1423.6],
          [8.145928, 46.678379, 1424.2],
          [8.145894, 46.678323, 1424.9],
          [8.145888, 46.678311, 1424.9],
          [8.145856, 46.678267, 1425.3],
          [8.145851, 46.678244, 1425.9],
          [8.145817, 46.678205, 1426.5],
          [8.145745, 46.678198, 1427.3],
          [8.145735, 46.678198, 1427.4],
          [8.145537, 46.678222, 1429.1],
          [8.145518, 46.678219, 1429.5],
          [8.145471, 46.678208, 1429.2],
          [8.145419, 46.678183, 1430.2],
          [8.145281, 46.678191, 1430.1],
          [8.145267, 46.678189, 1429.6],
          [8.145177, 46.67817, 1429.7],
          [8.145083, 46.678176, 1429.8],
          [8.145038, 46.67819, 1429.8],
          [8.145019, 46.678189, 1429.9],
          [8.144781, 46.678205, 1428.5],
          [8.144763, 46.678208, 1428.8],
          [8.144639, 46.678216, 1428.5],
          [8.144543, 46.678208, 1428.7],
          [8.144519, 46.678209, 1428.8],
          [8.144306, 46.678166, 1428],
          [8.144283, 46.678158, 1428.1],
          [8.144023, 46.678129, 1428.7],
          [8.144005, 46.678127, 1428.9],
          [8.143743, 46.678116, 1430.4],
          [8.143728, 46.678115, 1430.1],
          [8.143442, 46.678118, 1430.8],
          [8.143419, 46.678123, 1431.1],
          [8.143245, 46.67815, 1430.5],
          [8.143171, 46.678137, 1429.9],
          [8.143151, 46.678135, 1430.2],
          [8.143025, 46.67813, 1431],
          [8.142933, 46.678116, 1430.8],
          [8.142917, 46.678114, 1430.9],
          [8.142697, 46.678102, 1431.4],
          [8.142676, 46.6781, 1431.4],
          [8.142611, 46.678093, 1430.9],
          [8.142457, 46.678096, 1431.5],
          [8.142434, 46.678093, 1431.4],
          [8.14225, 46.678076, 1431.8],
          [8.14218, 46.678045, 1432.1],
          [8.142167, 46.678034, 1432.1],
          [8.142134, 46.677988, 1432.6],
          [8.142096, 46.677888, 1431.9],
          [8.14209, 46.677869, 1431.9],
          [8.142052, 46.677769, 1432.9],
          [8.142044, 46.677724, 1432.8],
          [8.142039, 46.677714, 1432.4],
          [8.141978, 46.677618, 1431.9],
          [8.141957, 46.677601, 1431.5],
          [8.141908, 46.677588, 1431.7],
          [8.141889, 46.677586, 1431.9],
          [8.141839, 46.677587, 1431.2],
          [8.14179, 46.677572, 1431.4],
          [8.141702, 46.677614, 1430.9],
          [8.141662, 46.677606, 1430],
          [8.141652, 46.677601, 1430.1],
          [8.141439, 46.677556, 1428.2],
          [8.141423, 46.677555, 1427.8],
          [8.141357, 46.677567, 1427.8],
          [8.141277, 46.677563, 1427.6],
          [8.141213, 46.677573, 1427.8],
          [8.141186, 46.677582, 1428.5],
          [8.141114, 46.677592, 1428.7],
          [8.140952, 46.677638, 1428.1],
          [8.140938, 46.677639, 1428.2],
          [8.140689, 46.67769, 1429.4],
          [8.140673, 46.677693, 1429.8],
          [8.140477, 46.677748, 1429.4],
          [8.140459, 46.677749, 1429.2],
          [8.140223, 46.67776, 1430.2],
          [8.140205, 46.677761, 1430.1],
          [8.140044, 46.67775, 1430.5],
          [8.140004, 46.677737, 1430.2],
          [8.139994, 46.677733, 1430.2],
          [8.139852, 46.677677, 1430],
          [8.139783, 46.677662, 1430.4],
          [8.139761, 46.677657, 1430.4],
          [8.139651, 46.677652, 1431.1],
          [8.139544, 46.67762, 1431],
          [8.139525, 46.677614, 1430.8],
          [8.139479, 46.677585, 1431.1],
          [8.13941, 46.677503, 1431.3],
          [8.1394, 46.677496, 1431.5],
          [8.139318, 46.677441, 1431.1],
          [8.139223, 46.6774, 1431.5],
          [8.139207, 46.677395, 1431.8],
          [8.139071, 46.677328, 1431.9],
          [8.138977, 46.677269, 1432.2],
          [8.138963, 46.677261, 1432.5],
          [8.138805, 46.677187, 1432.6],
          [8.138791, 46.67718, 1432.9],
          [8.138728, 46.677151, 1432.8],
          [8.138551, 46.677184, 1432.6],
          [8.138528, 46.677188, 1432.5],
          [8.138426, 46.677203, 1432.4],
          [8.138276, 46.677209, 1433.1],
          [8.138264, 46.677212, 1433.2],
          [8.138036, 46.677219, 1433.7],
          [8.138021, 46.677218, 1433.8],
          [8.137978, 46.677212, 1434.9],
          [8.137912, 46.677163, 1436.1],
          [8.137822, 46.677128, 1436.6],
          [8.137803, 46.677123, 1436.5],
          [8.137689, 46.677092, 1436.6],
          [8.137594, 46.677085, 1436.8],
          [8.13758, 46.677085, 1437.2],
          [8.137508, 46.677093, 1438.7],
          [8.137361, 46.677137, 1438.9],
          [8.137357, 46.67714, 1438.9],
          [8.137333, 46.677158, 1438.4],
          [8.137288, 46.677171, 1438.2],
          [8.137204, 46.677171, 1439.1],
          [8.13715, 46.677158, 1438.9],
          [8.137127, 46.677156, 1439],
          [8.136964, 46.677144, 1437.9],
          [8.136925, 46.677115, 1438],
          [8.136911, 46.677109, 1437.7],
          [8.136826, 46.677038, 1438.5],
          [8.136808, 46.676976, 1437.9],
          [8.136805, 46.67696, 1437.9],
          [8.136812, 46.676898, 1437.6],
          [8.136791, 46.676804, 1437.3],
          [8.136784, 46.676793, 1437.2],
          [8.136787, 46.676731, 1437.6],
          [8.13677, 46.676648, 1438.3],
          [8.136778, 46.676634, 1438.2],
          [8.1368, 46.676462, 1441.3],
          [8.136794, 46.676451, 1441.2],
          [8.136738, 46.676379, 1441.5],
          [8.136709, 46.676304, 1440.6],
          [8.136706, 46.676292, 1440.6],
          [8.136655, 46.676219, 1442.4],
          [8.136638, 46.676139, 1441.9],
          [8.136634, 46.67612, 1441.8],
          [8.136626, 46.676093, 1442],
          [8.136629, 46.67602, 1441.6],
          [8.136594, 46.675978, 1442.5],
          [8.136586, 46.675971, 1442.3],
          [8.136571, 46.675948, 1442.3],
          [8.136583, 46.675871, 1442.2],
          [8.136637, 46.675824, 1441.3],
          [8.136639, 46.675813, 1441.2],
          [8.136638, 46.675783, 1441],
          [8.136654, 46.675752, 1441.2],
          [8.136641, 46.67571, 1441.9],
          [8.136649, 46.675676, 1441.9],
          [8.136644, 46.675661, 1442.7],
          [8.136638, 46.67565, 1443.1],
          [8.136626, 46.675593, 1442.9],
          [8.136638, 46.675548, 1443.1],
          [8.136626, 46.675492, 1444],
          [8.136627, 46.675485, 1443.8],
          [8.136604, 46.675453, 1443.5],
          [8.13654, 46.675442, 1444.7],
          [8.136486, 46.675422, 1445.4],
          [8.136465, 46.675403, 1445.5],
          [8.136421, 46.675397, 1445.5],
          [8.1364, 46.675388, 1445.7],
          [8.136319, 46.675379, 1446.2],
          [8.136228, 46.675387, 1446.4],
          [8.136156, 46.675376, 1446.6],
          [8.136132, 46.675377, 1446.5],
          [8.135967, 46.675332, 1446.7],
          [8.135907, 46.675297, 1447.2],
          [8.135894, 46.675293, 1447.7],
          [8.135842, 46.675269, 1446.9],
          [8.135806, 46.675233, 1446.5],
          [8.135747, 46.675203, 1447.6],
          [8.135735, 46.675179, 1448.2],
          [8.13569, 46.675168, 1448.5],
          [8.13568, 46.675162, 1448.7],
          [8.135658, 46.675129, 1449.2],
          [8.13562, 46.675098, 1449.6],
          [8.135515, 46.675051, 1449.2],
          [8.135505, 46.675047, 1448.9],
          [8.135412, 46.675036, 1449.4],
          [8.135283, 46.675004, 1450.7],
          [8.135276, 46.674991, 1450.2],
          [8.135278, 46.674994, 1450.3],
          [8.135166, 46.67498, 1449.9],
          [8.13509, 46.674908, 1449.7],
          [8.135075, 46.674899, 1450.1],
          [8.135003, 46.674817, 1449.9],
          [8.134914, 46.674767, 1450.1],
          [8.134896, 46.67476, 1450.5],
          [8.134848, 46.674753, 1451.1],
          [8.134793, 46.67477, 1451.7],
          [8.134733, 46.674835, 1452],
          [8.134724, 46.674845, 1452.4],
          [8.134668, 46.674887, 1452.3],
          [8.134673, 46.674871, 1452.7],
          [8.134708, 46.674842, 1452.8],
          [8.134728, 46.674836, 1452.3],
          [8.134753, 46.674806, 1452.5],
          [8.134761, 46.674796, 1452.7],
          [8.134796, 46.674764, 1452.8],
          [8.134763, 46.674805, 1453.1],
          [8.13471, 46.674844, 1452.2],
          [8.134636, 46.674872, 1452.6],
          [8.13462, 46.674873, 1452.4],
          [8.134519, 46.674906, 1454.3],
          [8.134402, 46.674907, 1453.9],
          [8.13438, 46.674904, 1454.1],
          [8.134261, 46.674874, 1455],
          [8.134184, 46.674837, 1455.3],
          [8.134169, 46.67483, 1454.9],
          [8.134016, 46.674758, 1455.7],
          [8.133998, 46.674745, 1456.6],
          [8.133996, 46.674733, 1456.6],
          [8.134, 46.674723, 1456.3],
          [8.134046, 46.674672, 1456.8],
          [8.134085, 46.674582, 1457.2],
          [8.13409, 46.674574, 1457.3],
          [8.134086, 46.674516, 1457.5],
          [8.134126, 46.674451, 1458],
          [8.134104, 46.674402, 1459.8],
          [8.134098, 46.674392, 1459.9],
          [8.134064, 46.674367, 1461.2],
          [8.134072, 46.674342, 1461.6],
          [8.134006, 46.674326, 1462.1],
          [8.133947, 46.67428, 1462.7],
          [8.133937, 46.674278, 1463],
          [8.133864, 46.674242, 1464.1],
          [8.13383, 46.674163, 1464],
          [8.133829, 46.674145, 1463.7],
          [8.133839, 46.674135, 1463.5],
          [8.133845, 46.674127, 1463.4],
          [8.13385, 46.674086, 1462.2],
          [8.133831, 46.674075, 1461.6],
          [8.133658, 46.674037, 1461.7],
          [8.133644, 46.674031, 1461.6],
          [8.133601, 46.674024, 1461.7],
          [8.133526, 46.674032, 1462.7],
          [8.133467, 46.674015, 1463.5],
          [8.133415, 46.674019, 1463.6],
          [8.1334, 46.67402, 1463.6],
          [8.133267, 46.674002, 1464.5],
          [8.133151, 46.673966, 1464.1],
          [8.13312, 46.673955, 1464.2],
          [8.132909, 46.673919, 1464.6],
          [8.13285, 46.6739, 1465],
          [8.132822, 46.673893, 1465],
          [8.132762, 46.673882, 1465.3],
          [8.132644, 46.673886, 1465.5],
          [8.132606, 46.673869, 1465.8],
          [8.132592, 46.673863, 1466.1],
          [8.13244, 46.673757, 1466.5],
          [8.132433, 46.673747, 1466.7],
          [8.132377, 46.673691, 1466.9],
          [8.132309, 46.673677, 1467.9],
          [8.132228, 46.673674, 1469],
          [8.132213, 46.673675, 1468.9],
          [8.131985, 46.673647, 1469.9],
          [8.131967, 46.673641, 1470],
          [8.131767, 46.673595, 1471.9],
          [8.131757, 46.673589, 1471.8],
          [8.131748, 46.673578, 1471.7],
          [8.131691, 46.673563, 1472.2],
          [8.131631, 46.673568, 1471.9],
          [8.131521, 46.67353, 1472.8],
          [8.131508, 46.673522, 1472.8],
          [8.131497, 46.673506, 1472.9],
          [8.131409, 46.673456, 1473.8],
          [8.131364, 46.6734, 1474],
          [8.131348, 46.673388, 1474.6],
          [8.131208, 46.673302, 1476.5],
          [8.131192, 46.673274, 1476.1],
          [8.131193, 46.673268, 1476.1],
          [8.131203, 46.67324, 1476.7],
          [8.131189, 46.673193, 1475.7],
          [8.131195, 46.673148, 1474.3],
          [8.13127, 46.673118, 1475.6],
          [8.131283, 46.673114, 1475.8],
          [8.131357, 46.673084, 1474.8],
          [8.131424, 46.673101, 1473.1],
          [8.131392, 46.673096, 1472.8],
          [8.13143, 46.673093, 1472.2],
          [8.131403, 46.673115, 1472.2],
          [8.131397, 46.673123, 1472.2],
          [8.13137, 46.67315, 1472.2],
          [8.131382, 46.6731, 1473],
          [8.131373, 46.673081, 1472.9],
          [8.131297, 46.673025, 1472.8],
          [8.131289, 46.673018, 1472.7],
          [8.131242, 46.672972, 1473.5],
          [8.131213, 46.672909, 1474.5],
          [8.13123, 46.672844, 1474.4],
          [8.131231, 46.672831, 1474.7],
          [8.131272, 46.672789, 1475.6],
          [8.131424, 46.672761, 1476.3],
          [8.131427, 46.672764, 1476.5],
          [8.131442, 46.672738, 1477.2],
          [8.131439, 46.672715, 1478.9],
          [8.131406, 46.672706, 1479.1],
          [8.13139, 46.672685, 1480.2],
          [8.131386, 46.672604, 1482.6],
          [8.131381, 46.672594, 1482.7],
          [8.131348, 46.672549, 1483.8],
          [8.131202, 46.672468, 1485],
          [8.131191, 46.672462, 1485.3],
          [8.131093, 46.672415, 1486],
          [8.131011, 46.672329, 1488.3],
          [8.130998, 46.672323, 1488.2],
          [8.130895, 46.672256, 1488.8],
          [8.13079, 46.672216, 1489.6],
          [8.130782, 46.672208, 1489.7],
          [8.130771, 46.672175, 1490.5],
          [8.130786, 46.672116, 1491.3],
          [8.130768, 46.672073, 1492.5],
          [8.130776, 46.672043, 1491.3],
          [8.130781, 46.672036, 1491.5],
          [8.130785, 46.672028, 1491.9],
          [8.130762, 46.671982, 1494.1],
          [8.130781, 46.671963, 1494.8],
          [8.130834, 46.671935, 1496.4],
          [8.130902, 46.671928, 1498.4],
          [8.130915, 46.671928, 1498.7],
          [8.131031, 46.671938, 1500.7],
          [8.131097, 46.671926, 1502.4],
          [8.131125, 46.671938, 1502.2],
          [8.131129, 46.671908, 1503.9],
          [8.131127, 46.671904, 1504.1],
          [8.131121, 46.671899, 1504.2],
          [8.131139, 46.671878, 1504.8],
          [8.13117, 46.671861, 1506.2],
          [8.131134, 46.67187, 1508.7],
          [8.131097, 46.671865, 1509.1],
          [8.130982, 46.671828, 1509.8],
          [8.130953, 46.671816, 1510.1],
          [8.130924, 46.671806, 1510.3],
          [8.130856, 46.671754, 1510.6],
          [8.130839, 46.67171, 1510.3],
          [8.13083, 46.671697, 1510.5],
          [8.130786, 46.671652, 1511],
          [8.130785, 46.67163, 1511.4],
          [8.130687, 46.671551, 1512.9],
          [8.130682, 46.671548, 1513.3],
          [8.130542, 46.671457, 1513.3],
          [8.130522, 46.67143, 1514.5],
          [8.130517, 46.671425, 1514.6],
          [8.130441, 46.671377, 1514.6],
          [8.130373, 46.671287, 1514.3],
          [8.130362, 46.671279, 1514.8],
          [8.13031, 46.671244, 1514.8],
          [8.130262, 46.671189, 1515],
          [8.13021, 46.671155, 1514.8],
          [8.130198, 46.671151, 1515.1],
          [8.130082, 46.671033, 1513.8],
          [8.130067, 46.671015, 1514.1],
          [8.129923, 46.67095, 1515.4],
          [8.129871, 46.670916, 1516.7],
          [8.129866, 46.670915, 1516.9],
          [8.129822, 46.670909, 1517.2],
          [8.129754, 46.670861, 1518.5],
          [8.129658, 46.670828, 1518.8],
          [8.129643, 46.670822, 1518.8],
          [8.129521, 46.67076, 1521.3],
          [8.129442, 46.670739, 1522.6],
          [8.129438, 46.670736, 1523],
          [8.129324, 46.670679, 1526.4],
          [8.129308, 46.670657, 1527.7],
          [8.129226, 46.670666, 1529.4],
          [8.129208, 46.670668, 1529.3],
          [8.129134, 46.670657, 1531.2],
          [8.12909, 46.670608, 1532.1],
          [8.129017, 46.670576, 1533.6],
          [8.129003, 46.670567, 1533.7],
          [8.128949, 46.670532, 1534.2],
          [8.128909, 46.670478, 1534.9],
          [8.128891, 46.670429, 1535.5],
          [8.128881, 46.670415, 1535.6],
          [8.128818, 46.670375, 1537.1],
          [8.128794, 46.670335, 1537.7],
          [8.128808, 46.670313, 1535.9],
          [8.128842, 46.6703, 1538],
          [8.128866, 46.670278, 1538.7],
          [8.128867, 46.670278, 1538.7],
          [8.128833, 46.670291, 1538.7],
          [8.128802, 46.670283, 1538.8],
          [8.128667, 46.670198, 1538.8],
          [8.128651, 46.670193, 1538.9],
          [8.128499, 46.670145, 1539.7],
          [8.128436, 46.670111, 1539.1],
          [8.128429, 46.670108, 1540.1],
          [8.128386, 46.670071, 1539.7],
          [8.128357, 46.670008, 1539.9],
          [8.128343, 46.669944, 1540.1],
          [8.128338, 46.66993, 1540.1],
          [8.12829, 46.669846, 1540.1],
          [8.128262, 46.669776, 1540.5],
          [8.128254, 46.669762, 1541.1],
          [8.12821, 46.669683, 1542.5],
          [8.128176, 46.669587, 1543],
          [8.128167, 46.669568, 1543.1],
          [8.12814, 46.669513, 1543.8],
          [8.128129, 46.669461, 1544.2],
          [8.128084, 46.669379, 1545.1],
          [8.128083, 46.669357, 1545.3],
          [8.128083, 46.669316, 1545.8],
          [8.128065, 46.669249, 1546.8],
          [8.128085, 46.669181, 1548.6],
          [8.128102, 46.669171, 1548.7],
          [8.128118, 46.669162, 1548.6],
          [8.128122, 46.669139, 1550.5],
          [8.12811, 46.669117, 1550.8],
          [8.12804, 46.669026, 1551.9],
          [8.128033, 46.669017, 1552.2],
          [8.127968, 46.668942, 1554],
          [8.127966, 46.668918, 1555.3],
          [8.127912, 46.66886, 1557.4],
          [8.127905, 46.668847, 1557.5],
          [8.127854, 46.668749, 1559.5],
          [8.127853, 46.668693, 1560.7],
          [8.127856, 46.668674, 1561],
          [8.127857, 46.668573, 1564.1],
          [8.127908, 46.668545, 1564.9],
          [8.127933, 46.668519, 1565.7],
          [8.127934, 46.668514, 1565.8],
          [8.127964, 46.668444, 1567.9],
          [8.127981, 46.668429, 1568.4],
          [8.128018, 46.668422, 1568.4],
          [8.128029, 46.668403, 1569.7],
          [8.128028, 46.668376, 1569.8],
          [8.128159, 46.668387, 1568.4],
          [8.128217, 46.668438, 1567.6],
          [8.128275, 46.668447, 1567.8],
          [8.128333, 46.668441, 1568.8],
          [8.128289, 46.668464, 1569.4],
          [8.128267, 46.668461, 1569.9],
          [8.128228, 46.668395, 1572.7],
          [8.128125, 46.668306, 1573.8],
          [8.128105, 46.668298, 1574.2],
          [8.128011, 46.668143, 1575.6],
          [8.128, 46.668106, 1575.6],
          [8.127997, 46.66809, 1576.1],
          [8.127994, 46.66804, 1576.3],
          [8.12803, 46.667976, 1577.2],
          [8.128017, 46.66792, 1578.3],
          [8.128014, 46.667913, 1578.3],
          [8.127995, 46.667803, 1579.9],
          [8.128016, 46.667762, 1580.4],
          [8.128013, 46.667747, 1580.8],
          [8.128011, 46.667714, 1580.2],
          [8.127989, 46.667676, 1581.1],
          [8.12789, 46.667614, 1582.4],
          [8.127878, 46.667608, 1582.7],
          [8.127847, 46.667588, 1583.3],
          [8.127834, 46.667562, 1583.5],
          [8.127843, 46.667464, 1584.9],
          [8.127842, 46.667453, 1585],
          [8.127804, 46.667389, 1586.8],
          [8.127822, 46.667348, 1587.7],
          [8.127802, 46.667297, 1589.2],
          [8.127802, 46.667294, 1589.2],
          [8.127721, 46.667213, 1590.1],
          [8.127643, 46.667175, 1590.6],
          [8.127628, 46.667171, 1590.6],
          [8.127489, 46.667146, 1591.4],
          [8.12741, 46.667152, 1591.6],
          [8.127389, 46.667152, 1592.1],
          [8.127227, 46.667197, 1594.5],
          [8.127254, 46.667179, 1593.6],
          [8.127237, 46.667151, 1593.9],
          [8.127239, 46.667151, 1593.9],
          [8.127203, 46.667134, 1593.8],
          [8.127184, 46.667111, 1593.8],
          [8.127142, 46.667048, 1593.2],
          [8.127135, 46.667003, 1592.7],
          [8.127134, 46.666984, 1592.4],
          [8.127124, 46.666915, 1592.5],
          [8.127141, 46.666892, 1592.4],
          [8.127212, 46.666884, 1594.2],
          [8.127187, 46.666869, 1594.4],
          [8.127181, 46.666842, 1594.2],
          [8.127184, 46.666832, 1594.3],
          [8.127193, 46.666802, 1594.8],
          [8.12722, 46.66679, 1595.3],
          [8.12722, 46.666742, 1594.7],
          [8.12729, 46.66674, 1597.6],
          [8.127314, 46.666712, 1598.4],
          [8.127314, 46.666711, 1598.4],
          [8.127346, 46.666738, 1598.6],
          [8.127381, 46.666729, 1599.6],
          [8.127476, 46.666664, 1600.6],
          [8.127477, 46.666665, 1600.5],
          [8.12748, 46.666644, 1601],
          [8.127517, 46.666644, 1601.3],
          [8.127585, 46.666689, 1604.1],
          [8.127619, 46.666692, 1605.8],
          [8.127633, 46.666662, 1606.3],
          [8.127635, 46.666651, 1606.3],
          [8.127641, 46.666621, 1607.5],
          [8.127665, 46.666601, 1608.2],
          [8.127671, 46.666578, 1609],
          [8.127707, 46.666582, 1610.4],
          [8.127728, 46.666572, 1612.5],
          [8.127708, 46.666593, 1611.3],
          [8.127664, 46.666599, 1610.2],
          [8.127646, 46.666594, 1610],
          [8.127568, 46.666611, 1608.3],
          [8.127532, 46.666654, 1607.2],
          [8.127517, 46.666629, 1605.3],
          [8.12751, 46.666656, 1604.5],
          [8.127512, 46.666654, 1604.5],
          [8.127481, 46.666653, 1604.5],
          [8.127385, 46.666722, 1602.5],
          [8.127354, 46.666784, 1602],
          [8.127345, 46.666795, 1601.5],
          [8.127298, 46.666844, 1599.8],
          [8.127304, 46.666869, 1599],
          [8.127265, 46.666909, 1597.3],
          [8.127186, 46.66692, 1595.8],
          [8.127166, 46.666912, 1595.4],
          [8.127076, 46.666895, 1593.5],
          [8.127009, 46.666909, 1594],
          [8.126982, 46.666922, 1593.9],
          [8.126968, 46.666946, 1593.1],
          [8.126934, 46.666967, 1593.2],
          [8.126926, 46.66697, 1593.5],
          [8.126831, 46.666974, 1593.1],
          [8.126767, 46.667014, 1593.7],
          [8.126723, 46.667012, 1593.7],
          [8.12671, 46.667009, 1593.8],
          [8.126663, 46.667002, 1593.7],
          [8.126651, 46.666991, 1593.5],
          [8.126643, 46.666976, 1593.1],
          [8.126646, 46.666938, 1593],
          [8.126599, 46.6669, 1592.3],
          [8.126588, 46.666893, 1592.3],
          [8.126452, 46.666761, 1591.4],
          [8.126435, 46.666753, 1591],
          [8.126358, 46.666719, 1590.3],
          [8.126307, 46.666677, 1590.4],
          [8.126267, 46.666667, 1590.3],
          [8.12625, 46.666659, 1589.8],
          [8.126211, 46.666634, 1590.3],
          [8.126158, 46.666582, 1590.5],
          [8.126131, 46.66657, 1590.5],
          [8.126121, 46.666544, 1589.3],
          [8.12613, 46.666543, 1589.3],
          [8.12613, 46.66654, 1589.4],
          [8.126034, 46.66653, 1589.5],
          [8.125906, 46.666549, 1589.4],
          [8.125888, 46.666549, 1589.4],
          [8.125806, 46.666562, 1589.1],
          [8.125721, 46.666605, 1588.6],
          [8.125675, 46.666651, 1588.5],
          [8.12566, 46.666666, 1588.4],
          [8.125587, 46.666715, 1588.3],
          [8.125508, 46.666798, 1587.4],
          [8.125489, 46.666801, 1587.6],
          [8.125448, 46.666823, 1587.9],
          [8.125409, 46.66686, 1587.8],
          [8.125377, 46.666934, 1586.4],
          [8.125392, 46.666966, 1585.8],
          [8.125392, 46.666983, 1585.5],
          [8.125373, 46.667054, 1585.3],
          [8.125325, 46.667077, 1585.4],
          [8.125257, 46.667088, 1585.1],
          [8.125228, 46.667093, 1585.2],
          [8.125065, 46.667114, 1585.1],
          [8.124985, 46.667091, 1585],
          [8.124967, 46.667093, 1585.1],
          [8.124894, 46.667095, 1585.1],
          [8.124827, 46.667108, 1584.8],
          [8.124719, 46.667087, 1585.2],
          [8.124706, 46.667086, 1585.3],
          [8.124583, 46.667055, 1585.4],
          [8.124485, 46.667011, 1585.3],
          [8.124467, 46.667002, 1585.1],
          [8.124286, 46.666959, 1585.9],
          [8.124267, 46.66695, 1586],
          [8.124125, 46.666896, 1586.8],
          [8.124069, 46.666864, 1587],
          [8.124054, 46.666855, 1586.8],
          [8.124042, 46.666845, 1587],
          [8.123929, 46.666814, 1587.6],
          [8.123883, 46.666777, 1587.7],
          [8.123838, 46.666759, 1587.6],
          [8.123824, 46.666754, 1588],
          [8.123709, 46.666705, 1587.9],
          [8.123612, 46.666696, 1588.3],
          [8.123593, 46.666694, 1588.3],
          [8.123448, 46.666665, 1590.3],
          [8.123379, 46.666664, 1591.3],
          [8.12334, 46.666648, 1592.7],
          [8.123335, 46.666646, 1592.6],
          [8.123302, 46.666665, 1594],
          [8.123231, 46.666661, 1594.9],
          [8.123171, 46.666691, 1595.5],
          [8.123101, 46.666709, 1596],
          [8.123095, 46.666713, 1596.2],
          [8.123001, 46.666739, 1598],
          [8.122937, 46.666727, 1599.6],
          [8.122856, 46.666732, 1601],
          [8.122843, 46.666735, 1601.2],
          [8.122772, 46.666755, 1603],
          [8.122845, 46.666826, 1605.5],
          [8.122848, 46.66686, 1606.1],
          [8.122828, 46.66687, 1605.4],
          [8.122777, 46.666913, 1606.6],
          [8.122775, 46.666939, 1607.4],
          [8.12275, 46.66698, 1607.8],
          [8.122745, 46.667036, 1608.5],
          [8.122742, 46.667043, 1609.4],
          [8.122744, 46.667118, 1609.4],
          [8.1227, 46.667195, 1609.9],
          [8.122695, 46.667208, 1610.4],
          [8.122652, 46.667286, 1610.2],
          [8.122589, 46.667367, 1611.8],
          [8.122581, 46.667377, 1611.8],
          [8.122492, 46.66748, 1613.2],
          [8.122428, 46.667508, 1614],
          [8.122416, 46.667512, 1613.7],
          [8.122349, 46.667545, 1614.2],
          [8.122288, 46.66755, 1614.6],
          [8.122192, 46.667581, 1616.3],
          [8.122178, 46.667587, 1616.3],
          [8.122162, 46.667591, 1616.3],
          [8.122156, 46.667566, 1616.2],
          [8.122049, 46.667607, 1616.5],
          [8.122018, 46.66759, 1616.2],
          [8.122004, 46.667593, 1616.1],
          [8.121951, 46.667597, 1615.9],
          [8.121902, 46.667588, 1615.9],
          [8.121877, 46.667567, 1617.2],
          [8.121857, 46.667586, 1616.7],
          [8.121866, 46.667601, 1616.9],
          [8.121853, 46.667628, 1617.8],
          [8.121836, 46.667636, 1617.3],
          [8.121707, 46.667659, 1617.2],
          [8.121613, 46.667628, 1617.5],
          [8.1216, 46.667623, 1617.7],
          [8.121554, 46.66758, 1617.7],
          [8.121562, 46.667531, 1617.5],
          [8.121579, 46.667516, 1615.9],
          [8.121599, 46.667462, 1616.4],
          [8.121603, 46.667458, 1616.5],
          [8.121622, 46.66743, 1615.9],
          [8.121669, 46.667404, 1615.8],
          [8.121752, 46.667393, 1616.2],
          [8.121716, 46.667417, 1616.4],
          [8.121702, 46.667418, 1616.5],
          [8.121617, 46.667427, 1617],
          [8.121536, 46.66749, 1617.2],
          [8.121534, 46.667521, 1616.3],
          [8.121539, 46.66753, 1616],
          [8.121516, 46.667609, 1616.4],
          [8.121477, 46.667654, 1616.7],
          [8.121427, 46.667675, 1616.1],
          [8.121415, 46.667679, 1617],
          [8.121181, 46.66774, 1617.4],
          [8.121166, 46.667745, 1617.3],
          [8.12107, 46.667774, 1617.3],
          [8.120955, 46.66785, 1617.5],
          [8.120941, 46.66786, 1617.5],
          [8.12088, 46.667905, 1618.6],
          [8.120766, 46.668019, 1618.4],
          [8.120759, 46.668026, 1618.4],
          [8.120626, 46.668138, 1619.4],
          [8.120614, 46.668146, 1619.2],
          [8.120419, 46.66826, 1622.2],
          [8.120407, 46.668268, 1622.2],
          [8.120332, 46.668308, 1622.1],
          [8.120312, 46.668327, 1622.3],
          [8.12032, 46.668304, 1621.3],
          [8.120407, 46.668289, 1622.2],
          [8.120405, 46.66829, 1622.2],
          [8.120411, 46.668286, 1622.3],
          [8.120235, 46.668346, 1622.8],
          [8.120211, 46.668349, 1622.6],
          [8.120089, 46.668381, 1622.8],
          [8.119974, 46.668375, 1623.5],
          [8.119958, 46.668374, 1623.8],
          [8.119857, 46.668359, 1624.6],
          [8.119736, 46.668313, 1624.6],
          [8.119719, 46.668303, 1624.8],
          [8.119646, 46.668285, 1626.1],
          [8.11954, 46.668298, 1628.3],
          [8.119469, 46.668287, 1628.6],
          [8.119459, 46.668285, 1628.9],
          [8.119429, 46.668262, 1628.9],
          [8.119374, 46.668241, 1629.9],
          [8.119223, 46.668222, 1631.1],
          [8.119209, 46.66822, 1631.4],
          [8.119186, 46.668194, 1631.6],
          [8.119237, 46.66815, 1632.1],
          [8.119223, 46.668079, 1634.3],
          [8.119221, 46.668078, 1635.2],
          [8.119214, 46.668043, 1636.6],
          [8.119142, 46.668047, 1637.5],
          [8.119042, 46.667985, 1637.5],
          [8.119028, 46.667979, 1637.5],
          [8.118991, 46.667966, 1637.8],
          [8.11878, 46.667976, 1640.6],
          [8.118762, 46.667979, 1640.8],
          [8.118673, 46.667996, 1641.4],
          [8.118605, 46.667947, 1642.5],
          [8.118522, 46.667944, 1643.9],
          [8.118513, 46.667943, 1644.2],
          [8.118513, 46.66795, 1644.5],
          [8.118457, 46.667919, 1646.1],
          [8.11835, 46.667905, 1648.8],
          [8.118311, 46.667869, 1648.2],
          [8.118296, 46.667863, 1648.3],
          [8.118155, 46.667861, 1651.1],
          [8.118121, 46.667873, 1651.8],
          [8.118051, 46.667866, 1653.4],
          [8.118043, 46.667863, 1653.6],
          [8.118005, 46.667849, 1653.8],
          [8.117952, 46.66781, 1655.5],
          [8.117924, 46.667806, 1655.2],
          [8.117846, 46.667768, 1656],
          [8.11784, 46.667766, 1656.2],
          [8.117625, 46.667769, 1659.6],
          [8.117606, 46.667768, 1659.9],
          [8.117496, 46.667775, 1659.1],
          [8.117422, 46.66781, 1660.2],
          [8.117375, 46.667819, 1660.7],
          [8.117357, 46.667821, 1660.9],
          [8.117306, 46.667829, 1661.4],
          [8.117176, 46.667822, 1663],
          [8.117097, 46.66783, 1664.9],
          [8.117086, 46.667834, 1665.1],
          [8.11687, 46.667841, 1668.1],
          [8.116855, 46.667844, 1668.3],
          [8.116773, 46.667859, 1669.5],
          [8.116644, 46.667825, 1671.8],
          [8.116632, 46.667824, 1671.9],
          [8.116552, 46.667813, 1672.9],
          [8.11649, 46.667817, 1673.2],
          [8.116403, 46.667777, 1674.9],
          [8.116386, 46.66777, 1675.3],
          [8.116341, 46.667759, 1675.3],
          [8.116247, 46.667771, 1676.6],
          [8.116198, 46.667738, 1678.5],
          [8.116186, 46.667698, 1678.6],
          [8.116188, 46.667684, 1678.8],
          [8.116188, 46.667677, 1679.1],
          [8.116158, 46.667684, 1680],
          [8.116086, 46.667663, 1681],
          [8.116085, 46.66759, 1682.2],
          [8.116081, 46.667572, 1682.2],
          [8.116064, 46.667525, 1683.6],
          [8.116065, 46.667484, 1682.9],
          [8.116093, 46.667439, 1686.4],
          [8.116089, 46.667406, 1686.4],
          [8.116093, 46.667397, 1686.5],
          [8.116093, 46.66737, 1687.1],
          [8.116035, 46.667393, 1686.6],
          [8.116007, 46.667382, 1687],
          [8.115986, 46.667367, 1686.4],
          [8.115976, 46.667315, 1688.3],
          [8.115965, 46.667308, 1688.1],
          [8.11596, 46.667303, 1687.7],
          [8.115869, 46.66727, 1689.7],
          [8.115864, 46.667246, 1689.4],
          [8.115847, 46.66723, 1690.6],
          [8.115778, 46.667219, 1690.9],
          [8.115759, 46.667214, 1690.7],
          [8.115743, 46.667206, 1690.5],
          [8.115708, 46.667212, 1690.3],
          [8.115662, 46.667196, 1690.7],
          [8.115614, 46.667173, 1690.6],
          [8.115562, 46.667131, 1690.9],
          [8.115549, 46.667126, 1691.4],
          [8.115407, 46.66707, 1693.2],
          [8.115362, 46.667043, 1693.3],
          [8.11535, 46.667036, 1693.4],
          [8.115299, 46.667024, 1693.7],
          [8.115204, 46.667031, 1695.5],
          [8.115139, 46.667052, 1696.2],
          [8.115096, 46.66705, 1696.1],
          [8.115082, 46.667049, 1696.4],
          [8.115005, 46.667038, 1697.7],
          [8.114973, 46.667, 1699],
          [8.114862, 46.666973, 1701],
          [8.11485, 46.666967, 1701],
          [8.114815, 46.666947, 1700.5],
          [8.114692, 46.666927, 1701.6],
          [8.11464, 46.666891, 1703.4],
          [8.114634, 46.666883, 1703.6],
          [8.114554, 46.666843, 1704.4],
          [8.114486, 46.666826, 1705.3],
          [8.11444, 46.666791, 1705.4],
          [8.114429, 46.666779, 1705.9],
          [8.114407, 46.666748, 1706.5],
          [8.114254, 46.666672, 1709.2],
          [8.114244, 46.666668, 1709.4],
          [8.114216, 46.666655, 1709.9],
          [8.114176, 46.666618, 1710.9],
          [8.114057, 46.666575, 1712.5],
          [8.114049, 46.666569, 1712.8],
          [8.113947, 46.66649, 1715.5],
          [8.113856, 46.666446, 1718],
          [8.113841, 46.66644, 1718.1],
          [8.113781, 46.666406, 1718.2],
          [8.113659, 46.66637, 1720.2],
          [8.113622, 46.66635, 1721.7],
          [8.11361, 46.666343, 1721.7],
          [8.113522, 46.666305, 1722.2],
          [8.113425, 46.666246, 1723.4],
          [8.11341, 46.666241, 1723.4],
          [8.113333, 46.666221, 1725.4],
          [8.113221, 46.666224, 1725.6],
          [8.11318, 46.666216, 1725.7],
          [8.113166, 46.666212, 1725.8],
          [8.113059, 46.666174, 1727.9],
          [8.112958, 46.666109, 1729.6],
          [8.112942, 46.666097, 1729.6],
          [8.112872, 46.666035, 1730.2],
          [8.112766, 46.665999, 1731.8],
          [8.11275, 46.665993, 1732.1],
          [8.112558, 46.665893, 1733.6],
          [8.112541, 46.665888, 1733.5],
          [8.11246, 46.665836, 1733.9],
          [8.112449, 46.665811, 1734.8],
          [8.112478, 46.665775, 1735.2],
          [8.112513, 46.665756, 1735.7],
          [8.112518, 46.665756, 1735.7],
          [8.112382, 46.665763, 1734.7],
          [8.112358, 46.665758, 1734.8],
          [8.112334, 46.665738, 1736.1],
          [8.112336, 46.665728, 1736.2],
          [8.112336, 46.665731, 1736.1],
          [8.112331, 46.665678, 1738.7],
          [8.11228, 46.665632, 1739],
          [8.112201, 46.665603, 1740.2],
          [8.112187, 46.665609, 1740],
          [8.112076, 46.66557, 1741.4],
          [8.11204, 46.665578, 1741.8],
          [8.111972, 46.66556, 1742.7],
          [8.111948, 46.665559, 1743.4],
          [8.111885, 46.665515, 1743.5],
          [8.111842, 46.66547, 1745],
          [8.111835, 46.665431, 1744.6],
          [8.11183, 46.665421, 1744.9],
          [8.11182, 46.665393, 1745.4],
          [8.111789, 46.665359, 1746.4],
          [8.11168, 46.665276, 1747.5],
          [8.111666, 46.665269, 1747.7],
          [8.111574, 46.665241, 1748.5],
          [8.111437, 46.66523, 1749.3],
          [8.11142, 46.665229, 1749.3],
          [8.111325, 46.665206, 1750.7],
          [8.1113, 46.665191, 1750.7],
          [8.111257, 46.665129, 1750.8],
          [8.11125, 46.665124, 1750.7],
          [8.111193, 46.665081, 1751.9],
          [8.111131, 46.665056, 1751.8],
          [8.111019, 46.665039, 1754.1],
          [8.111004, 46.665039, 1754.2],
          [8.110934, 46.66504, 1754.9],
          [8.11086, 46.665026, 1755.7],
          [8.110791, 46.664991, 1756.2],
          [8.11078, 46.664981, 1756.6],
          [8.110698, 46.664936, 1758.6],
          [8.110586, 46.664894, 1759.6],
          [8.110574, 46.664883, 1759.7],
          [8.110508, 46.664847, 1760],
          [8.110354, 46.664792, 1760.6],
          [8.110348, 46.664791, 1761.1],
          [8.110244, 46.664763, 1761.9],
          [8.110123, 46.664696, 1762.8],
          [8.110118, 46.664686, 1763],
          [8.11011, 46.664672, 1763],
          [8.109919, 46.664587, 1765.3],
          [8.109902, 46.664578, 1765.6],
          [8.109843, 46.664542, 1765.8],
          [8.109791, 46.664488, 1767.4],
          [8.109725, 46.664455, 1768.3],
          [8.109719, 46.664451, 1768.3],
          [8.10967, 46.664434, 1768.3],
          [8.109566, 46.664419, 1768.7],
          [8.109508, 46.664388, 1769.5],
          [8.109492, 46.664384, 1769.4],
          [8.109311, 46.664357, 1770.6],
          [8.109238, 46.664333, 1770.8],
          [8.109231, 46.664329, 1770.7],
          [8.108987, 46.664249, 1772.2],
          [8.108972, 46.664247, 1772.3],
          [8.108842, 46.664187, 1774.5],
          [8.108767, 46.664175, 1775.4],
          [8.108756, 46.664168, 1775.3],
          [8.108693, 46.664105, 1775.4],
          [8.108602, 46.66408, 1776.5],
          [8.108585, 46.664051, 1776.7],
          [8.108587, 46.664046, 1777.1],
          [8.108517, 46.664032, 1780.9],
          [8.108378, 46.663957, 1781.7],
          [8.108369, 46.663947, 1781.7],
          [8.108341, 46.663921, 1781.9],
          [8.108312, 46.663869, 1782.6],
          [8.108304, 46.663843, 1783.4],
          [8.108326, 46.663823, 1784.3],
          [8.10831, 46.663797, 1784.5],
          [8.108306, 46.663792, 1784.4],
          [8.108278, 46.663779, 1785.9],
          [8.108179, 46.663764, 1786],
          [8.108153, 46.663784, 1787.6],
          [8.108077, 46.663764, 1787.7],
          [8.10806, 46.663757, 1787.6],
          [8.107974, 46.663733, 1787.4],
          [8.107831, 46.663713, 1788.2],
          [8.107824, 46.663711, 1788.2],
          [8.107753, 46.66369, 1788.5],
          [8.107602, 46.663608, 1790.3],
          [8.107589, 46.663603, 1790.5],
          [8.107391, 46.663506, 1792.4],
          [8.107384, 46.663503, 1792.2],
          [8.107245, 46.663397, 1794.2],
          [8.107206, 46.663381, 1795],
          [8.107191, 46.663378, 1795.2],
          [8.10708, 46.66335, 1797.3],
          [8.107022, 46.663347, 1797.2],
          [8.106995, 46.663329, 1798.5],
          [8.106949, 46.663318, 1798.5],
          [8.10693, 46.663316, 1798.4],
          [8.106868, 46.663301, 1798.6],
          [8.106709, 46.663228, 1801.1],
          [8.106692, 46.663219, 1801.4],
          [8.106469, 46.663159, 1802.9],
          [8.106452, 46.663153, 1802.9],
          [8.106382, 46.663137, 1802.5],
          [8.106273, 46.663128, 1803.8],
          [8.106228, 46.663113, 1804.4],
          [8.106212, 46.6631, 1804.2],
          [8.106084, 46.663053, 1805.1],
          [8.106015, 46.663009, 1806.2],
          [8.105999, 46.663001, 1806.7],
          [8.105956, 46.662977, 1807.5],
          [8.105858, 46.662842, 1809.6],
          [8.105847, 46.662828, 1809.8],
          [8.105795, 46.662785, 1811.5],
          [8.105725, 46.662771, 1813.7],
          [8.105707, 46.662748, 1814.8],
          [8.105642, 46.662729, 1815.3],
          [8.105623, 46.662721, 1815.2],
          [8.105548, 46.662691, 1816.2],
          [8.105413, 46.66267, 1818],
          [8.105407, 46.66267, 1818],
          [8.105313, 46.662648, 1819],
          [8.105156, 46.662631, 1820.3],
          [8.10514, 46.662627, 1820.5],
          [8.105027, 46.662568, 1820.3],
          [8.104928, 46.662533, 1822],
          [8.104923, 46.662527, 1822.2],
          [8.104855, 46.662465, 1824.2],
          [8.104779, 46.66242, 1825.3],
          [8.104769, 46.662391, 1825.2],
          [8.104768, 46.662389, 1826],
          [8.104737, 46.662341, 1827.5],
          [8.104715, 46.66233, 1828],
          [8.1047, 46.662307, 1828.1],
          [8.104676, 46.662229, 1830.1],
          [8.104674, 46.662219, 1830],
          [8.104664, 46.662205, 1830.2],
          [8.1046, 46.662182, 1830.7],
          [8.10453, 46.662136, 1833.2],
          [8.104468, 46.662115, 1834.5],
          [8.104457, 46.662108, 1834.4],
          [8.104408, 46.662075, 1835.4],
          [8.104342, 46.661972, 1836.5],
          [8.104339, 46.661962, 1836.2],
          [8.104267, 46.661877, 1837],
          [8.104262, 46.661845, 1836.9],
          [8.104276, 46.661819, 1837.3],
          [8.104283, 46.661807, 1837.2],
          [8.104323, 46.661716, 1837.6],
          [8.104323, 46.661692, 1837.5],
          [8.104274, 46.66165, 1837.7],
          [8.104263, 46.661638, 1837.5],
          [8.104212, 46.66157, 1838.5],
          [8.104267, 46.661539, 1837.5],
          [8.104346, 46.661536, 1837.3],
          [8.104356, 46.661535, 1837.6],
          [8.104459, 46.661543, 1838.4],
          [8.104523, 46.661538, 1839.2],
          [8.10454, 46.661516, 1840.4],
          [8.104541, 46.661484, 1840.4],
          [8.104536, 46.661477, 1840.6],
          [8.10446, 46.661416, 1843.7],
          [8.104332, 46.661352, 1845.4],
          [8.104322, 46.661347, 1845.6],
          [8.104291, 46.661336, 1846.2],
          [8.104219, 46.66134, 1848.4],
          [8.104156, 46.661319, 1848.6],
          [8.104075, 46.661318, 1850],
          [8.104057, 46.661318, 1849.7],
          [8.103863, 46.661311, 1852.1],
          [8.103793, 46.661284, 1852.3],
          [8.103785, 46.661278, 1852.5],
          [8.103692, 46.66124, 1853.7],
          [8.103636, 46.661231, 1855.6],
          [8.103589, 46.661196, 1855.4],
          [8.103586, 46.661186, 1856],
          [8.10354, 46.6611, 1859.1],
          [8.103537, 46.661057, 1859.6],
          [8.103523, 46.661031, 1860.2],
          [8.10352, 46.661028, 1860.2],
          [8.103479, 46.660986, 1862.6],
          [8.103469, 46.660941, 1863.1],
          [8.103416, 46.660865, 1864.9],
          [8.103415, 46.660856, 1864.7],
          [8.103373, 46.660807, 1865.8],
          [8.103309, 46.660784, 1869.3],
          [8.103191, 46.660777, 1871.1],
          [8.103175, 46.660775, 1871],
          [8.103143, 46.660759, 1871.7],
          [8.10312, 46.660712, 1870.8],
          [8.103143, 46.660667, 1872.3],
          [8.103145, 46.660642, 1873.1],
          [8.103176, 46.660621, 1873.7],
          [8.103188, 46.660615, 1873.9],
          [8.103216, 46.660573, 1874.5],
          [8.10316, 46.66049, 1876],
          [8.103193, 46.660505, 1878.9],
          [8.103196, 46.660507, 1878.8],
          [8.103044, 46.660496, 1880.2],
          [8.102963, 46.66048, 1881],
          [8.10295, 46.660472, 1881.5],
          [8.102904, 46.66047, 1882.8],
          [8.102872, 46.660456, 1884],
          [8.102858, 46.660437, 1884.3],
          [8.102925, 46.660344, 1886.3],
          [8.102931, 46.660334, 1886.5],
          [8.103003, 46.660274, 1887.9],
          [8.103126, 46.660229, 1888.6],
          [8.103131, 46.660225, 1888.8],
          [8.103144, 46.660199, 1889.6],
          [8.10313, 46.660182, 1890],
          [8.103132, 46.660158, 1890.4],
          [8.103095, 46.660118, 1891.9],
          [8.10303, 46.660086, 1893.6],
          [8.103028, 46.660082, 1893.6],
          [8.102941, 46.660031, 1895.8],
          [8.102932, 46.660007, 1897.5],
          [8.102938, 46.659983, 1898.4],
          [8.10291, 46.659998, 1899.2],
          [8.102941, 46.65998, 1899.4],
          [8.102941, 46.65998, 1899.5],
          [8.102891, 46.659921, 1900.4],
          [8.102851, 46.659834, 1902],
          [8.10285, 46.659831, 1902.1],
          [8.102872, 46.659801, 1902.8],
          [8.102865, 46.659783, 1902.8],
          [8.102835, 46.659768, 1903.7],
          [8.102688, 46.659751, 1906.9],
          [8.102671, 46.659751, 1906.9],
          [8.102466, 46.659767, 1910.3],
          [8.102444, 46.659735, 1912.1],
          [8.102445, 46.659726, 1911.9],
          [8.102474, 46.659648, 1913.6],
          [8.102524, 46.659568, 1913.9],
          [8.102527, 46.659563, 1914],
          [8.102588, 46.659417, 1915.6],
          [8.102593, 46.659402, 1915.5],
          [8.102646, 46.659312, 1917.8],
          [8.10266, 46.65924, 1918.2],
          [8.102664, 46.659227, 1918.4],
          [8.102698, 46.65915, 1920.1],
          [8.102695, 46.659105, 1920.1],
          [8.102714, 46.659053, 1920.6],
          [8.102714, 46.659044, 1920.9],
          [8.102737, 46.658963, 1921.4],
          [8.102714, 46.658943, 1922.1],
          [8.102741, 46.658863, 1923],
          [8.102749, 46.658854, 1922.8],
          [8.102781, 46.658786, 1924.1],
          [8.102775, 46.658715, 1924.3],
          [8.102776, 46.658705, 1924.1],
          [8.102783, 46.658612, 1926.7],
          [8.102766, 46.658548, 1927],
          [8.102768, 46.65854, 1927],
          [8.102767, 46.658473, 1928.2],
          [8.10275, 46.658434, 1928.4],
          [8.102744, 46.658371, 1929.1],
          [8.102744, 46.658362, 1929.4],
          [8.102723, 46.658289, 1930.4],
          [8.102679, 46.658197, 1931.7],
          [8.102672, 46.658187, 1931.7],
          [8.102606, 46.658018, 1933.2],
          [8.1026, 46.658003, 1933.4],
          [8.10256, 46.657881, 1935.1],
          [8.102534, 46.657833, 1935.6],
          [8.102526, 46.657821, 1935.3],
          [8.10252, 46.657797, 1935.8],
          [8.102493, 46.657763, 1936.6],
          [8.102482, 46.657718, 1937.7],
          [8.102442, 46.657667, 1938.5],
          [8.102432, 46.657658, 1938.9],
          [8.102335, 46.657585, 1938.6],
          [8.102267, 46.657574, 1939.7],
          [8.102248, 46.657574, 1939.9],
          [8.102197, 46.657575, 1940.3],
          [8.102105, 46.657559, 1941.1],
          [8.102002, 46.657578, 1941.3],
          [8.101988, 46.65758, 1941.5],
          [8.101912, 46.657592, 1941.9],
          [8.101748, 46.65764, 1943.8],
          [8.101745, 46.657641, 1944.1],
          [8.101504, 46.657658, 1944.8],
          [8.101485, 46.657655, 1945.1],
          [8.1014, 46.65763, 1945.5],
          [8.101279, 46.657561, 1946.7],
          [8.101273, 46.657553, 1946.8],
          [8.101128, 46.657445, 1947.7],
          [8.101118, 46.657434, 1948],
          [8.101048, 46.657371, 1949.8],
          [8.10099, 46.657301, 1950],
          [8.100985, 46.657288, 1950.2],
          [8.100941, 46.657243, 1950.9],
          [8.100918, 46.657142, 1952.4],
          [8.10092, 46.657127, 1952.4],
          [8.100937, 46.657024, 1953.5],
          [8.100989, 46.65695, 1954.4],
          [8.100996, 46.656941, 1954.2],
          [8.101018, 46.656911, 1955.2],
          [8.101063, 46.656881, 1955.6],
          [8.101074, 46.656856, 1955.1],
          [8.101131, 46.656796, 1956],
          [8.101139, 46.656787, 1956.3],
          [8.101182, 46.656758, 1956.9],
          [8.10126, 46.656652, 1958.2],
          [8.101272, 46.656645, 1958.5],
          [8.101365, 46.656571, 1958.4],
          [8.101382, 46.656552, 1959],
          [8.101382, 46.656531, 1959.5],
          [8.101408, 46.656503, 1960.5],
          [8.101411, 46.656497, 1960.5],
          [8.101417, 46.656487, 1960.4],
          [8.101409, 46.656461, 1961.2],
          [8.101373, 46.656466, 1961.3],
          [8.101237, 46.656523, 1961.8],
          [8.101221, 46.65653, 1962],
          [8.101095, 46.656586, 1964.2],
          [8.100982, 46.656603, 1965],
          [8.100972, 46.656609, 1965.4],
          [8.100936, 46.656628, 1966.1],
          [8.100845, 46.656649, 1967],
          [8.100819, 46.656636, 1967.2],
          [8.100784, 46.65659, 1968.1],
          [8.10078, 46.656585, 1968.6],
          [8.100796, 46.656557, 1969.1],
          [8.100843, 46.656535, 1969.3],
          [8.100919, 46.656455, 1970.6],
          [8.100921, 46.656449, 1970.7],
          [8.100882, 46.656441, 1971.7],
          [8.100845, 46.656448, 1972],
          [8.100844, 46.656473, 1974.1],
          [8.100871, 46.656489, 1973.4],
          [8.100862, 46.656465, 1974.2],
          [8.100846, 46.656466, 1975.4],
          [8.100845, 46.656466, 1975.4],
          [8.100851, 46.656443, 1975.7],
          [8.100877, 46.656433, 1975.4],
          [8.100863, 46.656454, 1976.2],
          [8.100873, 46.656429, 1975.6],
          [8.100977, 46.656439, 1974.9],
          [8.100997, 46.656432, 1975.1],
          [8.101043, 46.656413, 1974.8],
          [8.101089, 46.656355, 1974.2],
          [8.101166, 46.656311, 1973.9],
          [8.101178, 46.656302, 1974.1],
          [8.101306, 46.656234, 1974.2],
          [8.101384, 46.656207, 1973.5],
          [8.101399, 46.6562, 1973.7],
          [8.101442, 46.656182, 1973.9],
          [8.101599, 46.656084, 1971.9],
          [8.10161, 46.656077, 1971.8],
          [8.101664, 46.656037, 1971.3],
          [8.101753, 46.655943, 1967.3],
          [8.10176, 46.655934, 1967.3],
          [8.101858, 46.655876, 1966.1],
          [8.101894, 46.655822, 1966.3],
          [8.101901, 46.655815, 1966.1],
          [8.101905, 46.655762, 1966.2],
          [8.101868, 46.655675, 1964.4],
          [8.101876, 46.655648, 1964],
          [8.10188, 46.65564, 1963.9],
          [8.101876, 46.655604, 1964],
          [8.101841, 46.655598, 1963.6],
          [8.101795, 46.655665, 1962.7],
          [8.101764, 46.655679, 1961.5],
          [8.101752, 46.655675, 1961.9],
          [8.101737, 46.655669, 1961.5],
          [8.101688, 46.655633, 1960.2],
          [8.101666, 46.655542, 1958.9],
          [8.101632, 46.655546, 1956.5],
          [8.10162, 46.655572, 1956.3],
          [8.101617, 46.655576, 1956.2],
          [8.101643, 46.655557, 1954.6],
          [8.101644, 46.655606, 1954.8],
          [8.101456, 46.655683, 1953],
          [8.101423, 46.655686, 1952.9],
          [8.101399, 46.655683, 1952.9],
          [8.101423, 46.65567, 1954.8],
          [8.101454, 46.65563, 1954.2],
          [8.101522, 46.655607, 1954.9],
          [8.101584, 46.655572, 1954.7],
          [8.101586, 46.655571, 1954.6],
          [8.101595, 46.655576, 1954.3],
          [8.101557, 46.655574, 1953.9],
          [8.101563, 46.655601, 1955.5],
          [8.101574, 46.655575, 1955.6],
          [8.101625, 46.655549, 1955.6],
          [8.101654, 46.655564, 1955.5],
          [8.101663, 46.655535, 1955.2],
          [8.101665, 46.655529, 1955.3],
          [8.101638, 46.65553, 1955],
          [8.101466, 46.655469, 1954.4],
          [8.101471, 46.655466, 1954.2],
          [8.101354, 46.655413, 1951.4],
          [8.101302, 46.655373, 1951.3],
          [8.101287, 46.655362, 1951],
          [8.101227, 46.655313, 1949.8],
          [8.101097, 46.655277, 1950.1],
          [8.101092, 46.655268, 1950],
          [8.101026, 46.655232, 1949.5],
          [8.100985, 46.655176, 1948.2],
          [8.100922, 46.655131, 1947.8],
          [8.100904, 46.655121, 1947.3],
          [8.100854, 46.655077, 1946.9],
          [8.100766, 46.655038, 1946.1],
          [8.100738, 46.65501, 1945.7],
          [8.100725, 46.655002, 1946],
          [8.100557, 46.654988, 1945.7],
          [8.10049, 46.654966, 1944.8],
          [8.100475, 46.654959, 1944.9],
          [8.100388, 46.65495, 1944.5],
          [8.100279, 46.654876, 1942.9],
          [8.100273, 46.654865, 1942.8],
          [8.10017, 46.654733, 1940.5],
          [8.100161, 46.654724, 1940.5],
          [8.100009, 46.654615, 1938.9],
          [8.1, 46.654605, 1938.6],
          [8.099992, 46.654576, 1938],
          [8.099829, 46.654479, 1936.6],
          [8.099814, 46.654473, 1936.6],
          [8.099591, 46.654417, 1935.9],
          [8.099577, 46.654411, 1935.8],
          [8.099396, 46.654369, 1934.9],
          [8.099365, 46.654348, 1934.6],
          [8.099354, 46.654344, 1934.8],
          [8.099316, 46.654324, 1933.2],
          [8.099218, 46.654204, 1932.3],
          [8.099219, 46.654196, 1932],
          [8.09927, 46.65408, 1928.2],
          [8.099268, 46.654027, 1927.7],
          [8.09926, 46.654021, 1927.5],
          [8.099227, 46.654, 1926.3],
          [8.099213, 46.653976, 1925.5],
          [8.09919, 46.653929, 1924],
          [8.099178, 46.653875, 1920.5],
          [8.099168, 46.653869, 1920.7],
          [8.099129, 46.653866, 1920.6],
          [8.099107, 46.653852, 1920.6],
          [8.099168, 46.653824, 1918.3],
          [8.099275, 46.653799, 1915.3],
          [8.099301, 46.653794, 1915],
          [8.099328, 46.653793, 1913.3],
          [8.099343, 46.653783, 1912.9],
          [8.09938, 46.653732, 1911.9],
          [8.099356, 46.653663, 1910.2],
          [8.099348, 46.653655, 1910],
          [8.099332, 46.653618, 1907.9],
          [8.099336, 46.653577, 1906.5],
          [8.099325, 46.653535, 1904.1],
          [8.099292, 46.653494, 1904.3],
          [8.099282, 46.653495, 1902],
          [8.099177, 46.653468, 1900.2],
          [8.099047, 46.653471, 1899.1],
          [8.099031, 46.653471, 1899.2],
          [8.098965, 46.653436, 1897.8],
          [8.098903, 46.653416, 1896.8],
          [8.09887, 46.65336, 1896],
          [8.098876, 46.653344, 1895.4],
          [8.098857, 46.653279, 1894],
          [8.098863, 46.653194, 1892.1],
          [8.098856, 46.653174, 1890.9],
          [8.098841, 46.653164, 1891.9],
          [8.098817, 46.653153, 1892.3],
          [8.09878, 46.653083, 1889.2],
          [8.098745, 46.653083, 1889.2],
          [8.098682, 46.653104, 1887.9],
          [8.098668, 46.653072, 1886.8],
          [8.098666, 46.653073, 1885.9],
          [8.098599, 46.653049, 1884.5],
          [8.098542, 46.653041, 1883.6],
          [8.098581, 46.653001, 1883.5],
          [8.098538, 46.653002, 1883.2],
          [8.098526, 46.653001, 1883.2],
          [8.098476, 46.652986, 1883],
          [8.098362, 46.652982, 1879.8],
          [8.09833, 46.652974, 1879.7],
          [8.098304, 46.652949, 1878.9],
          [8.09829, 46.65294, 1879.1],
          [8.098216, 46.652915, 1877.4],
          [8.098193, 46.652895, 1876.1],
          [8.098201, 46.65287, 1875.5],
          [8.098174, 46.652887, 1875],
          [8.098103, 46.652868, 1874.7],
          [8.098093, 46.652865, 1874.7],
          [8.098054, 46.652864, 1874.8],
          [8.098015, 46.652822, 1872.8],
          [8.09799, 46.652778, 1872],
          [8.097947, 46.65274, 1872],
          [8.097942, 46.652733, 1871.7],
          [8.0979, 46.652654, 1870.4],
          [8.097871, 46.652636, 1870.9],
          [8.097826, 46.652588, 1869.2],
          [8.09782, 46.652582, 1869.3],
          [8.09777, 46.652417, 1863.9],
          [8.097768, 46.652407, 1863.8],
          [8.097765, 46.652371, 1862.9],
          [8.097799, 46.652358, 1861.9],
          [8.09779, 46.652338, 1860],
          [8.097823, 46.652324, 1860.5],
          [8.097755, 46.652303, 1862.1],
          [8.097795, 46.652299, 1860.9],
          [8.097796, 46.652301, 1860.9],
          [8.097796, 46.652329, 1860.7],
          [8.09777, 46.652348, 1860.7],
          [8.097632, 46.652362, 1859.1],
          [8.097618, 46.652363, 1858.1],
          [8.097554, 46.652353, 1858.5],
          [8.097534, 46.65233, 1857.8],
          [8.097532, 46.652306, 1856.7],
          [8.097462, 46.65227, 1855],
          [8.097447, 46.65227, 1854.8],
          [8.097428, 46.652268, 1855],
          [8.097335, 46.652217, 1852.4],
          [8.097214, 46.6522, 1851.4],
          [8.097199, 46.652196, 1851.1],
          [8.097029, 46.652154, 1848.5],
          [8.096953, 46.652118, 1847.6],
          [8.096938, 46.652109, 1847.6],
          [8.096883, 46.652069, 1846.1],
          [8.096782, 46.651964, 1843],
          [8.096775, 46.651953, 1842.6],
          [8.096742, 46.651895, 1842.2],
          [8.096741, 46.65187, 1841.4],
          [8.096666, 46.65182, 1840.1],
          [8.096624, 46.651806, 1838.3],
          [8.09661, 46.651797, 1838],
          [8.096572, 46.651754, 1836.9],
          [8.096554, 46.651707, 1835.1],
          [8.096562, 46.651682, 1834.2],
          [8.096623, 46.651644, 1833.3],
          [8.096636, 46.651632, 1833.3],
          [8.096704, 46.651574, 1831.9],
          [8.096731, 46.65153, 1830.6],
          [8.09671, 46.651476, 1829.4],
          [8.096705, 46.651467, 1829.5],
          [8.096654, 46.651431, 1828.3],
          [8.096638, 46.651408, 1827.3],
          [8.09652, 46.651355, 1824],
          [8.096502, 46.651348, 1824.3],
          [8.096413, 46.651343, 1823.5],
          [8.096346, 46.651328, 1822.3],
          [8.096309, 46.651301, 1822.1],
          [8.096292, 46.651271, 1821.3],
          [8.096282, 46.651257, 1821.2],
          [8.09616, 46.651176, 1819.2],
          [8.096141, 46.651154, 1818.6],
          [8.096132, 46.651119, 1818.4],
          [8.096129, 46.651109, 1818.3],
          [8.096105, 46.651056, 1817.2],
          [8.09607, 46.651018, 1816.6],
          [8.095994, 46.650976, 1815],
          [8.09598, 46.650967, 1814.8],
          [8.095914, 46.65093, 1814],
          [8.095811, 46.650833, 1809.8],
          [8.095807, 46.650825, 1809.6],
          [8.095766, 46.65079, 1808.8],
          [8.095722, 46.650734, 1808],
          [8.095656, 46.650707, 1806.7],
          [8.095646, 46.650701, 1806.4],
          [8.095565, 46.650665, 1804.4],
          [8.095521, 46.65066, 1803.9],
          [8.095444, 46.65063, 1802.9],
          [8.095426, 46.650616, 1801.9],
          [8.095417, 46.650578, 1801.2],
          [8.095385, 46.650532, 1800.6],
          [8.09532, 46.650538, 1799.4],
          [8.095302, 46.650521, 1799.3],
          [8.095293, 46.650485, 1798.8],
          [8.095287, 46.650471, 1798.8],
          [8.095285, 46.650395, 1796.1],
          [8.095195, 46.65034, 1795.5],
          [8.095189, 46.650334, 1795.4],
          [8.095159, 46.650289, 1793.2],
          [8.095104, 46.650256, 1791.7],
          [8.095064, 46.650184, 1790.1],
          [8.095057, 46.650169, 1789.5],
          [8.095029, 46.650062, 1788.1],
          [8.094996, 46.650018, 1786.8],
          [8.094989, 46.650009, 1786.8],
          [8.094951, 46.64996, 1784.3],
          [8.09494, 46.649923, 1783.7],
          [8.094859, 46.649874, 1781.8],
          [8.094845, 46.649868, 1781.7],
          [8.094724, 46.649818, 1779.9],
          [8.094618, 46.649797, 1778],
          [8.094608, 46.649793, 1777.6],
          [8.094559, 46.649797, 1777.4],
          [8.094531, 46.649808, 1777.3],
          [8.094514, 46.649829, 1776.5],
          [8.094409, 46.649769, 1774.1],
          [8.094392, 46.649764, 1773.7],
          [8.094287, 46.649708, 1771.4],
          [8.09427, 46.649629, 1770],
          [8.094262, 46.649623, 1769.7],
          [8.094244, 46.649594, 1767.8],
          [8.09424, 46.649568, 1767.4],
          [8.094258, 46.649499, 1766.3],
          [8.094247, 46.649482, 1765.6],
          [8.094212, 46.649463, 1765.2],
          [8.094198, 46.649449, 1764.4],
          [8.094118, 46.649358, 1763],
          [8.094038, 46.649316, 1760.7],
          [8.094024, 46.649311, 1760.7],
          [8.093957, 46.649285, 1759.5],
          [8.093773, 46.649237, 1756.1],
          [8.093757, 46.649237, 1755.9],
          [8.093638, 46.649233, 1754.4],
          [8.093514, 46.6492, 1752.3],
          [8.093516, 46.6492, 1752.1],
          [8.093493, 46.64918, 1750.6],
          [8.093465, 46.649178, 1750.3],
          [8.093372, 46.649188, 1749.6],
          [8.093287, 46.649184, 1747.8],
          [8.093276, 46.649184, 1747.3],
          [8.09303, 46.649189, 1745.7],
          [8.093029, 46.649186, 1745.5],
          [8.092922, 46.649204, 1743.9],
          [8.092852, 46.649194, 1742.3],
          [8.092779, 46.649205, 1740.8],
          [8.092765, 46.649207, 1740.5],
          [8.092694, 46.649216, 1739.4],
          [8.092661, 46.649203, 1738.6],
          [8.092579, 46.649135, 1735.9],
          [8.092583, 46.64913, 1735.7],
          [8.092551, 46.649058, 1734.1],
          [8.092612, 46.648974, 1731.9],
          [8.092616, 46.648963, 1731.8],
          [8.092684, 46.648861, 1727.4],
          [8.092713, 46.648826, 1725.8],
          [8.092726, 46.648822, 1725.6],
          [8.092738, 46.648821, 1725.6],
          [8.092786, 46.648732, 1722.5],
          [8.0928, 46.648657, 1721.7],
          [8.092799, 46.648651, 1721.5],
          [8.092838, 46.648463, 1716.4],
          [8.092843, 46.648454, 1716.3],
          [8.092849, 46.6484, 1714.6],
          [8.092833, 46.648381, 1713.9],
          [8.092823, 46.648332, 1711.8],
          [8.092845, 46.648318, 1711.3],
          [8.092838, 46.64834, 1711],
          [8.092825, 46.648344, 1711.3],
          [8.092811, 46.648344, 1711.6],
          [8.092693, 46.648334, 1710],
          [8.092596, 46.648363, 1708.2],
          [8.092555, 46.648375, 1707.6],
          [8.092521, 46.648357, 1707.2],
          [8.092509, 46.648325, 1707.2],
          [8.092538, 46.648178, 1706.1],
          [8.092537, 46.648165, 1705],
          [8.092554, 46.648088, 1703.7],
          [8.092541, 46.648067, 1703.7],
          [8.092469, 46.648014, 1701.6],
          [8.092455, 46.648008, 1702],
          [8.092386, 46.647943, 1701],
          [8.092286, 46.647883, 1700],
          [8.092272, 46.647872, 1700],
          [8.092097, 46.647744, 1696],
          [8.092087, 46.647739, 1695.9],
          [8.09198, 46.647708, 1692.9],
          [8.091862, 46.647687, 1692.5],
          [8.091837, 46.647687, 1692.5],
          [8.091565, 46.647649, 1689],
          [8.091549, 46.64765, 1688.6],
          [8.091317, 46.647643, 1686.8],
          [8.0913, 46.647646, 1687.2],
          [8.091227, 46.647651, 1685.9],
          [8.091082, 46.64764, 1684.5],
          [8.091058, 46.647648, 1683.7],
          [8.091032, 46.647654, 1683.5],
          [8.0909, 46.647665, 1681.6],
          [8.090777, 46.647654, 1680.8],
          [8.090754, 46.647652, 1680.4],
          [8.090629, 46.64764, 1679.1],
          [8.090524, 46.647654, 1678.3],
          [8.090505, 46.647659, 1678],
          [8.090374, 46.647667, 1677.7],
          [8.090278, 46.647651, 1676.3],
          [8.090256, 46.647646, 1676.2],
          [8.090174, 46.647638, 1676.3],
          [8.090108, 46.647654, 1675],
          [8.090042, 46.647631, 1674.5],
          [8.090021, 46.647621, 1674.3],
          [8.089906, 46.647603, 1673.7],
          [8.089798, 46.647556, 1672.5],
          [8.089775, 46.647549, 1672.2],
          [8.089693, 46.647496, 1671.8],
          [8.089616, 46.647425, 1670.7],
          [8.089605, 46.647411, 1670.8],
          [8.089579, 46.647329, 1670.2],
          [8.089628, 46.647244, 1669.3],
          [8.08963, 46.647241, 1669.2],
          [8.089631, 46.647215, 1667.9],
          [8.089582, 46.647091, 1665.4],
          [8.089573, 46.647077, 1665.5],
          [8.089527, 46.646992, 1664.1],
          [8.089461, 46.646933, 1663.8],
          [8.089449, 46.646921, 1663.8],
          [8.089413, 46.646871, 1663],
          [8.089321, 46.646858, 1661.7],
          [8.089279, 46.646816, 1660.9],
          [8.089274, 46.64681, 1660.8],
          [8.089202, 46.64672, 1659.3],
          [8.08919, 46.646666, 1657.9],
          [8.089186, 46.646655, 1657.7],
          [8.08917, 46.646626, 1656.9],
          [8.089088, 46.646537, 1653.9],
          [8.089048, 46.646523, 1653.4],
          [8.089041, 46.646526, 1653.4],
          [8.089025, 46.646547, 1652.1],
          [8.088921, 46.646552, 1649.6],
          [8.088886, 46.646547, 1648.5],
          [8.088864, 46.64653, 1647.7],
          [8.088859, 46.646503, 1647.3],
          [8.088859, 46.646495, 1647.1],
          [8.088856, 46.646483, 1646.9],
          [8.088825, 46.646466, 1646.5],
          [8.088792, 46.646478, 1645.3],
          [8.088667, 46.646448, 1641.6],
          [8.088622, 46.646451, 1640.8],
          [8.088607, 46.646451, 1640.5],
          [8.088507, 46.646436, 1638.8],
          [8.088389, 46.646391, 1637.5],
          [8.088378, 46.646392, 1637.6],
          [8.08831, 46.646413, 1637.1],
          [8.088281, 46.646396, 1636.3],
          [8.088264, 46.646302, 1633.8],
          [8.088257, 46.646289, 1633.5],
          [8.088253, 46.646246, 1632.2],
          [8.088158, 46.646286, 1629.8],
          [8.088114, 46.64632, 1628],
          [8.088063, 46.646325, 1627.7],
          [8.088051, 46.646325, 1627.6],
          [8.088003, 46.646324, 1626.6],
          [8.087961, 46.646282, 1625.4],
          [8.087958, 46.646228, 1624.8],
          [8.087944, 46.646199, 1624.5],
          [8.087937, 46.646188, 1624.3],
          [8.087903, 46.646165, 1622.3],
          [8.087837, 46.646172, 1620.2],
          [8.087748, 46.64616, 1619],
          [8.087711, 46.646142, 1618.1],
          [8.087693, 46.646135, 1618.1],
          [8.087649, 46.64614, 1617.6],
          [8.087595, 46.64616, 1614.9],
          [8.087544, 46.646251, 1611.9],
          [8.087537, 46.646261, 1611.9],
          [8.08753, 46.646291, 1611],
          [8.087546, 46.646314, 1610.3],
          [8.087532, 46.646338, 1610],
          [8.087387, 46.646289, 1608.2],
          [8.087367, 46.646283, 1607.8],
          [8.087275, 46.646227, 1606.4],
          [8.087141, 46.646171, 1603.7],
          [8.08713, 46.646166, 1603.3],
          [8.087059, 46.646134, 1600.8],
          [8.087028, 46.646102, 1599.9],
          [8.086939, 46.646061, 1597.3],
          [8.086923, 46.646054, 1597.1],
          [8.086803, 46.645974, 1593.7],
          [8.086768, 46.645937, 1593.2],
          [8.086756, 46.645925, 1592.6],
          [8.086632, 46.645791, 1590.1],
          [8.086625, 46.64578, 1590.2],
          [8.086546, 46.645603, 1587.5],
          [8.086538, 46.645592, 1587.4],
          [8.086464, 46.645531, 1587.6],
          [8.086349, 46.645486, 1586],
          [8.086335, 46.645484, 1586.3],
          [8.086239, 46.645469, 1585.8],
          [8.086119, 46.645403, 1584.1],
          [8.08611, 46.645397, 1583.8],
          [8.086108, 46.645389, 1583.8],
          [8.086132, 46.645369, 1583.4],
          [8.08619, 46.64536, 1582.9],
          [8.086233, 46.645332, 1581.9],
          [8.086301, 46.645312, 1581.1],
          [8.086305, 46.645311, 1580.7],
          [8.086278, 46.645307, 1579.7],
          [8.086281, 46.645286, 1579.7],
          [8.086302, 46.645272, 1579.5],
          [8.086327, 46.645231, 1576.6],
          [8.086312, 46.645172, 1575.5],
          [8.086309, 46.645154, 1575.6],
          [8.086304, 46.645139, 1575.7],
          [8.086277, 46.645156, 1572.6],
          [8.08625, 46.645139, 1572.3],
          [8.086256, 46.645117, 1572.9],
          [8.086226, 46.645091, 1572.3],
          [8.086216, 46.645037, 1572.2],
          [8.086207, 46.645025, 1572.1],
          [8.086146, 46.644956, 1570.5],
          [8.086092, 46.644926, 1569.3],
          [8.086065, 46.644875, 1568],
          [8.08606, 46.644871, 1567.6],
          [8.086057, 46.644812, 1565],
          [8.086079, 46.644794, 1564.3],
          [8.086158, 46.644781, 1562.6],
          [8.086186, 46.644802, 1561.6],
          [8.08622, 46.64482, 1561],
          [8.086267, 46.644849, 1560.6],
          [8.086338, 46.644871, 1560.3],
          [8.086392, 46.64487, 1559.7],
          [8.086419, 46.644839, 1558.7],
          [8.086424, 46.64483, 1558.4],
          [8.086431, 46.644795, 1557.7],
          [8.08633, 46.64473, 1557.1],
          [8.086309, 46.644694, 1557.3],
          [8.086306, 46.644686, 1557.1],
          [8.086274, 46.644614, 1555.9],
          [8.08627, 46.644573, 1555.4],
          [8.086252, 46.644534, 1555.1],
          [8.086244, 46.644526, 1554.8],
          [8.086192, 46.644478, 1553.1],
          [8.086103, 46.644447, 1551.4],
          [8.086088, 46.644425, 1550.7],
          [8.086109, 46.644394, 1550.1],
          [8.086121, 46.64438, 1549.5],
          [8.086132, 46.644377, 1549.7],
          [8.086157, 46.644326, 1548.5],
          [8.086228, 46.644257, 1547.2],
          [8.086232, 46.644245, 1547.4],
          [8.086222, 46.644214, 1546.9],
          [8.08623, 46.644194, 1546.3],
          [8.086289, 46.644142, 1544.1],
          [8.08623, 46.644107, 1542.4],
          [8.086214, 46.6441, 1542.6],
          [8.086013, 46.644032, 1539.5],
          [8.085999, 46.644029, 1539],
          [8.085954, 46.644011, 1538.1],
          [8.085796, 46.643919, 1535.5],
          [8.085779, 46.643908, 1535.6],
          [8.085738, 46.643886, 1534.8],
          [8.085656, 46.643809, 1532.6],
          [8.085646, 46.643791, 1532.2],
          [8.085649, 46.643749, 1532.1],
          [8.08565, 46.643737, 1531.7],
          [8.08563, 46.643709, 1531.5],
          [8.085534, 46.643654, 1529.5],
          [8.085485, 46.643606, 1529.2],
          [8.085474, 46.643596, 1528.3],
          [8.085418, 46.643549, 1528],
          [8.085298, 46.643496, 1526.5],
          [8.085283, 46.643485, 1526.7],
          [8.085196, 46.643402, 1524.1],
          [8.085143, 46.643367, 1523.4],
          [8.08513, 46.643357, 1523.3],
          [8.085044, 46.643288, 1521.6],
          [8.084989, 46.643223, 1520.3],
          [8.084976, 46.643213, 1519.9],
          [8.084859, 46.643107, 1516.9],
          [8.084796, 46.643066, 1515.2],
          [8.084787, 46.643061, 1515],
          [8.084635, 46.642934, 1512],
          [8.084625, 46.64293, 1511.7],
          [8.08454, 46.642892, 1509.6],
          [8.084431, 46.64283, 1508.3],
          [8.084419, 46.642821, 1508.2],
          [8.084397, 46.642767, 1506.6],
          [8.084365, 46.642753, 1506.3],
          [8.084324, 46.642758, 1505.8],
          [8.084264, 46.642796, 1505.1],
          [8.084251, 46.6428, 1504.7],
          [8.084205, 46.642806, 1503.9],
          [8.084135, 46.64278, 1502.1],
          [8.084112, 46.642761, 1501.8],
          [8.084102, 46.642739, 1501.1],
          [8.084113, 46.642701, 1501.1],
          [8.084123, 46.642691, 1500.7],
          [8.084131, 46.642679, 1500.3],
          [8.084128, 46.642655, 1498.7],
          [8.083944, 46.642625, 1497.4],
          [8.083933, 46.642618, 1496.9],
          [8.083849, 46.642521, 1494.6],
          [8.083791, 46.642487, 1493.8],
          [8.083778, 46.64248, 1493.9],
          [8.083632, 46.642426, 1492.1],
          [8.083581, 46.642376, 1491.7],
          [8.083572, 46.642362, 1491],
          [8.083515, 46.642309, 1490.6],
          [8.083342, 46.642332, 1489.5],
          [8.083328, 46.642333, 1489.5],
          [8.08329, 46.642322, 1489.4],
          [8.08327, 46.642279, 1488.4],
          [8.083213, 46.642254, 1487.9],
          [8.083134, 46.642246, 1485.4],
          [8.083124, 46.642244, 1485.5],
          [8.083052, 46.642233, 1483.9],
          [8.082927, 46.642234, 1481.1],
          [8.082889, 46.64222, 1480.9],
          [8.082877, 46.642212, 1480.4],
          [8.082854, 46.64219, 1480.2],
          [8.082835, 46.642147, 1480.6],
          [8.082835, 46.6421, 1479.4],
          [8.082792, 46.642053, 1478.2],
          [8.082786, 46.642057, 1477.7],
          [8.082777, 46.642068, 1477.5],
          [8.082744, 46.642077, 1477.2],
          [8.082717, 46.642067, 1476.5],
          [8.082684, 46.642037, 1475.7],
          [8.082677, 46.641998, 1474.2],
          [8.082649, 46.641974, 1473],
          [8.082639, 46.641971, 1473],
          [8.082558, 46.642012, 1471.1],
          [8.08243, 46.642053, 1468.9],
          [8.082415, 46.642055, 1468.5],
          [8.082404, 46.642059, 1467.8],
          [8.082405, 46.642084, 1467.2],
          [8.082378, 46.642112, 1466.2],
          [8.082299, 46.642168, 1464.5],
          [8.082284, 46.642176, 1464.4],
          [8.082233, 46.642193, 1464.3],
          [8.082043, 46.642212, 1462],
          [8.082013, 46.642216, 1461.6],
          [8.081966, 46.642241, 1460.5],
          [8.081841, 46.642258, 1458.5],
          [8.081757, 46.642257, 1457.2],
          [8.081738, 46.642256, 1457.3],
          [8.081645, 46.64224, 1455.6],
          [8.081561, 46.642207, 1455.9],
          [8.081472, 46.642201, 1454.7],
          [8.08145, 46.642198, 1454.5],
          [8.081368, 46.642152, 1454.1],
          [8.081302, 46.642072, 1453.1],
          [8.081294, 46.642062, 1452.7],
          [8.081266, 46.642029, 1452.7],
          [8.081212, 46.641932, 1451.6],
          [8.081186, 46.641907, 1451],
          [8.081176, 46.641895, 1451.1],
          [8.081095, 46.641823, 1450.5],
          [8.081002, 46.641767, 1449.4],
          [8.080992, 46.641755, 1449.5],
          [8.08095, 46.641707, 1449.3],
          [8.080909, 46.641627, 1448.4],
          [8.080877, 46.641603, 1448.2],
          [8.080868, 46.641588, 1448.6],
          [8.080802, 46.641549, 1448.5],
          [8.080727, 46.641446, 1447.6],
          [8.080718, 46.641437, 1447.2],
          [8.080696, 46.641421, 1446.5],
          [8.080651, 46.641348, 1445.7],
          [8.080605, 46.641304, 1445.3],
          [8.080594, 46.641291, 1445],
          [8.08056, 46.641263, 1444.2],
          [8.080502, 46.641177, 1443.4],
          [8.08047, 46.64115, 1443.6],
          [8.080455, 46.64114, 1443.2],
          [8.08036, 46.641074, 1440.8],
          [8.08028, 46.641051, 1440.4],
          [8.080266, 46.641046, 1440],
          [8.080068, 46.640963, 1439],
          [8.080059, 46.640965, 1438.6],
          [8.079827, 46.640925, 1436.9],
          [8.079814, 46.640925, 1436.9],
          [8.079737, 46.640932, 1435.6],
          [8.079665, 46.640892, 1433.7],
          [8.079579, 46.640895, 1432.6],
          [8.079566, 46.640893, 1432.6],
          [8.079432, 46.64088, 1430.6],
          [8.079395, 46.640885, 1430.5],
          [8.079308, 46.640867, 1428.9],
          [8.079287, 46.640866, 1428.9],
          [8.079184, 46.64084, 1427.6],
          [8.079086, 46.640754, 1423],
          [8.079076, 46.64075, 1422.6],
          [8.079011, 46.640703, 1423.8],
          [8.078961, 46.640623, 1422.5],
          [8.078958, 46.640614, 1422.4],
          [8.078909, 46.640564, 1420.9],
          [8.078861, 46.640547, 1419.8],
          [8.078805, 46.640507, 1420.4],
          [8.078794, 46.640498, 1419.5],
          [8.078754, 46.640484, 1419.1],
          [8.078702, 46.6404, 1417],
          [8.078651, 46.640361, 1416.5],
          [8.078637, 46.640354, 1416.4],
          [8.0785, 46.6403, 1414.1],
          [8.078445, 46.640265, 1413.5],
          [8.078426, 46.640255, 1413.1],
          [8.078253, 46.640137, 1411],
          [8.078242, 46.64013, 1410.9],
          [8.078149, 46.640069, 1408.6],
          [8.078123, 46.640032, 1406.6],
          [8.078048, 46.640007, 1405.9],
          [8.078033, 46.640003, 1405.7],
          [8.077828, 46.639919, 1403.3],
          [8.07781, 46.639914, 1403.1],
          [8.077738, 46.639886, 1402.3],
          [8.077606, 46.639812, 1401.3],
          [8.077587, 46.639805, 1401.5],
          [8.077507, 46.639765, 1400.7],
          [8.077417, 46.639686, 1399.7],
          [8.077403, 46.639679, 1399.5],
          [8.077237, 46.639557, 1397.9],
          [8.077222, 46.63955, 1397.5],
          [8.077145, 46.639533, 1397.6],
          [8.076983, 46.639517, 1395.4],
          [8.076968, 46.639512, 1395.4],
          [8.076923, 46.639498, 1395.2],
          [8.076776, 46.639413, 1392.5],
          [8.076765, 46.639407, 1392.7],
          [8.076668, 46.639364, 1391.1],
          [8.076572, 46.639287, 1390.3],
          [8.076562, 46.639281, 1389.9],
          [8.076465, 46.639199, 1388],
          [8.07638, 46.639161, 1387],
          [8.076358, 46.639154, 1386.5],
          [8.076117, 46.639062, 1382.3],
          [8.076104, 46.639056, 1382.4],
          [8.075953, 46.638984, 1380.7],
          [8.075917, 46.638954, 1380.5],
          [8.075909, 46.638946, 1380.2],
          [8.075847, 46.638901, 1379.5],
          [8.075796, 46.638882, 1378.6],
          [8.075673, 46.638879, 1377.2],
          [8.075643, 46.63888, 1377],
          [8.07541, 46.6389, 1375.9],
          [8.075404, 46.638902, 1375.5],
          [8.075178, 46.638937, 1373.2],
          [8.075154, 46.638939, 1373.6],
          [8.074968, 46.638966, 1369.3],
          [8.074891, 46.638969, 1367.7],
          [8.074877, 46.638973, 1367.3],
          [8.074723, 46.638985, 1365],
          [8.074646, 46.63897, 1364.2],
          [8.07463, 46.638966, 1363.7],
          [8.074443, 46.638912, 1361.5],
          [8.074432, 46.638907, 1361.1],
          [8.074386, 46.63889, 1360.1],
          [8.074378, 46.638866, 1359.6],
          [8.074399, 46.63877, 1358.8],
          [8.074419, 46.638746, 1358.3],
          [8.074428, 46.638735, 1358],
          [8.074468, 46.638687, 1357.5],
          [8.074471, 46.638665, 1357.6],
          [8.074386, 46.638582, 1357.2],
          [8.074379, 46.63857, 1357.2],
          [8.074307, 46.63848, 1355.2],
          [8.074283, 46.638467, 1356.7],
          [8.074248, 46.638424, 1354.9],
          [8.074244, 46.638415, 1354.7],
          [8.074234, 46.638359, 1353.6],
          [8.074202, 46.638291, 1352.7],
          [8.07421, 46.638236, 1351.9],
          [8.074213, 46.638222, 1351.5],
          [8.074274, 46.638135, 1350.8],
          [8.074319, 46.638104, 1350.6],
          [8.074358, 46.638091, 1350.2],
          [8.074361, 46.638088, 1350.5],
          [8.074373, 46.638067, 1349.6],
          [8.074481, 46.637978, 1348.7],
          [8.074489, 46.637968, 1348.2],
          [8.07459, 46.637859, 1347.1],
          [8.074612, 46.637808, 1346.4],
          [8.074621, 46.637793, 1346],
          [8.074678, 46.637633, 1343.9],
          [8.074682, 46.637618, 1344],
          [8.07472, 46.637569, 1343.3],
          [8.074741, 46.637515, 1342.9],
          [8.07477, 46.637473, 1342.5],
          [8.074776, 46.637459, 1342.2],
          [8.074794, 46.637398, 1341.4],
          [8.074829, 46.63733, 1340.6],
          [8.074836, 46.637269, 1339.9],
          [8.074834, 46.637255, 1339.5],
          [8.07483, 46.637215, 1339.1],
          [8.074808, 46.637152, 1338.6],
          [8.074747, 46.637094, 1337.5],
          [8.074736, 46.63708, 1337.3],
          [8.074713, 46.637032, 1337.7],
          [8.074706, 46.636968, 1336.9],
          [8.074663, 46.636923, 1335.8],
          [8.074657, 46.636917, 1335.5],
          [8.074571, 46.636782, 1332.9],
          [8.074562, 46.636754, 1333],
          [8.074561, 46.636752, 1333.4],
          [8.07454, 46.63668, 1332.1],
          [8.074552, 46.636655, 1330.8],
          [8.074539, 46.636619, 1330.8],
          [8.074543, 46.636585, 1330.3],
          [8.074546, 46.636574, 1330.2],
          [8.074518, 46.636508, 1329],
          [8.074541, 46.636412, 1329.1],
          [8.074544, 46.6364, 1328.9],
          [8.074538, 46.636348, 1328.1],
          [8.074545, 46.636306, 1328.3],
          [8.07453, 46.636256, 1327.2],
          [8.074528, 46.636242, 1327],
          [8.074484, 46.636127, 1326.1],
          [8.074443, 46.636078, 1325.7],
          [8.074439, 46.636069, 1325.6],
          [8.0744, 46.63601, 1324.8],
          [8.074339, 46.635966, 1324.3],
          [8.074309, 46.635966, 1323.4],
          [8.074297, 46.635953, 1323.6],
          [8.07429, 46.635944, 1323.4],
          [8.074237, 46.635876, 1322.8],
          [8.074189, 46.635853, 1322.9],
          [8.07413, 46.635807, 1321.4],
          [8.074115, 46.635799, 1321.8],
          [8.073942, 46.635671, 1319.1],
          [8.07393, 46.635662, 1319.2],
          [8.073822, 46.63557, 1318],
          [8.073757, 46.635542, 1317.3],
          [8.073737, 46.635536, 1317.1],
          [8.073578, 46.635464, 1315.8],
          [8.073501, 46.63546, 1315.6],
          [8.073485, 46.635458, 1315.3],
          [8.073393, 46.635447, 1314.8],
          [8.07325, 46.635452, 1313.9],
          [8.07323, 46.635452, 1313.6],
          [8.072985, 46.635458, 1311.7],
          [8.072961, 46.635459, 1311.4],
          [8.07284, 46.635439, 1310.7],
          [8.072727, 46.635403, 1309.5],
          [8.072712, 46.635396, 1309.6],
          [8.072604, 46.635315, 1308],
          [8.072545, 46.635239, 1307.6],
          [8.072541, 46.635226, 1307.7],
          [8.072544, 46.635199, 1305.9],
          [8.072508, 46.635135, 1305.5],
          [8.072496, 46.635074, 1305.5],
          [8.072488, 46.635062, 1305.3],
          [8.072403, 46.634957, 1303.1],
          [8.072355, 46.634914, 1301.7],
          [8.072345, 46.634906, 1301.4],
          [8.072329, 46.634878, 1301.1],
          [8.07231, 46.634742, 1298.8],
          [8.072303, 46.634736, 1298.3],
          [8.072273, 46.634692, 1296.8],
          [8.072245, 46.634626, 1295],
          [8.072181, 46.634589, 1293.5],
          [8.072172, 46.634581, 1293],
          [8.072126, 46.634536, 1292.5],
          [8.072121, 46.634491, 1291.4],
          [8.072096, 46.634452, 1290.1],
          [8.072093, 46.634422, 1288.5],
          [8.072092, 46.634418, 1288.6],
          [8.07201, 46.634268, 1284.3],
          [8.072001, 46.634258, 1283.2],
          [8.071935, 46.63419, 1281.7],
          [8.071911, 46.634152, 1281],
          [8.071943, 46.634141, 1276],
          [8.071947, 46.634105, 1273.5],
          [8.071915, 46.634082, 1274.1],
          [8.071905, 46.634083, 1273.9],
          [8.071845, 46.634037, 1272.9],
          [8.071684, 46.634031, 1272.3],
          [8.071685, 46.634016, 1276.3],
          [8.071713, 46.633979, 1277.5],
          [8.071718, 46.633944, 1276.7],
          [8.071718, 46.633928, 1276.1],
          [8.071712, 46.633887, 1275.3],
          [8.071676, 46.633828, 1273.7],
          [8.071601, 46.633764, 1272.8],
          [8.071585, 46.633755, 1272.6],
          [8.071533, 46.633723, 1272.2],
          [8.071486, 46.63365, 1271.1],
          [8.071451, 46.633624, 1270.9],
          [8.071439, 46.633615, 1270.9],
          [8.071268, 46.633486, 1267.8],
          [8.071254, 46.633478, 1267.9],
          [8.071224, 46.63345, 1266.9],
          [8.071155, 46.633413, 1265.8],
          [8.071079, 46.633345, 1264.4],
          [8.07107, 46.633337, 1264],
          [8.070987, 46.633273, 1263.7],
          [8.070946, 46.633224, 1263.4],
          [8.070914, 46.633206, 1262.9],
          [8.070902, 46.633197, 1262.5],
          [8.070811, 46.633109, 1260.9],
          [8.07076, 46.633042, 1260.6],
          [8.07076, 46.633033, 1260.3],
          [8.070792, 46.632945, 1259.5],
          [8.070844, 46.632882, 1258],
          [8.070856, 46.632874, 1257.6],
          [8.070883, 46.632843, 1256.6],
          [8.070883, 46.632821, 1255.9],
          [8.070875, 46.632776, 1255.2],
          [8.070843, 46.632713, 1253.8],
          [8.070841, 46.632705, 1253.9],
          [8.070852, 46.632629, 1252.6],
          [8.070879, 46.632543, 1251.8],
          [8.070882, 46.632529, 1251.8],
          [8.070896, 46.632475, 1250.8],
          [8.070925, 46.632431, 1250.1],
          [8.070976, 46.632383, 1249.9],
          [8.070986, 46.632375, 1249.8],
          [8.071059, 46.632289, 1248.8],
          [8.071095, 46.632232, 1248.9],
          [8.071111, 46.632223, 1248.3],
          [8.071132, 46.632211, 1248.7],
          [8.071288, 46.632179, 1248.9],
          [8.071304, 46.632158, 1249],
          [8.071365, 46.632125, 1249.2],
          [8.071373, 46.632123, 1248.8],
          [8.071525, 46.632146, 1251.8],
          [8.071517, 46.632186, 1252],
          [8.071482, 46.632208, 1251.5],
          [8.071457, 46.632212, 1251.4],
          [8.071348, 46.632249, 1250.9],
          [8.071246, 46.63226, 1250.3],
          [8.071229, 46.63226, 1249.9],
          [8.071213, 46.632261, 1250.2],
          [8.071368, 46.632268, 1251.4],
          [8.071405, 46.632281, 1250.6],
          [8.071397, 46.632285, 1250.4],
          [8.071379, 46.632306, 1250.8],
          [8.071456, 46.632302, 1250.3],
          [8.071555, 46.632312, 1251.6],
          [8.071547, 46.63231, 1252.8],
          [8.071507, 46.632298, 1252.1],
          [8.071485, 46.632316, 1252.3],
          [8.071396, 46.632319, 1252],
          [8.071323, 46.632297, 1251.8],
          [8.071316, 46.632294, 1252.1],
          [8.071288, 46.632307, 1251.9],
          [8.071253, 46.632299, 1251.7],
          [8.071278, 46.632282, 1251.7],
          [8.071269, 46.632261, 1250.7],
          [8.071231, 46.632257, 1250.9],
          [8.071267, 46.632252, 1250],
          [8.071252, 46.632276, 1249.7],
          [8.071231, 46.63228, 1249.7],
          [8.071209, 46.632286, 1249.7],
          [8.07119, 46.632287, 1249.8],
          [8.071123, 46.632253, 1249.7],
          [8.071065, 46.632241, 1249],
          [8.071003, 46.632203, 1248.4],
          [8.070994, 46.632196, 1248.5],
          [8.070921, 46.632137, 1247.9],
          [8.070842, 46.632089, 1247.5],
          [8.070793, 46.63207, 1247.2],
          [8.070775, 46.632065, 1247.2],
          [8.070706, 46.632058, 1246.7],
          [8.070673, 46.632043, 1246.7],
          [8.070674, 46.632017, 1246.2],
          [8.07069, 46.631994, 1246.1],
          [8.070701, 46.631945, 1245.8],
          [8.070702, 46.631939, 1245.8],
          [8.070732, 46.631819, 1246.4],
          [8.070752, 46.631792, 1246.2],
          [8.070759, 46.631783, 1246],
          [8.070798, 46.63174, 1246.1],
          [8.070855, 46.631713, 1246.2],
          [8.070802, 46.6317, 1245.4],
          [8.070767, 46.631674, 1245.2],
          [8.070758, 46.63166, 1245],
          [8.070734, 46.631607, 1244.1],
          [8.07065, 46.631512, 1243.6],
          [8.070643, 46.6315, 1243.5],
          [8.07053, 46.631376, 1241.7],
          [8.070517, 46.631365, 1241.7],
          [8.070407, 46.631226, 1240.7],
          [8.070389, 46.631206, 1240.6],
          [8.070267, 46.631077, 1240],
          [8.070255, 46.631065, 1240.1],
          [8.070168, 46.630976, 1239.6],
          [8.07015, 46.630938, 1239],
          [8.070151, 46.630903, 1238.3],
          [8.070151, 46.630894, 1238.3],
          [8.070125, 46.63075, 1237],
          [8.070115, 46.630735, 1237],
          [8.070077, 46.630679, 1235.7],
          [8.070063, 46.630615, 1235.1],
          [8.070035, 46.630583, 1234.9],
          [8.070027, 46.630567, 1235.2],
          [8.06994, 46.630434, 1233.6],
          [8.069927, 46.630421, 1233.8],
          [8.069907, 46.630385, 1233.2],
          [8.069885, 46.630276, 1230.9],
          [8.069875, 46.63027, 1231.1],
          [8.069867, 46.630265, 1232.5],
          [8.069863, 46.630219, 1231.2],
          [8.069892, 46.630209, 1230.5],
          [8.069974, 46.630289, 1231.1],
          [8.069974, 46.630292, 1231],
          [8.069921, 46.630249, 1230.6],
          [8.069895, 46.630242, 1230.6],
          [8.069844, 46.630171, 1230.2],
          [8.069836, 46.630156, 1230.1],
          [8.069801, 46.630077, 1229.7],
          [8.069788, 46.629988, 1228],
          [8.069792, 46.62998, 1227.7],
          [8.069802, 46.629886, 1226.9],
          [8.069781, 46.629822, 1226.1],
          [8.069769, 46.629803, 1225.8],
          [8.06973, 46.629754, 1225.6],
          [8.069686, 46.629655, 1224.2],
          [8.069682, 46.629651, 1224.2],
          [8.069673, 46.629605, 1224.3],
          [8.069651, 46.629573, 1224.3],
          [8.069647, 46.629526, 1222.4],
          [8.069693, 46.62951, 1222.1],
          [8.069723, 46.629516, 1220.7],
          [8.069884, 46.629624, 1218.1],
          [8.069893, 46.62963, 1218],
          [8.069964, 46.62966, 1217.6],
          [8.07, 46.629664, 1217.6],
          [8.070009, 46.629646, 1217.5],
          [8.069992, 46.629568, 1215.6],
          [8.069984, 46.629549, 1215.3],
          [8.069965, 46.629508, 1215],
          [8.069915, 46.629456, 1214.8],
          [8.06991, 46.629433, 1215],
          [8.069886, 46.629404, 1214.6],
          [8.069872, 46.629395, 1213.8],
          [8.069796, 46.629328, 1211.8],
          [8.069743, 46.629253, 1210.7],
          [8.069737, 46.629245, 1210.2],
          [8.069669, 46.629097, 1208.3],
          [8.069658, 46.629089, 1208.4],
          [8.069621, 46.629059, 1208.3],
          [8.06947, 46.629001, 1206.9],
          [8.069454, 46.628995, 1206.4],
          [8.069402, 46.628951, 1204.8],
          [8.069333, 46.628933, 1204.4],
          [8.069251, 46.628891, 1202.5],
          [8.069241, 46.628883, 1202.6],
          [8.069183, 46.628842, 1202.3],
          [8.069125, 46.628766, 1200.7],
          [8.069087, 46.628738, 1200.6],
          [8.069069, 46.628728, 1200.9],
          [8.068988, 46.628655, 1199.2],
          [8.068895, 46.628619, 1198.5],
          [8.068883, 46.628617, 1198.5],
          [8.068633, 46.628607, 1196.9],
          [8.068618, 46.628606, 1196.7],
          [8.068428, 46.628512, 1194],
          [8.068413, 46.628507, 1194.4],
          [8.068341, 46.628472, 1193.9],
          [8.068266, 46.628463, 1193.2],
          [8.068211, 46.62844, 1190.9],
          [8.068208, 46.628439, 1190.4],
          [8.06817, 46.628417, 1190.2],
          [8.068047, 46.628377, 1189.6],
          [8.06792, 46.62835, 1188.6],
          [8.067855, 46.628326, 1189],
          [8.067823, 46.628316, 1189],
          [8.067744, 46.628265, 1186.8],
          [8.067641, 46.62822, 1186.1],
          [8.067627, 46.628215, 1186.2],
          [8.067573, 46.628187, 1185.7],
          [8.067549, 46.628135, 1184.1],
          [8.067538, 46.628081, 1183.7],
          [8.067536, 46.628067, 1183.1],
          [8.067498, 46.627997, 1181.5],
          [8.067427, 46.627962, 1179.9],
          [8.067407, 46.627943, 1179.7],
          [8.067405, 46.627928, 1179.3],
          [8.067408, 46.62791, 1177.4],
          [8.067406, 46.627899, 1177.4],
          [8.067369, 46.627897, 1177.5],
          [8.06736, 46.627921, 1174.3],
          [8.067369, 46.627967, 1176.2],
          [8.067353, 46.628038, 1175.4],
          [8.067343, 46.628062, 1175.3],
          [8.067309, 46.628154, 1173.8],
          [8.067236, 46.62821, 1172.9],
          [8.067228, 46.628221, 1172.9],
          [8.067213, 46.628251, 1172.3],
          [8.067252, 46.628311, 1170.6],
          [8.06721, 46.628386, 1168.5],
          [8.067208, 46.628399, 1168.3],
          [8.067201, 46.628407, 1168.6],
          [8.067211, 46.628431, 1167.7],
          [8.067121, 46.628558, 1164.8],
          [8.067119, 46.628567, 1164.4],
          [8.067074, 46.628596, 1163.6],
          [8.066959, 46.628628, 1160.3],
          [8.066924, 46.628648, 1160],
          [8.066915, 46.628658, 1159.7],
          [8.066903, 46.62869, 1157.8],
          [8.066886, 46.628705, 1157.2],
          [8.066761, 46.628764, 1156],
          [8.066746, 46.628766, 1156.1],
          [8.06669, 46.628775, 1155.7],
          [8.066608, 46.628761, 1156.1],
          [8.066548, 46.62871, 1156.5],
          [8.066534, 46.628702, 1156.6],
          [8.066388, 46.628561, 1155.6],
          [8.066375, 46.628546, 1155.6],
          [8.066263, 46.628408, 1155.7],
          [8.066254, 46.628402, 1155.2],
          [8.066224, 46.628387, 1155.3],
          [8.066091, 46.62826, 1153.5],
          [8.06608, 46.628249, 1154],
          [8.066015, 46.628209, 1154.7],
          [8.065954, 46.628201, 1155],
          [8.065886, 46.628157, 1156],
          [8.065878, 46.628156, 1156.3],
          [8.065837, 46.628141, 1156.5],
          [8.065816, 46.628115, 1157],
          [8.065729, 46.628062, 1157.1],
          [8.06571, 46.62805, 1157.5],
          [8.065666, 46.628038, 1157.7],
          [8.065538, 46.62805, 1159.2],
          [8.065453, 46.628037, 1159.8],
          [8.065433, 46.628029, 1159.5],
          [8.065389, 46.628014, 1159.9],
          [8.065313, 46.627973, 1160.6],
          [8.065293, 46.627951, 1162],
          [8.065209, 46.627914, 1162.8],
          [8.065174, 46.627903, 1163.6],
          [8.065086, 46.627878, 1163.4],
          [8.064911, 46.627866, 1164.1],
          [8.06489, 46.627869, 1164.4],
          [8.064786, 46.627915, 1165.1],
          [8.064682, 46.627946, 1165.6],
          [8.064657, 46.627954, 1165.8],
          [8.06456, 46.627988, 1165.6],
          [8.0645, 46.627991, 1165.9],
          [8.064419, 46.627981, 1167],
          [8.064401, 46.627976, 1167.2],
          [8.064318, 46.627967, 1167.3],
          [8.064238, 46.627981, 1167.8],
          [8.06416, 46.628009, 1169],
          [8.064144, 46.628016, 1169.1],
          [8.064005, 46.628073, 1168.7],
          [8.06393, 46.628078, 1168.9],
          [8.063912, 46.628077, 1168.9],
          [8.063819, 46.628068, 1169.2],
          [8.063668, 46.628075, 1169.4],
          [8.063653, 46.628074, 1169.3],
          [8.063525, 46.62808, 1168.7],
          [8.063405, 46.628073, 1169.8],
          [8.063399, 46.628077, 1169.9],
          [8.063357, 46.628084, 1170],
          [8.063191, 46.628078, 1170],
          [8.06317, 46.628078, 1170.1],
          [8.06304, 46.628076, 1170.4],
          [8.062975, 46.628085, 1170.9],
          [8.062954, 46.628082, 1170.8],
          [8.062714, 46.62809, 1171.1],
          [8.06269, 46.628089, 1171.1],
          [8.062596, 46.628073, 1170.8],
          [8.062561, 46.628076, 1171],
          [8.062508, 46.628092, 1171.8],
          [8.062469, 46.628116, 1171.7],
          [8.062458, 46.628126, 1171.7],
          [8.062319, 46.628218, 1173.2],
          [8.062299, 46.628246, 1174.4],
          [8.062292, 46.62825, 1174.2],
          [8.062138, 46.628284, 1174],
          [8.062063, 46.628292, 1174],
          [8.062042, 46.628293, 1174.2],
          [8.061802, 46.628336, 1173.8],
          [8.061784, 46.628338, 1173.9],
          [8.061727, 46.62836, 1174],
          [8.061563, 46.628391, 1172.3],
          [8.061549, 46.628391, 1172.2],
          [8.061503, 46.628338, 1172.2],
          [8.061464, 46.628254, 1170.8],
          [8.06146, 46.628243, 1170.6],
          [8.061429, 46.628199, 1170.8],
          [8.061397, 46.628189, 1171.3],
          [8.061321, 46.628197, 1170.9],
          [8.061285, 46.62823, 1170.5],
          [8.061272, 46.628242, 1170.5],
          [8.06124, 46.628267, 1170],
          [8.061183, 46.628287, 1168.3],
          [8.061159, 46.628307, 1168.3],
          [8.061157, 46.628281, 1168],
          [8.061146, 46.628305, 1167.4],
          [8.061114, 46.628311, 1167.2],
          [8.061085, 46.628316, 1167.1],
          [8.060923, 46.628313, 1166.3],
          [8.060827, 46.628336, 1164.7],
          [8.060808, 46.628337, 1164.5],
          [8.060723, 46.628326, 1164.3],
          [8.060666, 46.628345, 1163.8],
          [8.060576, 46.628356, 1162.8],
          [8.060559, 46.628357, 1162.7],
          [8.060383, 46.628389, 1162.4],
          [8.06036, 46.628402, 1161.6],
          [8.060349, 46.62843, 1161.3],
          [8.060332, 46.62844, 1161.3],
          [8.060274, 46.628469, 1161.5],
          [8.060209, 46.628477, 1162.7],
          [8.060168, 46.628474, 1161.6],
          [8.060118, 46.628449, 1160.7],
          [8.060103, 46.628433, 1160.7],
          [8.060062, 46.628346, 1158.8],
          [8.060069, 46.628315, 1158.4],
          [8.060019, 46.628324, 1157],
          [8.059999, 46.628333, 1157],
          [8.059964, 46.628357, 1156.6],
          [8.05993, 46.628417, 1155],
          [8.059906, 46.628436, 1154.4],
          [8.059977, 46.628458, 1153.5],
          [8.060019, 46.628489, 1152.8],
          [8.060088, 46.628513, 1152.6],
          [8.060366, 46.628482, 1150.1],
          [8.060428, 46.628431, 1151.9],
          [8.060333, 46.628531, 1149.7],
          [8.06023, 46.628538, 1149.8],
          [8.060211, 46.628539, 1149.9],
          [8.060076, 46.628568, 1151.9],
          [8.059985, 46.628556, 1153.1],
          [8.059919, 46.628529, 1154.4],
          [8.059776, 46.628552, 1155.8],
          [8.059761, 46.628554, 1156.3],
          [8.059403, 46.628629, 1159.6],
          [8.059273, 46.628668, 1160],
          [8.059042, 46.628712, 1159.4],
          [8.059033, 46.628723, 1160.1],
          [8.05898, 46.628779, 1160],
          [8.058877, 46.628821, 1160.3],
          [8.058843, 46.628831, 1160.3],
          [8.058752, 46.628855, 1160.6],
          [8.058643, 46.628946, 1159.9],
          [8.058614, 46.628958, 1159.5],
          [8.058586, 46.628968, 1159.3],
          [8.058505, 46.628979, 1159.3],
          [8.058478, 46.628967, 1158.7],
          [8.058516, 46.628955, 1160.8],
          [8.05839, 46.628895, 1158.3],
          [8.058363, 46.628882, 1157.8],
          [8.058287, 46.628848, 1157.1],
          [8.058199, 46.628835, 1155.7],
          [8.058126, 46.628811, 1155.1],
          [8.058112, 46.628806, 1155],
          [8.057956, 46.628771, 1152.7],
          [8.057904, 46.628746, 1152.2],
          [8.057897, 46.62874, 1152.1],
          [8.05766, 46.628662, 1149.8],
          [8.057641, 46.628657, 1149.2],
          [8.057464, 46.628591, 1146.9],
          [8.057445, 46.628585, 1146.6],
          [8.057352, 46.628546, 1145.6],
          [8.057208, 46.628504, 1144.2],
          [8.057188, 46.628497, 1143.4],
          [8.057072, 46.628456, 1142.1],
          [8.05696, 46.628433, 1141.4],
          [8.056946, 46.628434, 1140.3],
          [8.056854, 46.628371, 1139.4],
          [8.056729, 46.628347, 1140.7],
          [8.0567, 46.62834, 1139.8],
          [8.056609, 46.628323, 1139.2],
          [8.056507, 46.628278, 1137.2],
          [8.056494, 46.628271, 1137.1],
          [8.056345, 46.628225, 1134.3],
          [8.056268, 46.628221, 1133.4],
          [8.056263, 46.628217, 1133.3],
          [8.056014, 46.628244, 1130.9],
          [8.055993, 46.628251, 1131],
          [8.055955, 46.628265, 1130.9],
          [8.055907, 46.628267, 1130.1],
          [8.05577, 46.62825, 1128.7],
          [8.055763, 46.628249, 1128.6],
          [8.055707, 46.628231, 1127.6],
          [8.055564, 46.628215, 1125.6],
          [8.055544, 46.628217, 1125.2],
          [8.055366, 46.628207, 1123.4],
          [8.055281, 46.628191, 1122.6],
          [8.055265, 46.628188, 1122.9],
          [8.055198, 46.628162, 1121.2],
          [8.055015, 46.628131, 1119.7],
          [8.054995, 46.628129, 1119.6],
          [8.054907, 46.628105, 1119],
          [8.054762, 46.628084, 1117.6],
          [8.054741, 46.62808, 1117.3],
          [8.054625, 46.628065, 1116.4],
          [8.054519, 46.628072, 1115.8],
          [8.054504, 46.628076, 1115.5],
          [8.054412, 46.628109, 1115.3],
          [8.054334, 46.628172, 1114.5],
          [8.054319, 46.628183, 1114.1],
          [8.054186, 46.628297, 1113.3],
          [8.054174, 46.628304, 1112.9],
          [8.054046, 46.628381, 1112.3],
          [8.053961, 46.628393, 1112.4],
          [8.053943, 46.628395, 1112.8],
          [8.053899, 46.628401, 1112.9],
          [8.05374, 46.62837, 1112.1],
          [8.053722, 46.628368, 1111.9],
          [8.053482, 46.628346, 1111.1],
          [8.053471, 46.628339, 1111.9],
          [8.05328, 46.62828, 1111.9],
          [8.05326, 46.628275, 1111.8],
          [8.052992, 46.628209, 1111.4],
          [8.052972, 46.628205, 1110.6],
          [8.052774, 46.628107, 1111.9],
          [8.052756, 46.628102, 1111.7],
          [8.052532, 46.628062, 1111],
          [8.052511, 46.628056, 1110.9],
          [8.052267, 46.628005, 1110.2],
          [8.052252, 46.628001, 1109.9],
          [8.052151, 46.62797, 1110.7],
          [8.052031, 46.628012, 1110.4],
          [8.052011, 46.628022, 1110.6],
          [8.051977, 46.628039, 1110.8],
          [8.051954, 46.628068, 1110.7],
          [8.051959, 46.628136, 1112],
          [8.051949, 46.628164, 1112],
          [8.051949, 46.628171, 1111.9],
          [8.051944, 46.62822, 1111.9],
          [8.051972, 46.628357, 1110.2],
          [8.05197, 46.628371, 1110.1],
          [8.051961, 46.628531, 1108.9],
          [8.051959, 46.628553, 1108.8],
          [8.051935, 46.628668, 1107.6],
          [8.051915, 46.628702, 1106.8],
          [8.051905, 46.628719, 1106.7],
          [8.051831, 46.628769, 1106.1],
          [8.051776, 46.628784, 1106.2],
          [8.051703, 46.628786, 1106],
          [8.05168, 46.628785, 1106],
          [8.051548, 46.628766, 1103.8],
          [8.051462, 46.628728, 1103.6],
          [8.051449, 46.62872, 1103.4],
          [8.051381, 46.628669, 1102.1],
          [8.051325, 46.62859, 1102.4],
          [8.051316, 46.628583, 1102.4],
          [8.0512, 46.62848, 1101.6],
          [8.051159, 46.628469, 1102.1],
          [8.051141, 46.628466, 1101.7],
          [8.051084, 46.628449, 1101.5],
          [8.050931, 46.628461, 1100.5],
          [8.050908, 46.628462, 1101],
          [8.050777, 46.628465, 1100],
          [8.050663, 46.62849, 1100.1],
          [8.050644, 46.628498, 1100],
          [8.050511, 46.628569, 1100.4],
          [8.050445, 46.628582, 1101.5],
          [8.050421, 46.628586, 1101.5],
          [8.050302, 46.628571, 1101.4],
          [8.05028, 46.628573, 1101.5],
          [8.050219, 46.628605, 1101.7],
          [8.050205, 46.628611, 1101.8],
          [8.050074, 46.628651, 1103.9],
          [8.050002, 46.628662, 1103.5],
          [8.049974, 46.628686, 1103.2],
          [8.049964, 46.628696, 1103.3],
          [8.049927, 46.628728, 1103.8],
          [8.049794, 46.628782, 1104.8],
          [8.049776, 46.628788, 1105.1],
          [8.049738, 46.628799, 1104.8],
          [8.049681, 46.628795, 1105.2],
          [8.049566, 46.628765, 1105.8],
          [8.049551, 46.628759, 1106.2],
          [8.049476, 46.62876, 1106.5],
          [8.049384, 46.62874, 1107.4],
          [8.049307, 46.628738, 1108.3],
          [8.049288, 46.628739, 1108.6],
          [8.049229, 46.628743, 1109.5],
          [8.049189, 46.628733, 1108.9],
          [8.049128, 46.628683, 1109.2],
          [8.049122, 46.628666, 1108.9],
          [8.049114, 46.628649, 1108.7],
          [8.04914, 46.628577, 1109.3],
          [8.049082, 46.628554, 1108.6],
          [8.04905, 46.62852, 1108.1],
          [8.049056, 46.628512, 1107.6],
          [8.049067, 46.628496, 1107.2],
          [8.049074, 46.628482, 1107.7],
          [8.04907, 46.628439, 1108.2],
          [8.049113, 46.628396, 1107.6],
          [8.049109, 46.62837, 1107.2],
          [8.049049, 46.628336, 1107.4],
          [8.04903, 46.628327, 1107.5],
          [8.0489, 46.628275, 1107.5],
          [8.048831, 46.628263, 1106.8],
          [8.048811, 46.628259, 1106.5],
          [8.048704, 46.628231, 1105.1],
          [8.048625, 46.628177, 1104],
          [8.048611, 46.628169, 1103.8],
          [8.048502, 46.628073, 1102.6],
          [8.04847, 46.628025, 1101.5],
          [8.048463, 46.628014, 1101.2],
          [8.048411, 46.627934, 1101],
          [8.048379, 46.627847, 1100.8],
          [8.048376, 46.627834, 1101.2],
          [8.048369, 46.627803, 1100.7],
          [8.048335, 46.627738, 1102],
          [8.048334, 46.627659, 1099.8],
          [8.048334, 46.627638, 1100.1],
          [8.048334, 46.627607, 1100.4],
          [8.048365, 46.627509, 1101],
          [8.048354, 46.627485, 1098.5],
          [8.048366, 46.627457, 1100.1],
          [8.048374, 46.627436, 1099.7],
          [8.048395, 46.627345, 1100.3],
          [8.048385, 46.627282, 1098.3],
          [8.048391, 46.627247, 1099.8],
          [8.048395, 46.627234, 1100.1],
          [8.048386, 46.627176, 1099.5],
          [8.04835, 46.627106, 1098.8],
          [8.04834, 46.627092, 1098.7],
          [8.04827, 46.627037, 1096.9],
          [8.048273, 46.626976, 1097.1],
          [8.048261, 46.626935, 1096.9],
          [8.048256, 46.626924, 1096.8],
          [8.048251, 46.62684, 1096.1],
          [8.048228, 46.626745, 1095.2],
          [8.048223, 46.626735, 1095],
          [8.048195, 46.626706, 1092.9],
          [8.048151, 46.626617, 1093.4],
          [8.048154, 46.626574, 1093.4],
          [8.04815, 46.626563, 1093.5],
          [8.048123, 46.626543, 1092.9],
          [8.048082, 46.626429, 1091.8],
          [8.04808, 46.626419, 1091.2],
          [8.048054, 46.626333, 1090.7],
          [8.048016, 46.626271, 1090.4],
          [8.048007, 46.626256, 1089.9],
          [8.047988, 46.626217, 1089.3],
          [8.047981, 46.626148, 1089],
          [8.047947, 46.626106, 1088.4],
          [8.047934, 46.6261, 1088.4],
          [8.047891, 46.626098, 1087.3],
          [8.047852, 46.626056, 1087.7],
          [8.047752, 46.625989, 1087.3],
          [8.047726, 46.625986, 1087.1],
          [8.047671, 46.625971, 1086.6],
          [8.047532, 46.625909, 1087.1],
          [8.047516, 46.625902, 1086.4],
          [8.047436, 46.625881, 1086.5],
          [8.047341, 46.625887, 1086.8],
          [8.04726, 46.625877, 1086.7],
          [8.047241, 46.625879, 1086.7],
          [8.047216, 46.625893, 1086.3],
          [8.047124, 46.625913, 1085.8],
          [8.04705, 46.625961, 1085.6],
          [8.047029, 46.625971, 1085.9],
          [8.0469, 46.626012, 1084.2],
          [8.0468, 46.626019, 1085.8],
          [8.04678, 46.626028, 1085.6],
          [8.046542, 46.626076, 1084.5],
          [8.046523, 46.626078, 1084.2],
          [8.046344, 46.62612, 1083.4],
          [8.046326, 46.626123, 1083.3],
          [8.046174, 46.62614, 1082.2],
          [8.046098, 46.626108, 1083.3],
          [8.046081, 46.62611, 1083.3],
          [8.046041, 46.626097, 1082.7],
          [8.046049, 46.626055, 1082.2],
          [8.045982, 46.626051, 1082],
          [8.045981, 46.626027, 1082.4],
          [8.046025, 46.626025, 1082.3],
          [8.04603, 46.626028, 1082.9],
          [8.04604, 46.626036, 1082.7],
          [8.046042, 46.626059, 1082.5],
          [8.045941, 46.626121, 1083.6],
          [8.045985, 46.626127, 1083.6],
          [8.045991, 46.626126, 1083.7],
          [8.046018, 46.626109, 1083.4],
          [8.046026, 46.626084, 1084.9],
          [8.045943, 46.626089, 1083.2],
          [8.045874, 46.626112, 1083],
          [8.04587, 46.626116, 1083],
          [8.04584, 46.626142, 1081.9],
          [8.045829, 46.626211, 1084.2],
          [8.045812, 46.626253, 1084.6],
          [8.045779, 46.626236, 1083.6],
          [8.045781, 46.626109, 1083.6],
          [8.045788, 46.626102, 1083.4],
          [8.045813, 46.626072, 1083.3],
          [8.045817, 46.626048, 1083.2],
          [8.045853, 46.626013, 1083.5],
          [8.045851, 46.625967, 1083.6],
          [8.045839, 46.625947, 1083.7],
          [8.045818, 46.625935, 1083.8],
          [8.045786, 46.62596, 1083.9],
          [8.045782, 46.625963, 1083.8],
          [8.045781, 46.625963, 1083.7]
        ]
      }
    }
  ]
}
