{
  "type": "FeatureCollection",
  "features": [
    {
      "type": "Feature",
      "properties": {
        "type": "boat",
        "order": 1,
        "name": "2025-09-05 15:05:16",
        "time": "2025-09-05T11:00:38Z",
        "gpxx_TrackExtension": "Cyan",
        "coordinateProperties": {
          "times": [
            "2025-09-05T11:00:38Z",
            "2025-09-05T11:00:39Z",
            "2025-09-05T11:01:09Z",
            "2025-09-05T11:01:15Z",
            "2025-09-05T11:01:39Z",
            "2025-09-05T11:02:06Z",
            "2025-09-05T11:02:32Z",
            "2025-09-05T11:02:51Z",
            "2025-09-05T11:03:10Z",
            "2025-09-05T11:03:29Z",
            "2025-09-05T11:03:51Z",
            "2025-09-05T11:04:02Z",
            "2025-09-05T11:04:17Z",
            "2025-09-05T11:04:38Z",
            "2025-09-05T11:05:01Z",
            "2025-09-05T11:05:20Z",
            "2025-09-05T11:05:34Z",
            "2025-09-05T11:05:35Z",
            "2025-09-05T11:05:59Z",
            "2025-09-05T11:06:15Z",
            "2025-09-05T11:06:18Z",
            "2025-09-05T11:06:23Z",
            "2025-09-05T11:06:44Z",
            "2025-09-05T11:06:53Z",
            "2025-09-05T11:07:01Z",
            "2025-09-05T11:07:29Z",
            "2025-09-05T11:07:53Z",
            "2025-09-05T11:08:12Z",
            "2025-09-05T11:08:40Z",
            "2025-09-05T11:09:07Z",
            "2025-09-05T11:09:36Z",
            "2025-09-05T11:10:01Z",
            "2025-09-05T11:10:08Z",
            "2025-09-05T11:10:39Z",
            "2025-09-05T11:11:01Z",
            "2025-09-05T11:11:30Z",
            "2025-09-05T11:12:06Z",
            "2025-09-05T11:12:37Z",
            "2025-09-05T11:13:10Z",
            "2025-09-05T11:13:36Z",
            "2025-09-05T11:14:01Z",
            "2025-09-05T11:14:05Z",
            "2025-09-05T11:14:22Z",
            "2025-09-05T11:14:51Z",
            "2025-09-05T11:15:05Z",
            "2025-09-05T11:15:25Z",
            "2025-09-05T11:15:52Z",
            "2025-09-05T11:16:33Z",
            "2025-09-05T11:17:34Z",
            "2025-09-05T11:18:48Z",
            "2025-09-05T11:19:47Z",
            "2025-09-05T11:20:42Z",
            "2025-09-05T11:21:36Z",
            "2025-09-05T11:22:43Z",
            "2025-09-05T11:23:43Z",
            "2025-09-05T11:24:37Z",
            "2025-09-05T11:24:53Z",
            "2025-09-05T11:25:09Z",
            "2025-09-05T11:25:13Z",
            "2025-09-05T11:25:20Z",
            "2025-09-05T11:25:35Z",
            "2025-09-05T11:25:45Z",
            "2025-09-05T11:26:01Z",
            "2025-09-05T11:26:06Z",
            "2025-09-05T11:26:18Z",
            "2025-09-05T11:26:27Z",
            "2025-09-05T11:26:43Z",
            "2025-09-05T11:27:20Z",
            "2025-09-05T11:27:45Z",
            "2025-09-05T11:28:08Z",
            "2025-09-05T11:28:37Z",
            "2025-09-05T11:29:19Z",
            "2025-09-05T11:30:07Z",
            "2025-09-05T11:31:09Z",
            "2025-09-05T11:31:30Z",
            "2025-09-05T11:32:01Z",
            "2025-09-05T11:32:30Z",
            "2025-09-05T11:34:07Z",
            "2025-09-05T11:35:34Z",
            "2025-09-05T11:36:02Z",
            "2025-09-05T11:36:33Z",
            "2025-09-05T11:37:48Z",
            "2025-09-05T11:38:04Z",
            "2025-09-05T11:38:34Z",
            "2025-09-05T11:38:57Z",
            "2025-09-05T11:39:21Z",
            "2025-09-05T11:39:25Z",
            "2025-09-05T11:39:40Z",
            "2025-09-05T11:40:06Z",
            "2025-09-05T11:40:31Z",
            "2025-09-05T11:40:57Z",
            "2025-09-05T11:41:22Z",
            "2025-09-05T11:41:45Z",
            "2025-09-05T11:42:08Z",
            "2025-09-05T11:42:35Z",
            "2025-09-05T11:42:59Z",
            "2025-09-05T11:43:25Z",
            "2025-09-05T11:43:52Z",
            "2025-09-05T11:44:17Z",
            "2025-09-05T11:44:45Z",
            "2025-09-05T11:45:11Z",
            "2025-09-05T11:45:34Z",
            "2025-09-05T11:45:59Z",
            "2025-09-05T11:46:30Z",
            "2025-09-05T11:46:59Z",
            "2025-09-05T11:47:33Z",
            "2025-09-05T11:47:52Z",
            "2025-09-05T11:49:17Z",
            "2025-09-05T11:50:54Z",
            "2025-09-05T11:52:46Z",
            "2025-09-05T11:54:41Z",
            "2025-09-05T11:56:40Z",
            "2025-09-05T11:58:30Z",
            "2025-09-05T12:00:27Z",
            "2025-09-05T12:02:19Z",
            "2025-09-05T12:04:27Z",
            "2025-09-05T12:06:25Z",
            "2025-09-05T12:08:13Z",
            "2025-09-05T12:09:54Z",
            "2025-09-05T12:11:35Z",
            "2025-09-05T12:13:33Z",
            "2025-09-05T12:15:29Z",
            "2025-09-05T12:17:15Z",
            "2025-09-05T12:19:12Z",
            "2025-09-05T12:19:51Z",
            "2025-09-05T12:20:02Z",
            "2025-09-05T12:20:06Z",
            "2025-09-05T12:20:12Z",
            "2025-09-05T12:20:28Z",
            "2025-09-05T12:20:32Z",
            "2025-09-05T12:20:34Z",
            "2025-09-05T12:20:40Z",
            "2025-09-05T12:20:52Z",
            "2025-09-05T12:21:00Z",
            "2025-09-05T12:21:03Z",
            "2025-09-05T12:21:10Z",
            "2025-09-05T12:21:28Z",
            "2025-09-05T12:21:37Z",
            "2025-09-05T12:21:53Z",
            "2025-09-05T12:22:11Z",
            "2025-09-05T12:22:29Z",
            "2025-09-05T12:22:48Z",
            "2025-09-05T12:23:04Z",
            "2025-09-05T12:23:19Z",
            "2025-09-05T12:23:33Z",
            "2025-09-05T12:23:54Z",
            "2025-09-05T12:24:14Z",
            "2025-09-05T12:24:22Z",
            "2025-09-05T12:24:24Z",
            "2025-09-05T12:24:39Z",
            "2025-09-05T12:24:53Z",
            "2025-09-05T12:25:03Z",
            "2025-09-05T12:25:16Z",
            "2025-09-05T12:25:20Z",
            "2025-09-05T12:25:26Z",
            "2025-09-05T12:25:32Z",
            "2025-09-05T12:25:36Z",
            "2025-09-05T12:25:38Z",
            "2025-09-05T12:25:44Z",
            "2025-09-05T12:25:58Z",
            "2025-09-05T12:26:04Z",
            "2025-09-05T12:26:15Z",
            "2025-09-05T12:26:31Z",
            "2025-09-05T12:26:42Z",
            "2025-09-05T12:26:59Z",
            "2025-09-05T12:27:14Z",
            "2025-09-05T12:27:33Z",
            "2025-09-05T12:27:57Z",
            "2025-09-05T12:28:18Z",
            "2025-09-05T12:28:35Z",
            "2025-09-05T12:29:00Z",
            "2025-09-05T12:30:08Z",
            "2025-09-05T12:30:38Z",
            "2025-09-05T12:30:55Z",
            "2025-09-05T12:31:15Z",
            "2025-09-05T12:31:50Z",
            "2025-09-05T12:32:24Z",
            "2025-09-05T12:32:46Z",
            "2025-09-05T12:33:18Z",
            "2025-09-05T12:33:51Z",
            "2025-09-05T12:34:18Z",
            "2025-09-05T12:34:47Z",
            "2025-09-05T12:35:10Z",
            "2025-09-05T12:35:28Z",
            "2025-09-05T12:35:50Z",
            "2025-09-05T12:36:10Z",
            "2025-09-05T12:36:19Z",
            "2025-09-05T12:36:23Z",
            "2025-09-05T12:36:47Z",
            "2025-09-05T12:37:04Z",
            "2025-09-05T12:37:27Z",
            "2025-09-05T12:37:58Z",
            "2025-09-05T12:38:17Z",
            "2025-09-05T12:38:42Z",
            "2025-09-05T12:39:12Z",
            "2025-09-05T12:39:35Z",
            "2025-09-05T12:40:03Z",
            "2025-09-05T12:40:30Z",
            "2025-09-05T12:40:59Z",
            "2025-09-05T12:41:31Z",
            "2025-09-05T12:42:03Z",
            "2025-09-05T12:42:26Z",
            "2025-09-05T12:42:46Z",
            "2025-09-05T12:43:18Z",
            "2025-09-05T12:44:10Z",
            "2025-09-05T12:44:56Z",
            "2025-09-05T12:45:24Z",
            "2025-09-05T12:45:59Z",
            "2025-09-05T12:46:25Z",
            "2025-09-05T12:46:49Z",
            "2025-09-05T12:47:15Z",
            "2025-09-05T12:47:31Z",
            "2025-09-05T12:47:50Z",
            "2025-09-05T12:48:13Z",
            "2025-09-05T12:48:38Z",
            "2025-09-05T12:49:01Z",
            "2025-09-05T12:49:28Z",
            "2025-09-05T12:49:52Z",
            "2025-09-05T12:50:21Z",
            "2025-09-05T12:50:44Z",
            "2025-09-05T12:51:09Z",
            "2025-09-05T12:51:29Z",
            "2025-09-05T12:51:54Z",
            "2025-09-05T12:52:23Z",
            "2025-09-05T12:52:48Z",
            "2025-09-05T12:53:19Z",
            "2025-09-05T12:53:44Z",
            "2025-09-05T12:54:04Z",
            "2025-09-05T12:54:34Z",
            "2025-09-05T12:54:58Z",
            "2025-09-05T12:55:25Z",
            "2025-09-05T12:55:50Z",
            "2025-09-05T12:56:26Z",
            "2025-09-05T12:56:57Z",
            "2025-09-05T12:57:25Z",
            "2025-09-05T12:58:08Z",
            "2025-09-05T12:58:40Z",
            "2025-09-05T12:59:27Z",
            "2025-09-05T12:59:52Z",
            "2025-09-05T13:00:25Z",
            "2025-09-05T13:00:51Z",
            "2025-09-05T13:01:05Z",
            "2025-09-05T13:01:10Z",
            "2025-09-05T13:01:25Z",
            "2025-09-05T13:01:45Z",
            "2025-09-05T13:01:48Z",
            "2025-09-05T13:01:57Z",
            "2025-09-05T13:02:10Z",
            "2025-09-05T13:02:24Z",
            "2025-09-05T13:02:42Z",
            "2025-09-05T13:02:45Z",
            "2025-09-05T13:02:49Z",
            "2025-09-05T13:03:02Z",
            "2025-09-05T13:03:23Z",
            "2025-09-05T13:03:32Z",
            "2025-09-05T13:03:37Z",
            "2025-09-05T13:03:41Z",
            "2025-09-05T13:03:50Z",
            "2025-09-05T13:03:53Z",
            "2025-09-05T13:03:59Z",
            "2025-09-05T13:04:03Z",
            "2025-09-05T13:04:15Z",
            "2025-09-05T13:04:30Z",
            "2025-09-05T13:04:46Z",
            "2025-09-05T13:05:00Z"
          ]
        }
      },
      "geometry": {
        "type": "LineString",
        "coordinates": [
          [12.4681283254, 62.3520923126, 779.35],
          [12.4681186024, 62.3520895466, 779.35],
          [12.4677637964, 62.352049062, 779.45],
          [12.4676559214, 62.3520273529, 778.87],
          [12.4672394246, 62.3517850321, 779.58],
          [12.4668109417, 62.351592835, 778.96],
          [12.466399977, 62.3513864726, 779.09],
          [12.466137372, 62.351129232, 779.65],
          [12.4658010062, 62.3509455007, 779.17],
          [12.4655772094, 62.3508216161, 778.95],
          [12.4650721997, 62.3506549839, 779.14],
          [12.4647326488, 62.3505996633, 779.23],
          [12.4643162359, 62.3505304288, 779.38],
          [12.463648282, 62.350470582, 779.5],
          [12.4632261693, 62.350362204, 779.83],
          [12.4629536737, 62.3503850866, 778.93],
          [12.4627469759, 62.350392295, 778.94],
          [12.4627263565, 62.3503905348, 778.68],
          [12.4620212708, 62.3503752798, 779],
          [12.4615072086, 62.3503814824, 779.15],
          [12.4614073802, 62.3503804766, 779.15],
          [12.4612315279, 62.3503756151, 779.21],
          [12.460531136, 62.350399252, 779.04],
          [12.4602407031, 62.3504051194, 779.13],
          [12.4600295629, 62.3503921274, 778.79],
          [12.4593100604, 62.3504699115, 779.02],
          [12.458533477, 62.3505119886, 779.82],
          [12.4580090214, 62.3505681474, 778.79],
          [12.4574880023, 62.3507140763, 779.56],
          [12.4571586773, 62.3507808801, 779.85],
          [12.4566130992, 62.3509033397, 779.77],
          [12.4562276155, 62.3511070199, 779.55],
          [12.4560923316, 62.3511666991, 778.52],
          [12.4555509444, 62.3513378575, 779.27],
          [12.4553536344, 62.3514013086, 779.04],
          [12.4553666264, 62.3513847124, 779.06],
          [12.4553670455, 62.3513893224, 779.08],
          [12.4553696439, 62.3513875622, 779.42],
          [12.4553627707, 62.3514111992, 780.44],
          [12.4553604238, 62.35143492, 780.74],
          [12.4553144071, 62.3514966108, 782.21],
          [12.4552759342, 62.3515226785, 782.29],
          [12.4552149139, 62.3515631631, 782.14],
          [12.4550653808, 62.3516116105, 784.43],
          [12.4549042806, 62.3516774084, 785.27],
          [12.454798501, 62.3517136183, 784.03],
          [12.4547951482, 62.3517085891, 785],
          [12.4547612853, 62.3517189827, 784.32],
          [12.4547604471, 62.351723928, 784.69],
          [12.4547997583, 62.3517249338, 784.12],
          [12.4547701702, 62.3517195694, 783.97],
          [12.4547654763, 62.3517306335, 783.81],
          [12.4547352176, 62.3517245986, 783.26],
          [12.4547399115, 62.3517310526, 782.78],
          [12.4547560886, 62.3517108522, 782.74],
          [12.4547399115, 62.3517157976, 781.83],
          [12.4546412565, 62.3517372552, 782.85],
          [12.4543856084, 62.3518010415, 784.09],
          [12.454322828, 62.3518214934, 783.73],
          [12.4542085826, 62.351863822, 783.55],
          [12.4539873842, 62.3519334756, 782.57],
          [12.4538681097, 62.3519636504, 781.7],
          [12.453527553, 62.3520034645, 780.38],
          [12.4534768425, 62.352023581, 779.51],
          [12.4532910157, 62.3520458769, 779.18],
          [12.4531349447, 62.3520660773, 778.83],
          [12.4529595114, 62.352124583, 777.16],
          [12.452948112, 62.35213154, 777.71],
          [12.4529257324, 62.3521175422, 776.95],
          [12.4529139139, 62.3521266785, 776.71],
          [12.452907376, 62.3521235771, 776.03],
          [12.45287586, 62.3521175422, 776.15],
          [12.4528867565, 62.3521217331, 775.75],
          [12.4528900255, 62.3521259241, 776.57],
          [12.4528907798, 62.3521197215, 776.43],
          [12.4528763629, 62.3521197215, 776.64],
          [12.4528787099, 62.3521220684, 776.43],
          [12.4528713338, 62.3521276005, 777.05],
          [12.4528905284, 62.3521230742, 777.21],
          [12.452881895, 62.3521173745, 777.28],
          [12.4528699089, 62.3521177098, 776.44],
          [12.4528425839, 62.3521360662, 775.81],
          [12.4528294243, 62.3521657381, 775.65],
          [12.4528183602, 62.3521171231, 775.02],
          [12.4528265744, 62.3521425202, 775.2],
          [12.4527688231, 62.352235727, 774.74],
          [12.4527344573, 62.3522631358, 775.78],
          [12.4526098184, 62.3523656465, 775.1],
          [12.4520587921, 62.352614589, 775.11],
          [12.4514746573, 62.352924468, 775.06],
          [12.4507596809, 62.3532177508, 775.19],
          [12.4501234945, 62.353515476, 775.73],
          [12.4497334007, 62.3537904024, 775.33],
          [12.4491307419, 62.3539898917, 774.91],
          [12.4486340303, 62.3543330468, 775.6],
          [12.448122818, 62.3546765372, 775.13],
          [12.4477884639, 62.35496521, 774.99],
          [12.4474122003, 62.3552229535, 775.24],
          [12.4471171573, 62.3555723112, 774.63],
          [12.4468763452, 62.3559167236, 774.88],
          [12.4466048554, 62.3562110122, 774.75],
          [12.4465419911, 62.3563249223, 775.3],
          [12.4464647099, 62.3563660774, 774.95],
          [12.4463920388, 62.3563826736, 775.05],
          [12.4463725928, 62.3563923966, 775.67],
          [12.4463524763, 62.3564023711, 775.03],
          [12.4462924618, 62.356374627, 773.95],
          [12.446303023, 62.356371358, 773.88],
          [12.4463273305, 62.3563748784, 774.02],
          [12.446307214, 62.3563765548, 774.37],
          [12.4463014305, 62.3563736212, 774.06],
          [12.4462860078, 62.356379237, 774.68],
          [12.4462945573, 62.3563837633, 774.76],
          [12.4463108182, 62.3563836794, 775.02],
          [12.4463134166, 62.3563809134, 775.32],
          [12.4462920427, 62.3563804943, 774.99],
          [12.4463105667, 62.3563798238, 775],
          [12.4462681543, 62.3563707713, 774.62],
          [12.4463070463, 62.3563830927, 775.06],
          [12.4462907854, 62.3563842662, 775.01],
          [12.4462967366, 62.3563855235, 774.41],
          [12.4463004246, 62.35638896, 774.69],
          [12.4463192001, 62.3563846853, 775.39],
          [12.4463042803, 62.3563911393, 775.12],
          [12.4463007599, 62.3564073164, 776.61],
          [12.4463231396, 62.3564699292, 775.22],
          [12.4462967366, 62.3565058876, 775.08],
          [12.4462491274, 62.3565436061, 775.54],
          [12.4460674915, 62.3566336278, 775.55],
          [12.4459962454, 62.3566474579, 775.68],
          [12.4459650647, 62.3566616233, 775.9],
          [12.4458674155, 62.3566971626, 775.38],
          [12.445666166, 62.3567685764, 775.37],
          [12.4454997852, 62.3567852564, 776.26],
          [12.4454405252, 62.3567943089, 776.25],
          [12.445303984, 62.3567974102, 776.26],
          [12.444937611, 62.3568838276, 775.41],
          [12.4447808694, 62.3569248151, 775.97],
          [12.4445867445, 62.3568946403, 775.84],
          [12.4444035999, 62.3568850011, 776.47],
          [12.444083076, 62.3568902817, 778.02],
          [12.4437667429, 62.356872512, 777.98],
          [12.4435480591, 62.3569076322, 778.71],
          [12.4433620647, 62.3569056205, 776.89],
          [12.4432080053, 62.3569830693, 776.63],
          [12.4428883195, 62.3569798842, 776.83],
          [12.4426748324, 62.3569464404, 776.95],
          [12.4425158277, 62.3569318559, 776.89],
          [12.4424835574, 62.3569201212, 776.57],
          [12.4421932921, 62.3568721768, 777.16],
          [12.4420088902, 62.3568465281, 777.64],
          [12.4418332055, 62.3568264954, 778.42],
          [12.4416242447, 62.3567850888, 777.91],
          [12.441562973, 62.356785005, 777.43],
          [12.4414497335, 62.3567798082, 777.04],
          [12.4413597118, 62.3568038642, 776.35],
          [12.4412735458, 62.3568235617, 776.26],
          [12.4412315525, 62.3568315245, 776.76],
          [12.4411002081, 62.3568327818, 775.96],
          [12.4408620782, 62.3567999247, 777.18],
          [12.4407609086, 62.3567834124, 777.36],
          [12.4405760039, 62.3567596078, 776.44],
          [12.4404481798, 62.3567254096, 775.22],
          [12.4403159134, 62.3567246553, 774.38],
          [12.440292025, 62.3566505592, 774.57],
          [12.4403269775, 62.3566425126, 774.66],
          [12.4403304141, 62.3566199653, 773.92],
          [12.4403345212, 62.3566146847, 774.32],
          [12.4403270613, 62.3566099908, 774.52],
          [12.4403108843, 62.3565908801, 774.18],
          [12.4403025024, 62.356577972, 773.46],
          [12.4402825534, 62.3565740325, 773.46],
          [12.4403135665, 62.3565897066, 773.73],
          [12.4402840622, 62.3565606214, 772.99],
          [12.4402741715, 62.356551569, 772.49],
          [12.4402796198, 62.3565441929, 773.25],
          [12.440261934, 62.3565400019, 772.57],
          [12.4400227983, 62.356511252, 772.54],
          [12.4397030286, 62.3564101662, 772.54],
          [12.4396614544, 62.3562286142, 772.13],
          [12.439652821, 62.3562005349, 772.71],
          [12.439265158, 62.3560946714, 772.4],
          [12.4388739746, 62.3560627364, 772.89],
          [12.4383903388, 62.3560364172, 773.32],
          [12.4376494624, 62.3560484033, 772.89],
          [12.4370186403, 62.3561455496, 774.01],
          [12.4367706198, 62.356143035, 773.23],
          [12.4366598949, 62.3561350722, 773.72],
          [12.4361429829, 62.3560725432, 773.75],
          [12.4357809685, 62.3560918216, 773],
          [12.4353442714, 62.3560741358, 773.03],
          [12.4349251762, 62.3560509179, 772.6],
          [12.4343953561, 62.35609903, 772.53],
          [12.4336517137, 62.3561845254, 772.51],
          [12.4328903854, 62.3563297838, 772.38],
          [12.4322556239, 62.3564521596, 772.63],
          [12.4316076189, 62.3566503078, 772.53],
          [12.4309461191, 62.3568224721, 773.47],
          [12.4302447215, 62.3569959775, 773.1],
          [12.4294167571, 62.3571449239, 773.03],
          [12.4286636431, 62.3573362827, 773.97],
          [12.4283095915, 62.3574283998, 774.33],
          [12.4280539434, 62.3574646935, 773.77],
          [12.4277540389, 62.3574481811, 773.56],
          [12.4275060184, 62.3572938703, 772.7],
          [12.4271864165, 62.3571636155, 772.49],
          [12.4267715961, 62.3571482766, 772.03],
          [12.4264781456, 62.3570113163, 772.51],
          [12.4260864593, 62.3567870166, 773.21],
          [12.4259040691, 62.3566425126, 773.67],
          [12.425764259, 62.3565053008, 773.15],
          [12.4257183261, 62.3562509101, 773.44],
          [12.4253753386, 62.3559929989, 772.93],
          [12.424891619, 62.3557018954, 773.45],
          [12.4245387409, 62.3553017434, 772.96],
          [12.4241516646, 62.3551008292, 772.72],
          [12.4238185678, 62.3549377173, 772.77],
          [12.423673477, 62.3546235636, 773.16],
          [12.4233203474, 62.354288958, 772.63],
          [12.4228527211, 62.3540762253, 773],
          [12.4222452007, 62.3537916597, 772.22],
          [12.4218037259, 62.3535120394, 772.3],
          [12.4211941101, 62.3532129731, 772.19],
          [12.4203225598, 62.3529858235, 772.34],
          [12.4196683522, 62.3528434988, 772.83],
          [12.4192454852, 62.3526789621, 772.74],
          [12.4189003184, 62.3525938019, 772.49],
          [12.4187008291, 62.3525373079, 772.48],
          [12.4184772, 62.3524981644, 771.86],
          [12.4185255636, 62.352511324, 771.66],
          [12.4184276629, 62.3525175266, 772.3],
          [12.4184390623, 62.3525166884, 771.49],
          [12.4183977395, 62.3525124136, 771.58],
          [12.4183685705, 62.3524978291, 771.96],
          [12.4183537345, 62.3524840828, 771.35],
          [12.4183628708, 62.3524862621, 772.75],
          [12.4183783773, 62.3524822388, 772.02],
          [12.418384077, 62.3525129166, 772.19],
          [12.4183755275, 62.3525031935, 772.27],
          [12.4183585122, 62.3525161855, 771.8],
          [12.4183554109, 62.3525185324, 773.02],
          [12.4182979949, 62.3525268305, 773.38],
          [12.4181820732, 62.3525114916, 773.67],
          [12.4180308636, 62.3524393234, 773.34],
          [12.41808258, 62.3524448555, 773.88],
          [12.4180291034, 62.3524314445, 773.38],
          [12.4180113338, 62.3524233978, 773.92],
          [12.418190036, 62.3524646368, 774.32],
          [12.4182398245, 62.3524477053, 773.91],
          [12.4183182791, 62.3524138425, 773.42],
          [12.4183217995, 62.3524077237, 773.56],
          [12.4182518944, 62.3524449393, 773.75],
          [12.418220127, 62.3524513934, 773.69],
          [12.4182715919, 62.3524725996, 773.28],
          [12.4183271639, 62.3524406645, 773.28],
          [12.4183955602, 62.3523985874, 773.25],
          [12.4184865039, 62.3523869365, 773.5],
          [12.4185538944, 62.3523178697, 774.16],
          [12.4185761902, 62.3522886168, 774.4],
          [12.4185975641, 62.3522238247, 775.14],
          [12.4186349474, 62.3521833401, 776.44],
          [12.4185696524, 62.3520431109, 778.94],
          [12.418424394, 62.351908749, 780.73],
          [12.4184530601, 62.3518503271, 780.82],
          [12.4184641242, 62.3517914023, 780.56]
        ]
      }
    },
    {
      "type": "Feature",
      "properties": {
        "type": "boat",
        "order": 2,
        "name": "2025-09-06 14:27:51",
        "time": "2025-09-06T07:31:50Z",
        "gpxx_TrackExtension": "Cyan",
        "coordinateProperties": {
          "times": [
            "2025-09-06T07:31:50Z",
            "2025-09-06T07:31:52Z",
            "2025-09-06T07:31:55Z",
            "2025-09-06T07:31:56Z",
            "2025-09-06T07:31:58Z",
            "2025-09-06T07:32:00Z",
            "2025-09-06T07:32:02Z",
            "2025-09-06T07:32:03Z",
            "2025-09-06T07:32:04Z",
            "2025-09-06T07:32:06Z",
            "2025-09-06T07:32:08Z",
            "2025-09-06T07:32:10Z",
            "2025-09-06T07:32:12Z",
            "2025-09-06T07:32:14Z",
            "2025-09-06T07:32:16Z",
            "2025-09-06T07:32:18Z",
            "2025-09-06T07:32:21Z",
            "2025-09-06T07:32:24Z",
            "2025-09-06T07:33:04Z",
            "2025-09-06T07:33:34Z",
            "2025-09-06T07:33:53Z",
            "2025-09-06T07:34:31Z",
            "2025-09-06T07:35:52Z",
            "2025-09-06T07:37:17Z",
            "2025-09-06T07:38:06Z",
            "2025-09-06T07:38:18Z",
            "2025-09-06T07:39:02Z",
            "2025-09-06T07:39:37Z",
            "2025-09-06T07:40:00Z",
            "2025-09-06T07:40:36Z",
            "2025-09-06T07:41:06Z",
            "2025-09-06T07:41:33Z",
            "2025-09-06T07:42:06Z",
            "2025-09-06T07:42:31Z",
            "2025-09-06T07:42:58Z",
            "2025-09-06T07:43:20Z",
            "2025-09-06T07:43:46Z",
            "2025-09-06T07:44:11Z",
            "2025-09-06T07:44:40Z",
            "2025-09-06T07:44:55Z",
            "2025-09-06T07:45:23Z",
            "2025-09-06T07:45:48Z",
            "2025-09-06T07:46:13Z",
            "2025-09-06T07:46:41Z",
            "2025-09-06T07:47:06Z",
            "2025-09-06T07:47:32Z",
            "2025-09-06T07:48:00Z",
            "2025-09-06T07:48:28Z",
            "2025-09-06T07:48:35Z",
            "2025-09-06T07:49:14Z",
            "2025-09-06T07:49:40Z",
            "2025-09-06T07:50:05Z",
            "2025-09-06T07:50:30Z",
            "2025-09-06T07:50:56Z",
            "2025-09-06T07:51:20Z",
            "2025-09-06T07:51:52Z",
            "2025-09-06T07:52:10Z",
            "2025-09-06T07:52:34Z",
            "2025-09-06T07:52:59Z",
            "2025-09-06T07:53:24Z",
            "2025-09-06T07:53:48Z",
            "2025-09-06T07:54:16Z",
            "2025-09-06T07:54:41Z",
            "2025-09-06T07:55:07Z",
            "2025-09-06T07:55:38Z",
            "2025-09-06T07:56:06Z",
            "2025-09-06T07:56:33Z",
            "2025-09-06T07:57:00Z",
            "2025-09-06T07:57:26Z",
            "2025-09-06T07:57:54Z",
            "2025-09-06T07:58:19Z",
            "2025-09-06T07:58:45Z",
            "2025-09-06T07:59:13Z",
            "2025-09-06T07:59:46Z",
            "2025-09-06T08:00:11Z",
            "2025-09-06T08:00:36Z",
            "2025-09-06T08:01:00Z",
            "2025-09-06T08:01:26Z",
            "2025-09-06T08:01:50Z",
            "2025-09-06T08:02:14Z",
            "2025-09-06T08:02:50Z",
            "2025-09-06T08:03:18Z",
            "2025-09-06T08:03:38Z",
            "2025-09-06T08:04:04Z",
            "2025-09-06T08:04:26Z",
            "2025-09-06T08:04:49Z",
            "2025-09-06T08:05:15Z",
            "2025-09-06T08:05:41Z",
            "2025-09-06T08:06:07Z",
            "2025-09-06T08:06:46Z",
            "2025-09-06T08:07:11Z",
            "2025-09-06T08:07:38Z",
            "2025-09-06T08:07:41Z",
            "2025-09-06T08:07:55Z",
            "2025-09-06T08:08:24Z",
            "2025-09-06T08:08:41Z",
            "2025-09-06T08:09:02Z",
            "2025-09-06T08:09:38Z",
            "2025-09-06T08:09:54Z",
            "2025-09-06T08:10:13Z",
            "2025-09-06T08:10:17Z",
            "2025-09-06T08:10:32Z",
            "2025-09-06T08:10:49Z",
            "2025-09-06T08:11:06Z",
            "2025-09-06T08:11:15Z",
            "2025-09-06T08:11:32Z",
            "2025-09-06T08:11:33Z",
            "2025-09-06T08:11:36Z",
            "2025-09-06T08:11:47Z",
            "2025-09-06T08:11:54Z",
            "2025-09-06T08:11:57Z",
            "2025-09-06T08:12:10Z",
            "2025-09-06T08:12:13Z",
            "2025-09-06T08:12:30Z",
            "2025-09-06T08:12:31Z",
            "2025-09-06T08:12:43Z",
            "2025-09-06T08:12:57Z",
            "2025-09-06T08:12:59Z",
            "2025-09-06T08:13:15Z",
            "2025-09-06T08:13:25Z",
            "2025-09-06T08:13:33Z",
            "2025-09-06T08:13:38Z",
            "2025-09-06T08:13:40Z",
            "2025-09-06T08:13:55Z",
            "2025-09-06T08:13:56Z",
            "2025-09-06T08:14:10Z",
            "2025-09-06T08:14:18Z",
            "2025-09-06T08:14:20Z",
            "2025-09-06T08:14:37Z",
            "2025-09-06T08:14:45Z",
            "2025-09-06T08:14:53Z",
            "2025-09-06T08:15:08Z",
            "2025-09-06T08:15:12Z",
            "2025-09-06T08:15:25Z",
            "2025-09-06T08:15:26Z",
            "2025-09-06T08:15:43Z",
            "2025-09-06T08:15:56Z",
            "2025-09-06T08:16:09Z",
            "2025-09-06T08:16:14Z",
            "2025-09-06T08:16:21Z",
            "2025-09-06T08:16:33Z",
            "2025-09-06T08:16:35Z",
            "2025-09-06T08:16:40Z",
            "2025-09-06T08:16:56Z",
            "2025-09-06T08:17:10Z",
            "2025-09-06T08:17:38Z",
            "2025-09-06T08:17:52Z",
            "2025-09-06T08:18:07Z",
            "2025-09-06T08:18:11Z",
            "2025-09-06T08:18:25Z",
            "2025-09-06T08:18:27Z",
            "2025-09-06T08:18:37Z",
            "2025-09-06T08:18:47Z",
            "2025-09-06T08:18:53Z",
            "2025-09-06T08:18:58Z",
            "2025-09-06T08:19:00Z",
            "2025-09-06T08:19:02Z",
            "2025-09-06T08:19:15Z",
            "2025-09-06T08:19:28Z",
            "2025-09-06T08:19:40Z",
            "2025-09-06T08:20:00Z",
            "2025-09-06T08:20:18Z",
            "2025-09-06T08:20:33Z",
            "2025-09-06T08:20:48Z",
            "2025-09-06T08:21:13Z",
            "2025-09-06T08:21:26Z",
            "2025-09-06T08:21:38Z",
            "2025-09-06T08:21:46Z",
            "2025-09-06T08:21:56Z",
            "2025-09-06T08:21:57Z",
            "2025-09-06T08:22:01Z",
            "2025-09-06T08:22:06Z",
            "2025-09-06T08:22:09Z",
            "2025-09-06T08:22:20Z",
            "2025-09-06T08:22:26Z",
            "2025-09-06T08:22:30Z",
            "2025-09-06T08:22:33Z",
            "2025-09-06T08:22:46Z",
            "2025-09-06T08:22:50Z",
            "2025-09-06T08:22:59Z",
            "2025-09-06T08:23:13Z",
            "2025-09-06T08:23:18Z",
            "2025-09-06T08:23:27Z",
            "2025-09-06T08:23:43Z",
            "2025-09-06T08:23:52Z",
            "2025-09-06T08:23:57Z",
            "2025-09-06T08:24:10Z",
            "2025-09-06T08:24:12Z",
            "2025-09-06T08:24:16Z",
            "2025-09-06T08:24:27Z",
            "2025-09-06T08:24:42Z",
            "2025-09-06T08:24:55Z",
            "2025-09-06T08:25:09Z",
            "2025-09-06T08:25:15Z",
            "2025-09-06T08:25:22Z",
            "2025-09-06T08:25:26Z",
            "2025-09-06T08:25:28Z",
            "2025-09-06T08:25:36Z",
            "2025-09-06T08:25:44Z",
            "2025-09-06T08:25:52Z",
            "2025-09-06T08:25:54Z",
            "2025-09-06T08:26:01Z",
            "2025-09-06T08:26:03Z",
            "2025-09-06T08:26:08Z",
            "2025-09-06T08:26:23Z",
            "2025-09-06T08:26:34Z",
            "2025-09-06T08:26:39Z",
            "2025-09-06T08:26:41Z",
            "2025-09-06T08:26:56Z",
            "2025-09-06T08:26:57Z",
            "2025-09-06T08:27:02Z",
            "2025-09-06T08:27:11Z",
            "2025-09-06T08:27:20Z",
            "2025-09-06T08:27:24Z",
            "2025-09-06T08:27:37Z",
            "2025-09-06T08:27:52Z",
            "2025-09-06T08:28:02Z",
            "2025-09-06T08:28:06Z",
            "2025-09-06T08:28:08Z",
            "2025-09-06T08:28:13Z",
            "2025-09-06T08:28:19Z",
            "2025-09-06T08:28:35Z",
            "2025-09-06T08:28:37Z",
            "2025-09-06T08:28:39Z",
            "2025-09-06T08:28:53Z",
            "2025-09-06T08:29:02Z",
            "2025-09-06T08:29:17Z",
            "2025-09-06T08:29:32Z",
            "2025-09-06T08:29:36Z",
            "2025-09-06T08:29:46Z",
            "2025-09-06T08:29:59Z",
            "2025-09-06T08:30:08Z",
            "2025-09-06T08:30:12Z",
            "2025-09-06T08:30:20Z",
            "2025-09-06T08:30:25Z",
            "2025-09-06T08:30:38Z",
            "2025-09-06T08:31:31Z",
            "2025-09-06T08:32:32Z",
            "2025-09-06T08:33:00Z",
            "2025-09-06T08:33:18Z",
            "2025-09-06T08:33:39Z",
            "2025-09-06T08:34:05Z",
            "2025-09-06T08:34:20Z",
            "2025-09-06T08:34:21Z",
            "2025-09-06T08:34:29Z",
            "2025-09-06T08:34:44Z",
            "2025-09-06T08:34:57Z",
            "2025-09-06T08:35:13Z",
            "2025-09-06T08:35:14Z",
            "2025-09-06T08:35:18Z",
            "2025-09-06T08:35:22Z",
            "2025-09-06T08:35:24Z",
            "2025-09-06T08:35:27Z",
            "2025-09-06T08:35:34Z",
            "2025-09-06T08:35:42Z",
            "2025-09-06T08:35:51Z",
            "2025-09-06T08:36:07Z",
            "2025-09-06T08:36:20Z",
            "2025-09-06T08:36:40Z",
            "2025-09-06T08:37:05Z",
            "2025-09-06T08:37:09Z",
            "2025-09-06T08:37:24Z",
            "2025-09-06T08:37:30Z",
            "2025-09-06T08:37:37Z",
            "2025-09-06T08:37:48Z",
            "2025-09-06T08:37:54Z",
            "2025-09-06T08:37:58Z",
            "2025-09-06T08:38:02Z",
            "2025-09-06T08:38:16Z",
            "2025-09-06T08:38:27Z",
            "2025-09-06T08:38:43Z",
            "2025-09-06T08:38:57Z",
            "2025-09-06T08:39:00Z",
            "2025-09-06T08:39:09Z",
            "2025-09-06T08:39:14Z",
            "2025-09-06T08:39:30Z",
            "2025-09-06T08:39:41Z",
            "2025-09-06T08:39:52Z",
            "2025-09-06T08:39:58Z",
            "2025-09-06T08:40:00Z",
            "2025-09-06T08:40:02Z",
            "2025-09-06T08:40:09Z",
            "2025-09-06T08:40:17Z",
            "2025-09-06T08:40:24Z",
            "2025-09-06T08:40:35Z",
            "2025-09-06T08:40:40Z",
            "2025-09-06T08:40:44Z",
            "2025-09-06T08:40:51Z",
            "2025-09-06T08:40:59Z",
            "2025-09-06T08:41:06Z",
            "2025-09-06T08:41:10Z",
            "2025-09-06T08:41:20Z",
            "2025-09-06T08:41:36Z",
            "2025-09-06T08:41:37Z",
            "2025-09-06T08:41:39Z",
            "2025-09-06T08:41:49Z",
            "2025-09-06T08:42:06Z",
            "2025-09-06T08:42:14Z",
            "2025-09-06T08:42:20Z",
            "2025-09-06T08:42:28Z",
            "2025-09-06T08:42:41Z",
            "2025-09-06T08:42:51Z",
            "2025-09-06T08:43:07Z",
            "2025-09-06T08:43:20Z",
            "2025-09-06T08:43:24Z",
            "2025-09-06T08:43:34Z",
            "2025-09-06T08:43:36Z",
            "2025-09-06T08:43:45Z",
            "2025-09-06T08:43:48Z",
            "2025-09-06T08:43:52Z",
            "2025-09-06T08:43:54Z",
            "2025-09-06T08:44:01Z",
            "2025-09-06T08:44:09Z",
            "2025-09-06T08:44:12Z",
            "2025-09-06T08:44:17Z",
            "2025-09-06T08:44:21Z",
            "2025-09-06T08:44:24Z",
            "2025-09-06T08:44:32Z",
            "2025-09-06T08:44:40Z",
            "2025-09-06T08:44:47Z",
            "2025-09-06T08:44:57Z",
            "2025-09-06T08:45:01Z",
            "2025-09-06T08:45:07Z",
            "2025-09-06T08:45:21Z",
            "2025-09-06T08:45:37Z",
            "2025-09-06T08:45:45Z",
            "2025-09-06T08:45:47Z",
            "2025-09-06T08:45:52Z",
            "2025-09-06T08:46:09Z",
            "2025-09-06T08:46:23Z",
            "2025-09-06T08:46:34Z",
            "2025-09-06T08:46:37Z",
            "2025-09-06T08:46:54Z",
            "2025-09-06T08:47:01Z",
            "2025-09-06T08:47:13Z",
            "2025-09-06T08:47:27Z",
            "2025-09-06T08:47:41Z",
            "2025-09-06T08:47:52Z",
            "2025-09-06T08:48:05Z",
            "2025-09-06T08:48:17Z",
            "2025-09-06T08:48:33Z",
            "2025-09-06T08:48:45Z",
            "2025-09-06T08:49:00Z",
            "2025-09-06T08:49:14Z",
            "2025-09-06T08:49:24Z",
            "2025-09-06T08:49:40Z",
            "2025-09-06T08:49:58Z",
            "2025-09-06T08:50:12Z",
            "2025-09-06T08:50:28Z",
            "2025-09-06T08:51:00Z",
            "2025-09-06T08:52:05Z",
            "2025-09-06T08:52:55Z",
            "2025-09-06T08:53:19Z",
            "2025-09-06T08:53:33Z",
            "2025-09-06T08:53:49Z",
            "2025-09-06T08:54:11Z",
            "2025-09-06T08:54:45Z",
            "2025-09-06T08:55:02Z",
            "2025-09-06T08:55:15Z",
            "2025-09-06T08:55:19Z",
            "2025-09-06T08:55:23Z",
            "2025-09-06T08:55:25Z",
            "2025-09-06T08:55:35Z",
            "2025-09-06T08:55:48Z",
            "2025-09-06T08:55:58Z",
            "2025-09-06T08:56:11Z",
            "2025-09-06T08:56:19Z",
            "2025-09-06T08:56:22Z",
            "2025-09-06T08:56:30Z",
            "2025-09-06T08:56:39Z",
            "2025-09-06T08:56:46Z",
            "2025-09-06T08:56:49Z",
            "2025-09-06T08:56:54Z",
            "2025-09-06T08:57:08Z",
            "2025-09-06T08:57:09Z",
            "2025-09-06T08:57:15Z",
            "2025-09-06T08:57:21Z",
            "2025-09-06T08:57:28Z",
            "2025-09-06T08:57:33Z",
            "2025-09-06T08:57:35Z",
            "2025-09-06T08:57:38Z",
            "2025-09-06T08:57:45Z",
            "2025-09-06T08:57:54Z",
            "2025-09-06T08:57:58Z",
            "2025-09-06T08:58:11Z",
            "2025-09-06T08:58:16Z",
            "2025-09-06T08:58:20Z",
            "2025-09-06T08:58:23Z",
            "2025-09-06T08:58:30Z",
            "2025-09-06T08:58:33Z",
            "2025-09-06T08:58:41Z",
            "2025-09-06T08:58:52Z",
            "2025-09-06T08:59:02Z",
            "2025-09-06T08:59:08Z",
            "2025-09-06T08:59:20Z",
            "2025-09-06T08:59:24Z",
            "2025-09-06T08:59:29Z",
            "2025-09-06T08:59:39Z",
            "2025-09-06T08:59:45Z",
            "2025-09-06T08:59:57Z",
            "2025-09-06T09:00:09Z",
            "2025-09-06T09:00:13Z",
            "2025-09-06T09:00:23Z",
            "2025-09-06T09:00:37Z",
            "2025-09-06T09:00:53Z",
            "2025-09-06T09:01:07Z",
            "2025-09-06T09:01:11Z",
            "2025-09-06T09:01:16Z",
            "2025-09-06T09:01:22Z",
            "2025-09-06T09:01:29Z",
            "2025-09-06T09:01:44Z",
            "2025-09-06T09:01:55Z",
            "2025-09-06T09:02:10Z",
            "2025-09-06T09:02:24Z",
            "2025-09-06T09:02:34Z",
            "2025-09-06T09:02:42Z",
            "2025-09-06T09:02:52Z",
            "2025-09-06T09:02:56Z",
            "2025-09-06T09:03:07Z",
            "2025-09-06T09:03:10Z",
            "2025-09-06T09:03:18Z",
            "2025-09-06T09:03:21Z",
            "2025-09-06T09:03:28Z",
            "2025-09-06T09:03:32Z",
            "2025-09-06T09:03:42Z",
            "2025-09-06T09:03:57Z",
            "2025-09-06T09:04:11Z",
            "2025-09-06T09:04:19Z",
            "2025-09-06T09:04:31Z",
            "2025-09-06T09:04:35Z",
            "2025-09-06T09:04:50Z",
            "2025-09-06T09:05:03Z",
            "2025-09-06T09:05:17Z",
            "2025-09-06T09:05:20Z",
            "2025-09-06T09:05:35Z",
            "2025-09-06T09:05:48Z",
            "2025-09-06T09:05:55Z",
            "2025-09-06T09:05:57Z",
            "2025-09-06T09:06:11Z",
            "2025-09-06T09:06:25Z",
            "2025-09-06T09:06:34Z",
            "2025-09-06T09:06:50Z",
            "2025-09-06T09:06:56Z",
            "2025-09-06T09:07:13Z",
            "2025-09-06T09:07:36Z",
            "2025-09-06T09:08:01Z",
            "2025-09-06T09:08:30Z",
            "2025-09-06T09:08:58Z",
            "2025-09-06T09:09:29Z",
            "2025-09-06T09:10:03Z",
            "2025-09-06T09:10:41Z",
            "2025-09-06T09:11:03Z",
            "2025-09-06T09:11:32Z",
            "2025-09-06T09:12:03Z",
            "2025-09-06T09:12:29Z",
            "2025-09-06T09:12:51Z",
            "2025-09-06T09:13:05Z",
            "2025-09-06T09:13:23Z",
            "2025-09-06T09:13:44Z",
            "2025-09-06T09:13:48Z",
            "2025-09-06T09:13:52Z",
            "2025-09-06T09:14:07Z",
            "2025-09-06T09:14:20Z",
            "2025-09-06T09:14:25Z",
            "2025-09-06T09:14:27Z",
            "2025-09-06T09:14:34Z",
            "2025-09-06T09:14:38Z",
            "2025-09-06T09:14:52Z",
            "2025-09-06T09:14:56Z",
            "2025-09-06T09:15:05Z",
            "2025-09-06T09:15:08Z",
            "2025-09-06T09:15:22Z",
            "2025-09-06T09:15:31Z",
            "2025-09-06T09:15:35Z",
            "2025-09-06T09:15:38Z",
            "2025-09-06T09:15:42Z",
            "2025-09-06T09:15:53Z",
            "2025-09-06T09:16:03Z",
            "2025-09-06T09:16:19Z",
            "2025-09-06T09:16:28Z",
            "2025-09-06T09:16:31Z",
            "2025-09-06T09:16:40Z",
            "2025-09-06T09:16:42Z",
            "2025-09-06T09:16:50Z",
            "2025-09-06T09:17:05Z",
            "2025-09-06T09:17:09Z",
            "2025-09-06T09:17:18Z",
            "2025-09-06T09:17:20Z",
            "2025-09-06T09:17:22Z",
            "2025-09-06T09:17:37Z",
            "2025-09-06T09:17:40Z",
            "2025-09-06T09:17:48Z",
            "2025-09-06T09:18:03Z",
            "2025-09-06T09:18:08Z",
            "2025-09-06T09:18:18Z",
            "2025-09-06T09:18:32Z",
            "2025-09-06T09:18:38Z",
            "2025-09-06T09:18:43Z",
            "2025-09-06T09:18:59Z",
            "2025-09-06T09:19:13Z",
            "2025-09-06T09:19:15Z",
            "2025-09-06T09:19:20Z",
            "2025-09-06T09:19:26Z",
            "2025-09-06T09:19:31Z",
            "2025-09-06T09:19:38Z",
            "2025-09-06T09:19:48Z",
            "2025-09-06T09:19:53Z",
            "2025-09-06T09:19:57Z",
            "2025-09-06T09:20:05Z",
            "2025-09-06T09:20:14Z",
            "2025-09-06T09:20:21Z",
            "2025-09-06T09:20:26Z",
            "2025-09-06T09:20:40Z",
            "2025-09-06T09:20:57Z",
            "2025-09-06T09:21:02Z",
            "2025-09-06T09:21:12Z",
            "2025-09-06T09:21:30Z",
            "2025-09-06T09:21:57Z",
            "2025-09-06T09:22:14Z",
            "2025-09-06T09:22:35Z",
            "2025-09-06T09:23:22Z",
            "2025-09-06T09:23:51Z",
            "2025-09-06T09:24:06Z",
            "2025-09-06T09:24:19Z",
            "2025-09-06T09:24:20Z",
            "2025-09-06T09:24:30Z",
            "2025-09-06T09:24:41Z",
            "2025-09-06T09:24:47Z",
            "2025-09-06T09:24:56Z",
            "2025-09-06T09:25:00Z",
            "2025-09-06T09:25:07Z",
            "2025-09-06T09:25:22Z",
            "2025-09-06T09:25:35Z",
            "2025-09-06T09:25:36Z",
            "2025-09-06T09:25:48Z",
            "2025-09-06T09:26:02Z",
            "2025-09-06T09:26:15Z",
            "2025-09-06T09:26:24Z",
            "2025-09-06T09:26:40Z",
            "2025-09-06T09:26:53Z",
            "2025-09-06T09:26:55Z",
            "2025-09-06T09:26:59Z",
            "2025-09-06T09:27:11Z",
            "2025-09-06T09:27:12Z",
            "2025-09-06T09:27:25Z",
            "2025-09-06T09:27:29Z",
            "2025-09-06T09:27:38Z",
            "2025-09-06T09:27:53Z",
            "2025-09-06T09:28:08Z",
            "2025-09-06T09:28:11Z",
            "2025-09-06T09:28:18Z",
            "2025-09-06T09:28:25Z",
            "2025-09-06T09:28:31Z",
            "2025-09-06T09:28:47Z",
            "2025-09-06T09:29:04Z",
            "2025-09-06T09:29:19Z",
            "2025-09-06T09:29:40Z",
            "2025-09-06T09:29:58Z",
            "2025-09-06T09:30:19Z",
            "2025-09-06T09:30:55Z",
            "2025-09-06T09:31:14Z",
            "2025-09-06T09:31:26Z",
            "2025-09-06T09:31:37Z",
            "2025-09-06T09:31:53Z",
            "2025-09-06T09:32:06Z",
            "2025-09-06T09:32:07Z",
            "2025-09-06T09:32:18Z",
            "2025-09-06T09:32:24Z",
            "2025-09-06T09:32:37Z",
            "2025-09-06T09:32:51Z",
            "2025-09-06T09:33:04Z",
            "2025-09-06T09:33:09Z",
            "2025-09-06T09:33:12Z",
            "2025-09-06T09:33:17Z",
            "2025-09-06T09:33:29Z",
            "2025-09-06T09:33:37Z",
            "2025-09-06T09:33:44Z",
            "2025-09-06T09:33:46Z",
            "2025-09-06T09:33:54Z",
            "2025-09-06T09:33:58Z",
            "2025-09-06T09:34:01Z",
            "2025-09-06T09:34:13Z",
            "2025-09-06T09:34:17Z",
            "2025-09-06T09:34:32Z",
            "2025-09-06T09:34:47Z",
            "2025-09-06T09:35:01Z",
            "2025-09-06T09:35:02Z",
            "2025-09-06T09:35:12Z",
            "2025-09-06T09:35:29Z",
            "2025-09-06T09:35:30Z",
            "2025-09-06T09:35:45Z",
            "2025-09-06T09:36:01Z",
            "2025-09-06T09:36:09Z",
            "2025-09-06T09:36:14Z",
            "2025-09-06T09:36:22Z",
            "2025-09-06T09:36:29Z",
            "2025-09-06T09:36:38Z",
            "2025-09-06T09:36:46Z",
            "2025-09-06T09:36:50Z",
            "2025-09-06T09:37:08Z",
            "2025-09-06T09:37:12Z",
            "2025-09-06T09:37:20Z",
            "2025-09-06T09:37:36Z",
            "2025-09-06T09:38:17Z",
            "2025-09-06T09:39:39Z",
            "2025-09-06T09:40:27Z",
            "2025-09-06T09:41:30Z",
            "2025-09-06T09:42:20Z",
            "2025-09-06T09:43:46Z",
            "2025-09-06T09:45:27Z",
            "2025-09-06T09:46:59Z",
            "2025-09-06T09:48:37Z",
            "2025-09-06T09:50:10Z",
            "2025-09-06T09:51:46Z",
            "2025-09-06T09:53:16Z",
            "2025-09-06T09:53:52Z",
            "2025-09-06T09:54:33Z",
            "2025-09-06T09:54:39Z",
            "2025-09-06T09:54:52Z",
            "2025-09-06T09:55:05Z",
            "2025-09-06T09:55:22Z",
            "2025-09-06T09:56:21Z",
            "2025-09-06T09:57:32Z",
            "2025-09-06T09:58:35Z",
            "2025-09-06T09:59:47Z",
            "2025-09-06T10:00:53Z",
            "2025-09-06T10:02:05Z",
            "2025-09-06T10:03:22Z",
            "2025-09-06T10:04:28Z",
            "2025-09-06T10:05:33Z",
            "2025-09-06T10:06:51Z",
            "2025-09-06T10:08:04Z",
            "2025-09-06T10:09:10Z",
            "2025-09-06T10:10:26Z",
            "2025-09-06T10:11:42Z",
            "2025-09-06T10:12:48Z",
            "2025-09-06T10:13:49Z",
            "2025-09-06T10:14:59Z",
            "2025-09-06T10:16:13Z",
            "2025-09-06T10:17:24Z",
            "2025-09-06T10:18:39Z",
            "2025-09-06T10:19:23Z",
            "2025-09-06T10:19:52Z",
            "2025-09-06T10:20:24Z",
            "2025-09-06T10:20:57Z",
            "2025-09-06T10:21:41Z",
            "2025-09-06T10:22:19Z",
            "2025-09-06T10:23:02Z",
            "2025-09-06T10:23:49Z",
            "2025-09-06T10:24:27Z",
            "2025-09-06T10:25:01Z",
            "2025-09-06T10:25:31Z",
            "2025-09-06T10:26:03Z",
            "2025-09-06T10:26:37Z",
            "2025-09-06T10:27:10Z",
            "2025-09-06T10:27:41Z",
            "2025-09-06T10:28:24Z",
            "2025-09-06T10:29:15Z",
            "2025-09-06T10:30:04Z",
            "2025-09-06T10:30:35Z",
            "2025-09-06T10:31:29Z",
            "2025-09-06T10:32:29Z",
            "2025-09-06T10:33:16Z",
            "2025-09-06T10:33:51Z",
            "2025-09-06T10:34:29Z",
            "2025-09-06T10:35:02Z",
            "2025-09-06T10:35:29Z",
            "2025-09-06T10:35:46Z",
            "2025-09-06T10:36:04Z",
            "2025-09-06T10:36:13Z",
            "2025-09-06T10:36:39Z",
            "2025-09-06T10:36:51Z",
            "2025-09-06T10:36:54Z",
            "2025-09-06T10:37:06Z",
            "2025-09-06T10:37:10Z",
            "2025-09-06T10:37:24Z",
            "2025-09-06T10:37:37Z",
            "2025-09-06T10:37:52Z",
            "2025-09-06T10:37:58Z",
            "2025-09-06T10:38:04Z",
            "2025-09-06T10:38:08Z",
            "2025-09-06T10:38:09Z",
            "2025-09-06T10:38:12Z",
            "2025-09-06T10:38:27Z",
            "2025-09-06T10:38:29Z",
            "2025-09-06T10:38:33Z",
            "2025-09-06T10:38:37Z",
            "2025-09-06T10:38:40Z",
            "2025-09-06T10:38:47Z",
            "2025-09-06T10:38:50Z",
            "2025-09-06T10:38:58Z",
            "2025-09-06T10:39:11Z",
            "2025-09-06T10:39:12Z",
            "2025-09-06T10:39:24Z",
            "2025-09-06T10:39:27Z",
            "2025-09-06T10:39:32Z",
            "2025-09-06T10:39:37Z",
            "2025-09-06T10:39:39Z",
            "2025-09-06T10:39:43Z",
            "2025-09-06T10:40:02Z",
            "2025-09-06T10:40:22Z",
            "2025-09-06T10:40:31Z",
            "2025-09-06T10:40:41Z",
            "2025-09-06T10:40:46Z",
            "2025-09-06T10:40:48Z",
            "2025-09-06T10:41:07Z",
            "2025-09-06T10:41:08Z",
            "2025-09-06T10:41:15Z",
            "2025-09-06T10:41:16Z",
            "2025-09-06T10:41:33Z",
            "2025-09-06T10:41:34Z",
            "2025-09-06T10:41:38Z",
            "2025-09-06T10:41:44Z",
            "2025-09-06T10:41:55Z",
            "2025-09-06T10:42:03Z",
            "2025-09-06T10:42:08Z",
            "2025-09-06T10:42:14Z",
            "2025-09-06T10:42:21Z",
            "2025-09-06T10:42:34Z",
            "2025-09-06T10:42:37Z",
            "2025-09-06T10:42:39Z",
            "2025-09-06T10:42:42Z",
            "2025-09-06T10:42:47Z",
            "2025-09-06T10:42:52Z",
            "2025-09-06T10:42:56Z",
            "2025-09-06T10:43:01Z",
            "2025-09-06T10:43:10Z",
            "2025-09-06T10:43:20Z",
            "2025-09-06T10:43:47Z",
            "2025-09-06T10:43:55Z",
            "2025-09-06T10:44:01Z",
            "2025-09-06T10:44:04Z",
            "2025-09-06T10:44:07Z",
            "2025-09-06T10:44:15Z",
            "2025-09-06T10:44:28Z",
            "2025-09-06T10:44:30Z",
            "2025-09-06T10:44:35Z",
            "2025-09-06T10:44:41Z",
            "2025-09-06T10:44:45Z",
            "2025-09-06T10:44:51Z",
            "2025-09-06T10:44:52Z",
            "2025-09-06T10:45:10Z",
            "2025-09-06T10:45:26Z",
            "2025-09-06T10:45:29Z",
            "2025-09-06T10:45:33Z",
            "2025-09-06T10:45:37Z",
            "2025-09-06T10:45:39Z",
            "2025-09-06T10:45:46Z",
            "2025-09-06T10:45:48Z",
            "2025-09-06T10:45:51Z",
            "2025-09-06T10:45:58Z",
            "2025-09-06T10:46:04Z",
            "2025-09-06T10:46:09Z",
            "2025-09-06T10:46:12Z",
            "2025-09-06T10:46:22Z",
            "2025-09-06T10:46:26Z",
            "2025-09-06T10:46:31Z",
            "2025-09-06T10:46:33Z",
            "2025-09-06T10:46:36Z",
            "2025-09-06T10:46:44Z",
            "2025-09-06T10:46:50Z",
            "2025-09-06T10:46:52Z",
            "2025-09-06T10:46:56Z",
            "2025-09-06T10:46:58Z",
            "2025-09-06T10:47:02Z",
            "2025-09-06T10:47:11Z",
            "2025-09-06T10:47:23Z",
            "2025-09-06T10:47:24Z",
            "2025-09-06T10:47:37Z",
            "2025-09-06T10:48:02Z",
            "2025-09-06T10:48:25Z",
            "2025-09-06T10:48:40Z",
            "2025-09-06T10:48:48Z",
            "2025-09-06T10:48:55Z",
            "2025-09-06T10:49:00Z",
            "2025-09-06T10:49:06Z",
            "2025-09-06T10:49:09Z",
            "2025-09-06T10:49:21Z",
            "2025-09-06T10:49:22Z",
            "2025-09-06T10:49:33Z",
            "2025-09-06T10:49:37Z",
            "2025-09-06T10:49:42Z",
            "2025-09-06T10:49:53Z",
            "2025-09-06T10:49:55Z",
            "2025-09-06T10:50:03Z",
            "2025-09-06T10:50:19Z",
            "2025-09-06T10:50:25Z",
            "2025-09-06T10:50:29Z",
            "2025-09-06T10:50:31Z",
            "2025-09-06T10:50:36Z",
            "2025-09-06T10:50:39Z",
            "2025-09-06T10:50:46Z",
            "2025-09-06T10:50:50Z",
            "2025-09-06T10:50:59Z",
            "2025-09-06T10:51:04Z",
            "2025-09-06T10:51:10Z",
            "2025-09-06T10:51:17Z",
            "2025-09-06T10:51:25Z",
            "2025-09-06T10:51:27Z",
            "2025-09-06T10:51:30Z",
            "2025-09-06T10:51:39Z",
            "2025-09-06T10:51:55Z",
            "2025-09-06T10:52:08Z",
            "2025-09-06T10:52:17Z",
            "2025-09-06T10:52:22Z",
            "2025-09-06T10:52:33Z",
            "2025-09-06T10:52:39Z",
            "2025-09-06T10:52:41Z",
            "2025-09-06T10:52:58Z",
            "2025-09-06T10:53:08Z",
            "2025-09-06T10:53:15Z",
            "2025-09-06T10:53:30Z",
            "2025-09-06T10:53:38Z",
            "2025-09-06T10:53:45Z",
            "2025-09-06T10:53:48Z",
            "2025-09-06T10:53:50Z",
            "2025-09-06T10:53:55Z",
            "2025-09-06T10:54:09Z",
            "2025-09-06T10:54:14Z",
            "2025-09-06T10:54:26Z",
            "2025-09-06T10:54:27Z",
            "2025-09-06T10:54:30Z",
            "2025-09-06T10:54:37Z",
            "2025-09-06T10:54:40Z",
            "2025-09-06T10:54:44Z",
            "2025-09-06T10:54:51Z",
            "2025-09-06T10:55:03Z",
            "2025-09-06T10:55:05Z",
            "2025-09-06T10:55:13Z",
            "2025-09-06T10:55:16Z",
            "2025-09-06T10:55:19Z",
            "2025-09-06T10:55:27Z",
            "2025-09-06T10:55:32Z",
            "2025-09-06T10:55:43Z",
            "2025-09-06T10:55:45Z",
            "2025-09-06T10:55:47Z",
            "2025-09-06T10:56:00Z",
            "2025-09-06T10:56:04Z",
            "2025-09-06T10:56:10Z",
            "2025-09-06T10:56:12Z",
            "2025-09-06T10:56:15Z",
            "2025-09-06T10:56:17Z",
            "2025-09-06T10:56:22Z",
            "2025-09-06T10:56:35Z",
            "2025-09-06T10:56:36Z",
            "2025-09-06T10:56:40Z",
            "2025-09-06T10:56:49Z",
            "2025-09-06T10:56:52Z",
            "2025-09-06T10:57:03Z",
            "2025-09-06T10:57:04Z",
            "2025-09-06T10:57:10Z",
            "2025-09-06T10:57:14Z",
            "2025-09-06T10:57:18Z",
            "2025-09-06T10:57:30Z",
            "2025-09-06T10:57:44Z",
            "2025-09-06T10:57:50Z",
            "2025-09-06T10:57:52Z",
            "2025-09-06T10:58:04Z",
            "2025-09-06T10:58:15Z",
            "2025-09-06T10:58:32Z",
            "2025-09-06T10:58:50Z",
            "2025-09-06T10:59:24Z",
            "2025-09-06T10:59:57Z",
            "2025-09-06T11:00:31Z",
            "2025-09-06T11:00:58Z",
            "2025-09-06T11:01:19Z",
            "2025-09-06T11:01:54Z",
            "2025-09-06T11:02:16Z",
            "2025-09-06T11:02:35Z",
            "2025-09-06T11:02:52Z",
            "2025-09-06T11:02:59Z",
            "2025-09-06T11:03:17Z",
            "2025-09-06T11:03:18Z",
            "2025-09-06T11:03:23Z",
            "2025-09-06T11:03:32Z",
            "2025-09-06T11:03:34Z",
            "2025-09-06T11:03:39Z",
            "2025-09-06T11:03:44Z",
            "2025-09-06T11:03:46Z",
            "2025-09-06T11:03:52Z",
            "2025-09-06T11:04:08Z",
            "2025-09-06T11:04:19Z",
            "2025-09-06T11:04:23Z",
            "2025-09-06T11:04:28Z",
            "2025-09-06T11:04:30Z",
            "2025-09-06T11:04:34Z",
            "2025-09-06T11:04:37Z",
            "2025-09-06T11:04:42Z",
            "2025-09-06T11:04:46Z",
            "2025-09-06T11:04:53Z",
            "2025-09-06T11:05:07Z",
            "2025-09-06T11:05:19Z",
            "2025-09-06T11:05:24Z",
            "2025-09-06T11:05:29Z",
            "2025-09-06T11:05:47Z",
            "2025-09-06T11:06:02Z",
            "2025-09-06T11:06:13Z",
            "2025-09-06T11:06:25Z",
            "2025-09-06T11:06:35Z",
            "2025-09-06T11:06:37Z",
            "2025-09-06T11:06:41Z",
            "2025-09-06T11:06:49Z",
            "2025-09-06T11:06:53Z",
            "2025-09-06T11:06:56Z",
            "2025-09-06T11:07:08Z",
            "2025-09-06T11:07:14Z",
            "2025-09-06T11:07:18Z",
            "2025-09-06T11:07:34Z",
            "2025-09-06T11:07:40Z",
            "2025-09-06T11:07:49Z",
            "2025-09-06T11:08:04Z",
            "2025-09-06T11:08:05Z",
            "2025-09-06T11:08:11Z",
            "2025-09-06T11:08:23Z",
            "2025-09-06T11:08:28Z",
            "2025-09-06T11:08:34Z",
            "2025-09-06T11:08:38Z",
            "2025-09-06T11:08:45Z",
            "2025-09-06T11:08:52Z",
            "2025-09-06T11:08:55Z",
            "2025-09-06T11:09:10Z",
            "2025-09-06T11:09:16Z",
            "2025-09-06T11:09:19Z",
            "2025-09-06T11:09:32Z",
            "2025-09-06T11:09:38Z",
            "2025-09-06T11:09:44Z",
            "2025-09-06T11:09:47Z",
            "2025-09-06T11:09:52Z",
            "2025-09-06T11:10:00Z",
            "2025-09-06T11:10:11Z",
            "2025-09-06T11:10:15Z",
            "2025-09-06T11:10:19Z",
            "2025-09-06T11:10:32Z",
            "2025-09-06T11:10:38Z",
            "2025-09-06T11:10:49Z",
            "2025-09-06T11:10:56Z",
            "2025-09-06T11:11:10Z",
            "2025-09-06T11:11:12Z",
            "2025-09-06T11:11:25Z",
            "2025-09-06T11:11:28Z",
            "2025-09-06T11:11:42Z",
            "2025-09-06T11:11:54Z",
            "2025-09-06T11:12:11Z",
            "2025-09-06T11:12:23Z",
            "2025-09-06T11:12:39Z",
            "2025-09-06T11:13:06Z",
            "2025-09-06T11:13:23Z",
            "2025-09-06T11:13:57Z",
            "2025-09-06T11:15:14Z",
            "2025-09-06T11:15:42Z",
            "2025-09-06T11:16:53Z",
            "2025-09-06T11:17:19Z",
            "2025-09-06T11:17:50Z",
            "2025-09-06T11:18:12Z",
            "2025-09-06T11:18:26Z",
            "2025-09-06T11:18:28Z",
            "2025-09-06T11:18:38Z",
            "2025-09-06T11:18:41Z",
            "2025-09-06T11:18:51Z",
            "2025-09-06T11:18:56Z",
            "2025-09-06T11:19:09Z",
            "2025-09-06T11:19:14Z",
            "2025-09-06T11:19:17Z",
            "2025-09-06T11:19:21Z",
            "2025-09-06T11:19:26Z",
            "2025-09-06T11:19:40Z",
            "2025-09-06T11:19:53Z",
            "2025-09-06T11:19:54Z",
            "2025-09-06T11:19:56Z",
            "2025-09-06T11:20:09Z",
            "2025-09-06T11:20:18Z",
            "2025-09-06T11:20:22Z",
            "2025-09-06T11:20:31Z",
            "2025-09-06T11:20:34Z",
            "2025-09-06T11:20:46Z",
            "2025-09-06T11:20:54Z",
            "2025-09-06T11:21:00Z",
            "2025-09-06T11:21:03Z",
            "2025-09-06T11:21:08Z",
            "2025-09-06T11:21:13Z",
            "2025-09-06T11:21:18Z",
            "2025-09-06T11:21:29Z",
            "2025-09-06T11:21:40Z",
            "2025-09-06T11:21:44Z",
            "2025-09-06T11:21:47Z",
            "2025-09-06T11:21:54Z",
            "2025-09-06T11:22:02Z",
            "2025-09-06T11:22:07Z",
            "2025-09-06T11:22:11Z",
            "2025-09-06T11:22:13Z",
            "2025-09-06T11:22:24Z",
            "2025-09-06T11:22:27Z",
            "2025-09-06T11:22:31Z",
            "2025-09-06T11:22:33Z",
            "2025-09-06T11:22:40Z",
            "2025-09-06T11:22:45Z",
            "2025-09-06T11:22:58Z",
            "2025-09-06T11:23:00Z",
            "2025-09-06T11:23:09Z",
            "2025-09-06T11:23:12Z",
            "2025-09-06T11:23:16Z",
            "2025-09-06T11:23:23Z",
            "2025-09-06T11:23:30Z",
            "2025-09-06T11:23:46Z",
            "2025-09-06T11:23:56Z",
            "2025-09-06T11:23:58Z",
            "2025-09-06T11:24:06Z",
            "2025-09-06T11:24:11Z",
            "2025-09-06T11:24:28Z",
            "2025-09-06T11:24:31Z",
            "2025-09-06T11:24:43Z",
            "2025-09-06T11:24:51Z",
            "2025-09-06T11:24:55Z",
            "2025-09-06T11:25:00Z",
            "2025-09-06T11:25:09Z",
            "2025-09-06T11:25:14Z",
            "2025-09-06T11:25:30Z",
            "2025-09-06T11:25:40Z",
            "2025-09-06T11:25:45Z",
            "2025-09-06T11:25:48Z",
            "2025-09-06T11:25:51Z",
            "2025-09-06T11:25:55Z",
            "2025-09-06T11:25:59Z",
            "2025-09-06T11:26:06Z",
            "2025-09-06T11:26:22Z",
            "2025-09-06T11:26:24Z",
            "2025-09-06T11:26:29Z",
            "2025-09-06T11:26:37Z",
            "2025-09-06T11:26:44Z",
            "2025-09-06T11:26:47Z",
            "2025-09-06T11:26:54Z",
            "2025-09-06T11:26:57Z",
            "2025-09-06T11:27:12Z",
            "2025-09-06T11:27:24Z",
            "2025-09-06T11:27:42Z",
            "2025-09-06T11:27:45Z",
            "2025-09-06T11:27:50Z",
            "2025-09-06T11:27:56Z",
            "2025-09-06T11:28:03Z",
            "2025-09-06T11:28:06Z",
            "2025-09-06T11:28:23Z",
            "2025-09-06T11:28:26Z",
            "2025-09-06T11:28:28Z",
            "2025-09-06T11:28:38Z",
            "2025-09-06T11:28:56Z",
            "2025-09-06T11:29:07Z",
            "2025-09-06T11:29:11Z",
            "2025-09-06T11:29:16Z",
            "2025-09-06T11:29:23Z",
            "2025-09-06T11:29:32Z",
            "2025-09-06T11:29:49Z",
            "2025-09-06T11:30:12Z",
            "2025-09-06T11:30:43Z",
            "2025-09-06T11:31:13Z",
            "2025-09-06T11:31:49Z",
            "2025-09-06T11:32:03Z",
            "2025-09-06T11:32:08Z",
            "2025-09-06T11:32:15Z",
            "2025-09-06T11:32:29Z",
            "2025-09-06T11:32:31Z",
            "2025-09-06T11:32:34Z",
            "2025-09-06T11:32:38Z",
            "2025-09-06T11:32:41Z",
            "2025-09-06T11:32:49Z",
            "2025-09-06T11:32:51Z",
            "2025-09-06T11:33:02Z",
            "2025-09-06T11:33:15Z",
            "2025-09-06T11:33:27Z",
            "2025-09-06T11:33:34Z",
            "2025-09-06T11:33:36Z",
            "2025-09-06T11:33:49Z",
            "2025-09-06T11:33:50Z",
            "2025-09-06T11:34:00Z",
            "2025-09-06T11:34:05Z",
            "2025-09-06T11:34:17Z",
            "2025-09-06T11:34:25Z",
            "2025-09-06T11:34:31Z",
            "2025-09-06T11:34:45Z",
            "2025-09-06T11:34:59Z",
            "2025-09-06T11:35:11Z",
            "2025-09-06T11:35:25Z",
            "2025-09-06T11:35:28Z",
            "2025-09-06T11:35:36Z",
            "2025-09-06T11:35:40Z",
            "2025-09-06T11:35:44Z",
            "2025-09-06T11:35:57Z",
            "2025-09-06T11:36:09Z",
            "2025-09-06T11:36:21Z",
            "2025-09-06T11:36:34Z",
            "2025-09-06T11:36:36Z",
            "2025-09-06T11:36:46Z",
            "2025-09-06T11:36:54Z",
            "2025-09-06T11:37:09Z",
            "2025-09-06T11:37:13Z",
            "2025-09-06T11:37:19Z",
            "2025-09-06T11:37:26Z",
            "2025-09-06T11:37:28Z",
            "2025-09-06T11:37:43Z",
            "2025-09-06T11:37:50Z",
            "2025-09-06T11:37:52Z",
            "2025-09-06T11:37:59Z",
            "2025-09-06T11:38:10Z",
            "2025-09-06T11:38:27Z",
            "2025-09-06T11:38:37Z",
            "2025-09-06T11:38:43Z",
            "2025-09-06T11:38:49Z",
            "2025-09-06T11:38:54Z",
            "2025-09-06T11:39:01Z",
            "2025-09-06T11:39:06Z",
            "2025-09-06T11:39:23Z",
            "2025-09-06T11:39:38Z",
            "2025-09-06T11:39:51Z",
            "2025-09-06T11:39:53Z",
            "2025-09-06T11:40:05Z",
            "2025-09-06T11:40:06Z",
            "2025-09-06T11:40:12Z",
            "2025-09-06T11:40:24Z",
            "2025-09-06T11:40:37Z",
            "2025-09-06T11:40:48Z",
            "2025-09-06T11:40:59Z",
            "2025-09-06T11:41:02Z",
            "2025-09-06T11:41:06Z",
            "2025-09-06T11:41:12Z",
            "2025-09-06T11:41:14Z",
            "2025-09-06T11:41:26Z",
            "2025-09-06T11:41:27Z",
            "2025-09-06T11:41:32Z",
            "2025-09-06T11:41:45Z",
            "2025-09-06T11:41:57Z",
            "2025-09-06T11:42:09Z",
            "2025-09-06T11:42:14Z",
            "2025-09-06T11:42:20Z",
            "2025-09-06T11:42:26Z",
            "2025-09-06T11:42:36Z",
            "2025-09-06T11:42:47Z",
            "2025-09-06T11:42:54Z",
            "2025-09-06T11:43:09Z",
            "2025-09-06T11:43:12Z",
            "2025-09-06T11:43:14Z",
            "2025-09-06T11:43:16Z",
            "2025-09-06T11:43:29Z",
            "2025-09-06T11:43:35Z",
            "2025-09-06T11:43:39Z",
            "2025-09-06T11:43:48Z",
            "2025-09-06T11:43:53Z",
            "2025-09-06T11:44:00Z",
            "2025-09-06T11:44:03Z",
            "2025-09-06T11:44:10Z",
            "2025-09-06T11:44:14Z",
            "2025-09-06T11:44:17Z",
            "2025-09-06T11:44:24Z",
            "2025-09-06T11:44:29Z",
            "2025-09-06T11:44:38Z",
            "2025-09-06T11:44:43Z",
            "2025-09-06T11:44:56Z",
            "2025-09-06T11:44:58Z",
            "2025-09-06T11:45:07Z",
            "2025-09-06T11:45:20Z",
            "2025-09-06T11:45:34Z",
            "2025-09-06T11:45:47Z",
            "2025-09-06T11:45:55Z",
            "2025-09-06T11:46:05Z",
            "2025-09-06T11:46:16Z",
            "2025-09-06T11:46:19Z",
            "2025-09-06T11:46:24Z",
            "2025-09-06T11:46:28Z",
            "2025-09-06T11:46:38Z",
            "2025-09-06T11:46:54Z",
            "2025-09-06T11:47:03Z",
            "2025-09-06T11:47:10Z",
            "2025-09-06T11:47:12Z",
            "2025-09-06T11:47:22Z",
            "2025-09-06T11:47:32Z",
            "2025-09-06T11:47:41Z",
            "2025-09-06T11:47:47Z",
            "2025-09-06T11:47:58Z",
            "2025-09-06T11:48:05Z",
            "2025-09-06T11:48:09Z",
            "2025-09-06T11:48:16Z",
            "2025-09-06T11:48:29Z",
            "2025-09-06T11:48:44Z",
            "2025-09-06T11:49:42Z",
            "2025-09-06T11:50:56Z",
            "2025-09-06T11:50:59Z",
            "2025-09-06T11:51:06Z",
            "2025-09-06T11:51:21Z",
            "2025-09-06T11:51:42Z",
            "2025-09-06T11:51:58Z",
            "2025-09-06T11:52:34Z",
            "2025-09-06T11:52:53Z",
            "2025-09-06T11:53:13Z",
            "2025-09-06T11:53:35Z",
            "2025-09-06T11:53:59Z",
            "2025-09-06T11:54:20Z",
            "2025-09-06T11:54:42Z",
            "2025-09-06T11:55:06Z",
            "2025-09-06T11:55:29Z",
            "2025-09-06T11:55:52Z",
            "2025-09-06T11:56:14Z",
            "2025-09-06T11:56:38Z",
            "2025-09-06T11:57:02Z",
            "2025-09-06T11:57:24Z",
            "2025-09-06T11:57:35Z",
            "2025-09-06T11:57:37Z",
            "2025-09-06T11:57:57Z",
            "2025-09-06T11:58:19Z",
            "2025-09-06T11:58:43Z",
            "2025-09-06T11:59:03Z",
            "2025-09-06T11:59:24Z",
            "2025-09-06T11:59:43Z",
            "2025-09-06T12:00:01Z",
            "2025-09-06T12:00:19Z",
            "2025-09-06T12:00:36Z",
            "2025-09-06T12:00:54Z",
            "2025-09-06T12:01:13Z",
            "2025-09-06T12:01:43Z",
            "2025-09-06T12:02:20Z",
            "2025-09-06T12:03:13Z",
            "2025-09-06T12:03:46Z",
            "2025-09-06T12:04:16Z",
            "2025-09-06T12:04:47Z",
            "2025-09-06T12:05:21Z",
            "2025-09-06T12:05:51Z",
            "2025-09-06T12:06:39Z",
            "2025-09-06T12:07:18Z",
            "2025-09-06T12:07:51Z",
            "2025-09-06T12:08:29Z",
            "2025-09-06T12:08:52Z",
            "2025-09-06T12:09:02Z",
            "2025-09-06T12:09:19Z",
            "2025-09-06T12:09:34Z",
            "2025-09-06T12:09:53Z",
            "2025-09-06T12:10:19Z",
            "2025-09-06T12:10:40Z",
            "2025-09-06T12:10:42Z",
            "2025-09-06T12:11:07Z",
            "2025-09-06T12:11:28Z",
            "2025-09-06T12:11:49Z",
            "2025-09-06T12:12:08Z",
            "2025-09-06T12:12:25Z",
            "2025-09-06T12:12:42Z",
            "2025-09-06T12:13:00Z",
            "2025-09-06T12:13:20Z",
            "2025-09-06T12:13:38Z",
            "2025-09-06T12:14:08Z",
            "2025-09-06T12:14:26Z",
            "2025-09-06T12:14:45Z",
            "2025-09-06T12:15:08Z",
            "2025-09-06T12:15:27Z",
            "2025-09-06T12:15:46Z",
            "2025-09-06T12:16:04Z",
            "2025-09-06T12:16:21Z",
            "2025-09-06T12:16:40Z",
            "2025-09-06T12:17:01Z",
            "2025-09-06T12:17:32Z",
            "2025-09-06T12:17:51Z",
            "2025-09-06T12:18:12Z",
            "2025-09-06T12:18:30Z",
            "2025-09-06T12:18:50Z",
            "2025-09-06T12:19:09Z",
            "2025-09-06T12:19:29Z",
            "2025-09-06T12:19:48Z",
            "2025-09-06T12:20:06Z",
            "2025-09-06T12:20:25Z",
            "2025-09-06T12:20:43Z",
            "2025-09-06T12:21:04Z",
            "2025-09-06T12:21:25Z",
            "2025-09-06T12:21:45Z",
            "2025-09-06T12:22:02Z",
            "2025-09-06T12:22:21Z",
            "2025-09-06T12:22:41Z",
            "2025-09-06T12:22:59Z",
            "2025-09-06T12:23:19Z",
            "2025-09-06T12:23:40Z",
            "2025-09-06T12:24:07Z",
            "2025-09-06T12:24:33Z",
            "2025-09-06T12:25:01Z",
            "2025-09-06T12:25:22Z",
            "2025-09-06T12:26:08Z",
            "2025-09-06T12:26:47Z",
            "2025-09-06T12:27:21Z",
            "2025-09-06T12:27:31Z",
            "2025-09-06T12:27:45Z"
          ]
        }
      },
      "geometry": {
        "type": "LineString",
        "coordinates": [
          [12.4182675686, 62.3527430836, 730.76],
          [12.4182104878, 62.3527369648, 730.27],
          [12.4181235675, 62.352698911, 740.54],
          [12.4180867709, 62.3526876792, 743.6],
          [12.418058943, 62.3526816443, 749.02],
          [12.4180285167, 62.3526776209, 754.65],
          [12.4179946538, 62.352677118, 759.07],
          [12.4179510679, 62.352670664, 763.47],
          [12.4179435242, 62.3526744358, 762.78],
          [12.4179240782, 62.3526699934, 767.21],
          [12.4179222342, 62.3526684847, 771.44],
          [12.4179243296, 62.3526668083, 774.57],
          [12.4179271795, 62.3526644614, 778.11],
          [12.4179328792, 62.3526633717, 781.39],
          [12.4179398362, 62.3526630364, 784.67],
          [12.4179433566, 62.3526621144, 787.83],
          [12.417924162, 62.3526121583, 791.13],
          [12.4179160316, 62.3525823187, 793.02],
          [12.4179724418, 62.3524344619, 794.86],
          [12.4179902952, 62.3524210509, 794.33],
          [12.4180071428, 62.3523946479, 794.07],
          [12.4180272594, 62.352385344, 793.24],
          [12.4180119205, 62.3523969948, 792.14],
          [12.4179845955, 62.3523931392, 790.75],
          [12.4178909697, 62.3523964919, 790.37],
          [12.4178576935, 62.3523736093, 789.12],
          [12.4178644828, 62.3523566779, 789.19],
          [12.4178465456, 62.3523416743, 789.33],
          [12.4174176436, 62.352270009, 789.05],
          [12.4168140627, 62.3522168677, 787.9],
          [12.4162818957, 62.3522226512, 788.24],
          [12.4156329688, 62.3522060551, 787.99],
          [12.4150060024, 62.3522572685, 787.58],
          [12.4142715801, 62.3522679973, 788.04],
          [12.4134342279, 62.3522835877, 787.46],
          [12.4127456546, 62.3523188755, 787.29],
          [12.4119377229, 62.3523611203, 787.06],
          [12.411177149, 62.3524034489, 786.09],
          [12.410352705, 62.3525042832, 786.35],
          [12.4101511203, 62.3525685724, 785.95],
          [12.4094670732, 62.3526293412, 786],
          [12.4088447168, 62.3527312651, 786.19],
          [12.4082476739, 62.3529084586, 786.14],
          [12.4076160137, 62.3531225324, 786.19],
          [12.4069918133, 62.3533146456, 785.92],
          [12.4063882325, 62.3535429686, 785.43],
          [12.4056676403, 62.3537764046, 785.02],
          [12.4050180428, 62.3540238384, 785.96],
          [12.404856272, 62.3540667538, 784.52],
          [12.4044191558, 62.3542406783, 784.96],
          [12.4039616715, 62.354508061, 784.7],
          [12.403464457, 62.3547774553, 784.95],
          [12.40289893, 62.3550118133, 784.93],
          [12.4024873786, 62.3553150706, 784.5],
          [12.4022061657, 62.3556168191, 784.23],
          [12.4019198399, 62.3559143767, 784.45],
          [12.4018204305, 62.35600641, 784.16],
          [12.4013902713, 62.3562529217, 783.62],
          [12.4008604512, 62.3564962484, 783.93],
          [12.4002868775, 62.3567044549, 783.08],
          [12.3996198457, 62.3568426725, 783.92],
          [12.3988055438, 62.3569404054, 783.6],
          [12.3981146235, 62.3569203727, 783.53],
          [12.3975296505, 62.3566688318, 782.66],
          [12.3969968129, 62.3564883694, 783.01],
          [12.3966083117, 62.3562279437, 782.6],
          [12.3962367419, 62.3558835313, 782.48],
          [12.395858299, 62.3555323295, 782.36],
          [12.3955546226, 62.3551754281, 781.74],
          [12.395263603, 62.3547795508, 781.38],
          [12.3948421609, 62.3544833343, 781.85],
          [12.3944485467, 62.3541539256, 781.64],
          [12.3940074071, 62.3538401909, 781.12],
          [12.3935849592, 62.3535632528, 781.79],
          [12.3931449093, 62.3532834649, 781.32],
          [12.3927700706, 62.3529951274, 781.24],
          [12.392376624, 62.352703521, 780.69],
          [12.3917463049, 62.3524721805, 780.5],
          [12.3910972942, 62.352320049, 780.68],
          [12.3903860897, 62.3522229027, 779.79],
          [12.3897487298, 62.3521462083, 780.45],
          [12.3893398605, 62.3520369921, 779.53],
          [12.3891473282, 62.3519322183, 780.2],
          [12.388585154, 62.3517904803, 779.53],
          [12.3879854288, 62.3517686874, 780.36],
          [12.3872556165, 62.3516660929, 779.89],
          [12.3866594117, 62.3514947668, 778.99],
          [12.3859705031, 62.3513972014, 779.52],
          [12.3855208978, 62.3514314834, 779.16],
          [12.3851591349, 62.3514875583, 779.44],
          [12.3850935884, 62.3514781706, 778.63],
          [12.38514103, 62.3514617421, 778.92],
          [12.385115549, 62.3514697887, 778.48],
          [12.3850756511, 62.3514821939, 778.78],
          [12.3850422911, 62.351465933, 779.84],
          [12.3850065842, 62.3514630832, 779.63],
          [12.3849806841, 62.3514652625, 779.87],
          [12.3849862162, 62.3514702078, 779.23],
          [12.3849918321, 62.3514725547, 779.1],
          [12.3849624954, 62.3514637537, 779.6],
          [12.3849309795, 62.3514524382, 779.4],
          [12.3848236073, 62.351420084, 780.12],
          [12.3848334141, 62.3514194135, 780.18],
          [12.3848109506, 62.3514185753, 780.14],
          [12.3846901674, 62.3514527734, 782.04],
          [12.3844125587, 62.3514730576, 782.52],
          [12.3843875807, 62.3514743987, 782.62],
          [12.3843235429, 62.3514799308, 782.42],
          [12.3841155041, 62.3514887318, 783.34],
          [12.3839850817, 62.3514948506, 784.55],
          [12.3839023523, 62.3514883965, 784.5],
          [12.3836024478, 62.351504406, 784.75],
          [12.3835563473, 62.3515237682, 784.49],
          [12.3833064828, 62.3515212536, 783.41],
          [12.3832944967, 62.351516895, 783.9],
          [12.3831917346, 62.3514441401, 782.82],
          [12.3829998728, 62.351367278, 782.64],
          [12.3829969391, 62.3513670266, 782.23],
          [12.3830228392, 62.3514080141, 782.04],
          [12.3829738889, 62.3513809405, 781.41],
          [12.3829056602, 62.3513043299, 782],
          [12.3829087615, 62.3512573913, 782.49],
          [12.382891411, 62.3512350116, 782.26],
          [12.3828460649, 62.3510959558, 782.44],
          [12.3828418739, 62.3510860652, 782.07],
          [12.3827623297, 62.3509545531, 780.84],
          [12.3826448992, 62.35090225, 780.69],
          [12.3825913388, 62.3508920241, 781.31],
          [12.3822504468, 62.3508498631, 781.31],
          [12.3821411468, 62.3507988174, 781.02],
          [12.3820866644, 62.3507469334, 780.81],
          [12.3818456009, 62.350694295, 780.94],
          [12.3817676492, 62.3506772798, 781.78],
          [12.3814804014, 62.3507014196, 782.1],
          [12.3814644758, 62.3506992403, 782.3],
          [12.3811126035, 62.3506843206, 784.3],
          [12.3808236793, 62.3507148307, 784.16],
          [12.3805821128, 62.3507249728, 784.29],
          [12.3804998025, 62.3506927863, 785.36],
          [12.380368961, 62.3506658804, 786.47],
          [12.3801149055, 62.3505981546, 787.45],
          [12.3800786119, 62.3505866714, 787.43],
          [12.3799738381, 62.3505626991, 787.33],
          [12.3796582595, 62.3505594302, 788.13],
          [12.379545439, 62.3505819775, 787.91],
          [12.3795472831, 62.3505717516, 787.24],
          [12.3794524837, 62.3505685665, 787.86],
          [12.3791008629, 62.3506269045, 787.7],
          [12.3790232465, 62.3506517988, 788.13],
          [12.3787315562, 62.3506002501, 788.16],
          [12.3786867969, 62.3505924549, 787.3],
          [12.3784595635, 62.3505570833, 786.46],
          [12.3784087691, 62.3505725898, 787],
          [12.3783863895, 62.350606285, 787.24],
          [12.378304163, 62.3506464344, 787.78],
          [12.3782619182, 62.3506630305, 786.31],
          [12.3782072682, 62.3506737594, 786.16],
          [12.3778357822, 62.3507196922, 785.47],
          [12.3775284179, 62.3507943749, 785.84],
          [12.3772911262, 62.3508302495, 786.48],
          [12.3772674892, 62.3508308362, 786.46],
          [12.3770976719, 62.3508518748, 785.83],
          [12.376887789, 62.3508728296, 786.42],
          [12.3767683469, 62.3509611748, 786.74],
          [12.3767415248, 62.3509663716, 786.89],
          [12.3765863758, 62.350922199, 786.37],
          [12.3762695398, 62.3509553075, 786.07],
          [12.3760687932, 62.3509340174, 785.77],
          [12.3758039251, 62.3509123921, 786.59],
          [12.3757902626, 62.3509162478, 785.9],
          [12.3757192679, 62.3509273119, 786.45],
          [12.3756144941, 62.3509326763, 786.7],
          [12.3755512107, 62.3509457521, 786.34],
          [12.3752551619, 62.350943489, 785.55],
          [12.3750885297, 62.350939298, 785.66],
          [12.3749886174, 62.3509320058, 786.18],
          [12.374935057, 62.350903172, 786.36],
          [12.3746337276, 62.350896718, 786.84],
          [12.3745577037, 62.3508968018, 786.62],
          [12.3743683565, 62.3508926947, 785.81],
          [12.3740820307, 62.3509253841, 784.34],
          [12.3739597388, 62.3509480152, 784.91],
          [12.3737601656, 62.3509819619, 784.1],
          [12.3735854868, 62.3509857338, 781.46],
          [12.3734712414, 62.3510313313, 780.28],
          [12.3733842373, 62.3510583211, 779.58],
          [12.3732353747, 62.351176003, 778.69],
          [12.3732176889, 62.3511957005, 778.27],
          [12.3731710017, 62.3512434773, 777.53],
          [12.3730384, 62.3513412103, 777.6],
          [12.3728093226, 62.3514686152, 778.07],
          [12.3725614697, 62.351515051, 777.52],
          [12.3723420314, 62.3516209144, 777.65],
          [12.3722318932, 62.35166559, 778.73],
          [12.3721280415, 62.3517358303, 779],
          [12.3721264489, 62.3517845292, 778.11],
          [12.3721397761, 62.3518103454, 777.87],
          [12.3720625788, 62.3519034684, 777.99],
          [12.372003654, 62.3519924842, 778.31],
          [12.3720141314, 62.3520858586, 778.41],
          [12.3720290512, 62.3521064781, 778.72],
          [12.3720676918, 62.3521752935, 780.05],
          [12.3720623273, 62.3521943204, 780.79],
          [12.3720102757, 62.3522336315, 782],
          [12.3719739821, 62.352321893, 782.57],
          [12.3718814459, 62.352411747, 783.36],
          [12.3718101997, 62.3524555005, 783.72],
          [12.3718069308, 62.3524777126, 784.29],
          [12.3715515342, 62.3525675666, 785.41],
          [12.3715266399, 62.3525672313, 785.04],
          [12.3714137357, 62.352600256, 785.2],
          [12.371220449, 62.3526344541, 784.48],
          [12.3709927127, 62.3526502121, 784.16],
          [12.370905038, 62.3526585102, 784.01],
          [12.3706141021, 62.3527170997, 782.19],
          [12.3703892995, 62.3528590053, 780.88],
          [12.3702649958, 62.3529432435, 780.28],
          [12.3701877985, 62.3529603425, 779.54],
          [12.3701502476, 62.3529755976, 778.99],
          [12.3700738046, 62.35301801, 779.37],
          [12.3699422088, 62.3530279845, 779.02],
          [12.3696242832, 62.3531045113, 778.5],
          [12.3695866484, 62.3531179223, 778.63],
          [12.3695489299, 62.3531396315, 778.37],
          [12.3692979757, 62.3532506078, 778.46],
          [12.3691149149, 62.3533135559, 779.41],
          [12.3688161839, 62.3533611652, 780.44],
          [12.3685103282, 62.3534536175, 780.6],
          [12.3684180435, 62.3534628376, 781.09],
          [12.3681911454, 62.3534893245, 781.28],
          [12.3679000419, 62.3534958623, 782.35],
          [12.3677080125, 62.3535280488, 783.57],
          [12.3676224332, 62.3535278812, 783.42],
          [12.3674236983, 62.3535363469, 782.66],
          [12.3673350178, 62.3535433877, 783.82],
          [12.3671102989, 62.3535581399, 782.25],
          [12.3670942057, 62.3535796814, 782.14],
          [12.3670580797, 62.353576161, 783.42],
          [12.3669969756, 62.3535800166, 784.2],
          [12.3670135718, 62.3535785917, 784.26],
          [12.3670365382, 62.3535753228, 783.65],
          [12.3670701496, 62.3535712995, 783.46],
          [12.36682171, 62.3536303081, 785.3],
          [12.366801342, 62.3536367621, 784.98],
          [12.366656838, 62.3536903225, 785.59],
          [12.3663218133, 62.3537721299, 785.08],
          [12.3660022952, 62.3538190685, 785.55],
          [12.3656168114, 62.3538178112, 784.54],
          [12.3655934259, 62.3538175598, 784.94],
          [12.3655054159, 62.3538148776, 785.15],
          [12.365417406, 62.353808675, 784.41],
          [12.3653742392, 62.3538154643, 784.34],
          [12.3653035797, 62.3538155481, 784.29],
          [12.365161255, 62.3538323957, 784.36],
          [12.3649820499, 62.3538074177, 783.94],
          [12.3647929542, 62.3537834454, 783.02],
          [12.3644547444, 62.3538496625, 784.21],
          [12.3642305285, 62.3539246805, 784.29],
          [12.3641993478, 62.353931386, 784.58],
          [12.3641645629, 62.3539428692, 784.61],
          [12.3640710209, 62.353960136, 785.55],
          [12.3637452163, 62.3540491518, 784.88],
          [12.3636308871, 62.3540963419, 784.68],
          [12.3634599801, 62.3541234154, 785.15],
          [12.3633490875, 62.3542445339, 785.4],
          [12.3632496782, 62.3542985134, 784.79],
          [12.3632023204, 62.3543377407, 784.1],
          [12.363137193, 62.3543690052, 783.72],
          [12.3628552258, 62.3544620443, 780.99],
          [12.3626160901, 62.3545125034, 780.36],
          [12.3622404132, 62.3545217235, 780.32],
          [12.3619507346, 62.3545396607, 778.03],
          [12.3618939891, 62.3545576818, 777.59],
          [12.3616679292, 62.3545953166, 778.02],
          [12.3615520075, 62.354614595, 778.54],
          [12.3611730617, 62.3546705861, 776.84],
          [12.3609801941, 62.3547149263, 775.19],
          [12.3607970495, 62.3547744378, 774.07],
          [12.3606554791, 62.3547817301, 773.29],
          [12.3606087081, 62.3547896091, 773.38],
          [12.3605614342, 62.3547891062, 773.94],
          [12.3604125716, 62.354829004, 773.54],
          [12.3602047842, 62.3548360448, 774.38],
          [12.3600280099, 62.3548537306, 774.45],
          [12.3597497307, 62.354908213, 774.47],
          [12.3596240021, 62.3549033515, 775.51],
          [12.3595261015, 62.3549032677, 775.37],
          [12.3593644984, 62.3549245577, 775.57],
          [12.3592086788, 62.3549613543, 775.06],
          [12.3590487521, 62.3549818061, 773.78],
          [12.3589581437, 62.3549976479, 773.75],
          [12.3587117158, 62.3550454248, 773.19],
          [12.3583815526, 62.3551302496, 770.96],
          [12.3583580833, 62.3551358655, 770.77],
          [12.3583092168, 62.3551402241, 770.91],
          [12.3581001721, 62.3551764339, 772.01],
          [12.35780471, 62.3553137295, 773.74],
          [12.3576569371, 62.3553770967, 773.92],
          [12.3575299513, 62.3554026615, 774.32],
          [12.3573427834, 62.3553799465, 773.32],
          [12.3570382688, 62.355398722, 773.79],
          [12.3568326607, 62.3554155696, 775.1],
          [12.356512472, 62.3554271366, 773.31],
          [12.3561940435, 62.3554551322, 771.29],
          [12.3561040219, 62.3554726504, 771.61],
          [12.3558510561, 62.3554976285, 770.96],
          [12.3558099847, 62.355484888, 771.26],
          [12.3556127585, 62.3554353509, 769.85],
          [12.3555417638, 62.3554418888, 769.81],
          [12.3554524127, 62.3554484267, 769.76],
          [12.3554094974, 62.3554430623, 769.03],
          [12.3552293703, 62.3554460797, 769.12],
          [12.355048405, 62.3554800265, 770.06],
          [12.3549784161, 62.3554854747, 769.75],
          [12.3548647575, 62.3554761708, 769.48],
          [12.3547893204, 62.355463095, 769.33],
          [12.3547227681, 62.3554609995, 770.02],
          [12.3546003085, 62.3554142285, 769.34],
          [12.3544357717, 62.3554040864, 768.68],
          [12.3542896751, 62.3553762585, 767.77],
          [12.3541046027, 62.3553679604, 766.79],
          [12.3540440015, 62.3553522862, 766.13],
          [12.353909472, 62.3553428985, 764.72],
          [12.3536043707, 62.35534315, 763.55],
          [12.3532887921, 62.3553725705, 764.6],
          [12.353106318, 62.3553622607, 763.68],
          [12.3530553561, 62.3553663678, 763.67],
          [12.3529609758, 62.3553788569, 763.75],
          [12.3526375182, 62.3553942796, 763.51],
          [12.3523765057, 62.3554350995, 762.19],
          [12.3521694727, 62.35549042, 762.6],
          [12.3520987295, 62.3554977961, 762.58],
          [12.3517693207, 62.3555867281, 763.92],
          [12.3516190331, 62.3556235246, 763.83],
          [12.3513054661, 62.3556371033, 763],
          [12.3510705214, 62.3556663562, 762.29],
          [12.3507962655, 62.3556619976, 761.78],
          [12.3505990393, 62.3556990456, 761.65],
          [12.3503066786, 62.3557795119, 761.73],
          [12.3500505276, 62.3558157217, 761.94],
          [12.3497829773, 62.3558849562, 764.08],
          [12.3495430872, 62.3559463117, 763.94],
          [12.3492938932, 62.3560008779, 762.11],
          [12.3490640614, 62.3560567852, 761.76],
          [12.3488499876, 62.3560843617, 762.1],
          [12.3486147076, 62.3561459687, 762.64],
          [12.3484758195, 62.3562114313, 762.73],
          [12.3483409546, 62.3562429473, 762.82],
          [12.3482127115, 62.3562831804, 761.2],
          [12.3481957801, 62.3562956695, 760.69],
          [12.3481910862, 62.3563077394, 760.49],
          [12.3481894936, 62.3562929872, 760.39],
          [12.3481612466, 62.3563019559, 761.67],
          [12.3481623363, 62.3562996928, 761.31],
          [12.3481133021, 62.3563003633, 761.52],
          [12.3480998073, 62.3563052248, 761.65],
          [12.3480643518, 62.3563203961, 761.58],
          [12.3478242941, 62.3563399259, 763.09],
          [12.3476234637, 62.3563443683, 761.72],
          [12.3475636169, 62.3563455418, 760.99],
          [12.3474652134, 62.3563084099, 759.72],
          [12.3474209569, 62.3562991899, 759.97],
          [12.3472138401, 62.3563021235, 759.6],
          [12.3469357286, 62.3563126009, 760.16],
          [12.3467202298, 62.3563222401, 760.3],
          [12.3464981932, 62.3563565221, 759.81],
          [12.3463152163, 62.3563877866, 759.86],
          [12.3462542798, 62.3564069811, 760.62],
          [12.3460780922, 62.356412597, 760.5],
          [12.3458496854, 62.356442688, 760.89],
          [12.3456781916, 62.3564502317, 760.29],
          [12.345603006, 62.3564564344, 760.36],
          [12.3455064464, 62.3564863577, 760.06],
          [12.3451528978, 62.3565291055, 759.85],
          [12.3451341223, 62.3565303627, 759.82],
          [12.3449952342, 62.356539499, 759.1],
          [12.3448510654, 62.3565384932, 759.13],
          [12.3447627202, 62.3565008584, 757.83],
          [12.344652582, 62.3564750422, 758.28],
          [12.3445994407, 62.3564762156, 758.13],
          [12.3445431981, 62.3564573564, 757.79],
          [12.3443926591, 62.3564200569, 757.08],
          [12.3441577982, 62.3563763872, 755.73],
          [12.3440583888, 62.356355181, 755.47],
          [12.3438010644, 62.3563145287, 755.31],
          [12.3437179998, 62.3562968429, 755.3],
          [12.3436245415, 62.3562877066, 755.39],
          [12.3435751721, 62.3562621418, 754.77],
          [12.3434493598, 62.3562331405, 755.1],
          [12.3433763534, 62.3562368285, 755.27],
          [12.3432157561, 62.3562383372, 755.39],
          [12.3429891933, 62.3561673425, 755.46],
          [12.3428151011, 62.3561054841, 754.96],
          [12.3427070584, 62.3560661729, 754.88],
          [12.3424721975, 62.3559974413, 755.76],
          [12.3424116801, 62.3559627403, 755.37],
          [12.3423319682, 62.3559178133, 755.64],
          [12.3421234265, 62.3558376823, 755.96],
          [12.3419733066, 62.3558054119, 756.25],
          [12.3417479172, 62.3557288852, 755.97],
          [12.3416071013, 62.355659483, 755.86],
          [12.3415496852, 62.3556352593, 756.45],
          [12.341407612, 62.3555688746, 756.99],
          [12.3411239684, 62.3555118777, 759.42],
          [12.3408005945, 62.355464939, 759.72],
          [12.3405191302, 62.3554004822, 759.51],
          [12.3404690064, 62.3553558905, 759.27],
          [12.3403699324, 62.3553206865, 759.45],
          [12.3402350675, 62.3552874103, 759.66],
          [12.340104226, 62.355229659, 759.79],
          [12.3398148827, 62.3551827203, 761.39],
          [12.3396069277, 62.3551215325, 762.11],
          [12.3394264653, 62.3550559022, 762.08],
          [12.3391719908, 62.354995301, 763.39],
          [12.3389788717, 62.3549580015, 764.08],
          [12.3388174362, 62.3549024295, 765.89],
          [12.3386036977, 62.3548296746, 766.22],
          [12.3385104071, 62.3548071273, 765.97],
          [12.3383012787, 62.3547249008, 766.39],
          [12.3382415157, 62.3547119927, 765.57],
          [12.3380640708, 62.3546808958, 766.34],
          [12.3380147852, 62.3546560854, 765.82],
          [12.3378688563, 62.3546068836, 766.33],
          [12.3377733026, 62.3546009324, 767.09],
          [12.3375752382, 62.3545436841, 767.69],
          [12.3372648563, 62.3544757906, 768.87],
          [12.3369449191, 62.3543960787, 770.23],
          [12.3368083779, 62.354363054, 771.34],
          [12.3365914542, 62.3543123435, 771.43],
          [12.3365261592, 62.3542913049, 772],
          [12.3362261709, 62.3542062286, 772.97],
          [12.3359782342, 62.3541369103, 774.95],
          [12.3356952611, 62.3540535104, 776.16],
          [12.335630469, 62.3540371656, 776.53],
          [12.3353735637, 62.3539431207, 777.47],
          [12.3351576459, 62.3538564518, 778.74],
          [12.3350465018, 62.3538146261, 779.05],
          [12.3350237031, 62.3537979461, 779.61],
          [12.3348098807, 62.3537062481, 780.6],
          [12.3346245568, 62.3535793461, 781.19],
          [12.3344735149, 62.3535045795, 781.25],
          [12.3341894522, 62.353405254, 783.69],
          [12.3341332097, 62.353357058, 783.96],
          [12.3339472152, 62.3532853927, 785.58],
          [12.3339514062, 62.3532620072, 785.26],
          [12.3339725286, 62.3532604985, 784.86],
          [12.3339832574, 62.3532552179, 784.79],
          [12.3339356482, 62.3532687966, 784.78],
          [12.3339127656, 62.3532797769, 784.92],
          [12.3339446168, 62.3532637674, 785],
          [12.3339485563, 62.3532692157, 785.44],
          [12.333958447, 62.3532712273, 784.83],
          [12.3339921422, 62.3532695509, 784.44],
          [12.3340721894, 62.3532622587, 784.94],
          [12.3340772185, 62.3532663658, 785.03],
          [12.3340235744, 62.3532727361, 786.39],
          [12.3339464609, 62.3532672878, 786.21],
          [12.3339293618, 62.3532573972, 786.2],
          [12.3338198941, 62.3532670364, 786.16],
          [12.333752336, 62.3532927688, 786.22],
          [12.3336808383, 62.3533119634, 787.52],
          [12.3334058281, 62.3533553816, 789.28],
          [12.333185887, 62.3534308188, 792.11],
          [12.3331107851, 62.3534681182, 792.22],
          [12.3330728151, 62.3534785118, 792.47],
          [12.3329293169, 62.3534976225, 793.03],
          [12.3328508623, 62.353512207, 793.45],
          [12.3325643688, 62.3535232712, 795.41],
          [12.332481388, 62.3535404541, 796.44],
          [12.3322980758, 62.353569204, 797.71],
          [12.3322166875, 62.3535648454, 797.89],
          [12.3318695091, 62.3535977863, 798.16],
          [12.3316936567, 62.3536607344, 799.53],
          [12.3316184711, 62.3536806833, 799.99],
          [12.3315675929, 62.3537010513, 799.59],
          [12.3314667586, 62.3537086789, 799.95],
          [12.3311992083, 62.3537290469, 801.34],
          [12.3309853859, 62.3537520133, 802.27],
          [12.3306219466, 62.3537522648, 805.25],
          [12.3304207809, 62.3537841998, 806.1],
          [12.3303828947, 62.3538050707, 806.65],
          [12.3301979899, 62.353848489, 807.83],
          [12.3301690724, 62.3538665101, 807.81],
          [12.3300187849, 62.3539027199, 808.94],
          [12.3296831734, 62.3538790829, 811.87],
          [12.329594912, 62.3538803402, 812.78],
          [12.3294113483, 62.3538909014, 813.92],
          [12.3293657508, 62.3538911529, 814.43],
          [12.3293268587, 62.3538998701, 815.05],
          [12.3290769104, 62.3539288715, 817.08],
          [12.3290192429, 62.3539302964, 817.84],
          [12.3288606573, 62.3539180588, 819.86],
          [12.3285630997, 62.3538837768, 823.6],
          [12.3284683004, 62.35387397, 824.2],
          [12.3282395583, 62.3539104313, 826.13],
          [12.327962704, 62.3539400194, 828.68],
          [12.3278428428, 62.353935577, 828.81],
          [12.327734381, 62.3539292905, 829.66],
          [12.3274060618, 62.3539728764, 832.94],
          [12.3271313868, 62.3540135287, 836.33],
          [12.3270978592, 62.3540181387, 836.6],
          [12.3269680236, 62.3540334776, 836.35],
          [12.3268487491, 62.354068514, 837.76],
          [12.3267411254, 62.3540792428, 838.75],
          [12.3265974596, 62.3540748004, 840.05],
          [12.326408783, 62.3541177996, 840.94],
          [12.3263030034, 62.354112016, 842.06],
          [12.3262315895, 62.3541215714, 842.69],
          [12.326087337, 62.3541471362, 844.6],
          [12.3258901946, 62.3541768081, 846.27],
          [12.3257872649, 62.3542237468, 847.05],
          [12.3256960697, 62.3542498145, 848.15],
          [12.3254812416, 62.3543125112, 850.97],
          [12.3252649885, 62.3543812428, 853.9],
          [12.3252047226, 62.354418207, 855.83],
          [12.3250741325, 62.3544678278, 856.88],
          [12.3250256851, 62.3544956557, 858.88],
          [12.3250027187, 62.3544928059, 858.21],
          [12.3249992821, 62.3544833343, 859.35],
          [12.3249976058, 62.3544839211, 858.35],
          [12.3249898106, 62.3544948176, 859.04],
          [12.3249708675, 62.3544808198, 858.75],
          [12.3248888925, 62.3545077257, 859.94],
          [12.3246734776, 62.3545279261, 863.09],
          [12.3246530257, 62.3545285966, 863.2],
          [12.3244830407, 62.3545402475, 865.91],
          [12.3243103735, 62.3546074703, 868.93],
          [12.324203169, 62.3546224739, 870.87],
          [12.3240249697, 62.3546273354, 873.44],
          [12.3239533883, 62.3546413332, 874.34],
          [12.3238281626, 62.3546537384, 876.17],
          [12.3236371391, 62.3547024373, 878.48],
          [12.3234313633, 62.3547148425, 882.34],
          [12.3234141804, 62.3547183629, 882.35],
          [12.3232358973, 62.3547278345, 885.26],
          [12.3230125196, 62.3547357973, 887.73],
          [12.3228224181, 62.3547269125, 890.82],
          [12.3226629943, 62.3547279183, 892.28],
          [12.3223397881, 62.3546880204, 894.7],
          [12.3220968805, 62.3546857573, 897.89],
          [12.3220594134, 62.3546850868, 898.77],
          [12.3219916038, 62.3547013476, 899.25],
          [12.3218552303, 62.3547386471, 902.56],
          [12.3218450882, 62.3547383957, 903.24],
          [12.3216791265, 62.3547648825, 905.47],
          [12.3216665536, 62.3547693249, 905.81],
          [12.3215575889, 62.3548140842, 908.76],
          [12.3213618714, 62.3548774514, 911.39],
          [12.3211274296, 62.354919361, 914.14],
          [12.3210963327, 62.3549435847, 914.79],
          [12.321022572, 62.3550006654, 916.02],
          [12.3209304549, 62.3550447542, 917.31],
          [12.3208356556, 62.35507451, 918.48],
          [12.3205886409, 62.3551792838, 921.69],
          [12.3202725593, 62.3552734125, 923.81],
          [12.3201669473, 62.3553183395, 925.02],
          [12.320187483, 62.355325548, 925.46],
          [12.3202222679, 62.3553351033, 925.11],
          [12.3202236928, 62.3553339299, 924.92],
          [12.3201986309, 62.3553367797, 924.61],
          [12.3201008141, 62.3553515319, 925.63],
          [12.3198864888, 62.3553735763, 925.99],
          [12.3196665477, 62.3554227781, 925.97],
          [12.3194464389, 62.3555476684, 927.93],
          [12.3192675691, 62.3556303978, 931.68],
          [12.3192509729, 62.3556322418, 931.31],
          [12.3191513959, 62.3557078466, 934.1],
          [12.3190570995, 62.3557474092, 935.62],
          [12.3188759666, 62.355817901, 939.12],
          [12.3186887149, 62.3558897339, 941.96],
          [12.3185852822, 62.3559779115, 945.2],
          [12.3185611423, 62.3560142051, 946.5],
          [12.3185098451, 62.3560308013, 947.15],
          [12.3184176441, 62.3560543545, 948.19],
          [12.3182615731, 62.3561251815, 951.36],
          [12.318188902, 62.3561748024, 954.06],
          [12.3180573899, 62.356166672, 954.75],
          [12.3180133011, 62.3561646603, 954.72],
          [12.3178479262, 62.356177317, 956.45],
          [12.3177677952, 62.3561834358, 957.02],
          [12.3177082837, 62.356188884, 957.49],
          [12.3174647056, 62.356169438, 959.93],
          [12.3173870053, 62.3561839387, 960.35],
          [12.3170804791, 62.3562032171, 963.82],
          [12.3168210592, 62.3562540952, 967.39],
          [12.3165467195, 62.3562692665, 970.62],
          [12.3165298719, 62.3562664166, 970.88],
          [12.3163230903, 62.3562550172, 972.19],
          [12.3159630876, 62.3563144449, 974.11],
          [12.3159394506, 62.3563170433, 975.25],
          [12.3156393785, 62.3563943245, 978.04],
          [12.3154095467, 62.3564630561, 980],
          [12.3152944632, 62.3564873636, 980.34],
          [12.3151760269, 62.3564960808, 980.14],
          [12.3149751965, 62.3565028701, 980.07],
          [12.3148125876, 62.3565525748, 978.61],
          [12.314626174, 62.3566274252, 978.61],
          [12.3145352304, 62.3566757049, 979.41],
          [12.3144572787, 62.3566958215, 979.36],
          [12.3140485771, 62.3567703366, 983.19],
          [12.3139826953, 62.3567995057, 984.12],
          [12.3138463218, 62.356838733, 983.91],
          [12.3137064278, 62.3568548262, 982.87],
          [12.3137115408, 62.3568511382, 983.38],
          [12.3137097806, 62.3568546586, 982.46],
          [12.3137068469, 62.3568569217, 982.21],
          [12.3137089424, 62.356855832, 982.71],
          [12.3137033265, 62.3568529822, 983.15],
          [12.3136925139, 62.3568500485, 983.92],
          [12.3136981297, 62.3568516411, 983.7],
          [12.3136983812, 62.3568523955, 982.75],
          [12.3137017339, 62.356853066, 983.06],
          [12.3136982135, 62.356852144, 982.68],
          [12.3136929329, 62.3568533175, 982.89],
          [12.3136910051, 62.3568533175, 982.52],
          [12.3136846349, 62.3568571731, 983.46],
          [12.3136807792, 62.3568568379, 982.71],
          [12.3137032427, 62.356846109, 983.96],
          [12.313810531, 62.3567194585, 982.47],
          [12.3138482496, 62.3566818237, 981.78],
          [12.3138054181, 62.3566889483, 980.02],
          [12.3137992155, 62.3566885293, 979.98],
          [12.3137954436, 62.356684925, 979.89],
          [12.3138048314, 62.3566855118, 979.97],
          [12.3138055019, 62.3566885293, 980.69],
          [12.3137992993, 62.3566897865, 980.58],
          [12.3138067592, 62.3566859309, 981.25],
          [12.3138039932, 62.3566879425, 981.44],
          [12.3138034064, 62.35668635, 981.15],
          [12.3138073459, 62.356684003, 981.23],
          [12.3138084356, 62.3566807341, 981.38],
          [12.3138046637, 62.3566798121, 981.46],
          [12.31379712, 62.3566804826, 981.11],
          [12.3137923423, 62.3566814046, 981.65],
          [12.3137935158, 62.3566840868, 981.81],
          [12.3137885705, 62.3566852603, 981.89],
          [12.313788319, 62.3566847574, 981.9],
          [12.3137888219, 62.3566888645, 981.98],
          [12.3137898277, 62.3566860985, 981.15],
          [12.3137893248, 62.3566838354, 981.66],
          [12.3137922585, 62.3566820752, 981.5],
          [12.3138034903, 62.3566992581, 981.73],
          [12.3137970362, 62.3566933069, 981.4],
          [12.3137836251, 62.3566773813, 981.96],
          [12.3137902468, 62.356682159, 981.27],
          [12.3137861397, 62.3566892836, 981.73],
          [12.3137981258, 62.3566945642, 981.56],
          [12.3137973715, 62.3566929717, 981.94],
          [12.3137810268, 62.3566809855, 982.2],
          [12.3137859721, 62.3566823266, 982.08],
          [12.3137868103, 62.3566947319, 982.83],
          [12.313782787, 62.3567002639, 982.48],
          [12.3137753271, 62.3567139264, 982.34],
          [12.3137820326, 62.3567031976, 982.42],
          [12.3137842957, 62.3566962406, 982.36],
          [12.3137760814, 62.3566820752, 982.03],
          [12.3137818649, 62.3566850927, 982.41],
          [12.3137861397, 62.3566794768, 982.02],
          [12.3137884028, 62.3566838354, 982.13],
          [12.3137957789, 62.3566855956, 982.21],
          [12.313799886, 62.3566841707, 981.85],
          [12.3138021491, 62.3566860985, 981.01],
          [12.3138090223, 62.3566948995, 981.79],
          [12.3138039093, 62.3566934746, 981.82],
          [12.3138035741, 62.3566878587, 981.18],
          [12.3138091899, 62.3566923849, 981.2],
          [12.3138308153, 62.356697917, 982.49],
          [12.3138153926, 62.3566957377, 982.38],
          [12.3138199188, 62.3566924687, 983.2],
          [12.3138300609, 62.3566864338, 983.93],
          [12.3138387781, 62.3566827457, 983.57],
          [12.3138598166, 62.3566925526, 982.03],
          [12.3138678633, 62.3567012697, 983.7],
          [12.3139788397, 62.3567290138, 983.94],
          [12.3140686098, 62.3567438498, 983.94],
          [12.3144142795, 62.3567119986, 982.32],
          [12.3146783095, 62.3566333763, 981.02],
          [12.3150459398, 62.3566245753, 979.5],
          [12.3151719198, 62.3566115834, 979.54],
          [12.3152962234, 62.3565876111, 981.33],
          [12.315381635, 62.3565740325, 979.92],
          [12.315404769, 62.356571937, 980.55],
          [12.3154577427, 62.3565559275, 980.39],
          [12.3156670388, 62.3565436061, 979.63],
          [12.3156884965, 62.3565323744, 980.47],
          [12.3157536238, 62.3565143533, 979.98],
          [12.3158330843, 62.356504295, 979.32],
          [12.3158956133, 62.3565088212, 977.24],
          [12.3160728905, 62.3565089051, 974.35],
          [12.3161315639, 62.3565236572, 972.77],
          [12.3163303826, 62.3565332126, 971.59],
          [12.3166637309, 62.3565850966, 968.4],
          [12.3166887928, 62.3565872759, 968.21],
          [12.3168819956, 62.3565799836, 968.78],
          [12.3169205524, 62.3565775529, 967.62],
          [12.3170114122, 62.3565782234, 967.83],
          [12.3171146773, 62.3565766308, 966.06],
          [12.3171608616, 62.3565689195, 964.96],
          [12.317252811, 62.3565556761, 963.4],
          [12.3176080361, 62.3564898781, 960.4],
          [12.3180445656, 62.3564174585, 957.83],
          [12.3182016425, 62.3563825898, 956.47],
          [12.318373723, 62.3563367408, 953.62],
          [12.3184434604, 62.3563146964, 952.6],
          [12.3184796702, 62.3563121818, 952.89],
          [12.3187996913, 62.3562506586, 952.42],
          [12.3188151978, 62.3562454619, 952.42],
          [12.3189312872, 62.356207408, 947.4],
          [12.3189490568, 62.3562038038, 947.4],
          [12.3192211334, 62.3561306298, 941.6],
          [12.3192292638, 62.3561230861, 941],
          [12.3192809802, 62.3561000358, 940.32],
          [12.3193979915, 62.3560838588, 939.4],
          [12.319564959, 62.3560354952, 937.13],
          [12.3197254725, 62.3560782429, 934.91],
          [12.3198371194, 62.3560592998, 933.79],
          [12.3199862335, 62.356049493, 932.92],
          [12.32014901, 62.3560375907, 931.01],
          [12.3204367608, 62.3560084216, 927.91],
          [12.3205004632, 62.3560097627, 927.04],
          [12.320535332, 62.3559977766, 926.77],
          [12.3205946758, 62.3559960164, 925.5],
          [12.3206662573, 62.3560186476, 924.4],
          [12.3207370006, 62.3560556117, 923.38],
          [12.3208108451, 62.3560412787, 922.37],
          [12.3209079076, 62.3560725432, 919.79],
          [12.3210982606, 62.3560699448, 918.29],
          [12.3211668245, 62.356030466, 920.22],
          [12.3211627174, 62.3560302146, 920.14],
          [12.3211146053, 62.3560324777, 919.55],
          [12.3212107457, 62.3560406081, 916.64],
          [12.3212790582, 62.356035579, 915.27],
          [12.3213339597, 62.356067514, 914.15],
          [12.3215737659, 62.3561461363, 911.22],
          [12.3219840601, 62.3562179692, 908.88],
          [12.322036447, 62.3562153708, 907.49],
          [12.3221739102, 62.3562503234, 904.02],
          [12.3223403748, 62.3562855273, 902.69],
          [12.3224470764, 62.3562776484, 903.22],
          [12.322587138, 62.3562530056, 899.64],
          [12.3226008005, 62.35625837, 899.02],
          [12.3226563726, 62.3562969267, 900.22],
          [12.3226736393, 62.3562971782, 899.01],
          [12.3227331508, 62.3562903889, 898.74],
          [12.3228339013, 62.3562896345, 896.48],
          [12.3229184747, 62.3563055601, 895.42],
          [12.3229628149, 62.3563048057, 895.28],
          [12.3231108394, 62.3562810849, 892.96],
          [12.3231479712, 62.3562851921, 892.02],
          [12.3232001904, 62.3562971782, 890.9],
          [12.3233477958, 62.3562845215, 887.99],
          [12.3234506417, 62.3563207313, 888.17],
          [12.3235431779, 62.3562795762, 886.6],
          [12.323600594, 62.3562921491, 883.57],
          [12.3238332756, 62.3562826775, 880.61],
          [12.32393126, 62.3562813364, 880.68],
          [12.3239996564, 62.3562359065, 878.37],
          [12.3240305018, 62.3562521674, 877.68],
          [12.3240857385, 62.3562331405, 877.21],
          [12.324203169, 62.3561700247, 874.19],
          [12.3243329208, 62.3561588768, 872.79],
          [12.3243677057, 62.356149992, 872.29],
          [12.3244059272, 62.3561397661, 871.61],
          [12.3244076874, 62.3561250977, 870.86],
          [12.3245111201, 62.3561170511, 868.87],
          [12.3247202486, 62.3560774047, 866.69],
          [12.3249701969, 62.3560089245, 864.85],
          [12.3249789979, 62.3560024705, 864.8],
          [12.3250718694, 62.3559687752, 864.25],
          [12.325076228, 62.3559636623, 864.63],
          [12.3250668403, 62.3559645005, 864.07],
          [12.3252363224, 62.3559746426, 862.08],
          [12.3253866099, 62.3559977766, 859.75],
          [12.3255395796, 62.3559742235, 857.67],
          [12.3256507237, 62.3559823539, 856.33],
          [12.3257528991, 62.3560108524, 854.55],
          [12.325808052, 62.3560354114, 853.2],
          [12.3259973992, 62.35599434, 851.16],
          [12.3259980697, 62.3559925798, 851.46],
          [12.3260453437, 62.3559826054, 850.83],
          [12.3261440825, 62.355978163, 850.52],
          [12.3262684699, 62.3559653386, 849.58],
          [12.3265804444, 62.3559259437, 845.62],
          [12.3266294785, 62.3559191544, 844.79],
          [12.326669544, 62.3558871355, 843.64],
          [12.3269299697, 62.3557186592, 840.38],
          [12.3270571232, 62.3556892388, 838.62],
          [12.3271451332, 62.3556880653, 838.15],
          [12.3271967657, 62.3556882329, 836.72],
          [12.327305479, 62.3556536157, 835.39],
          [12.3273632303, 62.3556412105, 834.26],
          [12.3274399247, 62.3556030728, 834.11],
          [12.3275029566, 62.3555832915, 832.29],
          [12.3276887834, 62.3555572238, 829.25],
          [12.3277840856, 62.3555624206, 828.34],
          [12.3279200401, 62.3555567209, 826.67],
          [12.3280736804, 62.3555352632, 825.24],
          [12.3282362893, 62.3554957006, 823.95],
          [12.3282851558, 62.3554908391, 823.8],
          [12.3283362854, 62.3554724827, 823.15],
          [12.328528231, 62.3554460797, 821.06],
          [12.3289036565, 62.3554071039, 818.83],
          [12.329206327, 62.3553832155, 816.14],
          [12.3294057325, 62.3553532083, 814.57],
          [12.3295162059, 62.3553348519, 813.5],
          [12.3296867777, 62.3552544694, 812.37],
          [12.3297849298, 62.3552043457, 811.66],
          [12.3298023641, 62.355184732, 811.23],
          [12.3300978262, 62.3550538067, 808.86],
          [12.3301783763, 62.3550278228, 807.76],
          [12.3303839006, 62.3550177645, 806.52],
          [12.3307587393, 62.3549834825, 804.2],
          [12.3309684545, 62.3549808003, 801.83],
          [12.3311382718, 62.3549851589, 800.55],
          [12.3312060814, 62.3549862485, 799.74],
          [12.3312483262, 62.3549927026, 799.36],
          [12.331337845, 62.3550232965, 798.66],
          [12.3316181358, 62.3550388869, 797.36],
          [12.3317146953, 62.3550409824, 795.9],
          [12.3319975007, 62.3550376296, 793.9],
          [12.3320203833, 62.355037462, 793.9],
          [12.3320836667, 62.3550227936, 793.21],
          [12.3322413303, 62.3549851589, 792.55],
          [12.3322922084, 62.3549587559, 791.24],
          [12.3323806375, 62.3549523018, 791.27],
          [12.3325589206, 62.3549345322, 790.91],
          [12.3328420613, 62.3548570834, 788.76],
          [12.3328786902, 62.3548367992, 789.15],
          [12.3330460768, 62.3547951411, 789.35],
          [12.3330920935, 62.3547672294, 788.31],
          [12.3331511021, 62.3547542375, 787.81],
          [12.3333375156, 62.3547497112, 787.07],
          [12.3334421217, 62.3547422513, 787.09],
          [12.3336642422, 62.3547593504, 785.71],
          [12.333706487, 62.3547585122, 785.5],
          [12.3337442055, 62.3547454365, 784.87],
          [12.3340242449, 62.3547359649, 783.14],
          [12.3341301084, 62.3547383957, 782.59],
          [12.3342157714, 62.3547251523, 782.16],
          [12.3342629615, 62.3547313549, 782.19],
          [12.3343285918, 62.3547168542, 781.23],
          [12.3343766201, 62.3547108192, 780.85],
          [12.3344826512, 62.3546808958, 780.82],
          [12.3347852379, 62.3546695802, 778.75],
          [12.3348136526, 62.3546655569, 777.98],
          [12.3349009082, 62.3546616174, 778.04],
          [12.335143229, 62.3546350468, 777.46],
          [12.3352180794, 62.3546301853, 776.9],
          [12.3354836181, 62.3546033632, 776.49],
          [12.3355064169, 62.3546027765, 776.07],
          [12.3356395215, 62.3545995913, 775.79],
          [12.3357112706, 62.3545904551, 775.37],
          [12.3357875459, 62.3546017706, 775.58],
          [12.3360555153, 62.3546118289, 774.64],
          [12.3363354709, 62.3545569275, 773.66],
          [12.3364552483, 62.3545325361, 772.31],
          [12.3364937212, 62.354518706, 772.83],
          [12.3367769457, 62.3544936441, 772.12],
          [12.3369610123, 62.3544201348, 771.14],
          [12.3369735852, 62.3544212244, 772.14],
          [12.3369873315, 62.3544058856, 770.45],
          [12.3369745072, 62.3544206377, 770.79],
          [12.3369975574, 62.3544165306, 769.99],
          [12.3369771894, 62.3544109147, 770.51],
          [12.3369828053, 62.3544035386, 770.75],
          [12.3369735852, 62.3544022813, 770.92],
          [12.336975513, 62.3544066399, 770.31],
          [12.3369724955, 62.3544159438, 771.54],
          [12.3369762674, 62.3544150218, 770.97],
          [12.3370049335, 62.3544322047, 771.24],
          [12.3371500243, 62.3544627987, 770.56],
          [12.3375408724, 62.3545641359, 768.1],
          [12.337560067, 62.3545712605, 767.59],
          [12.3376776651, 62.3545958195, 766.98],
          [12.337886123, 62.354635885, 766.61],
          [12.3379312176, 62.3546498828, 766.48],
          [12.3380305432, 62.3546825722, 766.15],
          [12.3381561041, 62.3546991684, 765.6],
          [12.3381933197, 62.3547143396, 766.75],
          [12.3383280169, 62.354749795, 765.61],
          [12.3386970721, 62.3548766971, 765.55],
          [12.3389400635, 62.3549563251, 763.35],
          [12.3390315101, 62.354973508, 763.53],
          [12.3391672969, 62.3549843207, 762.59],
          [12.3392179236, 62.3549920321, 762.28],
          [12.3392917681, 62.3550242186, 761.77],
          [12.3393523693, 62.3550446704, 761.96],
          [12.339453958, 62.3550733365, 761.29],
          [12.3395412136, 62.3550915252, 761],
          [12.3396256194, 62.3551506177, 760.99],
          [12.3399794195, 62.3552046809, 759.16],
          [12.3402690142, 62.3552770168, 758.09],
          [12.3403903842, 62.3553066887, 758.55],
          [12.3404237442, 62.355353795, 758.21],
          [12.3408376426, 62.355454294, 757.89],
          [12.3411818873, 62.355529815, 756.53],
          [12.3414436541, 62.3555961158, 754.87],
          [12.3416307382, 62.3556924239, 754.82],
          [12.3418408725, 62.3557582218, 754.54],
          [12.3418681975, 62.355778506, 754.89],
          [12.3419453949, 62.3558007181, 754.77],
          [12.3421043158, 62.355835503, 754.08],
          [12.3421846982, 62.3558615707, 754.08],
          [12.3422308825, 62.3558879737, 754.38],
          [12.3423944134, 62.3559975252, 753.63],
          [12.3425413482, 62.3560153786, 753.16],
          [12.34257848, 62.3560477328, 753.47],
          [12.3428783845, 62.3561608046, 753.57],
          [12.3429902829, 62.3562067375, 753.82],
          [12.343198657, 62.3562488146, 753.93],
          [12.343584979, 62.3562849406, 753.41],
          [12.3436015751, 62.3562932387, 753.7],
          [12.343739206, 62.3563099187, 754.24],
          [12.3439773358, 62.3563620541, 754.94],
          [12.3440790083, 62.3563769739, 755.08],
          [12.3441715445, 62.3563993536, 755.4],
          [12.3442424554, 62.3564112559, 755.53],
          [12.3443832714, 62.3564386647, 755.68],
          [12.344490476, 62.3564817477, 756.67],
          [12.3445592914, 62.3564835917, 756.38],
          [12.3448167834, 62.356568668, 757.95],
          [12.3449555878, 62.356559867, 758.08],
          [12.3450258281, 62.3565539997, 758.16],
          [12.3453193624, 62.3565315362, 759.26],
          [12.3454582505, 62.356520975, 758.58],
          [12.3455947917, 62.3564873636, 758.26],
          [12.3456557281, 62.3564794008, 758.05],
          [12.3457550537, 62.3564550094, 758.25],
          [12.3459240329, 62.356433887, 758.74],
          [12.3461801838, 62.3564125132, 758.72],
          [12.3462606501, 62.3564146087, 759.09],
          [12.3463210836, 62.3563803267, 758.31],
          [12.3466323875, 62.3563541751, 757.12],
          [12.346741939, 62.3563517444, 757.9],
          [12.3469501454, 62.3563400097, 757.85],
          [12.347098086, 62.3563335557, 757.45],
          [12.3473473638, 62.3563229945, 757.45],
          [12.3473720904, 62.3563336395, 757.18],
          [12.3476041853, 62.3563684244, 759.81],
          [12.3476545606, 62.3563741241, 760.54],
          [12.3479738273, 62.3563250899, 758.61],
          [12.3481969535, 62.3562849406, 759.47],
          [12.3484938405, 62.3562042229, 758.87],
          [12.3486546893, 62.3561219126, 758.84],
          [12.3487594631, 62.356092073, 758.72],
          [12.3487592954, 62.3561063223, 759.11],
          [12.3488219921, 62.3561090883, 758.33],
          [12.3488727026, 62.3561200686, 758.68],
          [12.3488384206, 62.3561095912, 759.04],
          [12.3488204833, 62.3561333958, 759.44],
          [12.3488754686, 62.3561100103, 759.83],
          [12.3488171306, 62.3561064061, 760.3],
          [12.3487973493, 62.3561057355, 760.88],
          [12.3489434458, 62.3560952581, 760.77],
          [12.3491987586, 62.356057791, 761.08],
          [12.3492261674, 62.3560432903, 761.08],
          [12.3494335357, 62.3560051527, 763.22],
          [12.3494992498, 62.355991574, 763.1],
          [12.3497077916, 62.3559310567, 761.91],
          [12.3498218693, 62.3558949307, 760.92],
          [12.3501125537, 62.3558075912, 760.52],
          [12.3502482567, 62.3557925876, 759.82],
          [12.3503238615, 62.3557785898, 759.95],
          [12.3504070938, 62.3557645082, 759.64],
          [12.3505377676, 62.3557463195, 759.73],
          [12.3508632369, 62.3557209224, 760.09],
          [12.3511442821, 62.3557063378, 760.55],
          [12.3511659075, 62.3557048291, 760.69],
          [12.3512034584, 62.3556959443, 760.74],
          [12.3515192885, 62.3556581419, 761.49],
          [12.3517343681, 62.3556089401, 760.77],
          [12.3518272396, 62.3555885721, 761.23],
          [12.3520281538, 62.3555327486, 760.24],
          [12.3521025013, 62.3555234447, 760.3],
          [12.3523578979, 62.355465861, 759.54],
          [12.3525263742, 62.3554188386, 759.49],
          [12.3526686989, 62.3554076906, 760.31],
          [12.3527329881, 62.3553933576, 760.1],
          [12.3528556991, 62.3553962074, 761.16],
          [12.3529561982, 62.3554099537, 761.08],
          [12.3530727066, 62.3553866521, 760.46],
          [12.35333791, 62.3553839698, 760.73],
          [12.3535924684, 62.3553657811, 760.53],
          [12.3536762875, 62.3553788569, 761.31],
          [12.3537509702, 62.3553691339, 761.57],
          [12.3538911156, 62.355362596, 762.64],
          [12.354053976, 62.3553916812, 763.76],
          [12.3541580793, 62.355405679, 764.44],
          [12.354247598, 62.355413558, 765.24],
          [12.3542979732, 62.3554202635, 765.63],
          [12.3545478377, 62.3554294836, 766.03],
          [12.354620425, 62.3554397095, 766.61],
          [12.3546689562, 62.3554710578, 766.3],
          [12.3547086865, 62.3554782663, 766.23],
          [12.3548779171, 62.3554974608, 766.01],
          [12.3550165538, 62.3554995563, 765.17],
          [12.3553492315, 62.3554862291, 765.53],
          [12.3553988524, 62.3554811161, 765.21],
          [12.3556133453, 62.3554518633, 765.83],
          [12.3556804843, 62.3554631788, 766.02],
          [12.35575567, 62.3554897495, 766.6],
          [12.3559003416, 62.3555152304, 767.37],
          [12.3560631182, 62.3554926831, 767.69],
          [12.3564260546, 62.3554453254, 768.62],
          [12.3566458281, 62.3554359376, 770.68],
          [12.3566916771, 62.3554387037, 770.78],
          [12.3568975367, 62.3554285616, 770.92],
          [12.3570236843, 62.3554299865, 770.15],
          [12.3574583698, 62.3553860653, 768.95],
          [12.3575216532, 62.3553729057, 768.73],
          [12.357763052, 62.3553487659, 769.63],
          [12.3579157703, 62.3552841414, 769.04],
          [12.358000176, 62.3552549724, 768.65],
          [12.3580862582, 62.3552061897, 767.68],
          [12.3583092168, 62.3551811278, 765.91],
          [12.3584234621, 62.3551582452, 766.28],
          [12.358756559, 62.3550585844, 768.61],
          [12.3589982092, 62.3550163396, 770.1],
          [12.3591092695, 62.3549929541, 770.43],
          [12.3591808509, 62.3549865, 770.78],
          [12.3592486605, 62.3549768608, 770.88],
          [12.3593277857, 62.3549484462, 771.41],
          [12.359424429, 62.3549392261, 771.46],
          [12.3596110102, 62.3549240548, 771.57],
          [12.3600037862, 62.3548777029, 769.97],
          [12.3600591905, 62.3548715841, 769.85],
          [12.3601943068, 62.3548606876, 769.43],
          [12.3603840731, 62.3548538145, 768.77],
          [12.3605240509, 62.354813749, 768.82],
          [12.3605957162, 62.3548121564, 768.17],
          [12.3607548885, 62.3547924589, 768.11],
          [12.3608133104, 62.3547938839, 768.75],
          [12.361095529, 62.3547086399, 771.46],
          [12.3613499198, 62.3546644673, 773.18],
          [12.3617982678, 62.3545862641, 772.31],
          [12.3618718609, 62.3545736913, 772.26],
          [12.3619722761, 62.3545852583, 773.23],
          [12.3621071409, 62.3545804806, 774.55],
          [12.3622325342, 62.3545443546, 774.13],
          [12.3623010982, 62.3545445222, 774.97],
          [12.3627123144, 62.3544854298, 774.94],
          [12.3627798725, 62.3544804845, 775.47],
          [12.3628294095, 62.3544804007, 775.05],
          [12.3630263004, 62.3544286843, 777.46],
          [12.3633303121, 62.3542726971, 778.78],
          [12.3634368461, 62.3541500699, 779.34],
          [12.3635207489, 62.3541224096, 778.83],
          [12.3636452202, 62.3541040532, 779.05],
          [12.3637789954, 62.3540489003, 779.32],
          [12.3639637325, 62.3539960105, 779.2],
          [12.3642925546, 62.3539236747, 779.16],
          [12.3642799817, 62.3539224174, 778.81],
          [12.3642191291, 62.3539397679, 778.74],
          [12.3642192967, 62.3539435398, 779.17],
          [12.3642174527, 62.35393323, 778.78],
          [12.3643578496, 62.3538919073, 779.25],
          [12.364456756, 62.3538602237, 778.68],
          [12.3646092229, 62.3538010474, 778.59],
          [12.3650120571, 62.3537883908, 777.97],
          [12.3650640249, 62.353789648, 777.41],
          [12.365120519, 62.3538099322, 777.95],
          [12.3652075231, 62.3538100999, 778.46],
          [12.3652553, 62.3538298812, 778.23],
          [12.3654269613, 62.3538332339, 779.31],
          [12.3654718045, 62.3538308032, 779.4],
          [12.3657491617, 62.353829965, 780.12],
          [12.3660955019, 62.3538152128, 780.54],
          [12.3663808219, 62.3537536897, 780.05],
          [12.366536893, 62.3537136242, 780.42],
          [12.3665896989, 62.3537086789, 780.38],
          [12.366874516, 62.3536291346, 778.93],
          [12.3669015057, 62.3536253627, 778.81],
          [12.3671641108, 62.3535707127, 778.73],
          [12.3673000652, 62.353562247, 778.95],
          [12.3676071782, 62.3535265401, 778.61],
          [12.3678015545, 62.3534947727, 778.22],
          [12.36796299, 62.3534719739, 777.18],
          [12.36832425, 62.3534509353, 776.68],
          [12.368656341, 62.3534333333, 775.4],
          [12.3689298425, 62.3533771746, 774.18],
          [12.3691835627, 62.3532974627, 772.58],
          [12.3692589998, 62.3532765079, 772.51],
          [12.3694301583, 62.3532232828, 773.51],
          [12.369515989, 62.3531751707, 773.38],
          [12.3696134705, 62.3531455826, 773.1],
          [12.3698988743, 62.3530633561, 772.92],
          [12.3701346572, 62.3529903498, 774.15],
          [12.3703437019, 62.3528947961, 775.86],
          [12.3705327138, 62.3527920339, 776.71],
          [12.3705705162, 62.3527735937, 776.72],
          [12.370836474, 62.3527103104, 777.31],
          [12.3710170202, 62.352676196, 778.57],
          [12.3713697307, 62.3526234739, 779.33],
          [12.3714719899, 62.3525930475, 779.55],
          [12.3716240376, 62.3525793012, 778.6],
          [12.3717207648, 62.3525311053, 777.46],
          [12.3717417195, 62.3525049537, 777.32],
          [12.3719613254, 62.3523352202, 776.21],
          [12.3720121197, 62.3522612918, 774.8],
          [12.3720299732, 62.3522386607, 774.12],
          [12.3720181547, 62.35215744, 773.14],
          [12.3720047437, 62.3520214017, 772.09],
          [12.3721239343, 62.3518054001, 772.35],
          [12.3722382635, 62.3516821861, 772.23],
          [12.3723295424, 62.3516337387, 771.58],
          [12.3724332266, 62.3515655939, 771.19],
          [12.3725499026, 62.351519661, 771.13],
          [12.3727029562, 62.3514909949, 772.21],
          [12.3727770522, 62.3514610715, 772.29],
          [12.3730564211, 62.351324195, 771.64],
          [12.373314919, 62.3512356821, 772.79],
          [12.3736125603, 62.3512290604, 776.12],
          [12.3736589961, 62.3512224387, 776.48],
          [12.3738555517, 62.351155635, 776.84],
          [12.3738740757, 62.3511489294, 776.92],
          [12.3740086053, 62.3511139769, 776.96],
          [12.3742478248, 62.3510721512, 778.09],
          [12.3745339829, 62.3510133103, 779.32],
          [12.3747664131, 62.3509413935, 779.04],
          [12.3750127573, 62.3508713208, 779.54],
          [12.375074951, 62.3508489411, 779.25],
          [12.375184251, 62.3508356977, 778.42],
          [12.3752766196, 62.3507767729, 778.48],
          [12.3753212113, 62.3507599253, 778.92],
          [12.3756099679, 62.3506683949, 779.12],
          [12.3756448366, 62.3506659642, 778.46],
          [12.3757834733, 62.3506481946, 778.51],
          [12.3759944458, 62.3505213764, 777.99],
          [12.3762336653, 62.3504673969, 778.63],
          [12.3765588831, 62.3504217155, 778.41],
          [12.3766688537, 62.3503877688, 778.25],
          [12.3768021259, 62.3503958154, 778.39],
          [12.3769365717, 62.3503889423, 778.79],
          [12.3771510646, 62.3504516389, 778.8],
          [12.3773614503, 62.3504523095, 779.38],
          [12.3775511328, 62.3504223023, 779.69],
          [12.3779384606, 62.3504547402, 778.93],
          [12.3780055996, 62.3504643794, 779.48],
          [12.3780500237, 62.3504647147, 779.48],
          [12.378092017, 62.3504693247, 779.47],
          [12.3783777561, 62.3504667263, 778.9],
          [12.3785249423, 62.3504779581, 778.63],
          [12.3786130361, 62.3505001701, 778.76],
          [12.3787764832, 62.350564627, 778.91],
          [12.378879413, 62.3505672254, 779.2],
          [12.3789999448, 62.3505715001, 779.62],
          [12.3790725321, 62.3505841568, 779.98],
          [12.3792571854, 62.3506154213, 780.81],
          [12.3793509789, 62.3506328557, 779.91],
          [12.3794259969, 62.3506471049, 779.97],
          [12.3795850016, 62.350660013, 780.21],
          [12.3797096405, 62.3506737594, 779.22],
          [12.3798994068, 62.350713741, 778.59],
          [12.3800199386, 62.3507068679, 777.76],
          [12.3803433962, 62.3507259786, 776.58],
          [12.3803941067, 62.3507300857, 776.43],
          [12.380620921, 62.35077166, 776.2],
          [12.3809592985, 62.3507833946, 775.94],
          [12.3813379928, 62.3507818021, 775.15],
          [12.3816405796, 62.3507534713, 774.04],
          [12.3818197008, 62.3507371265, 772.07],
          [12.3821039312, 62.350747101, 772],
          [12.3823656142, 62.350814743, 773.49],
          [12.3824390396, 62.3508377932, 773.08],
          [12.3826060072, 62.3508563172, 771.9],
          [12.3827149719, 62.3508563172, 772.25],
          [12.3829764035, 62.3508931138, 771.77],
          [12.3833386693, 62.3510050122, 773.26],
          [12.3835213948, 62.3510891665, 773.38],
          [12.3835798167, 62.3511675373, 774.6],
          [12.3836158589, 62.3511837143, 773.87],
          [12.3838419188, 62.3512506858, 772.81],
          [12.3839485366, 62.3513558786, 773.42],
          [12.3840453476, 62.3513957765, 773.98],
          [12.384195216, 62.3513838742, 774.27],
          [12.3844540492, 62.3513957765, 774.48],
          [12.3845963739, 62.3513744026, 772.87],
          [12.3846951127, 62.3513725586, 771.89],
          [12.3848675285, 62.3513878975, 770.64],
          [12.3849997949, 62.3514187429, 770.06],
          [12.3850083444, 62.3514286336, 769.01],
          [12.3849771637, 62.3514168151, 768.66],
          [12.3849945143, 62.3514216766, 769.42],
          [12.3850088473, 62.3514177371, 770.13],
          [12.3849783372, 62.3514504265, 769.89],
          [12.3850213364, 62.3514990415, 768.76],
          [12.3850458115, 62.3514861334, 768.3],
          [12.3850630783, 62.3514925037, 768.56],
          [12.38512896, 62.3514894024, 768.06],
          [12.3853511643, 62.3514510971, 768.81],
          [12.3858975805, 62.3514583893, 768.6],
          [12.3864718247, 62.3515779991, 768.81],
          [12.3871233501, 62.3516968545, 769.22],
          [12.387687536, 62.3518257681, 768.94],
          [12.3882798851, 62.3519206513, 768.32],
          [12.3889013194, 62.3520610482, 768.79],
          [12.3895033915, 62.352214437, 768.92],
          [12.3901281785, 62.3523715977, 768.43],
          [12.390735615, 62.3525184486, 768.55],
          [12.3913702928, 62.3526829854, 768.45],
          [12.3919487279, 62.3528287467, 768.66],
          [12.3923353851, 62.3529935349, 768.43],
          [12.3924705014, 62.353045335, 768.66],
          [12.3925031908, 62.3530599196, 768.79],
          [12.3928450886, 62.3532216065, 768.6],
          [12.3933068477, 62.35338673, 769.06],
          [12.3939059861, 62.3535288032, 768.88],
          [12.3943151906, 62.3536665179, 769.26],
          [12.3947405722, 62.3538058251, 769.4],
          [12.395112142, 62.3539421987, 768.96],
          [12.3953955341, 62.3540966772, 769.7],
          [12.395749921, 62.3542376608, 769.41],
          [12.3960845266, 62.354371855, 769.9],
          [12.39647571, 62.3544902913, 770.1],
          [12.3968865909, 62.3546166066, 769.84],
          [12.3972625192, 62.3547005933, 769.87],
          [12.3974318337, 62.3546693288, 769.38],
          [12.3974760063, 62.3545851745, 769.95],
          [12.3974900879, 62.3545382358, 769.62],
          [12.3974929377, 62.3545511439, 769.8],
          [12.3977233563, 62.3546162713, 770.21],
          [12.3978588916, 62.3546456918, 769.95],
          [12.3978168983, 62.3546623718, 769.88],
          [12.3977355938, 62.3546514753, 769.58],
          [12.3976882361, 62.3546231445, 769.68],
          [12.3976657726, 62.3545902036, 769.72],
          [12.3976264615, 62.3545565922, 770.21],
          [12.3977039102, 62.3546255752, 769.76],
          [12.3977081012, 62.3546918761, 770.82],
          [12.3978680279, 62.35491056, 770.74],
          [12.3980422877, 62.35513377, 770.64],
          [12.3983477242, 62.3553276435, 770.67],
          [12.3985403404, 62.3553958721, 770.3],
          [12.398716528, 62.3554336745, 771.01],
          [12.39875542, 62.3554404639, 770.37],
          [12.3993957136, 62.3555437289, 770.54],
          [12.3998366855, 62.3555444833, 770.52],
          [12.4002566189, 62.3554551322, 770.88],
          [12.4007983413, 62.3553538788, 771.21],
          [12.4013578333, 62.3553290684, 770.79],
          [12.4018537905, 62.3553362768, 770.91],
          [12.4023669306, 62.3553429823, 771.08],
          [12.4028676655, 62.3553466704, 770.79],
          [12.4033108167, 62.3553744983, 771.31],
          [12.4035835639, 62.3552871589, 771.39],
          [12.4037440773, 62.3552264739, 771.28],
          [12.4041662738, 62.355049029, 770.9],
          [12.404579334, 62.3547849152, 771.36],
          [12.4049750436, 62.35461317, 771.22],
          [12.4054741021, 62.3544524051, 771.1],
          [12.4059580732, 62.3543088231, 771.31],
          [12.406399129, 62.3541618884, 771.16],
          [12.4067940004, 62.3539852817, 771.36],
          [12.4072341342, 62.3537800089, 770.79],
          [12.4074892793, 62.3535805196, 770.89],
          [12.4078457616, 62.353411708, 771.76],
          [12.4083009828, 62.3532086983, 771.16],
          [12.4086783361, 62.3530118912, 770.55],
          [12.4091913924, 62.3528457619, 771.06],
          [12.4096600246, 62.3526668083, 771.09],
          [12.4102451652, 62.3525718413, 771.81],
          [12.4107914977, 62.3525461927, 771.4],
          [12.4113410991, 62.3525410797, 771.33],
          [12.4118326139, 62.3525703326, 770.81],
          [12.4123216979, 62.352574775, 770.93],
          [12.4129040726, 62.352634538, 770.96],
          [12.413546294, 62.352634538, 770.45],
          [12.4141552392, 62.352631269, 770.91],
          [12.4146734085, 62.3525987472, 771.01],
          [12.4152622372, 62.352573853, 770.81],
          [12.4158975016, 62.3525602743, 771.35],
          [12.4164580833, 62.3525311053, 770.56],
          [12.4170170724, 62.3524599429, 771.02],
          [12.4174699467, 62.3523999285, 770.76],
          [12.417753255, 62.3524008505, 770.88],
          [12.4177656602, 62.352396911, 770.44],
          [12.4177667499, 62.352415435, 771.2],
          [12.4177993555, 62.3524386529, 771.73],
          [12.4178050552, 62.3524344619, 771.74],
          [12.4178151134, 62.3524079751, 771.89],
          [12.4178309552, 62.3524332885, 773.57],
          [12.4178383313, 62.3524110764, 773.65],
          [12.4180337973, 62.3524486274, 773.6]
        ]
      }
    },
    {
      "type": "Feature",
      "properties": {
        "type": "boat",
        "order": 3,
        "name": "2025-09-07 14:16:29",
        "time": "2025-09-07T09:06:23Z",
        "gpxx_TrackExtension": "Cyan",
        "coordinateProperties": {
          "times": [
            "2025-09-07T09:06:23Z",
            "2025-09-07T09:06:27Z",
            "2025-09-07T09:07:18Z",
            "2025-09-07T09:08:22Z",
            "2025-09-07T09:09:28Z",
            "2025-09-07T09:10:12Z",
            "2025-09-07T09:10:32Z",
            "2025-09-07T09:11:05Z",
            "2025-09-07T09:11:36Z",
            "2025-09-07T09:12:00Z",
            "2025-09-07T09:12:27Z",
            "2025-09-07T09:12:55Z",
            "2025-09-07T09:13:20Z",
            "2025-09-07T09:13:53Z",
            "2025-09-07T09:14:24Z",
            "2025-09-07T09:15:00Z",
            "2025-09-07T09:15:29Z",
            "2025-09-07T09:16:07Z",
            "2025-09-07T09:16:25Z",
            "2025-09-07T09:16:53Z",
            "2025-09-07T09:17:21Z",
            "2025-09-07T09:17:52Z",
            "2025-09-07T09:18:24Z",
            "2025-09-07T09:19:00Z",
            "2025-09-07T09:19:49Z",
            "2025-09-07T09:20:55Z",
            "2025-09-07T09:21:47Z",
            "2025-09-07T09:22:39Z",
            "2025-09-07T09:23:06Z",
            "2025-09-07T09:24:07Z",
            "2025-09-07T09:25:23Z",
            "2025-09-07T09:26:40Z",
            "2025-09-07T09:27:42Z",
            "2025-09-07T09:28:22Z",
            "2025-09-07T09:29:06Z",
            "2025-09-07T09:29:07Z",
            "2025-09-07T09:29:37Z",
            "2025-09-07T09:30:11Z",
            "2025-09-07T09:30:42Z",
            "2025-09-07T09:31:11Z",
            "2025-09-07T09:31:45Z",
            "2025-09-07T09:32:20Z",
            "2025-09-07T09:32:59Z",
            "2025-09-07T09:33:30Z",
            "2025-09-07T09:33:58Z",
            "2025-09-07T09:34:32Z",
            "2025-09-07T09:35:05Z",
            "2025-09-07T09:35:36Z",
            "2025-09-07T09:36:07Z",
            "2025-09-07T09:36:38Z",
            "2025-09-07T09:37:07Z",
            "2025-09-07T09:37:37Z",
            "2025-09-07T09:38:15Z",
            "2025-09-07T09:38:50Z",
            "2025-09-07T09:40:02Z",
            "2025-09-07T09:40:54Z",
            "2025-09-07T09:41:54Z",
            "2025-09-07T09:43:09Z",
            "2025-09-07T09:43:57Z",
            "2025-09-07T09:44:54Z",
            "2025-09-07T09:45:25Z",
            "2025-09-07T09:45:52Z",
            "2025-09-07T09:46:27Z",
            "2025-09-07T09:46:49Z",
            "2025-09-07T09:47:07Z",
            "2025-09-07T09:48:13Z",
            "2025-09-07T09:49:11Z",
            "2025-09-07T09:49:17Z",
            "2025-09-07T09:49:36Z",
            "2025-09-07T09:49:49Z",
            "2025-09-07T09:50:05Z",
            "2025-09-07T09:50:19Z",
            "2025-09-07T09:50:26Z",
            "2025-09-07T09:50:40Z",
            "2025-09-07T09:50:53Z",
            "2025-09-07T09:50:58Z",
            "2025-09-07T09:51:13Z",
            "2025-09-07T09:51:32Z",
            "2025-09-07T09:51:45Z",
            "2025-09-07T09:52:01Z",
            "2025-09-07T09:52:15Z",
            "2025-09-07T09:52:27Z",
            "2025-09-07T09:52:29Z",
            "2025-09-07T09:52:45Z",
            "2025-09-07T09:52:57Z",
            "2025-09-07T09:53:10Z",
            "2025-09-07T09:53:27Z",
            "2025-09-07T09:53:41Z",
            "2025-09-07T09:53:57Z",
            "2025-09-07T09:54:13Z",
            "2025-09-07T09:54:24Z",
            "2025-09-07T09:54:27Z",
            "2025-09-07T09:54:29Z",
            "2025-09-07T09:54:43Z",
            "2025-09-07T09:56:11Z",
            "2025-09-07T09:57:38Z",
            "2025-09-07T09:59:00Z",
            "2025-09-07T10:00:11Z",
            "2025-09-07T10:01:39Z",
            "2025-09-07T10:03:04Z",
            "2025-09-07T10:04:22Z",
            "2025-09-07T10:05:36Z",
            "2025-09-07T10:06:40Z",
            "2025-09-07T10:08:01Z",
            "2025-09-07T10:09:30Z",
            "2025-09-07T10:10:56Z",
            "2025-09-07T10:12:16Z",
            "2025-09-07T10:13:36Z",
            "2025-09-07T10:14:49Z",
            "2025-09-07T10:15:50Z",
            "2025-09-07T10:16:35Z",
            "2025-09-07T10:17:14Z",
            "2025-09-07T10:17:41Z",
            "2025-09-07T10:18:10Z",
            "2025-09-07T10:18:38Z",
            "2025-09-07T10:19:25Z",
            "2025-09-07T10:20:04Z",
            "2025-09-07T10:20:39Z",
            "2025-09-07T10:21:08Z",
            "2025-09-07T10:21:25Z",
            "2025-09-07T10:22:07Z",
            "2025-09-07T10:22:59Z",
            "2025-09-07T10:23:40Z",
            "2025-09-07T10:24:35Z",
            "2025-09-07T10:25:07Z",
            "2025-09-07T10:25:35Z",
            "2025-09-07T10:26:15Z",
            "2025-09-07T10:26:36Z",
            "2025-09-07T10:26:53Z",
            "2025-09-07T10:27:28Z",
            "2025-09-07T10:27:52Z",
            "2025-09-07T10:28:11Z",
            "2025-09-07T10:28:29Z",
            "2025-09-07T10:28:58Z",
            "2025-09-07T10:29:15Z",
            "2025-09-07T10:29:31Z",
            "2025-09-07T10:29:50Z",
            "2025-09-07T10:30:07Z",
            "2025-09-07T10:30:25Z",
            "2025-09-07T10:30:38Z",
            "2025-09-07T10:30:54Z",
            "2025-09-07T10:31:13Z",
            "2025-09-07T10:31:30Z",
            "2025-09-07T10:31:47Z",
            "2025-09-07T10:32:04Z",
            "2025-09-07T10:32:25Z",
            "2025-09-07T10:32:47Z",
            "2025-09-07T10:33:14Z",
            "2025-09-07T10:33:15Z",
            "2025-09-07T10:33:36Z",
            "2025-09-07T10:34:01Z",
            "2025-09-07T10:34:34Z",
            "2025-09-07T10:35:00Z",
            "2025-09-07T10:35:25Z",
            "2025-09-07T10:35:28Z",
            "2025-09-07T10:35:32Z",
            "2025-09-07T10:35:37Z",
            "2025-09-07T10:35:38Z",
            "2025-09-07T10:35:41Z",
            "2025-09-07T10:35:44Z",
            "2025-09-07T10:35:48Z",
            "2025-09-07T10:35:57Z",
            "2025-09-07T10:36:05Z",
            "2025-09-07T10:36:15Z",
            "2025-09-07T10:36:22Z",
            "2025-09-07T10:36:32Z",
            "2025-09-07T10:36:51Z",
            "2025-09-07T10:37:05Z",
            "2025-09-07T10:37:19Z",
            "2025-09-07T10:37:45Z",
            "2025-09-07T10:38:02Z",
            "2025-09-07T10:38:20Z",
            "2025-09-07T10:38:49Z",
            "2025-09-07T10:39:13Z",
            "2025-09-07T10:39:34Z",
            "2025-09-07T10:39:57Z",
            "2025-09-07T10:40:25Z",
            "2025-09-07T10:40:49Z",
            "2025-09-07T10:41:08Z",
            "2025-09-07T10:41:22Z",
            "2025-09-07T10:41:43Z",
            "2025-09-07T10:42:13Z",
            "2025-09-07T10:42:44Z",
            "2025-09-07T10:43:11Z",
            "2025-09-07T10:43:33Z",
            "2025-09-07T10:43:49Z",
            "2025-09-07T10:44:17Z",
            "2025-09-07T10:44:40Z",
            "2025-09-07T10:44:44Z",
            "2025-09-07T10:45:01Z",
            "2025-09-07T10:45:22Z",
            "2025-09-07T10:45:40Z",
            "2025-09-07T10:46:06Z",
            "2025-09-07T10:46:33Z",
            "2025-09-07T10:46:58Z",
            "2025-09-07T10:47:25Z",
            "2025-09-07T10:47:50Z",
            "2025-09-07T10:48:19Z",
            "2025-09-07T10:48:51Z",
            "2025-09-07T10:49:13Z",
            "2025-09-07T10:49:32Z",
            "2025-09-07T10:50:03Z",
            "2025-09-07T10:51:13Z",
            "2025-09-07T10:51:36Z",
            "2025-09-07T10:52:01Z",
            "2025-09-07T10:52:35Z",
            "2025-09-07T10:52:40Z",
            "2025-09-07T10:53:00Z",
            "2025-09-07T10:53:19Z",
            "2025-09-07T10:53:36Z",
            "2025-09-07T10:53:46Z",
            "2025-09-07T10:54:04Z",
            "2025-09-07T10:54:20Z",
            "2025-09-07T10:54:39Z",
            "2025-09-07T10:54:57Z",
            "2025-09-07T10:55:16Z",
            "2025-09-07T10:55:42Z",
            "2025-09-07T10:56:08Z",
            "2025-09-07T10:56:42Z",
            "2025-09-07T10:57:27Z",
            "2025-09-07T10:57:52Z",
            "2025-09-07T10:58:17Z",
            "2025-09-07T10:58:36Z",
            "2025-09-07T10:59:10Z",
            "2025-09-07T10:59:39Z",
            "2025-09-07T11:00:14Z",
            "2025-09-07T11:00:42Z",
            "2025-09-07T11:01:13Z",
            "2025-09-07T11:01:42Z",
            "2025-09-07T11:02:13Z",
            "2025-09-07T11:02:46Z",
            "2025-09-07T11:03:24Z",
            "2025-09-07T11:04:01Z",
            "2025-09-07T11:04:45Z",
            "2025-09-07T11:05:17Z",
            "2025-09-07T11:05:50Z",
            "2025-09-07T11:06:21Z",
            "2025-09-07T11:06:54Z",
            "2025-09-07T11:07:28Z",
            "2025-09-07T11:08:02Z",
            "2025-09-07T11:08:44Z",
            "2025-09-07T11:09:25Z",
            "2025-09-07T11:09:56Z",
            "2025-09-07T11:10:29Z",
            "2025-09-07T11:10:59Z",
            "2025-09-07T11:11:35Z",
            "2025-09-07T11:12:08Z",
            "2025-09-07T11:12:41Z",
            "2025-09-07T11:13:11Z",
            "2025-09-07T11:13:42Z",
            "2025-09-07T11:14:13Z",
            "2025-09-07T11:14:45Z",
            "2025-09-07T11:15:19Z",
            "2025-09-07T11:15:51Z",
            "2025-09-07T11:16:22Z",
            "2025-09-07T11:16:55Z",
            "2025-09-07T11:17:27Z",
            "2025-09-07T11:17:57Z",
            "2025-09-07T11:18:30Z",
            "2025-09-07T11:19:01Z",
            "2025-09-07T11:19:34Z",
            "2025-09-07T11:20:07Z",
            "2025-09-07T11:20:39Z",
            "2025-09-07T11:21:09Z",
            "2025-09-07T11:21:39Z",
            "2025-09-07T11:22:15Z",
            "2025-09-07T11:22:50Z",
            "2025-09-07T11:23:22Z",
            "2025-09-07T11:23:54Z",
            "2025-09-07T11:24:25Z",
            "2025-09-07T11:25:01Z",
            "2025-09-07T11:25:34Z",
            "2025-09-07T11:26:03Z",
            "2025-09-07T11:26:37Z",
            "2025-09-07T11:27:09Z",
            "2025-09-07T11:27:38Z",
            "2025-09-07T11:28:09Z",
            "2025-09-07T11:28:39Z",
            "2025-09-07T11:29:13Z",
            "2025-09-07T11:29:46Z",
            "2025-09-07T11:30:16Z",
            "2025-09-07T11:30:52Z",
            "2025-09-07T11:31:28Z",
            "2025-09-07T11:31:57Z",
            "2025-09-07T11:32:29Z",
            "2025-09-07T11:33:00Z",
            "2025-09-07T11:33:32Z",
            "2025-09-07T11:34:02Z",
            "2025-09-07T11:34:34Z",
            "2025-09-07T11:35:06Z",
            "2025-09-07T11:35:35Z",
            "2025-09-07T11:36:07Z",
            "2025-09-07T11:36:40Z",
            "2025-09-07T11:37:13Z",
            "2025-09-07T11:37:47Z",
            "2025-09-07T11:38:17Z",
            "2025-09-07T11:38:46Z",
            "2025-09-07T11:39:14Z",
            "2025-09-07T11:39:39Z",
            "2025-09-07T11:40:14Z",
            "2025-09-07T11:40:40Z",
            "2025-09-07T11:41:16Z",
            "2025-09-07T11:41:27Z",
            "2025-09-07T11:41:42Z",
            "2025-09-07T11:42:21Z",
            "2025-09-07T11:42:24Z",
            "2025-09-07T11:42:48Z",
            "2025-09-07T11:43:18Z",
            "2025-09-07T11:43:47Z",
            "2025-09-07T11:44:15Z",
            "2025-09-07T11:44:49Z",
            "2025-09-07T11:45:18Z",
            "2025-09-07T11:45:38Z",
            "2025-09-07T11:46:08Z",
            "2025-09-07T11:46:36Z",
            "2025-09-07T11:47:03Z",
            "2025-09-07T11:47:35Z",
            "2025-09-07T11:48:09Z",
            "2025-09-07T11:48:40Z",
            "2025-09-07T11:49:15Z",
            "2025-09-07T11:49:42Z",
            "2025-09-07T11:50:08Z",
            "2025-09-07T11:50:36Z",
            "2025-09-07T11:50:57Z",
            "2025-09-07T11:51:20Z",
            "2025-09-07T11:51:47Z",
            "2025-09-07T11:52:07Z",
            "2025-09-07T11:52:30Z",
            "2025-09-07T11:53:00Z",
            "2025-09-07T11:53:24Z",
            "2025-09-07T11:53:49Z",
            "2025-09-07T11:54:14Z",
            "2025-09-07T11:54:31Z",
            "2025-09-07T11:54:56Z",
            "2025-09-07T11:55:17Z",
            "2025-09-07T11:55:42Z",
            "2025-09-07T11:56:07Z",
            "2025-09-07T11:56:26Z",
            "2025-09-07T11:57:29Z",
            "2025-09-07T11:58:20Z",
            "2025-09-07T11:59:31Z",
            "2025-09-07T12:00:49Z",
            "2025-09-07T12:02:02Z",
            "2025-09-07T12:03:13Z",
            "2025-09-07T12:03:56Z",
            "2025-09-07T12:04:15Z",
            "2025-09-07T12:04:26Z",
            "2025-09-07T12:04:49Z",
            "2025-09-07T12:05:07Z",
            "2025-09-07T12:05:24Z",
            "2025-09-07T12:05:25Z",
            "2025-09-07T12:05:41Z",
            "2025-09-07T12:05:52Z",
            "2025-09-07T12:06:20Z",
            "2025-09-07T12:07:24Z",
            "2025-09-07T12:08:22Z",
            "2025-09-07T12:08:53Z",
            "2025-09-07T12:09:25Z",
            "2025-09-07T12:09:57Z",
            "2025-09-07T12:10:28Z",
            "2025-09-07T12:10:59Z",
            "2025-09-07T12:11:29Z",
            "2025-09-07T12:12:01Z",
            "2025-09-07T12:12:34Z",
            "2025-09-07T12:13:03Z",
            "2025-09-07T12:13:32Z",
            "2025-09-07T12:13:33Z",
            "2025-09-07T12:13:35Z",
            "2025-09-07T12:13:52Z",
            "2025-09-07T12:13:54Z",
            "2025-09-07T12:14:39Z",
            "2025-09-07T12:15:53Z",
            "2025-09-07T12:16:23Z"
          ]
        }
      },
      "geometry": {
        "type": "LineString",
        "coordinates": [
          [12.4191912543, 62.3525909521, 780.34],
          [12.4191866443, 62.3525902815, 780.34],
          [12.4191925116, 62.3526023515, 780.31],
          [12.4192421325, 62.3526086379, 779.52],
          [12.4193151388, 62.3526122421, 779.51],
          [12.419382697, 62.3526109848, 778.79],
          [12.4196052365, 62.3526260722, 778.52],
          [12.4203957338, 62.3528061155, 778.88],
          [12.4212272186, 62.3530280683, 778.62],
          [12.4216856249, 62.3533355165, 779.47],
          [12.4222098291, 62.3536524363, 778.4],
          [12.42271333, 62.3540316336, 777.78],
          [12.423173245, 62.3543259222, 777.68],
          [12.4235556275, 62.3545901198, 777.81],
          [12.4240251817, 62.3548267409, 776.77],
          [12.4244892877, 62.3552279826, 777.04],
          [12.4248113204, 62.3554786015, 776.68],
          [12.4252144061, 62.35568773, 776.93],
          [12.425316833, 62.3558427114, 776.67],
          [12.4255473353, 62.356152758, 776.96],
          [12.4258176517, 62.3564457893, 776.59],
          [12.4262462184, 62.3567008507, 777.12],
          [12.4268575944, 62.3569629528, 776.12],
          [12.4273310881, 62.3570788745, 775.65],
          [12.4276723154, 62.3571916949, 776.51],
          [12.4280502554, 62.3572763521, 775.74],
          [12.4283489026, 62.3572853208, 774.94],
          [12.4286347255, 62.3573276494, 775.15],
          [12.4287953228, 62.3573133163, 774.47],
          [12.4290447682, 62.3572892603, 773.91],
          [12.4292865861, 62.3572339397, 774.3],
          [12.4294257257, 62.3571856599, 774.05],
          [12.4295928609, 62.3571257293, 774.02],
          [12.4300293904, 62.3570268229, 773.9],
          [12.4306184705, 62.3569286708, 773.68],
          [12.4306365754, 62.3569250666, 773.61],
          [12.431287514, 62.3567557521, 773.73],
          [12.4320661929, 62.3566148523, 773.72],
          [12.4328540079, 62.3564616311, 773.71],
          [12.4335188605, 62.3562627286, 773.79],
          [12.4340140633, 62.3560277838, 773.95],
          [12.4345555343, 62.3557445593, 773.65],
          [12.4350025412, 62.3552610911, 773.5],
          [12.435137406, 62.3548691534, 773.48],
          [12.4352371506, 62.3545574304, 773.08],
          [12.4354996718, 62.3541695997, 773.58],
          [12.4356885999, 62.3537625745, 773.07],
          [12.4359995686, 62.3534335848, 772.74],
          [12.4361208547, 62.3531252984, 772.26],
          [12.4366131239, 62.3528105579, 772.4],
          [12.437084103, 62.3525671475, 771.89],
          [12.4375239015, 62.3522909638, 772.19],
          [12.4379223771, 62.3520615511, 772.28],
          [12.4379527196, 62.352036573, 772.66],
          [12.4379335251, 62.352033807, 772.5],
          [12.4379393924, 62.3520319629, 772.43],
          [12.4379495345, 62.3520335555, 772.97],
          [12.4379508756, 62.3520377465, 772.38],
          [12.4379321001, 62.3520306218, 772.58],
          [12.4378953036, 62.3520107567, 771.82],
          [12.4379311781, 62.3520102538, 771.37],
          [12.4379269872, 62.3519817553, 771.53],
          [12.4379408173, 62.3519787379, 771.21],
          [12.4380829744, 62.3519694339, 772.19],
          [12.4381737504, 62.3519714456, 772.86],
          [12.4381505325, 62.3519708589, 772.74],
          [12.4381393846, 62.3519748822, 772.2],
          [12.4381365348, 62.3519757204, 773.78],
          [12.4381339364, 62.3519594595, 774.13],
          [12.4381151609, 62.3519359902, 773.63],
          [12.4381246325, 62.351943031, 774.56],
          [12.4381342717, 62.3519064859, 774.06],
          [12.4381387141, 62.3518455494, 774.29],
          [12.4382926058, 62.3517365009, 775.55],
          [12.4384894967, 62.3516902328, 777.58],
          [12.4385345913, 62.3516483232, 778.75],
          [12.438630648, 62.3514933418, 778.89],
          [12.438809434, 62.3513662722, 781.03],
          [12.4389786646, 62.351316819, 782.88],
          [12.4390849471, 62.3512083571, 783.49],
          [12.4393158685, 62.3511432298, 783.69],
          [12.4395376537, 62.3510744143, 782.68],
          [12.4395786412, 62.3510668706, 781.6],
          [12.4397828244, 62.3509651981, 780.79],
          [12.4399671424, 62.3509170022, 780.73],
          [12.4400797952, 62.3508762661, 780.15],
          [12.4402739201, 62.3508262262, 780.91],
          [12.4404745828, 62.3508141562, 780.68],
          [12.4406998046, 62.3507768568, 779.73],
          [12.4409139622, 62.3507381324, 776.51],
          [12.441077996, 62.3507417366, 775.77],
          [12.4411294609, 62.3507255595, 775.47],
          [12.4411606416, 62.3507119808, 775.22],
          [12.4412146211, 62.3507032637, 774.03],
          [12.4412311334, 62.3507207818, 773.66],
          [12.4412036408, 62.3507148307, 773.32],
          [12.4412288703, 62.3507103883, 773.84],
          [12.4412116036, 62.3507191055, 773.91],
          [12.4411773216, 62.3507223744, 774.53],
          [12.4411913194, 62.3507404793, 773.89],
          [12.4411853682, 62.3507233802, 773.86],
          [12.4412003718, 62.3507271521, 774.7],
          [12.4411810096, 62.3507320136, 774.02],
          [12.4411734659, 62.3507201113, 774.47],
          [12.44115863, 62.3507175129, 774.71],
          [12.4411645811, 62.3507061135, 774.08],
          [12.4411732983, 62.3507178482, 775.43],
          [12.4411939178, 62.3507305887, 775.52],
          [12.4411691073, 62.3507352825, 775.35],
          [12.4411811773, 62.3507278226, 775.03],
          [12.4411897268, 62.3507473525, 774.92],
          [12.4412375875, 62.3507616855, 773.75],
          [12.4412462208, 62.3507708218, 773.84],
          [12.4412523396, 62.3507697321, 774.02],
          [12.441277653, 62.3507915251, 773.67],
          [12.4413272738, 62.3507800419, 774.55],
          [12.4413556885, 62.3507816344, 774.17],
          [12.4413621426, 62.3507670499, 773.99],
          [12.4413989391, 62.3507709894, 773.48],
          [12.4414068181, 62.350769816, 774],
          [12.4414158706, 62.3507634457, 774.83],
          [12.4414472189, 62.3507835623, 774.73],
          [12.4414593726, 62.350808708, 774],
          [12.4415111728, 62.3508330155, 774.11],
          [12.4415452033, 62.3508700635, 773.96],
          [12.4415353127, 62.3508848157, 773.69],
          [12.4416919705, 62.3509436566, 774.38],
          [12.4420237262, 62.3511555512, 774.22],
          [12.4424028397, 62.3513269611, 774.62],
          [12.4431054108, 62.3516347446, 773.7],
          [12.4435482267, 62.3518560268, 774.93],
          [12.443855172, 62.35204814, 774.3],
          [12.4440570921, 62.3522365652, 774.39],
          [12.4443787057, 62.3525223043, 774.04],
          [12.4446636066, 62.3527168483, 773.86],
          [12.445018664, 62.352889264, 775.19],
          [12.4454213306, 62.3530939501, 774.51],
          [12.4457542598, 62.3533135559, 774.52],
          [12.4461765401, 62.353496952, 773.68],
          [12.4464539811, 62.3536367621, 773.92],
          [12.446932923, 62.3537434638, 774.07],
          [12.4475753959, 62.3537851218, 774.3],
          [12.4481294397, 62.3538002092, 774.38],
          [12.4486429989, 62.3537365068, 773.88],
          [12.4490527902, 62.3536593094, 773.86],
          [12.4495155551, 62.3535759095, 773.83],
          [12.4499696866, 62.3533818685, 773.97],
          [12.4504350498, 62.3532383703, 774.35],
          [12.4504442699, 62.3532304913, 774.13],
          [12.4506822322, 62.3529820517, 774.29],
          [12.4510239623, 62.3526191991, 773.82],
          [12.4515300617, 62.3521452025, 773.93],
          [12.4516985379, 62.3518098425, 773.74],
          [12.4519090075, 62.3516971059, 774.19],
          [12.4519241787, 62.3516852036, 775.18],
          [12.45191806, 62.3516278714, 774.96],
          [12.4519971013, 62.3515448906, 775.45],
          [12.4520022981, 62.3515236843, 775.25],
          [12.4520357419, 62.3514562938, 775.22],
          [12.452102378, 62.3514088523, 775.2],
          [12.452162141, 62.35141824, 775],
          [12.4523106683, 62.3515171465, 774.69],
          [12.4522502348, 62.35159887, 775.13],
          [12.4521895498, 62.3516392708, 774.68],
          [12.4520655815, 62.3516611475, 774.77],
          [12.4519735482, 62.351667434, 774.14],
          [12.4519476481, 62.3516925797, 774.19],
          [12.4520509969, 62.3516605608, 774.28],
          [12.4520034716, 62.3516708706, 774.07],
          [12.4520950858, 62.3516295478, 774.49],
          [12.4521575309, 62.3516220879, 774.27],
          [12.4522253405, 62.3515941761, 773.55],
          [12.4522750452, 62.3515764903, 773.73],
          [12.4522930663, 62.3515560385, 774.09],
          [12.4522994366, 62.3515448067, 773.64],
          [12.4523147754, 62.3515059147, 774.11],
          [12.4523553438, 62.3514839541, 773.93],
          [12.4523113389, 62.3514538631, 773.3],
          [12.4522390869, 62.3514287174, 773.71],
          [12.4522119295, 62.3513937648, 773.08],
          [12.4521707743, 62.351328386, 773.44],
          [12.452179743, 62.3511791881, 773.43],
          [12.4520663358, 62.3510162439, 773.32],
          [12.4520369992, 62.3509075306, 773.95],
          [12.4520492367, 62.3508439958, 773.71],
          [12.4520535953, 62.3507330194, 773.69],
          [12.4520171341, 62.3504206259, 773.37],
          [12.4520689342, 62.3501721025, 772.87],
          [12.4521256797, 62.3501325399, 773.45],
          [12.4524515681, 62.3500017822, 773.56],
          [12.4527425878, 62.3499555979, 773.23],
          [12.4530020915, 62.3499321286, 774.16],
          [12.4531111401, 62.3499764688, 774.05],
          [12.4531289097, 62.3500163667, 773.98],
          [12.4531545583, 62.3500280175, 774.48],
          [12.453217255, 62.3500321247, 774.04],
          [12.4532159977, 62.3500360642, 774.54],
          [12.4532907642, 62.3500400037, 774.31],
          [12.4533282313, 62.3500354774, 775.36],
          [12.4536510184, 62.3500020336, 773.42],
          [12.4537577201, 62.3499730323, 773.39],
          [12.4537795968, 62.3500020336, 773.28],
          [12.4537752382, 62.3500156123, 773.36],
          [12.4537795968, 62.3500022013, 773.22],
          [12.4541043956, 62.3500330467, 773.11],
          [12.4545856006, 62.350026425, 773.72],
          [12.4546748679, 62.3500354774, 773.39],
          [12.4550970644, 62.3500822484, 773.42],
          [12.455465449, 62.3501733597, 773.3],
          [12.4555808678, 62.3502767086, 773.67],
          [12.4556298181, 62.3503627069, 773.9],
          [12.4556786008, 62.3505813908, 773.6],
          [12.4557216, 62.3507916927, 773.23],
          [12.4557160679, 62.3510218598, 773.18],
          [12.455566451, 62.3512290604, 773.25],
          [12.4553227052, 62.3513430543, 772.45],
          [12.4552918598, 62.3513644282, 772.76],
          [12.4553139042, 62.3513769172, 772.79],
          [12.455297811, 62.3513906635, 773.09],
          [12.4553124793, 62.3513832875, 772.73],
          [12.455327902, 62.3513871431, 772.77],
          [12.4553365353, 62.3513980396, 772.66],
          [12.4552631937, 62.3514313996, 773.99],
          [12.4552495312, 62.3514317349, 774.62],
          [12.4552339409, 62.3514248617, 773.72],
          [12.4552155007, 62.3514393624, 773.55],
          [12.4552359525, 62.3514643405, 773.77],
          [12.4552334379, 62.3514620773, 773.21],
          [12.4552226253, 62.3514847923, 772.98],
          [12.4552061968, 62.3514749855, 772.99],
          [12.455216758, 62.3514700402, 772.86],
          [12.4552218709, 62.3514593951, 773.12],
          [12.455224134, 62.3514612392, 772.98],
          [12.4552262295, 62.3514489178, 772.74],
          [12.4552452564, 62.351455288, 773.11],
          [12.4552500341, 62.3514625803, 773.83],
          [12.4552439991, 62.3514468223, 772.53],
          [12.4552425742, 62.3514474928, 773.12],
          [12.4552891776, 62.3514567129, 772.67],
          [12.4552765209, 62.3514678609, 772.23],
          [12.4552322645, 62.3514604848, 772.84],
          [12.4552542251, 62.3514847085, 772.54],
          [12.4552752636, 62.3514610715, 772.53],
          [12.4552367069, 62.3514469061, 772.58],
          [12.455242658, 62.3514327407, 772.46],
          [12.4552437477, 62.3514626641, 772.05],
          [12.4552663788, 62.351458976, 772.12],
          [12.4551905226, 62.3514405359, 772.27],
          [12.4553058576, 62.3514555395, 772.6],
          [12.4552095495, 62.3514704593, 772.62],
          [12.4552503694, 62.3515091836, 772.6],
          [12.4552442506, 62.351478925, 772.07],
          [12.4552357011, 62.3514586408, 771.96],
          [12.4552310072, 62.351441877, 771.82],
          [12.4552175961, 62.3514434695, 772.49],
          [12.4552032631, 62.3514588084, 771.73],
          [12.4552108906, 62.3514674418, 771.44],
          [12.4552382994, 62.3514570482, 772.04],
          [12.4552325159, 62.3514541145, 771.45],
          [12.4552413169, 62.351454366, 770.89],
          [12.4552051909, 62.3514231015, 771.46],
          [12.4552289117, 62.3514327407, 771.57],
          [12.4552491959, 62.3514539469, 771.64],
          [12.4552372098, 62.3514598142, 771.56],
          [12.4552173447, 62.3514459003, 771.78],
          [12.4551844038, 62.351425197, 771.6],
          [12.4552055262, 62.3514127079, 771.63],
          [12.4551857449, 62.3514448106, 771.91],
          [12.4552392215, 62.3514500912, 772.57],
          [12.4552476034, 62.3514531925, 771.93],
          [12.4552339409, 62.3514663521, 771.82],
          [12.4552332703, 62.351466855, 772.29],
          [12.4552252237, 62.3514593113, 772.22],
          [12.4552024249, 62.3514538631, 772.35],
          [12.4552096333, 62.3514482472, 772.34],
          [12.4551980663, 62.3514444754, 771.87],
          [12.4552210327, 62.3514649272, 771.87],
          [12.4552399758, 62.3514619935, 771.74],
          [12.4552382156, 62.351440955, 771.92],
          [12.4552525487, 62.3514499236, 771.77],
          [12.4552315939, 62.351424275, 771.89],
          [12.4552270677, 62.3514239397, 771.79],
          [12.4552084599, 62.3514176533, 771.16],
          [12.4552111421, 62.3514160607, 771.65],
          [12.4552207813, 62.3514227662, 771.61],
          [12.4552529678, 62.3514301423, 770.98],
          [12.4552526325, 62.3514355067, 771.1],
          [12.4552377965, 62.3514570482, 771.38],
          [12.4552215356, 62.351457132, 771.23],
          [12.455215333, 62.3514490016, 771.41],
          [12.4552319292, 62.35143492, 770.35],
          [12.4552113935, 62.3514218442, 770.87],
          [12.455235282, 62.3514630832, 770.92],
          [12.4552385509, 62.3514680285, 770.15],
          [12.4552485254, 62.3514488339, 770.01],
          [12.4552243017, 62.351465011, 770.8],
          [12.4552445021, 62.3514741473, 769.91],
          [12.4552507047, 62.3514715489, 770.23],
          [12.4552603438, 62.3514511809, 770.51],
          [12.4552196078, 62.3514328245, 770.52],
          [12.455214411, 62.3514305614, 770.67],
          [12.4553526286, 62.3514313996, 770.55],
          [12.455357071, 62.3514302261, 769.89],
          [12.4553911854, 62.3514223471, 768.51],
          [12.4554581568, 62.3514208384, 769.16],
          [12.4555211887, 62.3514179047, 769.6],
          [12.4560130388, 62.3512412142, 769.72],
          [12.4566275999, 62.3510366119, 768.73],
          [12.457167143, 62.3508517072, 769.77],
          [12.4578103703, 62.3506683949, 769.8],
          [12.4585468881, 62.3505218793, 769.88],
          [12.4592276663, 62.3504161835, 769.89],
          [12.4596185982, 62.3503547441, 769.67],
          [12.460434325, 62.350388607, 770.06],
          [12.4612800591, 62.3503850866, 770.93],
          [12.4620834645, 62.3504426703, 770.05],
          [12.4628809188, 62.3505046964, 770.84],
          [12.4636050314, 62.3506127391, 770.33],
          [12.4643362686, 62.3507203627, 770.66],
          [12.465072535, 62.3508968018, 770.51],
          [12.4658229668, 62.3509766813, 770.84],
          [12.466495866, 62.3511625919, 770.97],
          [12.4670253508, 62.3513842095, 771.11],
          [12.4674483016, 62.3515740596, 771.25],
          [12.4679818936, 62.3517655861, 770.89],
          [12.4683065247, 62.3518627323, 771.2],
          [12.4687206745, 62.3520768061, 771.75],
          [12.4691508338, 62.3522440251, 771.21],
          [12.4695130996, 62.3525425885, 771.69],
          [12.4698546622, 62.3526569176, 771.47],
          [12.4702014215, 62.3528094683, 771.37],
          [12.470522197, 62.3529996537, 771.51],
          [12.4706014059, 62.3530670442, 771.26],
          [12.4704666249, 62.353204675, 771.33],
          [12.4707233626, 62.3532689642, 771.37],
          [12.4709625822, 62.3533766717, 771.65],
          [12.4710329901, 62.3533936031, 771.54],
          [12.4710189924, 62.3534219339, 771.88],
          [12.4710048269, 62.353417743, 772.28],
          [12.4709987082, 62.3534252029, 771.3],
          [12.4710044079, 62.3534190841, 772.27],
          [12.4710114487, 62.3534298129, 771.97],
          [12.4710003845, 62.3534367699, 772.19],
          [12.4709947687, 62.3534285557, 772.93],
          [12.4709940981, 62.3534271307, 773.76],
          [12.4710028991, 62.3534217663, 773.41],
          [12.4710685294, 62.3534829542, 774.12],
          [12.4708692078, 62.3537190724, 773.76],
          [12.4707357679, 62.3539176397, 773.94],
          [12.4707515258, 62.3540939111, 776.74],
          [12.4707599916, 62.354103215, 776.59],
          [12.470938107, 62.354119895, 776.4],
          [12.470989991, 62.3541343119, 775.15],
          [12.4709827825, 62.3541137762, 775.48],
          [12.4709493387, 62.3541079089, 776.15],
          [12.4710028991, 62.3541215714, 774.84],
          [12.4710106943, 62.3541333061, 775.23],
          [12.4710065033, 62.3541711923, 775.07],
          [12.4709889013, 62.3541644868, 775.67],
          [12.4709878955, 62.3541504052, 776.47],
          [12.470974233, 62.3541793227, 776.17],
          [12.4709709641, 62.3541596252, 776.08],
          [12.4709780887, 62.3541464657, 776.37],
          [12.4709984567, 62.3541186377, 776.25],
          [12.4709987082, 62.3541128542, 776.1],
          [12.4710277095, 62.3541411012, 777.26],
          [12.4710350856, 62.3541616369, 777.56],
          [12.471068278, 62.3541794065, 777.8],
          [12.4713468924, 62.3542586993, 777.64],
          [12.4713515025, 62.3542612139, 776.24],
          [12.4713686015, 62.3542612977, 776.42],
          [12.4713701103, 62.3542701825, 776.97],
          [12.4713624828, 62.3542649858, 777.95]
        ]
      }
    }
  ]
}
