{
  "type": "FeatureCollection",
  "features": [
    {
      "type": "Feature",
      "properties": {
        "_gpxType": "trk",
        "name": "2025-02-26 17:46:05",
        "time": "2025-02-26T12:49:25",
        "type": "walk",
        "coordinateProperties": {
          "times": [
            "2025-02-26T12:49:25",
            "2025-02-26T12:50:20",
            "2025-02-26T12:51:36",
            "2025-02-26T12:52:02",
            "2025-02-26T12:52:27",
            "2025-02-26T12:52:52",
            "2025-02-26T12:53:07",
            "2025-02-26T12:53:29",
            "2025-02-26T12:53:48",
            "2025-02-26T12:53:57",
            "2025-02-26T12:54:23",
            "2025-02-26T12:54:42",
            "2025-02-26T12:54:47",
            "2025-02-26T12:54:53",
            "2025-02-26T12:55:11",
            "2025-02-26T12:55:28",
            "2025-02-26T12:55:45",
            "2025-02-26T12:56:02",
            "2025-02-26T12:56:16",
            "2025-02-26T12:56:31",
            "2025-02-26T12:56:47",
            "2025-02-26T12:56:56",
            "2025-02-26T12:57:12",
            "2025-02-26T12:57:20",
            "2025-02-26T12:57:35",
            "2025-02-26T12:57:53",
            "2025-02-26T12:58:08",
            "2025-02-26T12:58:24",
            "2025-02-26T12:58:40",
            "2025-02-26T12:58:47",
            "2025-02-26T12:59:05",
            "2025-02-26T12:59:19",
            "2025-02-26T12:59:34",
            "2025-02-26T12:59:51",
            "2025-02-26T13:00:08",
            "2025-02-26T13:00:22",
            "2025-02-26T13:00:36",
            "2025-02-26T13:00:38",
            "2025-02-26T13:00:43",
            "2025-02-26T13:00:45",
            "2025-02-26T13:00:48",
            "2025-02-26T13:01:05",
            "2025-02-26T13:01:10",
            "2025-02-26T13:01:18",
            "2025-02-26T13:01:25",
            "2025-02-26T13:01:30",
            "2025-02-26T13:01:47",
            "2025-02-26T13:02:02",
            "2025-02-26T13:02:14",
            "2025-02-26T13:02:23",
            "2025-02-26T13:02:28",
            "2025-02-26T13:02:30",
            "2025-02-26T13:02:44",
            "2025-02-26T13:03:02",
            "2025-02-26T13:03:07",
            "2025-02-26T13:03:23",
            "2025-02-26T13:03:36",
            "2025-02-26T13:03:51",
            "2025-02-26T13:04:07",
            "2025-02-26T13:04:17",
            "2025-02-26T13:04:24",
            "2025-02-26T13:04:28",
            "2025-02-26T13:04:32",
            "2025-02-26T13:04:35",
            "2025-02-26T13:04:38",
            "2025-02-26T13:04:51",
            "2025-02-26T13:05:06",
            "2025-02-26T13:05:11",
            "2025-02-26T13:05:27",
            "2025-02-26T13:05:42",
            "2025-02-26T13:05:54",
            "2025-02-26T13:05:56",
            "2025-02-26T13:06:01",
            "2025-02-26T13:06:06",
            "2025-02-26T13:06:08",
            "2025-02-26T13:06:23",
            "2025-02-26T13:06:37",
            "2025-02-26T13:06:44",
            "2025-02-26T13:07:01",
            "2025-02-26T13:07:13",
            "2025-02-26T13:07:32",
            "2025-02-26T13:07:44",
            "2025-02-26T13:08:00",
            "2025-02-26T13:08:08",
            "2025-02-26T13:08:11",
            "2025-02-26T13:08:16",
            "2025-02-26T13:08:33",
            "2025-02-26T13:08:39",
            "2025-02-26T13:08:47",
            "2025-02-26T13:08:51",
            "2025-02-26T13:09:00",
            "2025-02-26T13:09:03",
            "2025-02-26T13:09:17",
            "2025-02-26T13:09:35",
            "2025-02-26T13:09:57",
            "2025-02-26T13:10:01",
            "2025-02-26T13:10:20",
            "2025-02-26T13:10:36",
            "2025-02-26T13:10:55",
            "2025-02-26T13:11:12",
            "2025-02-26T13:11:29",
            "2025-02-26T13:11:46",
            "2025-02-26T13:12:07",
            "2025-02-26T13:12:19",
            "2025-02-26T13:12:38",
            "2025-02-26T13:12:57",
            "2025-02-26T13:13:22",
            "2025-02-26T13:13:59",
            "2025-02-26T13:14:24",
            "2025-02-26T13:14:40",
            "2025-02-26T13:14:46",
            "2025-02-26T13:15:06",
            "2025-02-26T13:15:21",
            "2025-02-26T13:15:40",
            "2025-02-26T13:16:00",
            "2025-02-26T13:16:18",
            "2025-02-26T13:16:36",
            "2025-02-26T13:16:56",
            "2025-02-26T13:17:14",
            "2025-02-26T13:17:28",
            "2025-02-26T13:17:48",
            "2025-02-26T13:18:10",
            "2025-02-26T13:18:26",
            "2025-02-26T13:18:47",
            "2025-02-26T13:19:10",
            "2025-02-26T13:19:30",
            "2025-02-26T13:19:49",
            "2025-02-26T13:20:00",
            "2025-02-26T13:20:12",
            "2025-02-26T13:20:25",
            "2025-02-26T13:20:39",
            "2025-02-26T13:20:52",
            "2025-02-26T13:21:11",
            "2025-02-26T13:21:25",
            "2025-02-26T13:21:32",
            "2025-02-26T13:21:39",
            "2025-02-26T13:21:58",
            "2025-02-26T13:22:19",
            "2025-02-26T13:22:32",
            "2025-02-26T13:22:48",
            "2025-02-26T13:23:18",
            "2025-02-26T13:23:31",
            "2025-02-26T13:23:47",
            "2025-02-26T13:24:08",
            "2025-02-26T13:24:21",
            "2025-02-26T13:24:34",
            "2025-02-26T13:24:48",
            "2025-02-26T13:25:07",
            "2025-02-26T13:25:22",
            "2025-02-26T13:25:39",
            "2025-02-26T13:25:52",
            "2025-02-26T13:26:00",
            "2025-02-26T13:26:17",
            "2025-02-26T13:26:20",
            "2025-02-26T13:26:28",
            "2025-02-26T13:26:29",
            "2025-02-26T13:26:39",
            "2025-02-26T13:26:51",
            "2025-02-26T13:27:05",
            "2025-02-26T13:27:19",
            "2025-02-26T13:27:36",
            "2025-02-26T13:28:04",
            "2025-02-26T13:28:18",
            "2025-02-26T13:28:42",
            "2025-02-26T13:29:12",
            "2025-02-26T13:30:19",
            "2025-02-26T13:30:45",
            "2025-02-26T13:30:51",
            "2025-02-26T13:31:00",
            "2025-02-26T13:31:10",
            "2025-02-26T13:32:02",
            "2025-02-26T13:32:10",
            "2025-02-26T13:33:05",
            "2025-02-26T13:34:07",
            "2025-02-26T13:34:57",
            "2025-02-26T13:35:41",
            "2025-02-26T13:36:20",
            "2025-02-26T13:37:10",
            "2025-02-26T13:38:00",
            "2025-02-26T13:39:02",
            "2025-02-26T13:39:46",
            "2025-02-26T13:40:42",
            "2025-02-26T13:41:11",
            "2025-02-26T13:42:07",
            "2025-02-26T13:43:05",
            "2025-02-26T13:44:00",
            "2025-02-26T13:44:33",
            "2025-02-26T13:45:20",
            "2025-02-26T13:45:59",
            "2025-02-26T13:46:52",
            "2025-02-26T13:47:54",
            "2025-02-26T13:48:37",
            "2025-02-26T13:49:37",
            "2025-02-26T13:50:22",
            "2025-02-26T13:51:12",
            "2025-02-26T13:52:02",
            "2025-02-26T13:52:46",
            "2025-02-26T13:53:35",
            "2025-02-26T13:54:33",
            "2025-02-26T13:55:29",
            "2025-02-26T13:56:12",
            "2025-02-26T13:56:41",
            "2025-02-26T13:57:41",
            "2025-02-26T13:58:47",
            "2025-02-26T13:59:47",
            "2025-02-26T14:00:40",
            "2025-02-26T14:01:48",
            "2025-02-26T14:03:03",
            "2025-02-26T14:04:17",
            "2025-02-26T14:05:35",
            "2025-02-26T14:06:48",
            "2025-02-26T14:07:59",
            "2025-02-26T14:09:17",
            "2025-02-26T14:10:30",
            "2025-02-26T14:11:25",
            "2025-02-26T14:11:57",
            "2025-02-26T14:12:30",
            "2025-02-26T14:13:24",
            "2025-02-26T14:14:22",
            "2025-02-26T14:15:18",
            "2025-02-26T14:15:54",
            "2025-02-26T14:16:21",
            "2025-02-26T14:17:14",
            "2025-02-26T14:17:31",
            "2025-02-26T14:17:42",
            "2025-02-26T14:17:44",
            "2025-02-26T14:17:55",
            "2025-02-26T14:18:26",
            "2025-02-26T14:19:14",
            "2025-02-26T14:19:37",
            "2025-02-26T14:20:02",
            "2025-02-26T14:20:39",
            "2025-02-26T14:21:13",
            "2025-02-26T14:21:28",
            "2025-02-26T14:21:39",
            "2025-02-26T14:21:45",
            "2025-02-26T14:22:06",
            "2025-02-26T14:22:25",
            "2025-02-26T14:22:26",
            "2025-02-26T14:22:33",
            "2025-02-26T14:23:00",
            "2025-02-26T14:24:28",
            "2025-02-26T14:25:24",
            "2025-02-26T14:26:06",
            "2025-02-26T14:26:23",
            "2025-02-26T14:26:35",
            "2025-02-26T14:26:46",
            "2025-02-26T14:27:03",
            "2025-02-26T14:27:26",
            "2025-02-26T14:27:43",
            "2025-02-26T14:28:00",
            "2025-02-26T14:28:11",
            "2025-02-26T14:28:23",
            "2025-02-26T14:28:28",
            "2025-02-26T14:28:33",
            "2025-02-26T14:28:40",
            "2025-02-26T14:29:02",
            "2025-02-26T14:29:18",
            "2025-02-26T14:29:36",
            "2025-02-26T14:29:55",
            "2025-02-26T14:30:13",
            "2025-02-26T14:30:22",
            "2025-02-26T14:30:43",
            "2025-02-26T14:31:10",
            "2025-02-26T14:31:32",
            "2025-02-26T14:31:54",
            "2025-02-26T14:32:15",
            "2025-02-26T14:32:36",
            "2025-02-26T14:32:59",
            "2025-02-26T14:33:23",
            "2025-02-26T14:33:48",
            "2025-02-26T14:34:08",
            "2025-02-26T14:34:25",
            "2025-02-26T14:34:43",
            "2025-02-26T14:35:01",
            "2025-02-26T14:35:14",
            "2025-02-26T14:35:19",
            "2025-02-26T14:35:38",
            "2025-02-26T14:35:57",
            "2025-02-26T14:36:17",
            "2025-02-26T14:36:33",
            "2025-02-26T14:36:34",
            "2025-02-26T14:36:41",
            "2025-02-26T14:36:43",
            "2025-02-26T14:36:58",
            "2025-02-26T14:37:08",
            "2025-02-26T14:37:09",
            "2025-02-26T14:37:10",
            "2025-02-26T14:37:11",
            "2025-02-26T14:37:13",
            "2025-02-26T14:37:15",
            "2025-02-26T14:37:29",
            "2025-02-26T14:37:48",
            "2025-02-26T14:38:00",
            "2025-02-26T14:38:08",
            "2025-02-26T14:38:11",
            "2025-02-26T14:38:12",
            "2025-02-26T14:38:23",
            "2025-02-26T14:38:39",
            "2025-02-26T14:38:54",
            "2025-02-26T14:39:07",
            "2025-02-26T14:39:24",
            "2025-02-26T14:39:40",
            "2025-02-26T14:39:41",
            "2025-02-26T14:39:42",
            "2025-02-26T14:39:55",
            "2025-02-26T14:40:01",
            "2025-02-26T14:40:15",
            "2025-02-26T14:40:17",
            "2025-02-26T14:40:18",
            "2025-02-26T14:40:19",
            "2025-02-26T14:40:24",
            "2025-02-26T14:40:27",
            "2025-02-26T14:40:28",
            "2025-02-26T14:40:29",
            "2025-02-26T14:40:45",
            "2025-02-26T14:41:03",
            "2025-02-26T14:41:22",
            "2025-02-26T14:41:37",
            "2025-02-26T14:41:49",
            "2025-02-26T14:42:03",
            "2025-02-26T14:42:17",
            "2025-02-26T14:42:34",
            "2025-02-26T14:42:53",
            "2025-02-26T14:43:14",
            "2025-02-26T14:43:32",
            "2025-02-26T14:43:50",
            "2025-02-26T14:44:12",
            "2025-02-26T14:44:31",
            "2025-02-26T14:44:47",
            "2025-02-26T14:44:51",
            "2025-02-26T14:45:09",
            "2025-02-26T14:45:16",
            "2025-02-26T14:45:33",
            "2025-02-26T14:45:52",
            "2025-02-26T14:46:13",
            "2025-02-26T14:46:33",
            "2025-02-26T14:46:54",
            "2025-02-26T14:47:09",
            "2025-02-26T14:47:26",
            "2025-02-26T14:47:34",
            "2025-02-26T14:47:50",
            "2025-02-26T14:48:03",
            "2025-02-26T14:48:06",
            "2025-02-26T14:48:19",
            "2025-02-26T14:48:30",
            "2025-02-26T14:48:41",
            "2025-02-26T14:48:42",
            "2025-02-26T14:48:56",
            "2025-02-26T14:48:57",
            "2025-02-26T14:48:58",
            "2025-02-26T14:48:59",
            "2025-02-26T14:49:00",
            "2025-02-26T14:49:01",
            "2025-02-26T14:49:15",
            "2025-02-26T14:49:35",
            "2025-02-26T14:49:37",
            "2025-02-26T14:49:39",
            "2025-02-26T14:49:54",
            "2025-02-26T14:50:01",
            "2025-02-26T14:50:02",
            "2025-02-26T14:50:16",
            "2025-02-26T14:50:33",
            "2025-02-26T14:50:53",
            "2025-02-26T14:51:11",
            "2025-02-26T14:51:28",
            "2025-02-26T14:51:40",
            "2025-02-26T14:51:42",
            "2025-02-26T14:51:57",
            "2025-02-26T14:52:01",
            "2025-02-26T14:52:03",
            "2025-02-26T14:52:05",
            "2025-02-26T14:52:17",
            "2025-02-26T14:52:25",
            "2025-02-26T14:52:26",
            "2025-02-26T14:52:27",
            "2025-02-26T14:52:36",
            "2025-02-26T14:52:38",
            "2025-02-26T14:52:42",
            "2025-02-26T14:52:48",
            "2025-02-26T14:52:51",
            "2025-02-26T14:53:04",
            "2025-02-26T14:53:06",
            "2025-02-26T14:53:07",
            "2025-02-26T14:53:21",
            "2025-02-26T14:53:27",
            "2025-02-26T14:53:28",
            "2025-02-26T14:53:34",
            "2025-02-26T14:53:38",
            "2025-02-26T14:53:54",
            "2025-02-26T14:54:31",
            "2025-02-26T14:54:47",
            "2025-02-26T14:54:48",
            "2025-02-26T14:54:49",
            "2025-02-26T14:54:50",
            "2025-02-26T14:55:05",
            "2025-02-26T14:55:14",
            "2025-02-26T14:55:24",
            "2025-02-26T14:55:26",
            "2025-02-26T14:55:28",
            "2025-02-26T14:55:43",
            "2025-02-26T14:55:57",
            "2025-02-26T14:56:02",
            "2025-02-26T14:56:05",
            "2025-02-26T14:56:07",
            "2025-02-26T14:56:11",
            "2025-02-26T14:56:23",
            "2025-02-26T14:56:24",
            "2025-02-26T14:56:25",
            "2025-02-26T14:56:36",
            "2025-02-26T14:56:49",
            "2025-02-26T14:56:52",
            "2025-02-26T14:57:05",
            "2025-02-26T14:57:21",
            "2025-02-26T14:57:25",
            "2025-02-26T14:57:26",
            "2025-02-26T14:57:38",
            "2025-02-26T14:57:48",
            "2025-02-26T14:58:02",
            "2025-02-26T14:58:17",
            "2025-02-26T14:58:29",
            "2025-02-26T14:58:34",
            "2025-02-26T14:58:44",
            "2025-02-26T14:58:45",
            "2025-02-26T14:59:00",
            "2025-02-26T14:59:15",
            "2025-02-26T14:59:31",
            "2025-02-26T14:59:47",
            "2025-02-26T15:00:00",
            "2025-02-26T15:00:10",
            "2025-02-26T15:00:11",
            "2025-02-26T15:00:14",
            "2025-02-26T15:00:15",
            "2025-02-26T15:00:27",
            "2025-02-26T15:00:34",
            "2025-02-26T15:00:35",
            "2025-02-26T15:00:38",
            "2025-02-26T15:00:39",
            "2025-02-26T15:00:40",
            "2025-02-26T15:00:46",
            "2025-02-26T15:00:59",
            "2025-02-26T15:01:17",
            "2025-02-26T15:02:03",
            "2025-02-26T15:02:59",
            "2025-02-26T15:03:47",
            "2025-02-26T15:04:35",
            "2025-02-26T15:05:19",
            "2025-02-26T15:05:42",
            "2025-02-26T15:06:06",
            "2025-02-26T15:06:30",
            "2025-02-26T15:06:57",
            "2025-02-26T15:07:18",
            "2025-02-26T15:07:48",
            "2025-02-26T15:08:10",
            "2025-02-26T15:08:50",
            "2025-02-26T15:09:25",
            "2025-02-26T15:09:29",
            "2025-02-26T15:09:32",
            "2025-02-26T15:09:34",
            "2025-02-26T15:09:39",
            "2025-02-26T15:09:40",
            "2025-02-26T15:09:41",
            "2025-02-26T15:09:52",
            "2025-02-26T15:10:01",
            "2025-02-26T15:10:06",
            "2025-02-26T15:10:07",
            "2025-02-26T15:10:14",
            "2025-02-26T15:10:26",
            "2025-02-26T15:10:38",
            "2025-02-26T15:10:42",
            "2025-02-26T15:10:53",
            "2025-02-26T15:11:10",
            "2025-02-26T15:11:14",
            "2025-02-26T15:11:16",
            "2025-02-26T15:11:26",
            "2025-02-26T15:11:36",
            "2025-02-26T15:11:37",
            "2025-02-26T15:11:49",
            "2025-02-26T15:11:50",
            "2025-02-26T15:11:51",
            "2025-02-26T15:11:52",
            "2025-02-26T15:11:55",
            "2025-02-26T15:11:58",
            "2025-02-26T15:11:59",
            "2025-02-26T15:12:09",
            "2025-02-26T15:12:11",
            "2025-02-26T15:12:12",
            "2025-02-26T15:12:14",
            "2025-02-26T15:12:15",
            "2025-02-26T15:12:16",
            "2025-02-26T15:12:17",
            "2025-02-26T15:12:18",
            "2025-02-26T15:12:28",
            "2025-02-26T15:12:38",
            "2025-02-26T15:12:49",
            "2025-02-26T15:13:00",
            "2025-02-26T15:13:13",
            "2025-02-26T15:13:16",
            "2025-02-26T15:13:26",
            "2025-02-26T15:13:39",
            "2025-02-26T15:13:42",
            "2025-02-26T15:13:44",
            "2025-02-26T15:13:45",
            "2025-02-26T15:13:58",
            "2025-02-26T15:14:01",
            "2025-02-26T15:14:05",
            "2025-02-26T15:14:09",
            "2025-02-26T15:14:19",
            "2025-02-26T15:14:30",
            "2025-02-26T15:14:46",
            "2025-02-26T15:14:53",
            "2025-02-26T15:14:59",
            "2025-02-26T15:15:00",
            "2025-02-26T15:15:11",
            "2025-02-26T15:15:15",
            "2025-02-26T15:15:27",
            "2025-02-26T15:15:32",
            "2025-02-26T15:15:33",
            "2025-02-26T15:15:35",
            "2025-02-26T15:15:40",
            "2025-02-26T15:15:43",
            "2025-02-26T15:15:46",
            "2025-02-26T15:15:54",
            "2025-02-26T15:16:00",
            "2025-02-26T15:16:04",
            "2025-02-26T15:16:10",
            "2025-02-26T15:16:11",
            "2025-02-26T15:16:12",
            "2025-02-26T15:16:25",
            "2025-02-26T15:16:32",
            "2025-02-26T15:16:34",
            "2025-02-26T15:16:35",
            "2025-02-26T15:16:36",
            "2025-02-26T15:16:37",
            "2025-02-26T15:16:38",
            "2025-02-26T15:16:43",
            "2025-02-26T15:16:46",
            "2025-02-26T15:16:48",
            "2025-02-26T15:16:49",
            "2025-02-26T15:16:50",
            "2025-02-26T15:17:01",
            "2025-02-26T15:17:05",
            "2025-02-26T15:17:11",
            "2025-02-26T15:17:13",
            "2025-02-26T15:17:22",
            "2025-02-26T15:17:26",
            "2025-02-26T15:17:32",
            "2025-02-26T15:17:35",
            "2025-02-26T15:17:48",
            "2025-02-26T15:18:01",
            "2025-02-26T15:18:10",
            "2025-02-26T15:18:21",
            "2025-02-26T15:18:30",
            "2025-02-26T15:18:43",
            "2025-02-26T15:18:57",
            "2025-02-26T15:19:10",
            "2025-02-26T15:19:18",
            "2025-02-26T15:19:50",
            "2025-02-26T15:20:16",
            "2025-02-26T15:20:38",
            "2025-02-26T15:21:05",
            "2025-02-26T15:21:17",
            "2025-02-26T15:21:39",
            "2025-02-26T15:21:55",
            "2025-02-26T15:22:13",
            "2025-02-26T15:22:30",
            "2025-02-26T15:22:58",
            "2025-02-26T15:23:28",
            "2025-02-26T15:23:44",
            "2025-02-26T15:23:46",
            "2025-02-26T15:23:57",
            "2025-02-26T15:24:06",
            "2025-02-26T15:24:07",
            "2025-02-26T15:24:13",
            "2025-02-26T15:24:14",
            "2025-02-26T15:24:22",
            "2025-02-26T15:24:24",
            "2025-02-26T15:24:37",
            "2025-02-26T15:24:39",
            "2025-02-26T15:24:52",
            "2025-02-26T15:25:19",
            "2025-02-26T15:25:48",
            "2025-02-26T15:25:51",
            "2025-02-26T15:25:56",
            "2025-02-26T15:25:57",
            "2025-02-26T15:26:08",
            "2025-02-26T15:26:21",
            "2025-02-26T15:26:26",
            "2025-02-26T15:26:28",
            "2025-02-26T15:26:33",
            "2025-02-26T15:26:35",
            "2025-02-26T15:26:36",
            "2025-02-26T15:26:47",
            "2025-02-26T15:26:48",
            "2025-02-26T15:26:49",
            "2025-02-26T15:26:50",
            "2025-02-26T15:26:51",
            "2025-02-26T15:26:59",
            "2025-02-26T15:27:00",
            "2025-02-26T15:27:10",
            "2025-02-26T15:27:22",
            "2025-02-26T15:27:25",
            "2025-02-26T15:27:30",
            "2025-02-26T15:27:31",
            "2025-02-26T15:27:34",
            "2025-02-26T15:27:35",
            "2025-02-26T15:27:36",
            "2025-02-26T15:27:37",
            "2025-02-26T15:27:38",
            "2025-02-26T15:27:39",
            "2025-02-26T15:27:40",
            "2025-02-26T15:27:41",
            "2025-02-26T15:27:53",
            "2025-02-26T15:27:54",
            "2025-02-26T15:27:57",
            "2025-02-26T15:28:07",
            "2025-02-26T15:28:12",
            "2025-02-26T15:28:13",
            "2025-02-26T15:28:25",
            "2025-02-26T15:28:26",
            "2025-02-26T15:28:31",
            "2025-02-26T15:28:32",
            "2025-02-26T15:28:33",
            "2025-02-26T15:28:43",
            "2025-02-26T15:28:46",
            "2025-02-26T15:28:47",
            "2025-02-26T15:28:48",
            "2025-02-26T15:28:53",
            "2025-02-26T15:28:54",
            "2025-02-26T15:28:58",
            "2025-02-26T15:28:59",
            "2025-02-26T15:29:00",
            "2025-02-26T15:29:11",
            "2025-02-26T15:29:17",
            "2025-02-26T15:29:20",
            "2025-02-26T15:29:21",
            "2025-02-26T15:29:24",
            "2025-02-26T15:29:34",
            "2025-02-26T15:29:43",
            "2025-02-26T15:29:44",
            "2025-02-26T15:29:55",
            "2025-02-26T15:30:09",
            "2025-02-26T15:30:26",
            "2025-02-26T15:30:53",
            "2025-02-26T15:31:13",
            "2025-02-26T15:31:28",
            "2025-02-26T15:31:29",
            "2025-02-26T15:31:30",
            "2025-02-26T15:31:31",
            "2025-02-26T15:31:39",
            "2025-02-26T15:31:52",
            "2025-02-26T15:32:04",
            "2025-02-26T15:33:10",
            "2025-02-26T15:34:32",
            "2025-02-26T15:36:18",
            "2025-02-26T15:37:55",
            "2025-02-26T15:39:33",
            "2025-02-26T15:41:07",
            "2025-02-26T15:42:03",
            "2025-02-26T15:42:06",
            "2025-02-26T15:42:19",
            "2025-02-26T15:42:21",
            "2025-02-26T15:42:24",
            "2025-02-26T15:42:34",
            "2025-02-26T15:42:36",
            "2025-02-26T15:42:37",
            "2025-02-26T15:42:50",
            "2025-02-26T15:42:54",
            "2025-02-26T15:42:56",
            "2025-02-26T15:42:57",
            "2025-02-26T15:42:58",
            "2025-02-26T15:42:59",
            "2025-02-26T15:43:00",
            "2025-02-26T15:43:01",
            "2025-02-26T15:43:02",
            "2025-02-26T15:43:03",
            "2025-02-26T15:43:04",
            "2025-02-26T15:43:05",
            "2025-02-26T15:43:16",
            "2025-02-26T15:43:18",
            "2025-02-26T15:43:19",
            "2025-02-26T15:43:20",
            "2025-02-26T15:43:21",
            "2025-02-26T15:43:22",
            "2025-02-26T15:43:24",
            "2025-02-26T15:43:25",
            "2025-02-26T15:43:26",
            "2025-02-26T15:43:27",
            "2025-02-26T15:43:28",
            "2025-02-26T15:43:29",
            "2025-02-26T15:43:30",
            "2025-02-26T15:43:31",
            "2025-02-26T15:43:32",
            "2025-02-26T15:43:33",
            "2025-02-26T15:43:34",
            "2025-02-26T15:43:35",
            "2025-02-26T15:43:36",
            "2025-02-26T15:43:37",
            "2025-02-26T15:43:38",
            "2025-02-26T15:43:39",
            "2025-02-26T15:43:40",
            "2025-02-26T15:43:41",
            "2025-02-26T15:43:54",
            "2025-02-26T15:44:04",
            "2025-02-26T15:44:05",
            "2025-02-26T15:44:06",
            "2025-02-26T15:44:11",
            "2025-02-26T15:44:12",
            "2025-02-26T15:44:13",
            "2025-02-26T15:44:14",
            "2025-02-26T15:44:15",
            "2025-02-26T15:44:19",
            "2025-02-26T15:44:20",
            "2025-02-26T15:44:21",
            "2025-02-26T15:44:22",
            "2025-02-26T15:44:23",
            "2025-02-26T15:44:24",
            "2025-02-26T15:44:25",
            "2025-02-26T15:44:26",
            "2025-02-26T15:44:29",
            "2025-02-26T15:44:30",
            "2025-02-26T15:44:31",
            "2025-02-26T15:44:33",
            "2025-02-26T15:44:34",
            "2025-02-26T15:44:35",
            "2025-02-26T15:44:36",
            "2025-02-26T15:44:37",
            "2025-02-26T15:44:38",
            "2025-02-26T15:44:39",
            "2025-02-26T15:44:43",
            "2025-02-26T15:44:44",
            "2025-02-26T15:44:56",
            "2025-02-26T15:44:57",
            "2025-02-26T15:44:59",
            "2025-02-26T15:45:00",
            "2025-02-26T15:45:06",
            "2025-02-26T15:45:07",
            "2025-02-26T15:45:08",
            "2025-02-26T15:45:09",
            "2025-02-26T15:45:19",
            "2025-02-26T15:45:23",
            "2025-02-26T15:45:24",
            "2025-02-26T15:45:25",
            "2025-02-26T15:45:26",
            "2025-02-26T15:45:27",
            "2025-02-26T15:45:35",
            "2025-02-26T15:45:36",
            "2025-02-26T15:45:37",
            "2025-02-26T15:45:40",
            "2025-02-26T15:45:44",
            "2025-02-26T15:45:53",
            "2025-02-26T15:45:54",
            "2025-02-26T15:45:56",
            "2025-02-26T15:45:57",
            "2025-02-26T15:45:58",
            "2025-02-26T15:45:59",
            "2025-02-26T15:46:12",
            "2025-02-26T15:46:19",
            "2025-02-26T15:46:20",
            "2025-02-26T15:46:21",
            "2025-02-26T15:46:35",
            "2025-02-26T15:46:36",
            "2025-02-26T15:46:38",
            "2025-02-26T15:46:39",
            "2025-02-26T15:46:40",
            "2025-02-26T15:46:41",
            "2025-02-26T15:46:42",
            "2025-02-26T15:46:43",
            "2025-02-26T15:46:44",
            "2025-02-26T15:46:45",
            "2025-02-26T15:46:48",
            "2025-02-26T15:46:49",
            "2025-02-26T15:46:50",
            "2025-02-26T15:46:51",
            "2025-02-26T15:46:52",
            "2025-02-26T15:46:56",
            "2025-02-26T15:47:08",
            "2025-02-26T15:47:20",
            "2025-02-26T15:47:21",
            "2025-02-26T15:47:25",
            "2025-02-26T15:47:31",
            "2025-02-26T15:47:35",
            "2025-02-26T15:47:40",
            "2025-02-26T15:47:41",
            "2025-02-26T15:47:47",
            "2025-02-26T15:47:51",
            "2025-02-26T15:47:56",
            "2025-02-26T15:48:09",
            "2025-02-26T15:48:18",
            "2025-02-26T15:48:21",
            "2025-02-26T15:48:22",
            "2025-02-26T15:48:29",
            "2025-02-26T15:48:30",
            "2025-02-26T15:48:31",
            "2025-02-26T15:48:45",
            "2025-02-26T15:48:46",
            "2025-02-26T15:48:50",
            "2025-02-26T15:48:55",
            "2025-02-26T15:48:56",
            "2025-02-26T15:49:11",
            "2025-02-26T15:49:25",
            "2025-02-26T15:49:39",
            "2025-02-26T15:49:52",
            "2025-02-26T15:50:06",
            "2025-02-26T15:50:33",
            "2025-02-26T15:50:58",
            "2025-02-26T15:51:18",
            "2025-02-26T15:51:19",
            "2025-02-26T15:51:20",
            "2025-02-26T15:51:21",
            "2025-02-26T15:51:22",
            "2025-02-26T15:51:34",
            "2025-02-26T15:51:36",
            "2025-02-26T15:51:37",
            "2025-02-26T15:51:55",
            "2025-02-26T15:51:59",
            "2025-02-26T15:52:13",
            "2025-02-26T15:52:30",
            "2025-02-26T15:52:32",
            "2025-02-26T15:52:34",
            "2025-02-26T15:52:37",
            "2025-02-26T15:52:38",
            "2025-02-26T15:52:43",
            "2025-02-26T15:52:49",
            "2025-02-26T15:52:50",
            "2025-02-26T15:52:51",
            "2025-02-26T15:52:58",
            "2025-02-26T15:52:59",
            "2025-02-26T15:53:00",
            "2025-02-26T15:53:08",
            "2025-02-26T15:53:09",
            "2025-02-26T15:53:10",
            "2025-02-26T15:53:24",
            "2025-02-26T15:53:27",
            "2025-02-26T15:53:28",
            "2025-02-26T15:53:29",
            "2025-02-26T15:53:30",
            "2025-02-26T15:53:31",
            "2025-02-26T15:53:32",
            "2025-02-26T15:53:33",
            "2025-02-26T15:53:34",
            "2025-02-26T15:53:35",
            "2025-02-26T15:53:36",
            "2025-02-26T15:53:37",
            "2025-02-26T15:53:38",
            "2025-02-26T15:53:39",
            "2025-02-26T15:53:42",
            "2025-02-26T15:53:56",
            "2025-02-26T15:54:10",
            "2025-02-26T15:54:15",
            "2025-02-26T15:54:16",
            "2025-02-26T15:54:17",
            "2025-02-26T15:54:18",
            "2025-02-26T15:54:19",
            "2025-02-26T15:54:20",
            "2025-02-26T15:54:21",
            "2025-02-26T15:54:22",
            "2025-02-26T15:54:29",
            "2025-02-26T15:54:30",
            "2025-02-26T15:54:44",
            "2025-02-26T15:54:52",
            "2025-02-26T15:55:06",
            "2025-02-26T15:55:18",
            "2025-02-26T15:55:32",
            "2025-02-26T15:55:48",
            "2025-02-26T15:55:52",
            "2025-02-26T15:55:53",
            "2025-02-26T15:55:54",
            "2025-02-26T15:55:55",
            "2025-02-26T15:55:56",
            "2025-02-26T15:55:57",
            "2025-02-26T15:55:58",
            "2025-02-26T15:55:59",
            "2025-02-26T15:56:00",
            "2025-02-26T15:56:01",
            "2025-02-26T15:56:02",
            "2025-02-26T15:56:03",
            "2025-02-26T15:56:18",
            "2025-02-26T15:56:20",
            "2025-02-26T15:56:26",
            "2025-02-26T15:56:27",
            "2025-02-26T15:56:31",
            "2025-02-26T15:56:42",
            "2025-02-26T15:56:52",
            "2025-02-26T15:56:53",
            "2025-02-26T15:57:09",
            "2025-02-26T15:57:25",
            "2025-02-26T15:57:41",
            "2025-02-26T15:57:55",
            "2025-02-26T15:57:56",
            "2025-02-26T15:57:57",
            "2025-02-26T15:58:13",
            "2025-02-26T15:58:19",
            "2025-02-26T15:58:29",
            "2025-02-26T15:58:45",
            "2025-02-26T15:59:04",
            "2025-02-26T15:59:16",
            "2025-02-26T15:59:22",
            "2025-02-26T15:59:26",
            "2025-02-26T15:59:33",
            "2025-02-26T15:59:46",
            "2025-02-26T16:00:00",
            "2025-02-26T16:00:07",
            "2025-02-26T16:00:08",
            "2025-02-26T16:00:10",
            "2025-02-26T16:00:23",
            "2025-02-26T16:00:24",
            "2025-02-26T16:00:28",
            "2025-02-26T16:00:29",
            "2025-02-26T16:00:42",
            "2025-02-26T16:00:58",
            "2025-02-26T16:00:59",
            "2025-02-26T16:01:00",
            "2025-02-26T16:01:01",
            "2025-02-26T16:01:02",
            "2025-02-26T16:01:10",
            "2025-02-26T16:01:19",
            "2025-02-26T16:01:20",
            "2025-02-26T16:01:30",
            "2025-02-26T16:01:31",
            "2025-02-26T16:01:32",
            "2025-02-26T16:01:34",
            "2025-02-26T16:01:52",
            "2025-02-26T16:01:59",
            "2025-02-26T16:02:07",
            "2025-02-26T16:02:20",
            "2025-02-26T16:02:35",
            "2025-02-26T16:02:50",
            "2025-02-26T16:02:54",
            "2025-02-26T16:02:58",
            "2025-02-26T16:02:59",
            "2025-02-26T16:03:00",
            "2025-02-26T16:03:02",
            "2025-02-26T16:03:08",
            "2025-02-26T16:03:11",
            "2025-02-26T16:03:25",
            "2025-02-26T16:03:30",
            "2025-02-26T16:03:31",
            "2025-02-26T16:03:48",
            "2025-02-26T16:04:02",
            "2025-02-26T16:04:05",
            "2025-02-26T16:04:06",
            "2025-02-26T16:04:07",
            "2025-02-26T16:04:23",
            "2025-02-26T16:04:24",
            "2025-02-26T16:04:41",
            "2025-02-26T16:04:44",
            "2025-02-26T16:04:52",
            "2025-02-26T16:05:08",
            "2025-02-26T16:05:24",
            "2025-02-26T16:05:37",
            "2025-02-26T16:05:50",
            "2025-02-26T16:05:53",
            "2025-02-26T16:06:00",
            "2025-02-26T16:06:14",
            "2025-02-26T16:06:27",
            "2025-02-26T16:06:43",
            "2025-02-26T16:07:00",
            "2025-02-26T16:07:15",
            "2025-02-26T16:08:22",
            "2025-02-26T16:09:39",
            "2025-02-26T16:11:14",
            "2025-02-26T16:12:29",
            "2025-02-26T16:13:01",
            "2025-02-26T16:14:17",
            "2025-02-26T16:14:58",
            "2025-02-26T16:15:20",
            "2025-02-26T16:15:35",
            "2025-02-26T16:15:46",
            "2025-02-26T16:15:47",
            "2025-02-26T16:15:51",
            "2025-02-26T16:15:58",
            "2025-02-26T16:15:59",
            "2025-02-26T16:16:12",
            "2025-02-26T16:16:15",
            "2025-02-26T16:16:16",
            "2025-02-26T16:16:22",
            "2025-02-26T16:16:27",
            "2025-02-26T16:16:28",
            "2025-02-26T16:16:32",
            "2025-02-26T16:16:38",
            "2025-02-26T16:16:48",
            "2025-02-26T16:16:58",
            "2025-02-26T16:17:11",
            "2025-02-26T16:17:16",
            "2025-02-26T16:17:21",
            "2025-02-26T16:17:22",
            "2025-02-26T16:17:35",
            "2025-02-26T16:17:37",
            "2025-02-26T16:17:41",
            "2025-02-26T16:17:44",
            "2025-02-26T16:17:47",
            "2025-02-26T16:17:54",
            "2025-02-26T16:17:55",
            "2025-02-26T16:17:56",
            "2025-02-26T16:17:57",
            "2025-02-26T16:17:58",
            "2025-02-26T16:18:02",
            "2025-02-26T16:18:03",
            "2025-02-26T16:18:04",
            "2025-02-26T16:18:16",
            "2025-02-26T16:18:21",
            "2025-02-26T16:18:22",
            "2025-02-26T16:18:23",
            "2025-02-26T16:18:24",
            "2025-02-26T16:18:36",
            "2025-02-26T16:18:49",
            "2025-02-26T16:18:50",
            "2025-02-26T16:18:51",
            "2025-02-26T16:18:52",
            "2025-02-26T16:18:53",
            "2025-02-26T16:18:54",
            "2025-02-26T16:18:59",
            "2025-02-26T16:19:00",
            "2025-02-26T16:19:01",
            "2025-02-26T16:19:02",
            "2025-02-26T16:19:12",
            "2025-02-26T16:19:20",
            "2025-02-26T16:19:21",
            "2025-02-26T16:19:24",
            "2025-02-26T16:19:26",
            "2025-02-26T16:19:40",
            "2025-02-26T16:19:46",
            "2025-02-26T16:19:54",
            "2025-02-26T16:19:55",
            "2025-02-26T16:20:10",
            "2025-02-26T16:20:24",
            "2025-02-26T16:20:35",
            "2025-02-26T16:20:36",
            "2025-02-26T16:20:37",
            "2025-02-26T16:20:48",
            "2025-02-26T16:20:49",
            "2025-02-26T16:20:50",
            "2025-02-26T16:20:51",
            "2025-02-26T16:20:52",
            "2025-02-26T16:21:04",
            "2025-02-26T16:21:08",
            "2025-02-26T16:21:21",
            "2025-02-26T16:21:36",
            "2025-02-26T16:22:00",
            "2025-02-26T16:22:01",
            "2025-02-26T16:22:05",
            "2025-02-26T16:22:11",
            "2025-02-26T16:22:29",
            "2025-02-26T16:22:40",
            "2025-02-26T16:22:55",
            "2025-02-26T16:23:01",
            "2025-02-26T16:23:15",
            "2025-02-26T16:23:28",
            "2025-02-26T16:23:56",
            "2025-02-26T16:24:24",
            "2025-02-26T16:24:56",
            "2025-02-26T16:25:03",
            "2025-02-26T16:25:04",
            "2025-02-26T16:25:18",
            "2025-02-26T16:25:23",
            "2025-02-26T16:25:27",
            "2025-02-26T16:25:36",
            "2025-02-26T16:25:50",
            "2025-02-26T16:25:54",
            "2025-02-26T16:26:01",
            "2025-02-26T16:26:10",
            "2025-02-26T16:26:27",
            "2025-02-26T16:26:42",
            "2025-02-26T16:26:55",
            "2025-02-26T16:27:04",
            "2025-02-26T16:27:08",
            "2025-02-26T16:27:27",
            "2025-02-26T16:27:46",
            "2025-02-26T16:27:48",
            "2025-02-26T16:27:50",
            "2025-02-26T16:27:53",
            "2025-02-26T16:27:56",
            "2025-02-26T16:28:11",
            "2025-02-26T16:28:31",
            "2025-02-26T16:28:57",
            "2025-02-26T16:29:35",
            "2025-02-26T16:29:49",
            "2025-02-26T16:30:03",
            "2025-02-26T16:30:26",
            "2025-02-26T16:30:47",
            "2025-02-26T16:31:02",
            "2025-02-26T16:31:17",
            "2025-02-26T16:31:29",
            "2025-02-26T16:31:32",
            "2025-02-26T16:31:37",
            "2025-02-26T16:31:50",
            "2025-02-26T16:31:54",
            "2025-02-26T16:32:10",
            "2025-02-26T16:32:12",
            "2025-02-26T16:32:18",
            "2025-02-26T16:32:31",
            "2025-02-26T16:32:44",
            "2025-02-26T16:32:45",
            "2025-02-26T16:32:54",
            "2025-02-26T16:33:10",
            "2025-02-26T16:33:22",
            "2025-02-26T16:33:36",
            "2025-02-26T16:33:48",
            "2025-02-26T16:34:00",
            "2025-02-26T16:34:14",
            "2025-02-26T16:34:49",
            "2025-02-26T16:35:21",
            "2025-02-26T16:36:01",
            "2025-02-26T16:36:31",
            "2025-02-26T16:37:00",
            "2025-02-26T16:37:39",
            "2025-02-26T16:38:09",
            "2025-02-26T16:38:24",
            "2025-02-26T16:38:26",
            "2025-02-26T16:38:28",
            "2025-02-26T16:38:37",
            "2025-02-26T16:38:51",
            "2025-02-26T16:39:04",
            "2025-02-26T16:39:05",
            "2025-02-26T16:39:07",
            "2025-02-26T16:39:12",
            "2025-02-26T16:39:22",
            "2025-02-26T16:39:25",
            "2025-02-26T16:39:28",
            "2025-02-26T16:39:35",
            "2025-02-26T16:39:41",
            "2025-02-26T16:39:57",
            "2025-02-26T16:40:03",
            "2025-02-26T16:40:05",
            "2025-02-26T16:40:08",
            "2025-02-26T16:40:24",
            "2025-02-26T16:40:27",
            "2025-02-26T16:40:40",
            "2025-02-26T16:40:51",
            "2025-02-26T16:40:55",
            "2025-02-26T16:40:59",
            "2025-02-26T16:41:16",
            "2025-02-26T16:41:26",
            "2025-02-26T16:41:41",
            "2025-02-26T16:41:42",
            "2025-02-26T16:41:50",
            "2025-02-26T16:41:58",
            "2025-02-26T16:42:02",
            "2025-02-26T16:42:05",
            "2025-02-26T16:42:11",
            "2025-02-26T16:42:13",
            "2025-02-26T16:42:16",
            "2025-02-26T16:42:34",
            "2025-02-26T16:42:49",
            "2025-02-26T16:43:05",
            "2025-02-26T16:43:17",
            "2025-02-26T16:43:30",
            "2025-02-26T16:43:45",
            "2025-02-26T16:43:48",
            "2025-02-26T16:44:01",
            "2025-02-26T16:44:20",
            "2025-02-26T16:44:45",
            "2025-02-26T16:45:18",
            "2025-02-26T16:45:47",
            "2025-02-26T16:46:10",
            "2025-02-26T16:46:25",
            "2025-02-26T16:46:36",
            "2025-02-26T16:46:38",
            "2025-02-26T16:46:42",
            "2025-02-26T16:46:44",
            "2025-02-26T16:46:47",
            "2025-02-26T16:46:53",
            "2025-02-26T16:46:54",
            "2025-02-26T16:47:08",
            "2025-02-26T16:47:22",
            "2025-02-26T16:47:24",
            "2025-02-26T16:47:42",
            "2025-02-26T16:47:50",
            "2025-02-26T16:48:01",
            "2025-02-26T16:48:14",
            "2025-02-26T16:48:33",
            "2025-02-26T16:48:52",
            "2025-02-26T16:49:13",
            "2025-02-26T16:49:29",
            "2025-02-26T16:49:45",
            "2025-02-26T16:50:03",
            "2025-02-26T16:50:22",
            "2025-02-26T16:50:28",
            "2025-02-26T16:50:31",
            "2025-02-26T16:50:45",
            "2025-02-26T16:50:58",
            "2025-02-26T16:51:01",
            "2025-02-26T16:51:12",
            "2025-02-26T16:51:17",
            "2025-02-26T16:51:31",
            "2025-02-26T16:51:44",
            "2025-02-26T16:51:59",
            "2025-02-26T16:52:03",
            "2025-02-26T16:52:09",
            "2025-02-26T16:52:24",
            "2025-02-26T16:52:35",
            "2025-02-26T16:52:46",
            "2025-02-26T16:52:52",
            "2025-02-26T16:52:59",
            "2025-02-26T16:53:03",
            "2025-02-26T16:53:19",
            "2025-02-26T16:53:35",
            "2025-02-26T16:53:51",
            "2025-02-26T16:53:54",
            "2025-02-26T16:53:58",
            "2025-02-26T16:54:02",
            "2025-02-26T16:54:04",
            "2025-02-26T16:54:16",
            "2025-02-26T16:54:18",
            "2025-02-26T16:54:33",
            "2025-02-26T16:54:44",
            "2025-02-26T16:54:51",
            "2025-02-26T16:55:05",
            "2025-02-26T16:55:10",
            "2025-02-26T16:55:26",
            "2025-02-26T16:55:40",
            "2025-02-26T16:55:50",
            "2025-02-26T16:56:01",
            "2025-02-26T16:56:09",
            "2025-02-26T16:56:13",
            "2025-02-26T16:56:19",
            "2025-02-26T16:56:30",
            "2025-02-26T16:56:44",
            "2025-02-26T16:56:45",
            "2025-02-26T16:56:48",
            "2025-02-26T16:56:57",
            "2025-02-26T16:57:03",
            "2025-02-26T16:57:18",
            "2025-02-26T16:57:23",
            "2025-02-26T16:57:39",
            "2025-02-26T16:58:01",
            "2025-02-26T16:58:23",
            "2025-02-26T16:58:35",
            "2025-02-26T16:58:51",
            "2025-02-26T16:59:06",
            "2025-02-26T16:59:11",
            "2025-02-26T16:59:30",
            "2025-02-26T16:59:31",
            "2025-02-26T16:59:46",
            "2025-02-26T16:59:53",
            "2025-02-26T16:59:59",
            "2025-02-26T17:00:02",
            "2025-02-26T17:00:04",
            "2025-02-26T17:00:07",
            "2025-02-26T17:00:22",
            "2025-02-26T17:00:43",
            "2025-02-26T17:00:57",
            "2025-02-26T17:01:05",
            "2025-02-26T17:01:19",
            "2025-02-26T17:01:36",
            "2025-02-26T17:01:47",
            "2025-02-26T17:01:54",
            "2025-02-26T17:02:00",
            "2025-02-26T17:02:09",
            "2025-02-26T17:02:11",
            "2025-02-26T17:02:29",
            "2025-02-26T17:02:42",
            "2025-02-26T17:02:50",
            "2025-02-26T17:02:53",
            "2025-02-26T17:02:58",
            "2025-02-26T17:02:59",
            "2025-02-26T17:03:00",
            "2025-02-26T17:03:01",
            "2025-02-26T17:03:02",
            "2025-02-26T17:03:11",
            "2025-02-26T17:03:13",
            "2025-02-26T17:03:16",
            "2025-02-26T17:03:17",
            "2025-02-26T17:03:18",
            "2025-02-26T17:03:19",
            "2025-02-26T17:03:20",
            "2025-02-26T17:03:21",
            "2025-02-26T17:03:22",
            "2025-02-26T17:03:26",
            "2025-02-26T17:03:27",
            "2025-02-26T17:03:28",
            "2025-02-26T17:03:29",
            "2025-02-26T17:03:30",
            "2025-02-26T17:03:31",
            "2025-02-26T17:03:32",
            "2025-02-26T17:03:33",
            "2025-02-26T17:03:43",
            "2025-02-26T17:03:44",
            "2025-02-26T17:03:45",
            "2025-02-26T17:03:46",
            "2025-02-26T17:03:47",
            "2025-02-26T17:03:51",
            "2025-02-26T17:04:07",
            "2025-02-26T17:04:19",
            "2025-02-26T17:04:22",
            "2025-02-26T17:04:23",
            "2025-02-26T17:04:24",
            "2025-02-26T17:04:25",
            "2025-02-26T17:04:26",
            "2025-02-26T17:04:27",
            "2025-02-26T17:04:29",
            "2025-02-26T17:04:30",
            "2025-02-26T17:04:31",
            "2025-02-26T17:04:32",
            "2025-02-26T17:04:33",
            "2025-02-26T17:04:34",
            "2025-02-26T17:04:52",
            "2025-02-26T17:05:06",
            "2025-02-26T17:05:07",
            "2025-02-26T17:05:08",
            "2025-02-26T17:05:09",
            "2025-02-26T17:05:10",
            "2025-02-26T17:05:20",
            "2025-02-26T17:05:22",
            "2025-02-26T17:05:23",
            "2025-02-26T17:05:41",
            "2025-02-26T17:05:50",
            "2025-02-26T17:05:51",
            "2025-02-26T17:05:52",
            "2025-02-26T17:05:53",
            "2025-02-26T17:05:54",
            "2025-02-26T17:05:55",
            "2025-02-26T17:06:11",
            "2025-02-26T17:06:14",
            "2025-02-26T17:06:15",
            "2025-02-26T17:06:19",
            "2025-02-26T17:06:20",
            "2025-02-26T17:06:33",
            "2025-02-26T17:06:48",
            "2025-02-26T17:07:05",
            "2025-02-26T17:07:08",
            "2025-02-26T17:07:10",
            "2025-02-26T17:07:23",
            "2025-02-26T17:07:24",
            "2025-02-26T17:07:25",
            "2025-02-26T17:07:26",
            "2025-02-26T17:07:27",
            "2025-02-26T17:07:28",
            "2025-02-26T17:07:29",
            "2025-02-26T17:07:30",
            "2025-02-26T17:07:31",
            "2025-02-26T17:07:32",
            "2025-02-26T17:07:48",
            "2025-02-26T17:08:00",
            "2025-02-26T17:08:07",
            "2025-02-26T17:08:17",
            "2025-02-26T17:08:18",
            "2025-02-26T17:08:19",
            "2025-02-26T17:08:20",
            "2025-02-26T17:08:21",
            "2025-02-26T17:08:37",
            "2025-02-26T17:08:43",
            "2025-02-26T17:08:44",
            "2025-02-26T17:08:45",
            "2025-02-26T17:08:46",
            "2025-02-26T17:08:47",
            "2025-02-26T17:08:52",
            "2025-02-26T17:08:59",
            "2025-02-26T17:09:00",
            "2025-02-26T17:09:01",
            "2025-02-26T17:09:02",
            "2025-02-26T17:09:03",
            "2025-02-26T17:09:04",
            "2025-02-26T17:09:09",
            "2025-02-26T17:09:10",
            "2025-02-26T17:09:12",
            "2025-02-26T17:09:15",
            "2025-02-26T17:09:16",
            "2025-02-26T17:09:17",
            "2025-02-26T17:09:34",
            "2025-02-26T17:09:42",
            "2025-02-26T17:09:43",
            "2025-02-26T17:09:50",
            "2025-02-26T17:10:01",
            "2025-02-26T17:10:09",
            "2025-02-26T17:10:10",
            "2025-02-26T17:10:26",
            "2025-02-26T17:10:32",
            "2025-02-26T17:10:46",
            "2025-02-26T17:10:54",
            "2025-02-26T17:11:00",
            "2025-02-26T17:11:01",
            "2025-02-26T17:11:05",
            "2025-02-26T17:11:09",
            "2025-02-26T17:11:10",
            "2025-02-26T17:11:11",
            "2025-02-26T17:11:12",
            "2025-02-26T17:11:27",
            "2025-02-26T17:11:42",
            "2025-02-26T17:11:47",
            "2025-02-26T17:11:48",
            "2025-02-26T17:11:49",
            "2025-02-26T17:12:05",
            "2025-02-26T17:12:24",
            "2025-02-26T17:12:42",
            "2025-02-26T17:13:12",
            "2025-02-26T17:13:48",
            "2025-02-26T17:14:16",
            "2025-02-26T17:14:44",
            "2025-02-26T17:15:09",
            "2025-02-26T17:15:13",
            "2025-02-26T17:15:18",
            "2025-02-26T17:15:28",
            "2025-02-26T17:15:44",
            "2025-02-26T17:15:59",
            "2025-02-26T17:16:03",
            "2025-02-26T17:16:04",
            "2025-02-26T17:16:05",
            "2025-02-26T17:16:06",
            "2025-02-26T17:16:07",
            "2025-02-26T17:16:08",
            "2025-02-26T17:16:09",
            "2025-02-26T17:16:10",
            "2025-02-26T17:16:24",
            "2025-02-26T17:16:25",
            "2025-02-26T17:16:38",
            "2025-02-26T17:16:42",
            "2025-02-26T17:16:56",
            "2025-02-26T17:17:00",
            "2025-02-26T17:17:03",
            "2025-02-26T17:17:11",
            "2025-02-26T17:17:18",
            "2025-02-26T17:17:26",
            "2025-02-26T17:17:40",
            "2025-02-26T17:17:41",
            "2025-02-26T17:17:42",
            "2025-02-26T17:17:43",
            "2025-02-26T17:17:44",
            "2025-02-26T17:17:45",
            "2025-02-26T17:18:00",
            "2025-02-26T17:18:16",
            "2025-02-26T17:18:32",
            "2025-02-26T17:18:45",
            "2025-02-26T17:18:47",
            "2025-02-26T17:19:02",
            "2025-02-26T17:19:17",
            "2025-02-26T17:19:39",
            "2025-02-26T17:19:46",
            "2025-02-26T17:19:47",
            "2025-02-26T17:20:06",
            "2025-02-26T17:20:29",
            "2025-02-26T17:20:50",
            "2025-02-26T17:21:10",
            "2025-02-26T17:21:26",
            "2025-02-26T17:21:29",
            "2025-02-26T17:21:34",
            "2025-02-26T17:21:44",
            "2025-02-26T17:21:45",
            "2025-02-26T17:22:00",
            "2025-02-26T17:22:23",
            "2025-02-26T17:22:43",
            "2025-02-26T17:23:04",
            "2025-02-26T17:23:26",
            "2025-02-26T17:23:45",
            "2025-02-26T17:24:04",
            "2025-02-26T17:24:24",
            "2025-02-26T17:24:37",
            "2025-02-26T17:24:38",
            "2025-02-26T17:24:39",
            "2025-02-26T17:24:41",
            "2025-02-26T17:24:49",
            "2025-02-26T17:24:50",
            "2025-02-26T17:25:05",
            "2025-02-26T17:25:07",
            "2025-02-26T17:25:08",
            "2025-02-26T17:25:22",
            "2025-02-26T17:25:32",
            "2025-02-26T17:25:33",
            "2025-02-26T17:25:46",
            "2025-02-26T17:25:50",
            "2025-02-26T17:26:03",
            "2025-02-26T17:26:19",
            "2025-02-26T17:26:31",
            "2025-02-26T17:26:48",
            "2025-02-26T17:26:49",
            "2025-02-26T17:26:50",
            "2025-02-26T17:26:53",
            "2025-02-26T17:26:54",
            "2025-02-26T17:27:07",
            "2025-02-26T17:27:12",
            "2025-02-26T17:27:19",
            "2025-02-26T17:27:34",
            "2025-02-26T17:27:53",
            "2025-02-26T17:28:13",
            "2025-02-26T17:28:34",
            "2025-02-26T17:28:48",
            "2025-02-26T17:29:07",
            "2025-02-26T17:29:20",
            "2025-02-26T17:29:24",
            "2025-02-26T17:29:26",
            "2025-02-26T17:29:27",
            "2025-02-26T17:29:40",
            "2025-02-26T17:29:45",
            "2025-02-26T17:30:00",
            "2025-02-26T17:30:15",
            "2025-02-26T17:30:20",
            "2025-02-26T17:30:21",
            "2025-02-26T17:30:22",
            "2025-02-26T17:30:23",
            "2025-02-26T17:30:24",
            "2025-02-26T17:30:40",
            "2025-02-26T17:30:41",
            "2025-02-26T17:30:49",
            "2025-02-26T17:30:50",
            "2025-02-26T17:31:08",
            "2025-02-26T17:31:12",
            "2025-02-26T17:31:30",
            "2025-02-26T17:31:41",
            "2025-02-26T17:31:47",
            "2025-02-26T17:31:50",
            "2025-02-26T17:31:57",
            "2025-02-26T17:31:58",
            "2025-02-26T17:32:05",
            "2025-02-26T17:32:07",
            "2025-02-26T17:32:08",
            "2025-02-26T17:32:09",
            "2025-02-26T17:32:23",
            "2025-02-26T17:32:41",
            "2025-02-26T17:33:00",
            "2025-02-26T17:33:19",
            "2025-02-26T17:33:31",
            "2025-02-26T17:33:51",
            "2025-02-26T17:34:10",
            "2025-02-26T17:34:30",
            "2025-02-26T17:34:41",
            "2025-02-26T17:34:45",
            "2025-02-26T17:35:05",
            "2025-02-26T17:35:23",
            "2025-02-26T17:35:42",
            "2025-02-26T17:36:01",
            "2025-02-26T17:36:19",
            "2025-02-26T17:36:38",
            "2025-02-26T17:36:51",
            "2025-02-26T17:37:07",
            "2025-02-26T17:37:24",
            "2025-02-26T17:37:38",
            "2025-02-26T17:37:54",
            "2025-02-26T17:38:09",
            "2025-02-26T17:38:23",
            "2025-02-26T17:38:40",
            "2025-02-26T17:38:54",
            "2025-02-26T17:38:55",
            "2025-02-26T17:38:56",
            "2025-02-26T17:38:57",
            "2025-02-26T17:38:58",
            "2025-02-26T17:39:13",
            "2025-02-26T17:39:22",
            "2025-02-26T17:39:23",
            "2025-02-26T17:39:39",
            "2025-02-26T17:39:57",
            "2025-02-26T17:40:12",
            "2025-02-26T17:40:31",
            "2025-02-26T17:40:54",
            "2025-02-26T17:41:47",
            "2025-02-26T17:41:48",
            "2025-02-26T17:42:05",
            "2025-02-26T17:42:22",
            "2025-02-26T17:42:26",
            "2025-02-26T17:42:27",
            "2025-02-26T17:42:28",
            "2025-02-26T17:42:29",
            "2025-02-26T17:42:47",
            "2025-02-26T17:43:06",
            "2025-02-26T17:43:24",
            "2025-02-26T17:43:43",
            "2025-02-26T17:44:03",
            "2025-02-26T17:44:18",
            "2025-02-26T17:44:39",
            "2025-02-26T17:44:59",
            "2025-02-26T17:45:18",
            "2025-02-26T17:45:23",
            "2025-02-26T17:45:42",
            "2025-02-26T17:45:57"
          ]
        }
      },
      "geometry": {
        "type": "LineString",
        "coordinates": [
          [18.479176070541143, 63.08384360745549, 44.46],
          [18.479169951751828, 63.08383145369589, 45.12],
          [18.479160564020276, 63.08384729549289, 44.65],
          [18.47915578633547, 63.083850229159, 44.8],
          [18.47917590290308, 63.08385433629155, 46.32],
          [18.4792198240757, 63.08384411036968, 45.69],
          [18.47930045798421, 63.08380672708154, 45.31],
          [18.479290399700403, 63.08380605652928, 45.52],
          [18.479283610358834, 63.08381410315633, 45.22],
          [18.479279167950153, 63.08381116949022, 45.22],
          [18.47927313297987, 63.08381527662277, 45.27],
          [18.4793234243989, 63.08381946757436, 45.84],
          [18.479388300329447, 63.0838190484792, 45.33],
          [18.479497516527772, 63.083835896104574, 44.61],
          [18.47977504134178, 63.083886774256825, 42.74],
          [18.480059187859297, 63.083942933008075, 41.82],
          [18.480163207277656, 63.08395500294864, 41.21],
          [18.480409467592835, 63.08401317335665, 40.25],
          [18.480572495609522, 63.08405198156834, 40.18],
          [18.480790173634887, 63.084102272987366, 38.32],
          [18.481062753126025, 63.08413680642843, 37.47],
          [18.481262074783444, 63.08416463434696, 36.07],
          [18.481647977605462, 63.08418609201908, 34.01],
          [18.48186439834535, 63.08417812921107, 32.28],
          [18.482176959514618, 63.08418952859938, 30.4],
          [18.482429003342986, 63.084164801985025, 28.6],
          [18.482807027176023, 63.08412046171725, 26.19],
          [18.483317736536264, 63.084098836407065, 24.68],
          [18.483726102858782, 63.08415725827217, 23.07],
          [18.483896674588323, 63.08418760076165, 21.99],
          [18.484281236305833, 63.084272341802716, 19.15],
          [18.48447368480265, 63.08433344587684, 17.92],
          [18.484533950686455, 63.08433570899069, 18.16],
          [18.48460402339697, 63.08435859158635, 18.12],
          [18.484791526570916, 63.08446764014661, 17.16],
          [18.485044492408633, 63.08455749414861, 15.47],
          [18.485242053866386, 63.084620190784335, 14.4],
          [18.485270803794265, 63.08463259600103, 14.02],
          [18.485351102426648, 63.08465614914894, 13.25],
          [18.485393598675728, 63.08466880582273, 13.46],
          [18.485460737720132, 63.08468238450587, 12.24],
          [18.485677745193243, 63.08474633842707, 10.96],
          [18.485732562839985, 63.084755474701524, 11.26],
          [18.485871786251664, 63.08478958904743, 10.56],
          [18.486003885045648, 63.084830325096846, 9.64],
          [18.486105892807245, 63.08486871421337, 9.65],
          [18.486363971605897, 63.08497575111687, 7.97],
          [18.486534459516406, 63.08503735810518, 7.02],
          [18.486634707078338, 63.08507482521236, 7.23],
          [18.48677217029035, 63.08513584546745, 7.54],
          [18.486798154190183, 63.08517364785075, 7.67],
          [18.486819863319397, 63.08519166894257, 7.04],
          [18.486897312104702, 63.08525470085442, 7.73],
          [18.486996302381158, 63.08530440554023, 7.76],
          [18.48701004870236, 63.08533382602036, 7.6],
          [18.487121360376477, 63.08542728424072, 7.34],
          [18.487180871888995, 63.0854819342494, 7.34],
          [18.48725002259016, 63.0855543538928, 6.71],
          [18.48730525933206, 63.085617050528526, 6.12],
          [18.487384719774127, 63.08566331863403, 5.77],
          [18.48745428957045, 63.08571645990014, 5.98],
          [18.487499384209514, 63.08575174771249, 5.88],
          [18.487560153007507, 63.08577856980264, 5.84],
          [18.487608013674617, 63.0858048889786, 6.02],
          [18.487652353942394, 63.08583506383002, 5.7],
          [18.487844550982118, 63.085953667759895, 4.64],
          [18.488074131309986, 63.08608375489712, 3.65],
          [18.488194327801466, 63.086123652756214, 3.38],
          [18.48843337967992, 63.08626656420529, 3.28],
          [18.48872900940478, 63.086331356316805, 2.79],
          [18.48898080177605, 63.08638005517423, 2.16],
          [18.489022376015782, 63.08638307265937, 2.44],
          [18.489166712388396, 63.08637645095587, 2.12],
          [18.48925245925784, 63.08636974543333, 2.41],
          [18.48929738625884, 63.08636521920562, 2.35],
          [18.489639284089208, 63.08639455586672, 1.7],
          [18.489959053695202, 63.08639304712415, 0.41],
          [18.49013390019536, 63.086398327723145, -0.15],
          [18.49057604558766, 63.08643369935453, -0.6],
          [18.490875950083137, 63.08648248203099, -1.64],
          [18.491354640573263, 63.08656454086304, -1.73],
          [18.491640128195286, 63.08660754002631, -2.35],
          [18.492095097899437, 63.086647018790245, -2.5],
          [18.49234990775585, 63.08666445314884, -3.31],
          [18.49242844618857, 63.08666822500527, -3.08],
          [18.492568926885724, 63.08666964992881, -2.93],
          [18.49299916997552, 63.08661852031946, -3.84],
          [18.49316295236349, 63.086580550298095, -5.02],
          [18.493344420567155, 63.08651827275753, -4.73],
          [18.49342237226665, 63.086498407647014, -4.94],
          [18.493636278435588, 63.08651232160628, -4.5],
          [18.49370526149869, 63.086508801206946, -4.47],
          [18.49400038830936, 63.08649723418057, -5.16],
          [18.494003070518374, 63.0864973179996, -4.81],
          [18.494077250361443, 63.08649882674217, -5.53],
          [18.494177497923374, 63.08648759499192, -5.05],
          [18.49459072574973, 63.086419282481074, -5.55],
          [18.49484922364354, 63.08637745678425, -6.28],
          [18.495001019909978, 63.08637167327106, -6.31],
          [18.49507343955338, 63.08636588975787, -7.15],
          [18.495125826448202, 63.08634568937123, -6.78],
          [18.49513060413301, 63.086360944435, -7.89],
          [18.495078971609473, 63.086371002718806, -6.63],
          [18.494971096515656, 63.08636974543333, -6.56],
          [18.494955589994788, 63.08636639267206, -6.63],
          [18.49495709873736, 63.086372930556536, -6.96],
          [18.49496254697442, 63.08637024834752, -6.77],
          [18.494928600266576, 63.0863625369966, -6.64],
          [18.494924996048212, 63.086384581401944, -6.1],
          [18.494907058775425, 63.08640637435019, -6.46],
          [18.494909573346376, 63.08640897274017, -7.14],
          [18.4949117526412, 63.0865110643208, -6.19],
          [18.49495081230998, 63.086631931364536, -5.58],
          [18.494888031855226, 63.08673519641161, -6.17],
          [18.494780156761408, 63.08682907372713, -5.34],
          [18.494784012436867, 63.086842903867364, -5.58],
          [18.495038989931345, 63.0869117192924, -5.93],
          [18.495368231087923, 63.08703375980258, -2.82],
          [18.49564709700644, 63.0871313251555, -1.93],
          [18.495802832767367, 63.08719544671476, 1.09],
          [18.495931746438146, 63.087220676243305, 1.5],
          [18.496408592909575, 63.087233919650316, -1.2],
          [18.496764237061143, 63.08733584359288, -0.87],
          [18.497067242860794, 63.08739929459989, -2.11],
          [18.497318951413035, 63.08743936009705, -2.93],
          [18.49771734327078, 63.08751689270139, -3.5],
          [18.498193435370922, 63.08760590851307, -3.36],
          [18.498458974063396, 63.087643794715405, -3.82],
          [18.49875275976956, 63.08769375085831, -3.32],
          [18.498944118618965, 63.08778511360288, -3.4],
          [18.4991426859051, 63.08789097703993, -3.48],
          [18.499412750825286, 63.08797429315746, -4.79],
          [18.499908121302724, 63.08792266063392, -6.29],
          [18.500352445989847, 63.087840266525745, -7.3],
          [18.500542799010873, 63.08781327679753, -7.5],
          [18.500696355476975, 63.08781512081623, -7.94],
          [18.500798363238573, 63.08783113025129, -7.74],
          [18.500871704891324, 63.087838338688016, -6.94],
          [18.500894336029887, 63.08794118463993, -6.33],
          [18.500896180048585, 63.08802860789001, -6.22],
          [18.50088276900351, 63.088006898760796, -5.07],
          [18.500871201977134, 63.08797144331038, -6.13],
          [18.500889893621206, 63.0879791546613, -5.27],
          [18.50091051310301, 63.08792852796614, -5.27],
          [18.5010439530015, 63.08788846246898, -5.84],
          [18.501119557768106, 63.08791377581656, -5.62],
          [18.501220643520355, 63.08800840750337, -4.79],
          [18.501454163342714, 63.08812013827264, -6.26],
          [18.501699334010482, 63.08818241581321, -5.35],
          [18.502089846879244, 63.08821627870202, -4.97],
          [18.50236468948424, 63.088180320337415, -5.8],
          [18.502506846562028, 63.08812282048166, -6.19],
          [18.50278495810926, 63.08802190236747, -6.85],
          [18.502779928967357, 63.08801888488233, -6.88],
          [18.50278839468956, 63.08800304308534, -6.67],
          [18.502783700823784, 63.08799533173442, -6.84],
          [18.50271706469357, 63.08797630481422, -6.72],
          [18.502711867913604, 63.08795744553208, -7.24],
          [18.50266912020743, 63.087949231266975, -5.96],
          [18.502725111320615, 63.08798317797482, -6.05],
          [18.502773558720946, 63.08800756931305, -6.33],
          [18.50278889760375, 63.08800044469535, -6.43],
          [18.502781186252832, 63.088015699759126, -6.76],
          [18.50278210826218, 63.08799767866731, -6.66],
          [18.50277221761644, 63.08801293373108, -6.46],
          [18.50272251293063, 63.08800564147532, -6.17],
          [18.502724608406425, 63.088016621768475, -6.36],
          [18.502731565386057, 63.088009748607874, -6.14],
          [18.502749670296907, 63.08800606057048, -6.63],
          [18.502746652811766, 63.08799927122891, -7.05],
          [18.502669958397746, 63.088031290099025, -6.93],
          [18.50265788845718, 63.088035229593515, -5.82],
          [18.502670964226127, 63.088050400838256, -6.13],
          [18.502698792144656, 63.08802969753742, -6.14],
          [18.502739863470197, 63.088007904589176, -7.38],
          [18.502708515152335, 63.08800673112273, -6.96],
          [18.502700300887227, 63.08800899423659, -5.85],
          [18.5027052462101, 63.088000528514385, -6.84],
          [18.502718238160014, 63.087994158267975, -6.24],
          [18.502723183482885, 63.088002456352115, -6.11],
          [18.502705497667193, 63.08800765313208, -6.44],
          [18.502685967832804, 63.0880066473037, -6.13],
          [18.502672305330634, 63.08800614438951, -6.84],
          [18.502693260088563, 63.08799549937248, -6.03],
          [18.502710442990065, 63.08799725957215, -5.83],
          [18.502728966996074, 63.08798694983125, -5.7],
          [18.502718154340982, 63.08798518963158, -5.53],
          [18.502706000581384, 63.08799206279218, -5.19],
          [18.50273567251861, 63.08799013495445, -5.22],
          [18.502722345292568, 63.087984351441264, -5.18],
          [18.502729972824454, 63.08799499645829, -5.06],
          [18.502753525972366, 63.08799239806831, -5.27],
          [18.502730559557676, 63.087995080277324, -5.51],
          [18.502738941460848, 63.08799994178116, -6.17],
          [18.502727039158344, 63.087998516857624, -5.84],
          [18.502724021673203, 63.08799885213375, -4.69],
          [18.502726703882217, 63.0879944935441, -4.75],
          [18.502773558720946, 63.08800061233342, -4.8],
          [18.50278403609991, 63.08800706639886, -4.75],
          [18.5027639195323, 63.08799306862056, -4.26],
          [18.50275419652462, 63.08798057958484, -4.27],
          [18.502782694995403, 63.087989799678326, -4.46],
          [18.50287288427353, 63.08798032812774, -4.28],
          [18.502882858738303, 63.087987788021564, -3.29],
          [18.502893336117268, 63.08797060512006, -3.72],
          [18.50287347100675, 63.08798904530704, -4.13],
          [18.502881852909923, 63.08797286823392, -3.5],
          [18.50288763642311, 63.087967839092016, -3.41],
          [18.50288026034832, 63.087953673675656, -2.53],
          [18.502872297540307, 63.08797052130103, -2.3],
          [18.50289098918438, 63.08795786462724, -2.98],
          [18.502875147387385, 63.08796574361622, -2.95],
          [18.50285184569657, 63.087973119691014, -2.49],
          [18.502886211499572, 63.08798016048968, -3.47],
          [18.502883026376367, 63.08798158541322, -1.97],
          [18.502858551219106, 63.08799248188734, -2.56],
          [18.5028519295156, 63.08799575082958, -2.76],
          [18.502831310033798, 63.08800865896046, -3.22],
          [18.50285142660141, 63.08800362981856, -2.71],
          [18.502829298377037, 63.087995080277324, -2.97],
          [18.502821335569024, 63.08800555765629, -3.31],
          [18.502850253134966, 63.08799994178116, -3.26],
          [18.502843966707587, 63.087995164096355, -2.96],
          [18.502840362489223, 63.087990805506706, -2.63],
          [18.502863245084882, 63.0879857763648, -2.9],
          [18.502863999456167, 63.08799399062991, -2.66],
          [18.502881433814764, 63.087988290935755, -2.6],
          [18.502848157659173, 63.08798041194677, -2.64],
          [18.50282007828355, 63.08799256570637, -2.86],
          [18.502751933410764, 63.0880275182426, -2.94],
          [18.502762326970696, 63.08799239806831, -2.93],
          [18.502801805734634, 63.08798116631806, -3.5],
          [18.50279971025884, 63.08799424208701, -2.49],
          [18.502816390246153, 63.08796415105462, -3.16],
          [18.50282561033964, 63.08795979246497, -2.72],
          [18.502824436873198, 63.08796314522624, -2.85],
          [18.502808762714267, 63.087962390854955, -1.51],
          [18.502791579812765, 63.08795979246497, -1.8],
          [18.5028035659343, 63.08796498924494, -1.82],
          [18.50279384292662, 63.08797303587198, -2.45],
          [18.502780348062515, 63.08798477053642, -2.62],
          [18.502767188474536, 63.088001953437924, -2.88],
          [18.50279426202178, 63.08799424208701, -2.4],
          [18.502829801291227, 63.08798770420253, -1.73],
          [18.50280549377203, 63.088003881275654, -1.68],
          [18.50282452069223, 63.08800010941923, -1.71],
          [18.50282217375934, 63.08797873556614, -1.63],
          [18.50283139385283, 63.087998097762465, -1.53],
          [18.502868693321943, 63.08798527345061, -1.98],
          [18.50289543159306, 63.087993236258626, -1.39],
          [18.50287246517837, 63.08800597675145, -2.01],
          [18.50302149541676, 63.08803397230804, -1.54],
          [18.50316859781742, 63.08813028037548, -0.6],
          [18.503236742690206, 63.08816934004426, -0.61],
          [18.503347719088197, 63.08819624595344, 1.52],
          [18.50345056504011, 63.088245280086994, 1.45],
          [18.5036170296371, 63.08824838139117, 2.77],
          [18.503918778151274, 63.088240921497345, 1.65],
          [18.504407443106174, 63.08823773637414, 1.6],
          [18.504878170788288, 63.08820093981922, 1.39],
          [18.505399441346526, 63.08816305361688, 0.21],
          [18.505563475191593, 63.088161712512374, -0.19],
          [18.505698340013623, 63.08817856013775, -0.01],
          [18.505768664181232, 63.08822549879551, -0.03],
          [18.505865139886737, 63.08823488652706, -0.88],
          [18.505882490426302, 63.088271263986826, -0.9],
          [18.505771849304438, 63.08831602334976, 0.89],
          [18.505651904270053, 63.088371846824884, 1.18],
          [18.505552327260375, 63.088365560397506, 1.51],
          [18.505550315603614, 63.08836564421654, 1.84],
          [18.505484433844686, 63.08835315518081, 1.68],
          [18.50575969554484, 63.088274197652936, -0.3],
          [18.50599179044366, 63.08823497034609, -2.94],
          [18.506189603358507, 63.08820655569434, -1.77],
          [18.506538458168507, 63.088233629241586, -1.84],
          [18.506827214732766, 63.0882984213531, -1.94],
          [18.506935760378838, 63.08832566253841, -0.01],
          [18.507422916591167, 63.08842347934842, 0.88],
          [18.507905546575785, 63.08845952153206, 0.29],
          [18.50838465616107, 63.08853487484157, 2.59],
          [18.508818754926324, 63.08856999501586, 2.99],
          [18.508853456005454, 63.088573012501, 2.5],
          [18.509098207578063, 63.08858424425125, 2.79],
          [18.509154617786407, 63.088593715801835, 2.63],
          [18.509568348526955, 63.08864467777312, 1.98],
          [18.50984117947519, 63.08869027532637, 1.31],
          [18.509866576641798, 63.08869153261185, 1.97],
          [18.509888034313917, 63.088698824867606, 1.55],
          [18.509912844747305, 63.088707793504, 1.37],
          [18.509963303804398, 63.08872086927295, 2.02],
          [18.51000345312059, 63.08873671106994, 2.05],
          [18.510257424786687, 63.08882706798613, 2.37],
          [18.510668640956283, 63.08896201662719, 1.9],
          [18.51091766729951, 63.089045751839876, 1.16],
          [18.511109445244074, 63.089093025773764, 0.72],
          [18.511174572631717, 63.089118925854564, 0.55],
          [18.511200472712517, 63.089128229767084, 0.33],
          [18.511455869302154, 63.089224034920335, -0.76],
          [18.511733142659068, 63.0893796030432, 0.73],
          [18.51211879402399, 63.08950432576239, 0.65],
          [18.512380560860038, 63.08955545537174, 0.28],
          [18.51274223998189, 63.08966173790395, -0.51],
          [18.513134848326445, 63.08971378952265, -1.4],
          [18.513166531920433, 63.08971940539777, -1.36],
          [18.51319469511509, 63.08972694911063, -1.81],
          [18.513505663722754, 63.08980733156204, -0.86],
          [18.513633236289024, 63.08983314782381, -2.14],
          [18.51402240805328, 63.089865166693926, -2.19],
          [18.514087116345763, 63.089866591617465, -2.05],
          [18.51412408053875, 63.08986055664718, -2.01],
          [18.514155680313706, 63.089856281876564, -2.51],
          [18.514284174889326, 63.089858712628484, -1.98],
          [18.514380482956767, 63.089862149208784, -1.93],
          [18.514415016397834, 63.089861227199435, -3.07],
          [18.514456506818533, 63.08986634016037, -3.04],
          [18.514862274751067, 63.08989425189793, -1.97],
          [18.51528304629028, 63.089927695691586, -1.97],
          [18.51568713784218, 63.0899668391794, -3.48],
          [18.515807166695595, 63.08996172621846, -4.22],
          [18.516059713438153, 63.08997865766287, -4.78],
          [18.516433462500572, 63.09003163129091, -4.08],
          [18.5166185349226, 63.0900426954031, -4.04],
          [18.516793297603726, 63.09006314724684, -5.14],
          [18.51711348630488, 63.09014545753598, -4.53],
          [18.51752202026546, 63.090336648747325, -5.01],
          [18.51790708489716, 63.09044687077403, -4.42],
          [18.518326682969928, 63.090543849393725, -3.55],
          [18.518826914951205, 63.09061392210424, -2.72],
          [18.51912807673216, 63.09067762456834, -3.72],
          [18.51935782469809, 63.090726155787706, -4.1],
          [18.51944616995752, 63.090738309547305, -3.68],
          [18.51976677775383, 63.09076429344714, -4.7],
          [18.519858894869685, 63.090753983706236, -5.12],
          [18.520103814080358, 63.09075431898236, -5.11],
          [18.520404640585184, 63.09080972336233, -2.6],
          [18.520798003301024, 63.090855153277516, -0.97],
          [18.521291026845574, 63.09087635949254, -2.33],
          [18.521837275475264, 63.090942995622754, -2.9],
          [18.52207791991532, 63.091074004769325, -1.39],
          [18.522264920175076, 63.09121700003743, -1.16],
          [18.522369442507625, 63.09126821346581, -1.19],
          [18.522525932639837, 63.09141146019101, -2.25],
          [18.52264034561813, 63.091520592570305, -1.8],
          [18.522673454135656, 63.09155420400202, -1.97],
          [18.52281720377505, 63.091703401878476, -2.83],
          [18.522911332547665, 63.09181060642004, -3.03],
          [18.522942764684558, 63.09192937798798, -3.03],
          [18.52293798699975, 63.09193910099566, -3.4],
          [18.523071762174368, 63.092075223103166, -3.83],
          [18.5230855923146, 63.09208729304373, -4.12],
          [18.523100009188056, 63.09210539795458, -4.79],
          [18.52310311049223, 63.09211989864707, -4.42],
          [18.52310847491026, 63.09213884174824, -4.67],
          [18.52311970666051, 63.09215510264039, -4.69],
          [18.5232893563807, 63.092283848673105, -5.5],
          [18.523412570357323, 63.09244628995657, -6.41],
          [18.52341483347118, 63.09246892109513, -6.35],
          [18.523429166525602, 63.09249071404338, -6.42],
          [18.523531425744295, 63.092642426490784, -7.11],
          [18.523667631670833, 63.09270570985973, -7.18],
          [18.523686574772, 63.092720126733184, -7.39],
          [18.523872066289186, 63.09290846809745, -8.22],
          [18.52393719367683, 63.09306537732482, -8.22],
          [18.524097623303533, 63.093208372592926, -8.63],
          [18.524269117042422, 63.093315325677395, -8.83],
          [18.52429434657097, 63.09337232261896, -8.82],
          [18.524340530857444, 63.093410544097424, -9.61],
          [18.524354780092835, 63.09343007393181, -10.28],
          [18.524426948279142, 63.09356267563999, -9.77],
          [18.52450699545443, 63.09359511360526, -10.76],
          [18.52453038096428, 63.09361623600125, -10.53],
          [18.5245552752167, 63.09363693930209, -10.5],
          [18.52469902485609, 63.09374590404332, -10.56],
          [18.524784268811345, 63.093813797459006, -11.17],
          [18.524800445884466, 63.09382922016084, -11],
          [18.524818886071444, 63.09384279884398, -11.27],
          [18.524920139461756, 63.09392728842795, -11.53],
          [18.524951739236712, 63.093953439965844, -11.58],
          [18.525012508034706, 63.09400658123195, -11.27],
          [18.52513966150582, 63.094084449112415, -11.6],
          [18.52522239089012, 63.0941026378423, -12.14],
          [18.525456665083766, 63.094152845442295, -12.28],
          [18.52549212053418, 63.09416374191642, -12.77],
          [18.52551450021565, 63.09417128562927, -12.73],
          [18.525792947039008, 63.09424345381558, -11.37],
          [18.525915909558535, 63.094277903437614, -10.24],
          [18.525935942307115, 63.09428636915982, -10.05],
          [18.526070304214954, 63.09432132169604, -9.68],
          [18.52614875882864, 63.09434219263494, -9.63],
          [18.526330813765526, 63.094358118250966, -10.3],
          [18.52637305855751, 63.094383934512734, -10.74],
          [18.526394851505756, 63.09445895254612, -10.66],
          [18.526400551199913, 63.09446909464896, -10.27],
          [18.526408094912767, 63.0944808293134, -10.05],
          [18.526421170681715, 63.09449155814946, -10.11],
          [18.52652108296752, 63.09460110962391, -9.74],
          [18.526617474853992, 63.0946690030396, -9.95],
          [18.526777485385537, 63.09474075213075, -10.81],
          [18.526833644136786, 63.094746535643935, -11.12],
          [18.526887875050306, 63.09475164860487, -11.32],
          [18.527144361287355, 63.094862373545766, -10.74],
          [18.52719540707767, 63.09492708183825, -9.78],
          [18.527274280786514, 63.09497502632439, -9.92],
          [18.52735131047666, 63.09499212540686, -9.92],
          [18.52740311063826, 63.095001094043255, -9.92],
          [18.527491372078657, 63.095036298036575, -9.86],
          [18.527683820575476, 63.095132019370794, -10.07],
          [18.527704188600183, 63.09513914398849, -9.94],
          [18.527723802253604, 63.095146771520376, -10.04],
          [18.527914322912693, 63.09522572904825, -9.89],
          [18.528150944039226, 63.09533905237913, -9.95],
          [18.52818245999515, 63.09537090361118, -9.98],
          [18.528255634009838, 63.095510210841894, -9.71],
          [18.528391756117344, 63.095705760642886, -9.27],
          [18.5284077655524, 63.09576133266091, -9.05],
          [18.52841405197978, 63.09577482752502, -9.06],
          [18.528509521856904, 63.0958966165781, -9.96],
          [18.52855092845857, 63.09602075256407, -10.27],
          [18.52863642387092, 63.0962039809674, -10.31],
          [18.528695348650217, 63.09634571895003, -9.96],
          [18.528872961178422, 63.09647211804986, -10.31],
          [18.528960132971406, 63.09651670977473, -11.23],
          [18.52915233001113, 63.09658954851329, -11.1],
          [18.529166663065553, 63.096601786091924, -11.11],
          [18.529348550364375, 63.09677177108824, -11.33],
          [18.529480816796422, 63.09685776941478, -12.02],
          [18.5295872669667, 63.09686992317438, -12.44],
          [18.529762867838144, 63.096884256228805, -12.65],
          [18.529952550306916, 63.096939492970705, -11.35],
          [18.530097473412752, 63.09700822457671, -11.12],
          [18.530122870579362, 63.097012750804424, -11.36],
          [18.53018866851926, 63.09702859260142, -10.86],
          [18.53020786307752, 63.09703689068556, -10.85],
          [18.53041640482843, 63.09710553847253, -9.83],
          [18.530504750087857, 63.09715800918639, -9.73],
          [18.53051849640906, 63.097167732194066, -10.24],
          [18.53055822663009, 63.0971953086555, -9.88],
          [18.53057079948485, 63.09720754623413, -10.04],
          [18.53058555163443, 63.097218526527286, -9.89],
          [18.5306666046381, 63.09727577492595, -9.38],
          [18.53085033595562, 63.09736588038504, -9.64],
          [18.530874978750944, 63.09737694449723, -9.14],
          [18.53087766095996, 63.09741407632828, -9.72],
          [18.530863244086504, 63.09744450263679, -8.6],
          [18.530845139175653, 63.09748104773462, -8.28],
          [18.530870703980327, 63.09747585095465, -9.38],
          [18.530866596847773, 63.09745925478637, -8.57],
          [18.53090951219201, 63.097451543435454, -8.54],
          [18.53088512085378, 63.09743243269622, -7.59],
          [18.530855616554618, 63.09745145961642, -7.51],
          [18.530848491936922, 63.097473084926605, -7.7],
          [18.53083323687315, 63.09746730141342, -6.79],
          [18.53082292713225, 63.09743260033429, -6.57],
          [18.530829465016723, 63.09743679128587, -6.58],
          [18.530814796686172, 63.09743536636233, -5.8],
          [18.530836421996355, 63.09746746905148, -6.46],
          [18.530793758109212, 63.097487669438124, -6.35],
          [18.530734917148948, 63.0975010804832, -5.56],
          [18.530702479183674, 63.09751424007118, -5.31],
          [18.530649673193693, 63.09755036607385, -5.02],
          [18.530631316825747, 63.097558580338955, -4.78],
          [18.530616564676166, 63.09756746515632, -4.39],
          [18.53047206066549, 63.097664192318916, -3.27],
          [18.53034943342209, 63.09771020896733, -1.85],
          [18.530253544449806, 63.097756979987025, -1.71],
          [18.530240803956985, 63.09776603244245, -2.04],
          [18.530146842822433, 63.09783744625747, -0.51],
          [18.530045924708247, 63.09796283952892, 0.08],
          [18.529937211424112, 63.0980759114027, 0.53],
          [18.52987451478839, 63.09811488725245, 0.26],
          [18.529733195900917, 63.09818705543876, 0.99],
          [18.529567988589406, 63.09837908484042, 2.84],
          [18.529570754617453, 63.098422922194004, 4.15],
          [18.52957704104483, 63.098448906093836, 3.93],
          [18.52953739464283, 63.0985648278147, 4.7],
          [18.529581567272544, 63.098702961578965, 4.48],
          [18.52958139963448, 63.09871595352888, 4.7],
          [18.52945927530527, 63.09883355163038, 5.78],
          [18.52944024838507, 63.09884570538998, 5.61],
          [18.52943287231028, 63.0988584458828, 5.88],
          [18.529423903673887, 63.098881328478456, 5.71],
          [18.52940890006721, 63.09892709366977, 5.48],
          [18.529400182887912, 63.098965901881456, 5.99],
          [18.529403284192085, 63.09898333624005, 5.56],
          [18.529414851218462, 63.09912842698395, 6.48],
          [18.529421724379063, 63.09915608726442, 7.06],
          [18.52942398749292, 63.09917234815657, 6.95],
          [18.52943136356771, 63.09920319356024, 7.11],
          [18.529422730207443, 63.09922154992819, 7.05],
          [18.529417533427477, 63.099240409210324, 6.63],
          [18.529416946694255, 63.0992572568357, 6.72],
          [18.529412923380733, 63.099271254613996, 7.27],
          [18.52931016124785, 63.09939756989479, 8.52],
          [18.52923941798508, 63.09952304698527, 9.48],
          [18.529145205393434, 63.099648440256715, 10.86],
          [18.528982512652874, 63.09971566312015, 11.55],
          [18.528879834339023, 63.099832674488425, 12.74],
          [18.528823759406805, 63.09985874220729, 12.99],
          [18.528652684763074, 63.099953373894095, 14.63],
          [18.52847658097744, 63.100080359727144, 16.62],
          [18.528428468853235, 63.1001138035208, 16.74],
          [18.528400724753737, 63.10014012269676, 17.22],
          [18.52838513441384, 63.100156132131815, 17.62],
          [18.52823576889932, 63.100299797952175, 18.73],
          [18.528154464438558, 63.10031178407371, 19.5],
          [18.528071902692318, 63.10033617541194, 19.81],
          [18.527991017326713, 63.100366266444325, 20.55],
          [18.527760850265622, 63.100435081869364, 21.89],
          [18.52755700238049, 63.10049752704799, 24.14],
          [18.52729464881122, 63.10057011432946, 26.3],
          [18.527144948020577, 63.10060548596084, 28.33],
          [18.527056267485023, 63.10065024532378, 29.99],
          [18.52703413926065, 63.10065192170441, 30.26],
          [18.527072863653302, 63.10076625086367, 31.49],
          [18.527083173394203, 63.10080237686634, 31.63],
          [18.52698585949838, 63.100922321900725, 33.51],
          [18.526943363249302, 63.100966829806566, 34.55],
          [18.52692425251007, 63.10097663663328, 34.47],
          [18.52689835242927, 63.10099356807768, 34.75],
          [18.52682056836784, 63.101031789556146, 35.51],
          [18.52677119895816, 63.10105349868536, 36.38],
          [18.526706993579865, 63.10108711011708, 36.87],
          [18.526550084352493, 63.101152488961816, 38.35],
          [18.52643022313714, 63.10118501074612, 38.6],
          [18.52639501914382, 63.10120638459921, 38.94],
          [18.52632947266102, 63.10124636627734, 40.01],
          [18.5263080149889, 63.101253155618906, 39.61],
          [18.526283875107765, 63.10125583782792, 40.32],
          [18.52603241801262, 63.10126614756882, 42.21],
          [18.525894284248352, 63.10125575400889, 42.79],
          [18.5258486866951, 63.10125625692308, 43.11],
          [18.525823038071394, 63.10125483199954, 42.8],
          [18.525797808542848, 63.10125424526632, 43.19],
          [18.525772914290428, 63.10125449672341, 43.08],
          [18.525746930390596, 63.101256089285016, 43.14],
          [18.52563662454486, 63.101248210296035, 43.21],
          [18.525568563491106, 63.1012346316129, 43.57],
          [18.525520199909806, 63.10123085975647, 43.66],
          [18.525493629276752, 63.10123186558485, 43.75],
          [18.525469657033682, 63.101234966889024, 44.02],
          [18.525196071714163, 63.10127729550004, 45.67],
          [18.5251319501549, 63.10130554251373, 46.4],
          [18.5250629670918, 63.101355163380504, 47.29],
          [18.52503715083003, 63.10137544758618, 47.48],
          [18.524994906038046, 63.10145113617182, 49.2],
          [18.52494578808546, 63.10147418640554, 50.44],
          [18.524926090613008, 63.10151483863592, 51.24],
          [18.524917541071773, 63.101542834192514, 51.73],
          [18.524729199707508, 63.10158859938383, 52.84],
          [18.52455385029316, 63.10160310007632, 54.01],
          [18.524491908028722, 63.10157845728099, 54.6],
          [18.52444044314325, 63.101566303521395, 54.59],
          [18.524384452030063, 63.1015901081264, 55.96],
          [18.524294598028064, 63.10165163129568, 57.99],
          [18.524271547794342, 63.101643584668636, 58.34],
          [18.524255705997348, 63.101637717336416, 57.9],
          [18.524304907768965, 63.10165557079017, 56.77],
          [18.524307003244758, 63.10166378505528, 56.9],
          [18.524318989366293, 63.10165339149535, 57.99],
          [18.52434371598065, 63.101648446172476, 58.45],
          [18.524324437603354, 63.10165758244693, 58.48],
          [18.52431681007147, 63.10165305621922, 58],
          [18.52431194856763, 63.101650374010205, 58.48],
          [18.524294095113873, 63.10163989663124, 58.18],
          [18.524257969111204, 63.10163201764226, 58.19],
          [18.5242738109082, 63.101628832519054, 58.93],
          [18.524283282458782, 63.10163805261254, 58.08],
          [18.52426894940436, 63.10164316557348, 58.25],
          [18.524154787883162, 63.1016455963254, 58.82],
          [18.524117404595017, 63.101650793105364, 58.32],
          [18.5239783488214, 63.1017196085304, 59.86],
          [18.523865276947618, 63.10175866819918, 61.59],
          [18.52384096942842, 63.10175917111337, 61.28],
          [18.52372270077467, 63.10176847502589, 61.91],
          [18.523702835664153, 63.10177459381521, 62.08],
          [18.523570653051138, 63.101819436997175, 63.29],
          [18.523554727435112, 63.101837961003184, 63.39],
          [18.52344710379839, 63.10196184553206, 65.54],
          [18.523423047736287, 63.10197894461453, 66.03],
          [18.523342832922935, 63.102016411721706, 66.27],
          [18.523360518738627, 63.10200970619917, 66.05],
          [18.52331475354731, 63.10202487744391, 65.75],
          [18.523257924243808, 63.10204675421119, 66.14],
          [18.523165890946984, 63.10206351801753, 66.88],
          [18.523140912875533, 63.10206444002688, 66.73],
          [18.523019962012768, 63.10210861265659, 68.92],
          [18.522938070818782, 63.1021635979414, 68.87],
          [18.522870847955346, 63.102198634296656, 69.99],
          [18.52284897118807, 63.102209782227874, 70.32],
          [18.522794488817453, 63.10224423184991, 70.41],
          [18.52276741527021, 63.1022619176656, 71.06],
          [18.52275123819709, 63.102270970121026, 71.71],
          [18.52261494845152, 63.10235872864723, 73.1],
          [18.522606985643506, 63.10237096622586, 72.91],
          [18.522595586255193, 63.10238353908062, 73.33],
          [18.52258368395269, 63.102395525202155, 73.48],
          [18.522576056420803, 63.10240742750466, 74.21],
          [18.522569769993424, 63.102479595690966, 74.94],
          [18.522566752508283, 63.102490324527025, 74.79],
          [18.52255929261446, 63.10250625014305, 75.75],
          [18.522490141913295, 63.10258814133704, 76.55],
          [18.52248360402882, 63.10261412523687, 76.76],
          [18.522444209083915, 63.10265486128628, 78.4],
          [18.522433815523982, 63.102664751932025, 78.36],
          [18.522404646500945, 63.102684281766415, 78.64],
          [18.522389391437173, 63.102694004774094, 78.63],
          [18.522374723106623, 63.10270456597209, 78.08],
          [18.522360725328326, 63.10271579772234, 77.78],
          [18.52234471589327, 63.102726778015494, 78.25],
          [18.522327952086926, 63.10273633338511, 78.35],
          [18.522309344261885, 63.102744882926345, 78.13],
          [18.52229056879878, 63.102752259001136, 78.54],
          [18.522107172757387, 63.10286440886557, 79.83],
          [18.522103065624833, 63.10287547297776, 79.66],
          [18.52208387106657, 63.102905144914985, 80.93],
          [18.522020587697625, 63.102999022230506, 80.79],
          [18.521918831393123, 63.103023413568735, 81.54],
          [18.521907851099968, 63.10303254984319, 81.12],
          [18.521857727319002, 63.10313983820379, 83.46],
          [18.521848674863577, 63.1031493935734, 83.41],
          [18.521837443113327, 63.10318845324218, 83.69],
          [18.521832916885614, 63.10319918207824, 83.59],
          [18.52182730101049, 63.10320982709527, 84.12],
          [18.52178245782852, 63.10332088731229, 85.46],
          [18.521752702072263, 63.10334770940244, 85.69],
          [18.521751947700977, 63.103358186781406, 86.04],
          [18.521755384281278, 63.10337025672197, 86.19],
          [18.521778099238873, 63.10341493226588, 86.55],
          [18.521787151694298, 63.103426499292254, 86.48],
          [18.52180441841483, 63.10346036218107, 87.13],
          [18.521808525547385, 63.10347117483616, 87.34],
          [18.521811375394464, 63.10348190367222, 87.42],
          [18.521922267973423, 63.10356345959008, 87.62],
          [18.521976750344038, 63.10362121090293, 88.45],
          [18.522009439766407, 63.103641495108604, 89.63],
          [18.52202670648694, 63.103649374097586, 89.8],
          [18.52206325158477, 63.103669406846166, 89.66],
          [18.522093007341027, 63.103751884773374, 90.85],
          [18.522082278504968, 63.103822292760015, 92.55],
          [18.52207062765956, 63.10383327305317, 92],
          [18.521961914375424, 63.103883815929294, 92.84],
          [18.52194858714938, 63.10390502214432, 94.45],
          [18.5219597350806, 63.103918600827456, 94.77],
          [18.521962501108646, 63.10391189530492, 94.66],
          [18.5219285544008, 63.10391583479941, 94.99],
          [18.522089486941695, 63.1039232108742, 94.22],
          [18.52212829515338, 63.103931760415435, 94.59],
          [18.522172132506967, 63.103934694081545, 94.71],
          [18.52221974171698, 63.1039284914732, 94.91],
          [18.522404646500945, 63.10390376485884, 95.7],
          [18.52271662093699, 63.10383444651961, 98.21],
          [18.52273464202881, 63.103864872828126, 97.34],
          [18.522710166871548, 63.103867806494236, 97.74],
          [18.522709915414453, 63.10386646538973, 97.65],
          [18.522720644250512, 63.10387283563614, 97.22],
          [18.52273464202881, 63.103857077658176, 97.72],
          [18.522739252075553, 63.10387174598873, 97.5],
          [18.52273707278073, 63.10386395081878, 97.95],
          [18.52272927761078, 63.103864789009094, 97.59],
          [18.522733384743333, 63.103859424591064, 99.32],
          [18.52269323542714, 63.103877948597074, 99.21],
          [18.522679740563035, 63.103882474824786, 98.69],
          [18.52262232452631, 63.103893119841814, 98.59],
          [18.522305572405457, 63.10393729247153, 95.87],
          [18.52223868481815, 63.10394332744181, 95.37],
          [18.52219384163618, 63.103947434574366, 95.82],
          [18.521771812811494, 63.10398666188121, 96.38],
          [18.521624794229865, 63.10404525138438, 96.75],
          [18.521543238312006, 63.10406679287553, 97.2],
          [18.521516332402825, 63.10407903045416, 97.38],
          [18.521485906094313, 63.104086155071855, 96.79],
          [18.52145556360483, 63.1040907651186, 97.52],
          [18.52142622694373, 63.10409286059439, 97.38],
          [18.521399069577456, 63.104096380993724, 97.78],
          [18.52137627080083, 63.104100320488214, 98.3],
          [18.521347101777792, 63.10410434380174, 98.39],
          [18.521310472860932, 63.10411071404815, 98.48],
          [18.521273592486978, 63.10411716811359, 98.57],
          [18.520935215055943, 63.10424532741308, 99.69],
          [18.52087159641087, 63.104244070127606, 99.95],
          [18.520851144567132, 63.10425044037402, 100.02],
          [18.520828178152442, 63.10426083393395, 100.45],
          [18.520791213959455, 63.10427030548453, 100.38],
          [18.520746286958456, 63.104280615225434, 100.67],
          [18.520646626129746, 63.10430592857301, 101.05],
          [18.520593652501702, 63.10431363992393, 101.49],
          [18.52055300027132, 63.10432336293161, 101.16],
          [18.520519053563476, 63.10433308593929, 101.41],
          [18.520481418818235, 63.104343228042126, 101.37],
          [18.52044152095914, 63.10435328632593, 102.08],
          [18.520407574251294, 63.104367116466165, 102.22],
          [18.520386619493365, 63.104383293539286, 102.53],
          [18.52036734111607, 63.10439821332693, 102.47],
          [18.520343955606222, 63.104413552209735, 103.02],
          [18.520322665572166, 63.1044290587306, 102.94],
          [18.520300537347794, 63.104444313794374, 102.5],
          [18.52026768028736, 63.10445646755397, 102.9],
          [18.520232057198882, 63.10446300543845, 103.14],
          [18.52019584737718, 63.104469710960984, 102.92],
          [18.520165756344795, 63.10448035597801, 103.01],
          [18.520136084407568, 63.10449284501374, 103.37],
          [18.520106077194214, 63.10450600460172, 103.26],
          [18.51987238973379, 63.104713624343276, 106.51],
          [18.519740207120776, 63.10485309921205, 108.25],
          [18.519722018390894, 63.10486231930554, 108.52],
          [18.519702907651663, 63.10486986301839, 107.6],
          [18.5196612495929, 63.10490045696497, 108.24],
          [18.519644485786557, 63.10491420328617, 108.12],
          [18.519622776657343, 63.1049248483032, 108.04],
          [18.519605761393905, 63.10493381693959, 107.63],
          [18.519594948738813, 63.10494496487081, 107.85],
          [18.51958204060793, 63.1049679312855, 109.59],
          [18.519574413076043, 63.104984778910875, 109.48],
          [18.519556391984224, 63.10500422492623, 109.61],
          [18.51953619159758, 63.10502199456096, 109.85],
          [18.519520768895745, 63.105036998167634, 110.66],
          [18.519507693126798, 63.10504697263241, 110.32],
          [18.51948237977922, 63.105057617649436, 109.76],
          [18.519451785832644, 63.10507052578032, 109.75],
          [18.519413396716118, 63.10509944334626, 110.62],
          [18.519398979842663, 63.10511251911521, 110.48],
          [18.519389424473047, 63.10512525960803, 110.64],
          [18.51938758045435, 63.10514973476529, 110.97],
          [18.519397471100092, 63.10516574420035, 111.53],
          [18.51940903812647, 63.105180161073804, 111.46],
          [18.519415576010942, 63.10519348829985, 112.15],
          [18.519416246563196, 63.10520782135427, 112.13],
          [18.519414318725467, 63.10522114858031, 111.78],
          [18.519410211592913, 63.10523774474859, 111.93],
          [18.519411720335484, 63.10529633425176, 112.62],
          [18.519400991499424, 63.10530982911587, 113.03],
          [18.519343324005604, 63.10542181134224, 113.64],
          [18.519337372854352, 63.105433797463775, 113.47],
          [18.5193211119622, 63.10545936226845, 113.92],
          [18.51931918412447, 63.105475371703506, 114.59],
          [18.51931130513549, 63.105549132451415, 115.43],
          [18.519298397004604, 63.105559861287475, 115.57],
          [18.519286327064037, 63.10557025484741, 115.59],
          [18.519279453903437, 63.105580899864435, 115.5],
          [18.519238298758864, 63.1056931335479, 117.34],
          [18.519232347607613, 63.10574275441468, 118],
          [18.519218685105443, 63.105753399431705, 117.77],
          [18.51920980028808, 63.105764631181955, 117.63],
          [18.519207620993257, 63.10577753931284, 117.42],
          [18.519206615164876, 63.10578927397728, 117.72],
          [18.519236706197262, 63.105880971997976, 118.74],
          [18.519239891320467, 63.10589245520532, 118.96],
          [18.519240310415626, 63.10590452514589, 119.09],
          [18.519230000674725, 63.105940567329526, 119.69],
          [18.51923410780728, 63.10598473995924, 120.63],
          [18.519145594909787, 63.10607710853219, 122.78],
          [18.519135201349854, 63.10608834028244, 123.01],
          [18.519134698435664, 63.10611231252551, 122.95],
          [18.519131848588586, 63.10612580738962, 123.5],
          [18.519130256026983, 63.106139888986945, 123.34],
          [18.519129250198603, 63.10615371912718, 123.78],
          [18.518949961289763, 63.10627802275121, 125.18],
          [18.518856335431337, 63.10634859837592, 125.92],
          [18.518852395936847, 63.1063615065068, 125.67],
          [18.51884367875755, 63.10637458227575, 125.98],
          [18.518575793132186, 63.10651573352516, 127.9],
          [18.518555592745543, 63.106520595029, 128.15],
          [18.5185266751796, 63.106535682454705, 128.11],
          [18.518521478399634, 63.1065480876714, 128.22],
          [18.518515611067414, 63.10656124725938, 128.66],
          [18.518509827554226, 63.10657356865704, 128.75],
          [18.518498009070754, 63.106584968045354, 128.14],
          [18.518472695723176, 63.10659452341497, 128.06],
          [18.518443945795298, 63.106600642204285, 128.59],
          [18.518418967723846, 63.10660340823233, 128.54],
          [18.51834981702268, 63.1066186632961, 128.91],
          [18.51832282729447, 63.10661908239126, 128.63],
          [18.518296340480447, 63.106616316363215, 128.67],
          [18.518270356580615, 63.106614891439676, 128.69],
          [18.518245378509164, 63.10661413706839, 129.4],
          [18.51815577596426, 63.10662427917123, 130.5],
          [18.51787867024541, 63.10668932273984, 130.8],
          [18.51776576600969, 63.10679426416755, 134.12],
          [18.51773953065276, 63.10679870657623, 134.49],
          [18.51767054758966, 63.106823014095426, 134.9],
          [18.51759477518499, 63.106870371848345, 136.05],
          [18.517521265894175, 63.1068916618824, 136.22],
          [18.51748782210052, 63.10693373903632, 137.28],
          [18.517477679997683, 63.10694430023432, 137.56],
          [18.517464520409703, 63.10700045898557, 138.47],
          [18.51749276742339, 63.10703717172146, 139.63],
          [18.517526714131236, 63.10708209872246, 140.38],
          [18.51763199083507, 63.1071937456727, 142.58],
          [18.51765353232622, 63.10726742260158, 144.68],
          [18.517651353031397, 63.10729525052011, 144.92],
          [18.517641881480813, 63.107304805889726, 145.37],
          [18.517624530941248, 63.10736951418221, 145.58],
          [18.517621094360948, 63.107380997389555, 145.59],
          [18.517616484314203, 63.1073924805969, 145.43],
          [18.517581867054105, 63.10752441175282, 147.52],
          [18.517573066055775, 63.107534386217594, 147.62],
          [18.51755227893591, 63.10756699182093, 148.99],
          [18.517522606998682, 63.107613092288375, 149.69],
          [18.517512883991003, 63.107622396200895, 149.48],
          [18.51736611686647, 63.10770227573812, 151.56],
          [18.517350358888507, 63.10774276033044, 153.13],
          [18.517288081347942, 63.10774535872042, 154.47],
          [18.517161095514894, 63.107746532186866, 155.69],
          [18.517030337825418, 63.10776145197451, 157.69],
          [18.517017178237438, 63.1077688280493, 157.49],
          [18.517023883759975, 63.10777653940022, 157.46],
          [18.516963701695204, 63.107795817777514, 158.11],
          [18.516950709745288, 63.107805624604225, 157.71],
          [18.516935035586357, 63.10781509615481, 158.17],
          [18.516923720017076, 63.10782456770539, 158.3],
          [18.516916343942285, 63.10783429071307, 158.78],
          [18.516768906265497, 63.10789464041591, 161.28],
          [18.51673487573862, 63.10790536925197, 160.8],
          [18.516715597361326, 63.107912158593535, 161.66],
          [18.51656438782811, 63.108037719503045, 162.63],
          [18.516560615971684, 63.10806596651673, 162.17],
          [18.516482999548316, 63.10811969451606, 161.84],
          [18.516408735886216, 63.10823234729469, 163.55],
          [18.516405383124948, 63.108248859643936, 163.66],
          [18.516411585733294, 63.108268808573484, 164.03],
          [18.51644159294665, 63.1082955468446, 163.56],
          [18.516450729221106, 63.1083058565855, 163.88],
          [18.51650319993496, 63.108354387804866, 163.14],
          [18.516491129994392, 63.108409540727735, 164.3],
          [18.516478138044477, 63.108420269563794, 164.26],
          [18.516468247398734, 63.10843133367598, 164.25],
          [18.516355343163013, 63.10844264924526, 164.89],
          [18.51633120328188, 63.108436446636915, 166.22],
          [18.516310332342982, 63.10843275859952, 166.08],
          [18.516106652095914, 63.10842437669635, 168.7],
          [18.516081171110272, 63.108429154381156, 168.25],
          [18.516057869419456, 63.108435524627566, 168.58],
          [18.515948317945004, 63.10843636281788, 168.84],
          [18.51588905788958, 63.108434937894344, 168.61],
          [18.51586416363716, 63.108432507142425, 168.5],
          [18.515841532498598, 63.108428148552775, 168.86],
          [18.515817811712623, 63.108423706144094, 169.31],
          [18.5157913248986, 63.108423203229904, 169.32],
          [18.51576299406588, 63.10842722654343, 168.62],
          [18.51573600433767, 63.108431585133076, 168.62],
          [18.51571270264685, 63.10843820683658, 169.38],
          [18.51569007150829, 63.108445247635245, 169.48],
          [18.51566568017006, 63.10845136642456, 169.2],
          [18.51564765907824, 63.10845924541354, 169.47],
          [18.515639109537005, 63.10847047716379, 169.48],
          [18.51563827134669, 63.10848271474242, 168.6],
          [18.515612203627825, 63.1085064355284, 169.3],
          [18.515380946919322, 63.10860441997647, 169.83],
          [18.515191432088614, 63.10864188708365, 172.1],
          [18.515090430155396, 63.10864188708365, 172.93],
          [18.51506511680782, 63.10864859260619, 172.77],
          [18.515040976926684, 63.108655884861946, 173.26],
          [18.51501683704555, 63.108663596212864, 173.3],
          [18.514990685507655, 63.108671894297004, 173.31],
          [18.514964785426855, 63.108680276200175, 173.17],
          [18.514935951679945, 63.10868815518916, 173.14],
          [18.51490695029497, 63.10869553126395, 173.04],
          [18.514735205098987, 63.108751606196165, 174.1],
          [18.514707880094647, 63.10875479131937, 173.94],
          [18.51441292092204, 63.1087878998369, 176.75],
          [18.514254670590162, 63.108810782432556, 176.59],
          [18.51402291096747, 63.10884523205459, 178.43],
          [18.513907492160797, 63.10891639441252, 180.17],
          [18.51374010555446, 63.108975905925035, 181.79],
          [18.513595769181848, 63.109070705249906, 179.96],
          [18.513537934049964, 63.109098533168435, 180.22],
          [18.513529803603888, 63.10910942964256, 179.88],
          [18.513519326224923, 63.10912124812603, 179.99],
          [18.513503819704056, 63.10913398861885, 179.3],
          [18.51348445750773, 63.10914807021618, 179.75],
          [18.513466604053974, 63.109160810709, 180.31],
          [18.51345168426633, 63.109170868992805, 179.86],
          [18.51343651302159, 63.109181094914675, 179.99],
          [18.513419749215245, 63.10919366776943, 179.99],
          [18.513398794457316, 63.10921001248062, 179.83],
          [18.51337507367134, 63.10922727920115, 179.38],
          [18.513356298208237, 63.10924043878913, 179.38],
          [18.513209195807576, 63.10934454202652, 179.02],
          [18.51319712586701, 63.10935518704355, 180.13],
          [18.513161838054657, 63.1094026286155, 180.83],
          [18.513147588819265, 63.109412183985114, 181.07],
          [18.513099728152156, 63.10944763943553, 181.57],
          [18.51301339454949, 63.1095649022609, 181.14],
          [18.51298799738288, 63.109661377966404, 182.12],
          [18.512984476983547, 63.10967344790697, 181.53],
          [18.512868639081717, 63.109825663268566, 184.24],
          [18.512819269672036, 63.10990696772933, 182.53],
          [18.51280963048339, 63.10990705154836, 182.4],
          [18.512727487832308, 63.10995373874903, 181.54],
          [18.512710221111774, 63.109965892508626, 179.62],
          [18.512702425941825, 63.109973687678576, 179.48],
          [18.512691194191575, 63.11001744121313, 179.21],
          [18.51268113590777, 63.110047867521644, 176.82],
          [18.51263763383031, 63.110096314921975, 173.9],
          [18.5126381367445, 63.11013847589493, 173.89],
          [18.512710724025965, 63.110171500593424, 172.69],
          [18.512790352106094, 63.110225815325975, 171.72],
          [18.51281994022429, 63.11028121970594, 170.65],
          [18.512880373746157, 63.1103109754622, 170.6],
          [18.512906190007925, 63.11036855913699, 170.11],
          [18.512944327667356, 63.11048104427755, 170.75],
          [18.513043485581875, 63.11060518026352, 171.94],
          [18.513086568564177, 63.11067106202245, 172.11],
          [18.51310140453279, 63.110681623220444, 171.85],
          [18.513138787820935, 63.11070014722645, 172.02],
          [18.513322519138455, 63.110779859125614, 171.74],
          [18.513338780030608, 63.110788241028786, 171.54],
          [18.513404494151473, 63.11082445085049, 171.33],
          [18.51342394016683, 63.110834173858166, 171.19],
          [18.513610186055303, 63.11090240254998, 170.65],
          [18.513785284012556, 63.11100633814931, 170.82],
          [18.51378100924194, 63.11101706698537, 170.63],
          [18.513776315376163, 63.11102787964046, 171.18],
          [18.51377329789102, 63.111039865761995, 170.85],
          [18.51376734673977, 63.111051516607404, 170.8],
          [18.513738848268986, 63.11114857904613, 170.3],
          [18.51364471949637, 63.11123784631491, 170.33],
          [18.513635080307722, 63.11125016771257, 170.33],
          [18.513589901849627, 63.11135435476899, 169.41],
          [18.513604905456305, 63.11136634089053, 169.4],
          [18.513612281531096, 63.111379919573665, 169.84],
          [18.51359685882926, 63.11140330508351, 169.77],
          [18.513376750051975, 63.11161419376731, 170.11],
          [18.513256888836622, 63.11162886209786, 169.2],
          [18.51308665238321, 63.111654594540596, 168.34],
          [18.51281164214015, 63.11168703250587, 166.95],
          [18.51258826442063, 63.11175584793091, 167.51],
          [18.512415597215295, 63.11175894923508, 167.46],
          [18.51234359666705, 63.11175257898867, 167.14],
          [18.512261705473065, 63.11176967807114, 166.87],
          [18.512241085991263, 63.11177680268884, 167.14],
          [18.512221556156874, 63.111783089116216, 166.78],
          [18.5121838375926, 63.1117959972471, 166.87],
          [18.51209976710379, 63.11183447018266, 165.64],
          [18.51205039769411, 63.11183706857264, 165.84],
          [18.511776141822338, 63.111860789358616, 165.26],
          [18.511682599782944, 63.111882749944925, 164.36],
          [18.511657370254397, 63.11188392341137, 164.97],
          [18.511548824608326, 63.111883671954274, 164.07],
          [18.511497359722853, 63.11189859174192, 165.2],
          [18.511437932029366, 63.111904207617044, 165.35],
          [18.511413373053074, 63.111906638368964, 165.09],
          [18.511389987543225, 63.11190982349217, 165.67],
          [18.511053202673793, 63.11196656897664, 165.35],
          [18.511033337563276, 63.11197469942272, 165],
          [18.510676939040422, 63.112092297524214, 164.8],
          [18.51062899455428, 63.112117275595665, 165.74],
          [18.51059471257031, 63.11219874769449, 165.16],
          [18.510420117527246, 63.11237258836627, 164.72],
          [18.510081321001053, 63.11243595555425, 164.3],
          [18.509858697652817, 63.112467136234045, 164.27],
          [18.509599193930626, 63.11247065663338, 165.18],
          [18.509531216695905, 63.112466633319855, 165.32],
          [18.50937908515334, 63.112437296658754, 164.87],
          [18.509134920313954, 63.112411899492145, 165.53],
          [18.508986895903945, 63.112382646650076, 163.94],
          [18.508825711905956, 63.112368481233716, 164.12],
          [18.508638376370072, 63.11231257393956, 164.44],
          [18.508481131866574, 63.112344928085804, 162.59],
          [18.50841441191733, 63.112346017733216, 163.48],
          [18.508462524041533, 63.11234869994223, 164.04],
          [18.50850627757609, 63.1123105622828, 164.04],
          [18.50852002389729, 63.11231886036694, 164.3],
          [18.508507953956723, 63.11232338659465, 164.3],
          [18.508473336696625, 63.11233554035425, 163.85],
          [18.508471911773086, 63.11233629472554, 165.47],
          [18.50844861008227, 63.112350292503834, 165.62],
          [18.508454225957394, 63.11236563138664, 165.76],
          [18.508356409147382, 63.112407457083464, 165.87],
          [18.50833243690431, 63.11241022311151, 165.41],
          [18.508248953148723, 63.1124228797853, 165.83],
          [18.50808659568429, 63.11241701245308, 165.76],
          [18.508061952888966, 63.112414833158255, 165.66],
          [18.507791301235557, 63.11248205602169, 164.96],
          [18.507728269323707, 63.11249605379999, 165.31],
          [18.507702788338065, 63.11250250786543, 165.31],
          [18.507561553269625, 63.112534023821354, 165.29],
          [18.507463987916708, 63.112556487321854, 165.24],
          [18.507443368434906, 63.112564366310835, 164.65],
          [18.50736189633608, 63.11258221976459, 164.93],
          [18.50722569040954, 63.112598061561584, 166.14],
          [18.50701505318284, 63.112543830648065, 167.38],
          [18.50684154778719, 63.11248951591551, 167.84],
          [18.506567627191544, 63.112394381314516, 169.97],
          [18.506477773189545, 63.11235976405442, 169.8],
          [18.50635782815516, 63.112338557839394, 171.29],
          [18.50632941350341, 63.11233269050717, 171.28],
          [18.506091199815273, 63.112279549241066, 173.76],
          [18.506052643060684, 63.1122690718621, 174.02],
          [18.505988689139485, 63.11223780736327, 174.05],
          [18.50598013959825, 63.112206710502505, 174.37],
          [18.505967566743493, 63.112174021080136, 174.16],
          [18.5059792175889, 63.112107552587986, 175.47],
          [18.505990114063025, 63.112094309180975, 175.99],
          [18.50598994642496, 63.112077210098505, 176.2],
          [18.505983827635646, 63.112061033025384, 176.07],
          [18.505975110456347, 63.11204711906612, 176.13],
          [18.50598399527371, 63.11200512573123, 175.85],
          [18.50599673576653, 63.11199045740068, 175.38],
          [18.506008302792907, 63.11197671107948, 175.34],
          [18.506021965295076, 63.11193270608783, 173.88],
          [18.50600754842162, 63.11188727617264, 172.64],
          [18.50599774159491, 63.11187428422272, 173.06],
          [18.50598407909274, 63.11186187900603, 172.63],
          [18.505969243124127, 63.11185064725578, 173.02],
          [18.505886932834983, 63.11179306358099, 173.49],
          [18.50579733029008, 63.111744029447436, 176.37],
          [18.505787942558527, 63.11173095367849, 176.46],
          [18.5057772975415, 63.11171896755695, 176.61],
          [18.50576958619058, 63.111706897616386, 176.74],
          [18.505761036649346, 63.11169625259936, 177.01],
          [18.505752738565207, 63.111685356125236, 176.68],
          [18.50573044270277, 63.11164604499936, 176.49],
          [18.505725413560867, 63.11163280159235, 176.45],
          [18.505717953667045, 63.11161897145212, 176.09],
          [18.50570839829743, 63.11160773970187, 176.13],
          [18.505592728033662, 63.111514281481504, 175.61],
          [18.505491139367223, 63.11144814826548, 176.51],
          [18.505468759685755, 63.11144228093326, 176.16],
          [18.50541670806706, 63.11142233200371, 177.81],
          [18.50540354847908, 63.11139861121774, 177.47],
          [18.505382342264056, 63.11121999286115, 177.49],
          [18.50538594648242, 63.11114673502743, 177.69],
          [18.505342360585928, 63.11107188463211, 177.48],
          [18.505338840186596, 63.11105780303478, 176.81],
          [18.505371110513806, 63.11088865622878, 177.23],
          [18.505273293703794, 63.11079544946551, 177.91],
          [18.505193078890443, 63.110696291550994, 179.49],
          [18.505183439701796, 63.11068137176335, 179.5],
          [18.50517673417926, 63.11066812835634, 179.44],
          [18.505043294280767, 63.11054667457938, 179.08],
          [18.505035247653723, 63.11053502373397, 179.1],
          [18.505031894892454, 63.110523875802755, 178.75],
          [18.505029045045376, 63.11051222495735, 179.08],
          [18.505023764446378, 63.11049881391227, 178.68],
          [18.50490423850715, 63.11038037762046, 180.63],
          [18.504853947088122, 63.11035942286253, 182.13],
          [18.504694774746895, 63.110250290483236, 185.41],
          [18.50463249720633, 63.11014652252197, 186.13],
          [18.50462520495057, 63.110130010172725, 186.6],
          [18.504620175808668, 63.11012112535536, 186.48],
          [18.504580864682794, 63.11008390970528, 187.47],
          [18.504493609070778, 63.11004392802715, 190.05],
          [18.504282385110855, 63.10994736850262, 193.01],
          [18.50417417474091, 63.10989950783551, 196.18],
          [18.504011733457446, 63.109851563349366, 198.99],
          [18.503957502543926, 63.10981208458543, 200.35],
          [18.503821967169642, 63.10975760221481, 203.76],
          [18.503737226128578, 63.1097480468452, 203.87],
          [18.503727251663804, 63.10973480343819, 204],
          [18.50375491194427, 63.10973312705755, 203.28],
          [18.503762623295188, 63.109731283038855, 203.37],
          [18.503726832568645, 63.109718123450875, 202.96],
          [18.503719372674823, 63.10970756225288, 202.51],
          [18.503554668277502, 63.10963539406657, 202.87],
          [18.50359079428017, 63.10959910042584, 204.22],
          [18.50355265662074, 63.1095649022609, 203.9],
          [18.50336297415197, 63.10952349565923, 206.28],
          [18.503149738535285, 63.10950958169997, 204.06],
          [18.50307086482644, 63.109496757388115, 203.64],
          [18.502977658063173, 63.109450321644545, 204.5],
          [18.502922588959336, 63.10937178321183, 204.61],
          [18.502776911482215, 63.109301375225186, 205.42],
          [18.502716729417443, 63.10925720259547, 206.02],
          [18.50258463062346, 63.109180089086294, 208.14],
          [18.502488238736987, 63.10913197696209, 211.17],
          [18.50244188681245, 63.10910549014807, 211.85],
          [18.502236446365714, 63.10898738913238, 214.06],
          [18.502119267359376, 63.108908515423536, 215.06],
          [18.502099653705955, 63.10889393091202, 215.28],
          [18.502073418349028, 63.10887448489666, 216.03],
          [18.50207199342549, 63.108836682513356, 215.92],
          [18.502056151628494, 63.10881472192705, 216.35],
          [18.50198306143284, 63.108743727207184, 219.18],
          [18.502002591267228, 63.108698884025216, 218.44],
          [18.501976104453206, 63.10866518877447, 218.32],
          [18.501975517719984, 63.10863685794175, 217.5],
          [18.501959508284926, 63.10863493010402, 217.11],
          [18.501969650387764, 63.10865320265293, 217.66],
          [18.50198901258409, 63.108677845448256, 216.46],
          [18.502042908221483, 63.1087583117187, 213.22],
          [18.502121195197105, 63.10889904387295, 211.74],
          [18.50218154489994, 63.10894128866494, 211.48],
          [18.50218338891864, 63.109023347496986, 211.93],
          [18.502228315919638, 63.109056958928704, 211.35],
          [18.50227433256805, 63.109107753261924, 211.65],
          [18.502267207950354, 63.109247060492635, 213.78],
          [18.50225086323917, 63.10929995030165, 215.03],
          [18.502188082784414, 63.109428361058235, 217.63],
          [18.502190932631493, 63.10944872908294, 217.88],
          [18.502185316756368, 63.10951410792768, 218.36],
          [18.502286737784743, 63.10957261361182, 217.93],
          [18.502212893217802, 63.10964050702751, 220.35],
          [18.502204176038504, 63.10964712873101, 220.25],
          [18.502082135528326, 63.10970219783485, 221.45],
          [18.5020006634295, 63.10982440598309, 222.16],
          [18.50191282108426, 63.109876457601786, 225.74],
          [18.50178675726056, 63.109959522262216, 229.2],
          [18.501705871894956, 63.10998894274235, 231.37],
          [18.501628674566746, 63.11000042594969, 234.39],
          [18.501584418118, 63.1100155133754, 235.33],
          [18.501603193581104, 63.11001802794635, 235.24],
          [18.501609060913324, 63.11001283116639, 235.84],
          [18.501608641818166, 63.11001492664218, 235.47],
          [18.50161224603653, 63.11001651920378, 236.25],
          [18.501608557999134, 63.11001383699477, 235.92],
          [18.50161124020815, 63.110013669356704, 236.78],
          [18.50160788744688, 63.110022051259875, 237.54],
          [18.50127504207194, 63.11003755778074, 240.55],
          [18.50125744007528, 63.11002288945019, 241.04],
          [18.50125903263688, 63.11000235378742, 241.31],
          [18.50134109146893, 63.10993286781013, 241.41],
          [18.50132592022419, 63.10980177484453, 244.61],
          [18.501138584688306, 63.10979397967458, 248.03],
          [18.501120982691646, 63.109787944704294, 248.28],
          [18.501097513362765, 63.10977486893535, 249.14],
          [18.501053927466273, 63.10973388142884, 250.51],
          [18.50090565159917, 63.109673112630844, 251.53],
          [18.50084907375276, 63.10965525917709, 251.77],
          [18.50077858194709, 63.10965735465288, 252.15],
          [18.50065838545561, 63.10964168049395, 253.16],
          [18.50054028443992, 63.10963489115238, 254.29],
          [18.500292263925076, 63.10957076959312, 254.81],
          [18.50025437772274, 63.109535900875926, 254.44],
          [18.500252030789852, 63.109513437375426, 254.74],
          [18.500253204256296, 63.109477730467916, 255.02],
          [18.50031992420554, 63.109294921159744, 254.19],
          [18.500313637778163, 63.10926633886993, 254.87],
          [18.50036426447332, 63.109118985012174, 256.27],
          [18.500489573925734, 63.109026029706, 254.75],
          [18.50045378319919, 63.108991496264935, 255.94],
          [18.500380273908377, 63.10896542854607, 256.18],
          [18.500349009409547, 63.10876250267029, 256.57],
          [18.500351859256625, 63.108672900125384, 258.03],
          [18.5002822894603, 63.108595702797174, 259.99],
          [18.500292347744107, 63.10859092511237, 260],
          [18.50021724589169, 63.10852747410536, 259],
          [18.500142563134432, 63.10847659595311, 259.02],
          [18.50008145906031, 63.10845580883324, 259.54],
          [18.500034185126424, 63.108432590961456, 258.96],
          [18.49993779323995, 63.10839562676847, 258.85],
          [18.499913653358817, 63.10837894678116, 257.66],
          [18.49990703165531, 63.10835908167064, 258.01],
          [18.499935530126095, 63.108151042833924, 255.2],
          [18.500036112964153, 63.107964461669326, 255.42],
          [18.50012093782425, 63.107878463342786, 253.6],
          [18.500161422416568, 63.10779162682593, 250.52],
          [18.500249348580837, 63.10774527490139, 248.92],
          [18.500381698831916, 63.10773613862693, 247.23],
          [18.50038832053542, 63.107727421447635, 247.18],
          [18.50057833828032, 63.10769548639655, 244.74],
          [18.5006311442703, 63.10768819414079, 244.2],
          [18.500638604164124, 63.10768551193178, 242.49],
          [18.50065796636045, 63.10767847113311, 243.3],
          [18.500673389062285, 63.10765583999455, 242.24],
          [18.50067464634776, 63.107672184705734, 242.51],
          [18.50068579427898, 63.10764838010073, 243.11],
          [18.50062234327197, 63.10763287357986, 241.67],
          [18.500614883378148, 63.10761619359255, 241.05],
          [18.500573560595512, 63.107585264369845, 239.55],
          [18.500535925850272, 63.10757126659155, 238.4],
          [18.50048211403191, 63.10753698460758, 237.13],
          [18.50039561279118, 63.10748199932277, 233.94],
          [18.500382704660296, 63.10747453942895, 234.08],
          [18.500259071588516, 63.107425924390554, 231.81],
          [18.50015128031373, 63.10738619416952, 228.4],
          [18.50015320815146, 63.10738309286535, 227.75],
          [18.50010769441724, 63.10729374177754, 225.35],
          [18.500025048851967, 63.10726163908839, 222.23],
          [18.499992107972503, 63.10722484253347, 222.01],
          [18.49989370442927, 63.10718226246536, 220.61],
          [18.499807873740792, 63.107132306322455, 220.08],
          [18.499809466302395, 63.10709576122463, 218.84],
          [18.49970326758921, 63.107046307995915, 216.48],
          [18.499637134373188, 63.10702686198056, 215.43],
          [18.499578963965178, 63.10701479203999, 214.31],
          [18.499440411105752, 63.10700607486069, 211.1],
          [18.499395484104753, 63.1069971062243, 210.95],
          [18.499437645077705, 63.10695528052747, 208.15],
          [18.499465137720108, 63.10693105682731, 208.09],
          [18.499362962320447, 63.1068572960794, 205],
          [18.49928836338222, 63.1067899055779, 203.9],
          [18.49925223737955, 63.10678571462631, 202.84],
          [18.499058950692415, 63.106750678271055, 200.21],
          [18.498967085033655, 63.10676375404, 199.54],
          [18.498618230223656, 63.10675906017423, 196.91],
          [18.498311704024673, 63.1067500077188, 194.75],
          [18.497976092621684, 63.106685215607285, 191.56],
          [18.497922867536545, 63.10665227472782, 190.88],
          [18.49782731384039, 63.10657700523734, 189.58],
          [18.49768850952387, 63.106447756290436, 186.06],
          [18.497643917798996, 63.10639310628176, 185.09],
          [18.497698148712516, 63.10628673993051, 182.28],
          [18.49783267825842, 63.10625337995589, 181.26],
          [18.49791096523404, 63.10618900693953, 179.17],
          [18.49798615090549, 63.10615380294621, 178.53],
          [18.498278679326177, 63.106012400239706, 177.15],
          [18.498469283804297, 63.105881391093135, 175],
          [18.498490741476417, 63.105767481029034, 174.68],
          [18.498484874144197, 63.10574920848012, 174.01],
          [18.498499793931842, 63.10569355264306, 173.29],
          [18.498548241332173, 63.10564527288079, 174.76],
          [18.498547738417983, 63.10562272556126, 173.93],
          [18.498503398150206, 63.10553119517863, 172.44],
          [18.49847339093685, 63.10551476664841, 172.37],
          [18.498377753421664, 63.10534369200468, 170.77],
          [18.498359648510814, 63.10521997511387, 170.62],
          [18.498368868604302, 63.105156775563955, 170.31],
          [18.49830424413085, 63.10498544946313, 170.27],
          [18.498259568586946, 63.104920741170645, 170.76],
          [18.498178515583277, 63.104721922427416, 168.88],
          [18.49810634739697, 63.104541040956974, 168.42],
          [18.49803158082068, 63.10441774316132, 167.19],
          [18.497921861708164, 63.10428790748119, 167.22],
          [18.497911635786295, 63.10420014895499, 166.98],
          [18.497908283025026, 63.10414692386985, 166.56],
          [18.497811388224363, 63.10406478121877, 167.54],
          [18.497718516737223, 63.103929329663515, 167.15],
          [18.4977007471025, 63.10374283231795, 167.01],
          [18.49771013483405, 63.103732857853174, 166.91],
          [18.49771591834724, 63.10369958169758, 166.96],
          [18.49763134494424, 63.103614673018456, 165.77],
          [18.497603433206677, 63.103544265031815, 165.49],
          [18.497533528134227, 63.10338324867189, 165.13],
          [18.497549537569284, 63.10334075242281, 165.18],
          [18.49749413318932, 63.103129947558045, 163.24],
          [18.497546687722206, 63.10301788151264, 163.09],
          [18.497529588639736, 63.10289508663118, 162.66],
          [18.49751223810017, 63.102837670594454, 162.26],
          [18.497369159013033, 63.102746894583106, 161.42],
          [18.49716338329017, 63.10264220461249, 159.49],
          [18.497194899246097, 63.102595852687955, 159.13],
          [18.497238736599684, 63.10244472697377, 157.04],
          [18.497245274484158, 63.102437602356076, 157.13],
          [18.497271174564958, 63.10226527042687, 156.93],
          [18.497355077415705, 63.102168375626206, 157.5],
          [18.497349712997675, 63.10208145529032, 157.28],
          [18.497342923656106, 63.10204340144992, 157.23],
          [18.497360441833735, 63.10200048610568, 157.41],
          [18.49734904244542, 63.10195832513273, 157.08],
          [18.497320543974638, 63.10176260769367, 157.06],
          [18.497427748516202, 63.10149170458317, 156.68],
          [18.49747938103974, 63.10138785280287, 155.95],
          [18.49751751869917, 63.101356169208884, 155.96],
          [18.497609551995993, 63.10123714618385, 156.02],
          [18.497613072395325, 63.10124024748802, 155.62],
          [18.497690688818693, 63.10118207708001, 155.26],
          [18.49777115508914, 63.10112927109003, 155.43],
          [18.49783267825842, 63.10108224861324, 155.37],
          [18.497865200042725, 63.10098744928837, 154.38],
          [18.497881880030036, 63.10096909292042, 154.6],
          [18.49798120558262, 63.10075309127569, 154.47],
          [18.498000986874104, 63.10072023421526, 153.85],
          [18.498058654367924, 63.100691149011254, 154.34],
          [18.498069467023015, 63.100654100999236, 154.5],
          [18.498097714036703, 63.1005850341171, 153.58],
          [18.498097462579608, 63.10056550428271, 153.53],
          [18.498107101768255, 63.10054890811443, 153.69],
          [18.498113974928856, 63.10053273104131, 153.61],
          [18.498115316033363, 63.100510351359844, 153.34],
          [18.498238110914826, 63.100339863449335, 153.72],
          [18.49824263714254, 63.10031513683498, 153.41],
          [18.49826459772885, 63.10027565807104, 152.96],
          [18.498267363756895, 63.10026191174984, 153.44],
          [18.498272225260735, 63.10024640522897, 152.72],
          [18.4982739854604, 63.100232826545835, 153.42],
          [18.498272644355893, 63.10022226534784, 153.26],
          [18.49826904013753, 63.10021094977856, 152.64],
          [18.498268956318498, 63.10019929893315, 153.31],
          [18.498290916904807, 63.10015093535185, 153.55],
          [18.49830566905439, 63.100138111039996, 153.63],
          [18.49831597879529, 63.100125286728144, 153.86],
          [18.498331066221, 63.10011422261596, 153.85],
          [18.49834187887609, 63.10010408051312, 153.04],
          [18.498354703187943, 63.10008941218257, 153.65],
          [18.498366689309478, 63.10007709078491, 153.91],
          [18.49838043563068, 63.10006493702531, 153.91],
          [18.49843475036323, 63.099933760240674, 153.47],
          [18.498443383723497, 63.09992462396622, 153.04],
          [18.49844933487475, 63.0999153200537, 152.86],
          [18.49845771677792, 63.099905010312796, 152.79],
          [18.498471044003963, 63.09989461675286, 152.43],
          [18.498504823073745, 63.099847761914134, 152.48],
          [18.498557964339852, 63.09966889210045, 152.99],
          [18.498641615733504, 63.09952707029879, 153.13],
          [18.49867950193584, 63.099499410018325, 153.49],
          [18.498684028163552, 63.099487256258726, 153.05],
          [18.498687213286757, 63.099475521594286, 153.44],
          [18.498692493885756, 63.09946462512016, 153.4],
          [18.4987058211118, 63.09945465065539, 153.47],
          [18.498718310147524, 63.09944459237158, 153.28],
          [18.498724177479744, 63.099424224346876, 153.2],
          [18.498726775869727, 63.09941131621599, 152.98],
          [18.49872836843133, 63.099397737532854, 153.23],
          [18.498730463907123, 63.0993851646781, 152.84],
          [18.498729038983583, 63.09937099926174, 152.68],
          [18.498724093660712, 63.099356750026345, 152.95],
          [18.498757872730494, 63.09913890436292, 153.59],
          [18.498775474727154, 63.09900772757828, 154.41],
          [18.498776899650693, 63.098996663466096, 153.69],
          [18.498777905479074, 63.09898509643972, 153.38],
          [18.49877916276455, 63.09897302649915, 153.95],
          [18.498779581859708, 63.098959950730205, 154.12],
          [18.498799866065383, 63.098883675411344, 154.08],
          [18.498805398121476, 63.098862720653415, 153.64],
          [18.498812522739172, 63.09885190799832, 153.3],
          [18.49889986217022, 63.09865686111152, 152.06],
          [18.498908914625645, 63.098586620762944, 150.96],
          [18.498913859948516, 63.09857580810785, 151.12],
          [18.498917380347848, 63.0985645763576, 150.6],
          [18.498919140547514, 63.09855367988348, 150.31],
          [18.49891997873783, 63.09854160994291, 150.09],
          [18.498919056728482, 63.098530042916536, 150.37],
          [18.49896247498691, 63.098342288285494, 148.02],
          [18.498971946537495, 63.098304653540254, 147.99],
          [18.498981753364205, 63.09829375706613, 148.12],
          [18.499010922387242, 63.098249081522226, 146.89],
          [18.499025674536824, 63.09823852032423, 147.08],
          [18.499171184375882, 63.0980915017426, 145.7],
          [18.4992497228086, 63.097976334393024, 144.2],
          [18.499250058084726, 63.0978930182755, 143.67],
          [18.499248549342155, 63.09785731136799, 144.05],
          [18.499267660081387, 63.097834680229425, 143.48],
          [18.499374110251665, 63.09767860919237, 141.53],
          [18.49937134422362, 63.097666120156646, 141.88],
          [18.499370841309428, 63.09765153564513, 141.4],
          [18.499372685328126, 63.097637202590704, 141.49],
          [18.499376624822617, 63.09762462973595, 140.95],
          [18.499377463012934, 63.09760711155832, 141.77],
          [18.499381486326456, 63.09759361669421, 141.68],
          [18.49938995204866, 63.09757987037301, 141.44],
          [18.49939431063831, 63.097566878423095, 140.69],
          [18.499399423599243, 63.097551707178354, 140.89],
          [18.49954593926668, 63.09737107716501, 138.29],
          [18.499589189887047, 63.0972592625767, 134.99],
          [18.49961819127202, 63.09719220735133, 134.76],
          [18.499618526548147, 63.09708081185818, 132.75],
          [18.499612994492054, 63.09706564061344, 132.94],
          [18.49960746243596, 63.097052900120616, 132.44],
          [18.499598996713758, 63.097037728875875, 132.29],
          [18.499585082754493, 63.0970224738121, 132.29],
          [18.4995243139565, 63.09679909609258, 129.9],
          [18.499510399997234, 63.09675215743482, 129.3],
          [18.49951417185366, 63.09673799201846, 129.78],
          [18.499523056671023, 63.09672332368791, 128.75],
          [18.499533366411924, 63.0967082362622, 129.04],
          [18.499541329219937, 63.09669457376003, 128.4],
          [18.49957753904164, 63.09664017520845, 127.08],
          [18.499587513506413, 63.09657773002982, 126.29],
          [18.499594889581203, 63.09656406752765, 126],
          [18.49960343912244, 63.09654847718775, 126.29],
          [18.499607043340802, 63.09652785770595, 126],
          [18.49960008636117, 63.0965044721961, 125.91],
          [18.499591620638967, 63.09648594819009, 125.53],
          [18.499578880146146, 63.09642995707691, 124.53],
          [18.499581310898066, 63.096418054774404, 124.31],
          [18.49955960176885, 63.09639433398843, 123.78],
          [18.49956194870174, 63.09636399149895, 123.58],
          [18.49955557845533, 63.09635108336806, 123.64],
          [18.499543508514762, 63.09633884578943, 123.66],
          [18.499326836317778, 63.096202136948705, 121.55],
          [18.49928693845868, 63.09615544974804, 120.43],
          [18.49928735755384, 63.09614614583552, 119.93],
          [18.499243604019284, 63.0960712954402, 118.38],
          [18.499102033674717, 63.095973981544375, 116.7],
          [18.499098932370543, 63.09590424410999, 114.54],
          [18.499107733368874, 63.09589418582618, 114.21],
          [18.499076971784234, 63.095753034576774, 113.04],
          [18.49905274808407, 63.09569830074906, 112.3],
          [18.499013017863035, 63.095554718747735, 110.36],
          [18.49895065650344, 63.09547726996243, 109.05],
          [18.49894101731479, 63.09543921612203, 107.98],
          [18.498928025364876, 63.09542203322053, 108.05],
          [18.498956942930818, 63.09537157416344, 107.25],
          [18.498961804434657, 63.095321198925376, 106.19],
          [18.49899365566671, 63.0953009147197, 106.01],
          [18.498999858275056, 63.09529127553105, 105.99],
          [18.499006563797593, 63.09528146870434, 105.8],
          [18.499000780284405, 63.095221538096666, 104.19],
          [18.499162467196584, 63.09510796330869, 100.93],
          [18.499211836606264, 63.095067059621215, 99.69],
          [18.499240167438984, 63.09505951590836, 99.32],
          [18.499254500493407, 63.095042584463954, 99.64],
          [18.499400429427624, 63.094942420721054, 97.33],
          [18.499521631747484, 63.09484829194844, 96.26],
          [18.499528588727117, 63.094807555899024, 94.92],
          [18.499649707227945, 63.09475718066096, 94.96],
          [18.499652724713087, 63.09474083594978, 94.17],
          [18.49969983100891, 63.094709403812885, 95.14],
          [18.49969974718988, 63.094695741310716, 95.62],
          [18.49977308884263, 63.09465835802257, 95.12],
          [18.49984349682927, 63.09463455341756, 94.21],
          [18.49990116432309, 63.09459297917783, 93.55],
          [18.500074669718742, 63.094531036913395, 90.53],
          [18.500435510650277, 63.09444612823427, 87.17],
          [18.5006882250309, 63.094375217333436, 85.05],
          [18.50074991583824, 63.09434512630105, 84.34],
          [18.50076257251203, 63.09433297254145, 83.75],
          [18.50076349452138, 63.094318052753806, 82.96],
          [18.500771122053266, 63.09430556371808, 83.13],
          [18.500774893909693, 63.094291649758816, 83.22],
          [18.500775061547756, 63.0942768137902, 83],
          [18.500780509784818, 63.09426315128803, 82.32],
          [18.50078210234642, 63.09425284154713, 82.33],
          [18.500759722664952, 63.09411738999188, 80.15],
          [18.500753855332732, 63.094103978946805, 79.67],
          [18.500688392668962, 63.09395142830908, 76.65],
          [18.500699205324054, 63.093905160203576, 75.67],
          [18.500919146463275, 63.09377716854215, 74.03],
          [18.500992991030216, 63.09375043027103, 73.62],
          [18.501036996021867, 63.09371589682996, 73.6],
          [18.50105124525726, 63.09363224543631, 71.89],
          [18.501066332682967, 63.09355798177421, 70.62],
          [18.501086197793484, 63.093472234904766, 69.64],
          [18.501094914972782, 63.09329009614885, 67.64],
          [18.501105811446905, 63.09327928349376, 67.78],
          [18.50109432823956, 63.093254808336496, 66.9],
          [18.50109625607729, 63.09324173256755, 67.32],
          [18.501095166429877, 63.093225471675396, 66.7],
          [18.501080414280295, 63.09320024214685, 67.04],
          [18.501067338511348, 63.09300980530679, 64.25],
          [18.50106356665492, 63.092821380123496, 62.36],
          [18.501014029607177, 63.09265743009746, 59.9],
          [18.500823928043246, 63.092519380152225, 59.7],
          [18.50078017450869, 63.09251166880131, 60.17],
          [18.500389074906707, 63.092485098168254, 59.57],
          [18.500084225088358, 63.092456264421344, 59.06],
          [18.499597907066345, 63.09233983978629, 58.22],
          [18.499441165477037, 63.0923150293529, 57.64],
          [18.499418534338474, 63.09230505488813, 57.52],
          [18.498972449451685, 63.092145128175616, 57.19],
          [18.498389488086104, 63.091936921700835, 56.32],
          [18.497959161177278, 63.09167833998799, 55.26],
          [18.497592536732554, 63.09146820567548, 53.41],
          [18.49735784344375, 63.09132495895028, 52.62],
          [18.49730059504509, 63.09129009023309, 52.7],
          [18.497209399938583, 63.09124331921339, 52.55],
          [18.497021896764636, 63.09117768891156, 52.48],
          [18.496983088552952, 63.09116704389453, 52.74],
          [18.496630880981684, 63.09110392816365, 53.7],
          [18.496287558227777, 63.0909439176321, 52.02],
          [18.4960394538939, 63.09077016077936, 50.52],
          [18.49571205675602, 63.090546783059835, 48.56],
          [18.49538910202682, 63.09038341976702, 45.94],
          [18.49532900378108, 63.090258948504925, 44.33],
          [18.495348198339343, 63.09012047946453, 43.69],
          [18.495427910238504, 63.09004177339375, 44.53],
          [18.49550100043416, 63.089984776452184, 42.76],
          [18.495524218305945, 63.08997195214033, 43.36],
          [18.495542239397764, 63.089960468932986, 42.45],
          [18.49557082168758, 63.0899425316602, 43.03],
          [18.49570426158607, 63.0899044778198, 39.67],
          [18.49571700207889, 63.08990196324885, 39.45],
          [18.495799144729972, 63.089863657951355, 37.83],
          [18.495832923799753, 63.08984194882214, 36.77],
          [18.49585915915668, 63.08983080089092, 36.73],
          [18.496059319004416, 63.08972854167223, 33.66],
          [18.496047668159008, 63.08963122777641, 32.47],
          [18.496046159416437, 63.08961873874068, 31.93],
          [18.496066108345985, 63.0894969496876, 29.07],
          [18.49609569646418, 63.08946534991264, 27.82],
          [18.49616887047887, 63.08936049230397, 25.14],
          [18.49595923908055, 63.08922663331032, 23.89],
          [18.495920598506927, 63.08913242071867, 22.24],
          [18.49575413390994, 63.089061928913, 24.08],
          [18.495727395638824, 63.08906360529363, 23.77],
          [18.495699651539326, 63.08906444348395, 23.72],
          [18.49563251249492, 63.089056648314, 23.54],
          [18.49561088718474, 63.089047679677606, 23.44],
          [18.49546730518341, 63.08895162306726, 22.34],
          [18.4953832346946, 63.088926477357745, 21.48],
          [18.49522741511464, 63.088885908946395, 21.48],
          [18.49489993415773, 63.08885305188596, 22.1],
          [18.494545463472605, 63.08876294642687, 21.56],
          [18.49416660144925, 63.088735453784466, 20.62],
          [18.493693694472313, 63.08868340216577, 20.81],
          [18.493404602631927, 63.08862875215709, 19.72],
          [18.49319958128035, 63.088566306978464, 19.11],
          [18.492875872179866, 63.0884902831167, 18.91],
          [18.49275140091777, 63.08846874162555, 19.05],
          [18.492686189711094, 63.08846983127296, 19.41],
          [18.49265618249774, 63.08846924453974, 19.09],
          [18.492376059293747, 63.08844300918281, 20.19],
          [18.492303639650345, 63.088430520147085, 19.67],
          [18.4921055752784, 63.08840646408498, 20.13],
          [18.492001807317138, 63.08837343938649, 19.1],
          [18.491873228922486, 63.08837117627263, 19.61],
          [18.491846239194274, 63.088369918987155, 19.64],
          [18.49181572906673, 63.088368410244584, 19.45],
          [18.491789158433676, 63.0883676558733, 19.84],
          [18.491759318858385, 63.0883639678359, 19.74],
          [18.491395292803645, 63.08833220042288, 19.56],
          [18.491369308903813, 63.08833496645093, 19.61],
          [18.49118306301534, 63.08833454735577, 19.01],
          [18.491153977811337, 63.08833102695644, 18.98],
          [18.490793304517865, 63.08829230256379, 19.12],
          [18.490714095532894, 63.08828710578382, 18.37],
          [18.490238338708878, 63.08828325010836, 19.15],
          [18.48995067179203, 63.08826137334108, 19.19],
          [18.48981538787484, 63.08826514519751, 19.34],
          [18.48973475396633, 63.08826740831137, 19.65],
          [18.48954708315432, 63.08827009052038, 19.45],
          [18.489516908302903, 63.088268330320716, 19.29],
          [18.489343151450157, 63.088289787992835, 19.48],
          [18.489288249984384, 63.08828962035477, 19.79],
          [18.489250782877207, 63.0882881116122, 19.99],
          [18.489220524206758, 63.088285345584154, 19.6],
          [18.488897401839495, 63.08826715685427, 18.5],
          [18.488361462950706, 63.0882154405117, 17.91],
          [18.48791018128395, 63.08814779855311, 17.53],
          [18.487627627328038, 63.08807009831071, 16.99],
          [18.48746744915843, 63.08801100589335, 16.2],
          [18.486952297389507, 63.08795082382858, 17],
          [18.486574608832598, 63.087853007018566, 17.3],
          [18.48617940209806, 63.08780774474144, 19.83],
          [18.486019307747483, 63.0877529270947, 20.64],
          [18.485972369089723, 63.087740605697036, 21.91],
          [18.485702136531472, 63.087658965960145, 24.6],
          [18.485383288934827, 63.0875613167882, 25.84],
          [18.485026471316814, 63.087429804727435, 27.2],
          [18.484630677849054, 63.08729569427669, 29.3],
          [18.48468465730548, 63.08695413172245, 27.69],
          [18.48444233648479, 63.08674726635218, 26.87],
          [18.484178809449077, 63.0866217892617, 27.32],
          [18.4837718680501, 63.08650108985603, 28.02],
          [18.483563158661127, 63.08641500771046, 29.35],
          [18.483283119276166, 63.0863125808537, 30.61],
          [18.483103159815073, 63.08623915538192, 31.01],
          [18.482887409627438, 63.08617394417524, 31.25],
          [18.482847679406404, 63.08613119646907, 31.8],
          [18.482714658603072, 63.086087023839355, 31.87],
          [18.48253956064582, 63.08602902106941, 32],
          [18.4825302567333, 63.08601938188076, 32.15],
          [18.48252254538238, 63.08600815013051, 32.25],
          [18.48251223564148, 63.08599582873285, 31.9],
          [18.482503099367023, 63.08598375879228, 32.33],
          [18.482182659208775, 63.08588200248778, 32.31],
          [18.482002280652523, 63.08584193699062, 32.12],
          [18.48197914659977, 63.08583523146808, 32.55],
          [18.48166792653501, 63.08576582930982, 33.57],
          [18.481532223522663, 63.08575417846441, 34.02],
          [18.48149542696774, 63.085679998621345, 34.13],
          [18.481554938480258, 63.08570908382535, 33.63],
          [18.48159844055772, 63.08573288843036, 33.11],
          [18.48158000037074, 63.08578670024872, 34.09],
          [18.481571953743696, 63.08578519150615, 34.39],
          [18.48147145472467, 63.08577278628945, 34.87],
          [18.481382271274924, 63.0857203155756, 35.24],
          [18.481311444193125, 63.08569525368512, 35.08],
          [18.481292333453894, 63.08568678796291, 34.98],
          [18.48127213306725, 63.0856772325933, 34.6],
          [18.481255117803812, 63.085667761042714, 34.65],
          [18.480950016528368, 63.08546299114823, 33.92],
          [18.48065111786127, 63.085260735824704, 33.19],
          [18.48036034964025, 63.08509293012321, 31.71],
          [18.48007444292307, 63.084912803024054, 30.69],
          [18.47977009601891, 63.084735525771976, 29.22],
          [18.47954479046166, 63.08460049331188, 27.9],
          [18.47924865782261, 63.08438742533326, 26.39],
          [18.479033075273037, 63.08417955413461, 25.01],
          [18.47894280217588, 63.08397361077368, 22.75],
          [18.478872813284397, 63.083943938836455, 22.72],
          [18.478459753096104, 63.083881409838796, 23.29],
          [18.47833352163434, 63.08385659940541, 23.62]
        ]
      }
    },
    {
      "type": "Feature",
      "properties": {
        "icon": "picnic",
        "name": "Reindeer Stew"
      },
      "geometry": {
        "type": "Point",
        "coordinates": [18.502696784188856, 63.08801353796804]
      }
    },
    {
      "type": "Feature",
      "properties": {
        "icon": "flag"
      },
      "geometry": {
        "type": "Point",
        "coordinates": [18.478978828643676, 63.083744390935664]
      }
    },
    {
      "type": "Feature",
      "properties": {
        "icon": "mountain",
        "name": "Slåttdalsskrevan"
      },
      "geometry": {
        "type": "Point",
        "coordinates": [18.501263931980816, 63.10818352264414]
      }
    }
  ]
}
