{
  "type": "FeatureCollection",
  "features": [
    {
      "type": "Feature",
      "properties": {
        "coordinateProperties": {},
        "type": "drive"
      },
      "geometry": {
        "type": "LineString",
        "coordinates": [
          [10.464304, 61.116188, 193.5],
          [10.464377, 61.116093, 193.3],
          [10.463002, 61.115833, 188.6],
          [10.463443, 61.115276, 187.1],
          [10.464299, 61.114142, 182.3],
          [10.464684, 61.113663, 180.5],
          [10.464743, 61.11356, 180.1],
          [10.464364, 61.113311, 178.4],
          [10.464026, 61.113439, 178.3],
          [10.463603, 61.113567, 177.8],
          [10.463416, 61.113546, 177.1],
          [10.463188, 61.113356, 176],
          [10.463032, 61.113296, 175.6],
          [10.461908, 61.113042, 172.8],
          [10.461696, 61.113005, 172.4],
          [10.461489, 61.112983, 172.1],
          [10.461192, 61.112973, 171.3],
          [10.461041, 61.112975, 170.7],
          [10.460883, 61.112986, 170.3],
          [10.460736, 61.113015, 169.8],
          [10.46063, 61.113055, 169.4],
          [10.460518, 61.113111, 168.8],
          [10.460334, 61.113288, 170.3],
          [10.460208, 61.113362, 168.5],
          [10.460142, 61.113476, 168.6],
          [10.460058, 61.113696, 168.9],
          [10.459923, 61.114066, 166.4],
          [10.459803, 61.114256, 165.1],
          [10.459678, 61.114416, 163.9],
          [10.459503, 61.114599, 162.5],
          [10.459382, 61.114701, 161.6],
          [10.45922, 61.114807, 160.5],
          [10.458992, 61.114919, 159.1],
          [10.45879, 61.114991, 157.9],
          [10.458568, 61.115051, 156.6],
          [10.458249, 61.115107, 154.8],
          [10.458057, 61.115124, 153.7],
          [10.457868, 61.115132, 152.5],
          [10.45762, 61.115129, 151.1],
          [10.456501, 61.11506, 144],
          [10.456267, 61.115046, 144.2],
          [10.455626, 61.115006, 140.7],
          [10.455234, 61.11499, 138.6],
          [10.454973, 61.114988, 137.4],
          [10.454707, 61.114996, 136.1],
          [10.454251, 61.115046, 133.9],
          [10.453887, 61.115114, 132.8],
          [10.453687, 61.115161, 130.8],
          [10.45331, 61.115236, 130],
          [10.453051, 61.115268, 129.4],
          [10.452778, 61.115284, 128.8],
          [10.452007, 61.11529, 127],
          [10.451776, 61.115302, 126.5],
          [10.451611, 61.11532, 126.1],
          [10.451344, 61.115363, 125.5],
          [10.451037, 61.115439, 125.9],
          [10.450499, 61.115618, 125.7],
          [10.450356, 61.115659, 125.2],
          [10.450207, 61.11569, 124.7],
          [10.449871, 61.115736, 125],
          [10.449549, 61.115841, 125.2],
          [10.449323, 61.115964, 125.2],
          [10.449243, 61.116016, 125.2],
          [10.449186, 61.116033, 125.3],
          [10.449122, 61.116043, 125.4],
          [10.448988, 61.116038, 125.7],
          [10.448618, 61.116113, 125.4],
          [10.448379, 61.116153, 125.3],
          [10.447324, 61.116302, 124.9],
          [10.447174, 61.116339, 124.4],
          [10.446951, 61.116395, 124.5],
          [10.446832, 61.116433, 124.3],
          [10.446606, 61.116523, 124],
          [10.446513, 61.116573, 123.8],
          [10.446402, 61.116666, 124.8],
          [10.446348, 61.116733, 125.4],
          [10.446291, 61.116832, 126.2],
          [10.446261, 61.116965, 127.1],
          [10.446149, 61.117961, 128.4],
          [10.446041, 61.118052, 127.8],
          [10.446035, 61.118096, 127.7],
          [10.445927, 61.118669, 127.5],
          [10.445794, 61.11912, 127.5],
          [10.445621, 61.119564, 127.3],
          [10.445427, 61.119955, 127.2],
          [10.445052, 61.120568, 127.3],
          [10.4447, 61.12103, 127.9],
          [10.444524, 61.121236, 131],
          [10.444063, 61.121698, 131.3],
          [10.442762, 61.122914, 132.1],
          [10.442012, 61.123533, 129.9],
          [10.440286, 61.124862, 132.1],
          [10.438488, 61.126196, 136.7],
          [10.436671, 61.127493, 138.6],
          [10.435718, 61.128159, 142.8],
          [10.433538, 61.129628, 146.9],
          [10.431145, 61.13119, 151],
          [10.430336, 61.131691, 151.3],
          [10.429021, 61.132534, 152.8],
          [10.426352, 61.134211, 154.4],
          [10.425263, 61.134894, 154.5],
          [10.423612, 61.135943, 155.1],
          [10.422861, 61.136431, 155.5],
          [10.421466, 61.137397, 156.2],
          [10.420788, 61.137889, 156.5],
          [10.420136, 61.138392, 156.5],
          [10.419805, 61.138654, 156.6],
          [10.419174, 61.139196, 156.5],
          [10.418614, 61.139743, 156.3],
          [10.418353, 61.140022, 156.2],
          [10.417851, 61.14058, 156.2],
          [10.417393, 61.141156, 156.1],
          [10.416957, 61.141742, 155.8],
          [10.416198, 61.142929, 155.3],
          [10.415895, 61.143358, 155.4],
          [10.415807, 61.143652, 155.2],
          [10.415733, 61.144153, 155.6],
          [10.415701, 61.144277, 155.6],
          [10.415624, 61.144444, 155.7],
          [10.415254, 61.145092, 156.4],
          [10.415044, 61.14552, 156.5],
          [10.414985, 61.145676, 156.4],
          [10.414962, 61.145794, 156.4],
          [10.414975, 61.146067, 155.5],
          [10.41501, 61.146218, 154.6],
          [10.415057, 61.146297, 153.9],
          [10.415134, 61.146341, 153.8],
          [10.41516, 61.146373, 153.6],
          [10.415234, 61.146424, 153.4],
          [10.415459, 61.146516, 153.3],
          [10.415587, 61.146504, 153.2],
          [10.415717, 61.146511, 153.2],
          [10.415856, 61.146542, 153.7],
          [10.415963, 61.146595, 154.3],
          [10.41603, 61.146676, 154.5],
          [10.416025, 61.146757, 154.2],
          [10.415956, 61.146832, 154],
          [10.415841, 61.146885, 153.9],
          [10.415694, 61.146915, 153.8],
          [10.41555, 61.147021, 153.3],
          [10.415368, 61.147202, 152.7],
          [10.415295, 61.14732, 152.5],
          [10.415257, 61.147412, 152.4],
          [10.415243, 61.147502, 152.5],
          [10.415273, 61.147779, 153.4],
          [10.415265, 61.147914, 153.7],
          [10.415073, 61.148481, 154.9],
          [10.415053, 61.148597, 155.1],
          [10.415059, 61.148722, 155.3],
          [10.41509, 61.148838, 155.4],
          [10.41526, 61.149297, 156.2],
          [10.415354, 61.149469, 156.6],
          [10.415532, 61.149736, 157.1],
          [10.415581, 61.149841, 157.2],
          [10.415607, 61.149938, 157.1],
          [10.415617, 61.150055, 157],
          [10.415604, 61.150162, 156.8],
          [10.415444, 61.150641, 156.3],
          [10.415436, 61.150766, 156.3],
          [10.415457, 61.150891, 156.3],
          [10.415958, 61.152008, 161.8],
          [10.416164, 61.152546, 164.1],
          [10.416202, 61.152716, 164.9],
          [10.416189, 61.152805, 165.3],
          [10.416144, 61.152901, 165.7],
          [10.416089, 61.152971, 166],
          [10.415996, 61.153055, 166.4],
          [10.41581, 61.153178, 167.1],
          [10.414909, 61.15369, 171.8],
          [10.413505, 61.154502, 177.7],
          [10.41275, 61.15495, 180.9],
          [10.412071, 61.155401, 183.4],
          [10.411727, 61.155652, 184.8],
          [10.411411, 61.15591, 186.2],
          [10.411147, 61.156151, 187.4],
          [10.410844, 61.156451, 188.8],
          [10.410343, 61.156972, 191.4],
          [10.409974, 61.157406, 193.5],
          [10.409455, 61.158088, 196.8],
          [10.40924, 61.158393, 198.1],
          [10.40905, 61.158702, 199.3],
          [10.408912, 61.159002, 200.2],
          [10.408828, 61.159254, 200.8],
          [10.408767, 61.159547, 201.2],
          [10.408753, 61.159801, 201.3],
          [10.408779, 61.160097, 201.3],
          [10.40884, 61.160387, 201.2],
          [10.409106, 61.161179, 200.9],
          [10.409187, 61.161506, 201.4],
          [10.409209, 61.161655, 201.8],
          [10.409207, 61.161941, 202.8],
          [10.409163, 61.162282, 204.4],
          [10.409103, 61.162498, 205.5],
          [10.408668, 61.163734, 210.5],
          [10.408623, 61.163891, 210.9],
          [10.408584, 61.16405, 211.3],
          [10.408548, 61.164306, 212],
          [10.408556, 61.164556, 212.5],
          [10.408646, 61.164968, 213],
          [10.408696, 61.1651, 213.2],
          [10.408839, 61.165385, 213.6],
          [10.409018, 61.165651, 213.7],
          [10.409748, 61.166489, 213.3],
          [10.409959, 61.16678, 213.2],
          [10.410133, 61.167087, 212.8],
          [10.410207, 61.167252, 212.6],
          [10.410481, 61.168046, 211],
          [10.410651, 61.168666, 209.9],
          [10.4108, 61.169287, 208.7],
          [10.410971, 61.170124, 206.3],
          [10.411291, 61.171948, 202.1],
          [10.411366, 61.172284, 201.4],
          [10.41153, 61.172882, 199.9],
          [10.411623, 61.173171, 199.4],
          [10.411791, 61.173612, 198.4],
          [10.411969, 61.174035, 197.8],
          [10.412247, 61.174601, 196.8],
          [10.412495, 61.175035, 196.1],
          [10.412688, 61.175322, 195.8],
          [10.413028, 61.175731, 195.1],
          [10.413304, 61.176019, 194.7],
          [10.413749, 61.176407, 193.6],
          [10.414069, 61.176655, 192.9],
          [10.414598, 61.177017, 192.4],
          [10.415364, 61.177469, 193.1],
          [10.416593, 61.17814, 194.6],
          [10.417223, 61.178554, 194.3],
          [10.417543, 61.178821, 194],
          [10.417823, 61.179096, 193.7],
          [10.417997, 61.179292, 193.6],
          [10.418117, 61.179454, 193.6],
          [10.41831, 61.179774, 193.5],
          [10.41851, 61.180236, 193.5],
          [10.418596, 61.180489, 193.6],
          [10.418764, 61.181042, 192.7],
          [10.418852, 61.181404, 191.7],
          [10.418943, 61.181844, 189.8],
          [10.41901, 61.182301, 187.7],
          [10.419058, 61.182911, 185.1],
          [10.419052, 61.183243, 183.7],
          [10.419013, 61.183586, 182.7],
          [10.418934, 61.18387, 182.1],
          [10.418834, 61.184173, 181.3],
          [10.418706, 61.184465, 180.4],
          [10.418547, 61.184753, 179.5],
          [10.418366, 61.185022, 178.6],
          [10.418274, 61.1852, 178.3],
          [10.418142, 61.185632, 182.6],
          [10.418021, 61.185945, 186.7],
          [10.417179, 61.187706, 186.9],
          [10.41682, 61.188401, 186.2],
          [10.415728, 61.190376, 179.9],
          [10.415576, 61.190712, 179.2],
          [10.415492, 61.19105, 178.7],
          [10.415476, 61.191254, 178.3],
          [10.415486, 61.191458, 177.9],
          [10.415557, 61.191792, 177.3],
          [10.415791, 61.192349, 177],
          [10.415774, 61.192461, 175.9],
          [10.415706, 61.192552, 175.1],
          [10.415511, 61.192711, 172.4],
          [10.4155, 61.19275, 172.3],
          [10.415469, 61.192786, 172.2],
          [10.415409, 61.192821, 172.2],
          [10.415311, 61.19285, 172.1],
          [10.415176, 61.192858, 171.8],
          [10.415031, 61.192941, 172.1],
          [10.414941, 61.193015, 172.2],
          [10.41468, 61.193301, 173],
          [10.414592, 61.193447, 173.1],
          [10.414503, 61.193689, 173.3],
          [10.414487, 61.193911, 173.4],
          [10.41451, 61.194089, 173.3],
          [10.414564, 61.194311, 173.1],
          [10.414511, 61.194368, 173.2],
          [10.414557, 61.194535, 173.1],
          [10.414676, 61.194863, 172.2],
          [10.414942, 61.195437, 171.3],
          [10.415373, 61.196088, 171.1],
          [10.415585, 61.196362, 170.5],
          [10.415828, 61.19665, 170.1],
          [10.4164, 61.197211, 169.1],
          [10.419972, 61.200456, 162.1],
          [10.421097, 61.201509, 161],
          [10.421624, 61.202037, 160.9],
          [10.422628, 61.203091, 161.5],
          [10.423674, 61.204151, 162.7],
          [10.42429, 61.204676, 163.7],
          [10.424927, 61.205132, 164.2],
          [10.425335, 61.205398, 164.2],
          [10.426232, 61.205909, 163.8],
          [10.426719, 61.206149, 163.6],
          [10.42776, 61.206607, 163.4],
          [10.429942, 61.207497, 163.1],
          [10.430191, 61.2076, 164.3],
          [10.431431, 61.208148, 166.4],
          [10.432296, 61.208556, 166.7],
          [10.43319, 61.209036, 166.9],
          [10.434051, 61.209526, 167],
          [10.43636, 61.210858, 169.4],
          [10.437136, 61.211355, 170],
          [10.437648, 61.21171, 171.1],
          [10.438166, 61.212112, 172],
          [10.43847, 61.212365, 172.8],
          [10.43888, 61.212734, 173.8],
          [10.439471, 61.213325, 175.4],
          [10.439964, 61.213859, 176.6],
          [10.441515, 61.2156, 178.1],
          [10.442935, 61.217132, 178.6],
          [10.443884, 61.218252, 178.8],
          [10.44453, 61.219084, 180],
          [10.444732, 61.219366, 179.6],
          [10.444897, 61.219651, 179.6],
          [10.445045, 61.219963, 179.7],
          [10.445126, 61.22024, 180],
          [10.445167, 61.220523, 180.3],
          [10.445158, 61.220815, 180.5],
          [10.445137, 61.220961, 180.5],
          [10.44489, 61.222244, 180.4],
          [10.444842, 61.22264, 180.6],
          [10.444834, 61.222778, 180.7],
          [10.444848, 61.223051, 180.7],
          [10.4449, 61.223331, 180.7],
          [10.445058, 61.223783, 180.4],
          [10.445278, 61.224173, 180.3],
          [10.445476, 61.224435, 180.1],
          [10.446434, 61.225579, 180.2],
          [10.446676, 61.22594, 180.6],
          [10.446831, 61.226208, 180.9],
          [10.446942, 61.226474, 181.3],
          [10.446995, 61.226624, 181.4],
          [10.447105, 61.22704, 182],
          [10.447138, 61.22746, 182.5],
          [10.447137, 61.227599, 182.6],
          [10.447074, 61.22809, 182.9],
          [10.446984, 61.228387, 182.8],
          [10.44686, 61.228688, 183],
          [10.446703, 61.228984, 182.4],
          [10.446417, 61.229425, 182.3],
          [10.446184, 61.229718, 182.3],
          [10.445921, 61.230018, 182.3],
          [10.44564, 61.230309, 182.3],
          [10.444974, 61.230916, 181.3],
          [10.441827, 61.233522, 185.2],
          [10.441217, 61.234043, 186.2],
          [10.440641, 61.234582, 187],
          [10.440097, 61.235148, 187.3],
          [10.439607, 61.235727, 187.4],
          [10.439174, 61.236321, 187.2],
          [10.438971, 61.236627, 187.1],
          [10.43846, 61.237521, 186.7],
          [10.438166, 61.238127, 186.3],
          [10.437543, 61.239513, 185.9],
          [10.437356, 61.239963, 185.6],
          [10.436931, 61.241095, 185.5],
          [10.436545, 61.242221, 185.3],
          [10.436452, 61.242586, 185.3],
          [10.436395, 61.242834, 184.6],
          [10.436307, 61.243394, 184.2],
          [10.436282, 61.243693, 184],
          [10.436279, 61.243994, 183.8],
          [10.436297, 61.244418, 183.5],
          [10.436371, 61.244928, 182.8],
          [10.436527, 61.245546, 181.5],
          [10.437238, 61.247678, 178],
          [10.437418, 61.248269, 177.2],
          [10.437517, 61.248869, 177],
          [10.437485, 61.249463, 176.8],
          [10.437433, 61.249752, 176.7],
          [10.437363, 61.250046, 176.6],
          [10.437271, 61.250299, 176.6],
          [10.437157, 61.250556, 177],
          [10.436958, 61.25092, 176.7],
          [10.436775, 61.251203, 176.5],
          [10.436325, 61.25173, 176.3],
          [10.435755, 61.252276, 176],
          [10.435397, 61.252566, 176.1],
          [10.435089, 61.252795, 176.3],
          [10.434359, 61.253311, 176.6],
          [10.433551, 61.253818, 176.4],
          [10.433068, 61.254096, 176.1],
          [10.432977, 61.254146, 176],
          [10.432692, 61.254304, 176],
          [10.432251, 61.254529, 175.9],
          [10.431801, 61.254743, 175.9],
          [10.431316, 61.254958, 175.9],
          [10.430327, 61.255363, 175.9],
          [10.429818, 61.255548, 175.9],
          [10.426819, 61.256553, 175.8],
          [10.426718, 61.256587, 175.8],
          [10.425692, 61.25696, 175.8],
          [10.424753, 61.257336, 175.8],
          [10.423866, 61.257742, 175.8],
          [10.42301, 61.258169, 175.8],
          [10.417807, 61.260947, 175.9],
          [10.415572, 61.262056, 176.8],
          [10.413252, 61.263233, 177.2],
          [10.412918, 61.263422, 177],
          [10.412301, 61.263795, 177.1],
          [10.412005, 61.263993, 177.1],
          [10.411357, 61.264494, 177],
          [10.411048, 61.264771, 177],
          [10.410587, 61.265248, 177],
          [10.410404, 61.265466, 177],
          [10.410264, 61.265657, 177],
          [10.409598, 61.266689, 177.4],
          [10.409191, 61.267189, 177.7],
          [10.408847, 61.267511, 177.9],
          [10.408551, 61.267748, 178.1],
          [10.40824, 61.267965, 178.3],
          [10.407897, 61.268181, 178.4],
          [10.407395, 61.268454, 178.7],
          [10.406855, 61.268701, 178.9],
          [10.40491, 61.269535, 179.3],
          [10.40429, 61.269876, 179.2],
          [10.404076, 61.270011, 179.3],
          [10.402676, 61.270968, 179.4],
          [10.402199, 61.271248, 179.4],
          [10.401572, 61.271556, 179.3],
          [10.400883, 61.271838, 179],
          [10.396857, 61.273308, 178],
          [10.393067, 61.274681, 178.8],
          [10.392942, 61.27473, 178.7],
          [10.392367, 61.274942, 179.2],
          [10.391459, 61.275349, 178.9],
          [10.389665, 61.276293, 176.7],
          [10.388565, 61.276806, 175.6],
          [10.387567, 61.277185, 175.1],
          [10.387212, 61.277306, 175.2],
          [10.386363, 61.277567, 177],
          [10.385899, 61.277693, 176.9],
          [10.385359, 61.277824, 177.4],
          [10.384413, 61.278016, 177.6],
          [10.38385, 61.278118, 177.7],
          [10.383262, 61.278212, 177.8],
          [10.382374, 61.278336, 178],
          [10.381179, 61.278465, 178.3],
          [10.380566, 61.278516, 178.4],
          [10.37995, 61.278557, 178.4],
          [10.378686, 61.27862, 178.2],
          [10.36972, 61.278972, 178.5],
          [10.36851, 61.279005, 178.9],
          [10.367992, 61.279006, 178.9],
          [10.367362, 61.278989, 178.8],
          [10.3647, 61.278873, 178.8],
          [10.364088, 61.278863, 179],
          [10.363343, 61.278871, 179.4],
          [10.362845, 61.278892, 179.7],
          [10.362348, 61.278917, 179.9],
          [10.360964, 61.279019, 180.6],
          [10.360394, 61.279047, 181.5],
          [10.359881, 61.279059, 180.6],
          [10.359057, 61.279048, 180.9],
          [10.358033, 61.278992, 182.2],
          [10.357209, 61.278908, 183.8],
          [10.356145, 61.27874, 185.6],
          [10.355281, 61.278556, 186.7],
          [10.354925, 61.278466, 187.4],
          [10.353525, 61.278123, 187.2],
          [10.352579, 61.277928, 187.9],
          [10.352072, 61.277837, 187.4],
          [10.351575, 61.277759, 187.8],
          [10.35086, 61.277661, 188.2],
          [10.350288, 61.277596, 188.6],
          [10.349736, 61.277547, 188.9],
          [10.348827, 61.277486, 189.5],
          [10.348462, 61.277469, 189.7],
          [10.347837, 61.277454, 190.1],
          [10.34678, 61.277451, 190.7],
          [10.345706, 61.277487, 191.4],
          [10.34505, 61.277529, 191.8],
          [10.344023, 61.277622, 192.4],
          [10.343428, 61.277667, 192.8],
          [10.338928, 61.27817, 192.2],
          [10.338205, 61.278258, 192.1],
          [10.337309, 61.278382, 192],
          [10.336245, 61.278549, 191.9],
          [10.335719, 61.27864, 191.8],
          [10.334677, 61.278837, 191.7],
          [10.333654, 61.279054, 191.6],
          [10.332649, 61.279291, 191.4],
          [10.33199, 61.27946, 191.3],
          [10.33102, 61.279728, 191.2],
          [10.330073, 61.280015, 191.1],
          [10.329609, 61.280165, 191],
          [10.32855, 61.280533, 190.9],
          [10.327962, 61.280753, 190.8],
          [10.327102, 61.281098, 190.7],
          [10.326272, 61.281459, 190.6],
          [10.325343, 61.281901, 190.5],
          [10.324581, 61.282295, 190.4],
          [10.323852, 61.282704, 190.3],
          [10.3235, 61.282913, 190.3],
          [10.322715, 61.283415, 190.1],
          [10.322393, 61.283635, 190.1],
          [10.321777, 61.284085, 190],
          [10.321107, 61.284624, 189.9],
          [10.320747, 61.284939, 189.8],
          [10.320241, 61.285419, 189.8],
          [10.320004, 61.285663, 189.7],
          [10.319558, 61.286157, 189.7],
          [10.319219, 61.286575, 189.6],
          [10.318908, 61.286999, 189.5],
          [10.318575, 61.287513, 189.5],
          [10.318284, 61.288033, 189.4],
          [10.317316, 61.289947, 189.2],
          [10.317045, 61.290465, 189.1],
          [10.316439, 61.291566, 188.9],
          [10.315883, 61.292555, 188.8],
          [10.315168, 61.293764, 188.6],
          [10.314424, 61.294968, 188.5],
          [10.313707, 61.296083, 188.3],
          [10.312906, 61.297279, 188.1],
          [10.312016, 61.298556, 187.9],
          [10.311154, 61.299742, 187.8],
          [10.310832, 61.300163, 187.7],
          [10.310279, 61.30083, 187.6],
          [10.310056, 61.301077, 187.5],
          [10.309579, 61.301565, 187.4],
          [10.309062, 61.302042, 187.4],
          [10.308506, 61.30251, 187.3],
          [10.307912, 61.302966, 187.2],
          [10.30728, 61.303411, 187.1],
          [10.306838, 61.3037, 187],
          [10.305614, 61.304467, 186.8],
          [10.304519, 61.305336, 185.5],
          [10.304024, 61.305809, 184.7],
          [10.303791, 61.306056, 184.2],
          [10.30378, 61.30616, 184.3],
          [10.303648, 61.306336, 184.1],
          [10.303567, 61.306506, 184.1],
          [10.303509, 61.306684, 184.5],
          [10.3035, 61.30695, 185.2],
          [10.30354, 61.307221, 186],
          [10.303606, 61.307575, 187.9],
          [10.303659, 61.307688, 188.6],
          [10.303745, 61.30771, 188.8],
          [10.303801, 61.30774, 189],
          [10.303834, 61.307776, 188.9],
          [10.303842, 61.307807, 188.8],
          [10.303824, 61.307854, 188.6],
          [10.30375, 61.307903, 188.3],
          [10.303653, 61.307928, 188.1],
          [10.303545, 61.307932, 188],
          [10.303448, 61.307916, 188],
          [10.303374, 61.307884, 188.2],
          [10.303322, 61.307826, 188.5],
          [10.303144, 61.30779, 188.4],
          [10.302973, 61.307752, 188.5],
          [10.302438, 61.307702, 188.3],
          [10.302288, 61.307706, 188.3],
          [10.302069, 61.307711, 188.4],
          [10.301996, 61.30775, 188.6],
          [10.301905, 61.307771, 188.7],
          [10.301803, 61.307773, 188.5],
          [10.301702, 61.307758, 188.3],
          [10.301628, 61.307727, 188.1],
          [10.301578, 61.307665, 187.8],
          [10.301588, 61.307611, 187.9],
          [10.301638, 61.307567, 188.1],
          [10.301571, 61.307433, 187.4],
          [10.301555, 61.307296, 186.5],
          [10.301578, 61.307245, 186.4],
          [10.301654, 61.307171, 186.2],
          [10.301727, 61.307129, 186.1],
          [10.302008, 61.307015, 185.6],
          [10.302407, 61.306812, 185.2],
          [10.302594, 61.30669, 185.1],
          [10.302871, 61.306463, 185.1],
          [10.3039, 61.305259, 188.7],
          [10.304013, 61.305109, 188.8],
          [10.304105, 61.304935, 189.1],
          [10.304155, 61.304758, 189.7],
          [10.304136, 61.304538, 190.3],
          [10.304096, 61.304401, 190.8],
          [10.30404, 61.304294, 191.2],
          [10.303866, 61.304082, 191.7],
          [10.303658, 61.303906, 192.2],
          [10.303258, 61.303624, 192.4],
          [10.302943, 61.30343, 192.7],
          [10.301676, 61.302702, 193.7],
          [10.299739, 61.301549, 193.6],
          [10.296904, 61.299997, 194.2],
          [10.29595, 61.299457, 194.7],
          [10.295539, 61.299186, 194.5],
          [10.294327, 61.298319, 194.3],
          [10.294, 61.2981, 194.5],
          [10.293053, 61.297428, 194.3],
          [10.29231, 61.29689, 194.2],
          [10.291881, 61.296566, 194.5],
          [10.290996, 61.295851, 194.8],
          [10.289691, 61.294765, 195.3],
          [10.289481, 61.294614, 195.4],
          [10.288841, 61.294192, 195.4],
          [10.285437, 61.292108, 195.5],
          [10.285077, 61.291873, 195.8],
          [10.284684, 61.291598, 195.9],
          [10.28435, 61.29132, 195.9],
          [10.28388, 61.290875, 195.9],
          [10.28374, 61.290709, 196],
          [10.283587, 61.290475, 196.3],
          [10.283421, 61.290123, 196.9],
          [10.283356, 61.289899, 197.6],
          [10.28334, 61.289727, 197.9],
          [10.283346, 61.289559, 198.8],
          [10.283392, 61.289302, 200.1],
          [10.283539, 61.288945, 201.2],
          [10.28374, 61.288653, 202.3],
          [10.283946, 61.288445, 202.6],
          [10.284284, 61.288162, 205],
          [10.284521, 61.288002, 204.1],
          [10.284931, 61.287755, 201.5],
          [10.285865, 61.287242, 199.9],
          [10.286693, 61.286761, 200.4],
          [10.286961, 61.286617, 200.5],
          [10.287631, 61.286193, 199.6],
          [10.288013, 61.285924, 199],
          [10.290308, 61.284192, 199],
          [10.290746, 61.283879, 199.3],
          [10.29113, 61.283687, 199.8],
          [10.291357, 61.283599, 200.1],
          [10.291584, 61.283515, 200.3],
          [10.292454, 61.283233, 200.6],
          [10.292757, 61.283107, 200.5],
          [10.293774, 61.282545, 200.7],
          [10.294201, 61.282356, 200.9],
          [10.294609, 61.282213, 201.1],
          [10.295643, 61.281874, 202],
          [10.296245, 61.281633, 202.4],
          [10.296717, 61.281372, 202.4],
          [10.296921, 61.281235, 202.3],
          [10.297114, 61.281082, 202],
          [10.297284, 61.280908, 201.7],
          [10.297876, 61.28015, 201.7],
          [10.298214, 61.279832, 202.2],
          [10.298616, 61.279555, 202.6],
          [10.298846, 61.279427, 202.7],
          [10.299326, 61.279215, 202.9],
          [10.302427, 61.278015, 202.2],
          [10.302671, 61.277927, 202.1],
          [10.30276, 61.277983, 202.4],
          [10.302848, 61.278012, 202.8],
          [10.302918, 61.278023, 203],
          [10.303005, 61.27802, 203.3],
          [10.303175, 61.277995, 203.9],
          [10.303466, 61.277965, 205.1],
          [10.305138, 61.277905, 211.8],
          [10.3055, 61.277863, 213.3],
          [10.306448, 61.277703, 216.9],
          [10.306896, 61.277655, 218.5],
          [10.308281, 61.277584, 223.6],
          [10.308377, 61.27763, 224.3],
          [10.30891, 61.277516, 225.2],
          [10.309441, 61.277379, 226.1],
          [10.309946, 61.277268, 227.1],
          [10.310415, 61.277136, 227.9],
          [10.311022, 61.276979, 228.7],
          [10.31163, 61.276847, 229.4],
          [10.312568, 61.276686, 230.3],
          [10.313078, 61.276607, 231.3],
          [10.31345, 61.276571, 232],
          [10.314258, 61.276553, 229],
          [10.315025, 61.276555, 225.5],
          [10.315232, 61.276573, 225.1],
          [10.315244, 61.276602, 225.4],
          [10.31528, 61.276623, 225.5],
          [10.315544, 61.276696, 227],
          [10.316303, 61.276853, 232.3],
          [10.315544, 61.276696, 227],
          [10.31528, 61.276623, 225.5],
          [10.315244, 61.276602, 225.4],
          [10.315232, 61.276573, 225.1],
          [10.315025, 61.276555, 225.5],
          [10.314258, 61.276553, 229],
          [10.31345, 61.276571, 232],
          [10.313078, 61.276607, 231.3],
          [10.312568, 61.276686, 230.3],
          [10.31163, 61.276847, 229.4],
          [10.311022, 61.276979, 228.7],
          [10.310415, 61.277136, 227.9],
          [10.309946, 61.277268, 227.1],
          [10.309441, 61.277379, 226.1],
          [10.30891, 61.277516, 225.2],
          [10.308377, 61.27763, 224.3],
          [10.308281, 61.277584, 223.6],
          [10.306896, 61.277655, 218.5],
          [10.306448, 61.277703, 216.9],
          [10.3055, 61.277863, 213.3],
          [10.305138, 61.277905, 211.8],
          [10.303466, 61.277965, 205.1],
          [10.303175, 61.277995, 203.9],
          [10.303005, 61.27802, 203.3],
          [10.302918, 61.278023, 203],
          [10.302848, 61.278012, 202.8],
          [10.30276, 61.277983, 202.4],
          [10.302671, 61.277927, 202.1],
          [10.302427, 61.278015, 202.2],
          [10.299326, 61.279215, 202.9],
          [10.298846, 61.279427, 202.7],
          [10.298616, 61.279555, 202.6],
          [10.298214, 61.279832, 202.2],
          [10.297876, 61.28015, 201.7],
          [10.297284, 61.280908, 201.7],
          [10.297114, 61.281082, 202],
          [10.296921, 61.281235, 202.3],
          [10.296717, 61.281372, 202.4],
          [10.296245, 61.281633, 202.4],
          [10.295643, 61.281874, 202],
          [10.294609, 61.282213, 201.1],
          [10.294201, 61.282356, 200.9],
          [10.293774, 61.282545, 200.7],
          [10.292757, 61.283107, 200.5],
          [10.292454, 61.283233, 200.6],
          [10.291584, 61.283515, 200.3],
          [10.291357, 61.283599, 200.1],
          [10.29113, 61.283687, 199.8],
          [10.290746, 61.283879, 199.3],
          [10.290308, 61.284192, 199],
          [10.288013, 61.285924, 199],
          [10.287631, 61.286193, 199.6],
          [10.286961, 61.286617, 200.5],
          [10.286693, 61.286761, 200.4],
          [10.285865, 61.287242, 199.9],
          [10.284931, 61.287755, 201.5],
          [10.284521, 61.288002, 204.1],
          [10.284284, 61.288162, 205],
          [10.283946, 61.288445, 202.6],
          [10.28374, 61.288653, 202.3],
          [10.283539, 61.288945, 201.2],
          [10.283392, 61.289302, 200.1],
          [10.283346, 61.289559, 198.8],
          [10.28334, 61.289727, 197.9],
          [10.283356, 61.289899, 197.6],
          [10.283421, 61.290123, 196.9],
          [10.283587, 61.290475, 196.3],
          [10.28374, 61.290709, 196],
          [10.28388, 61.290875, 195.9],
          [10.28435, 61.29132, 195.9],
          [10.284684, 61.291598, 195.9],
          [10.285077, 61.291873, 195.8],
          [10.285437, 61.292108, 195.5],
          [10.288841, 61.294192, 195.4],
          [10.289481, 61.294614, 195.4],
          [10.289691, 61.294765, 195.3],
          [10.290996, 61.295851, 194.8],
          [10.291881, 61.296566, 194.5],
          [10.29231, 61.29689, 194.2],
          [10.293053, 61.297428, 194.3],
          [10.294, 61.2981, 194.5],
          [10.294327, 61.298319, 194.3],
          [10.295539, 61.299186, 194.5],
          [10.29595, 61.299457, 194.7],
          [10.296904, 61.299997, 194.2],
          [10.299739, 61.301549, 193.6],
          [10.301676, 61.302702, 193.7],
          [10.302943, 61.30343, 192.7],
          [10.303258, 61.303624, 192.4],
          [10.303658, 61.303906, 192.2],
          [10.303866, 61.304082, 191.7],
          [10.30404, 61.304294, 191.2],
          [10.304096, 61.304401, 190.8],
          [10.304148, 61.304579, 190.1],
          [10.304155, 61.304758, 189.7],
          [10.304105, 61.304935, 189.1],
          [10.304013, 61.305109, 188.8],
          [10.3039, 61.305259, 188.7],
          [10.302871, 61.306463, 185.1],
          [10.302594, 61.30669, 185.1],
          [10.302407, 61.306812, 185.2],
          [10.302008, 61.307015, 185.6],
          [10.301727, 61.307129, 186.1],
          [10.301654, 61.307171, 186.2],
          [10.301578, 61.307245, 186.4],
          [10.301555, 61.307296, 186.5],
          [10.301561, 61.30736, 186.9],
          [10.301814, 61.307522, 188.4],
          [10.301955, 61.307535, 188.7],
          [10.302004, 61.307551, 188.7],
          [10.30207, 61.30759, 188.6],
          [10.302099, 61.307637, 188.4],
          [10.302271, 61.307664, 188.3],
          [10.302438, 61.307702, 188.3],
          [10.302973, 61.307752, 188.5],
          [10.303167, 61.307744, 188.6],
          [10.303378, 61.307729, 188.8],
          [10.303437, 61.307703, 188.6],
          [10.303496, 61.307689, 188.6],
          [10.303594, 61.307682, 188.6],
          [10.303659, 61.307688, 188.6],
          [10.303745, 61.30771, 188.8],
          [10.303801, 61.30774, 189],
          [10.303834, 61.307776, 188.9],
          [10.303842, 61.307807, 188.8],
          [10.303824, 61.307854, 188.6],
          [10.30375, 61.307903, 188.3],
          [10.303653, 61.307928, 188.1],
          [10.303545, 61.307932, 188],
          [10.303448, 61.307916, 188],
          [10.303296, 61.30798, 187.7],
          [10.303236, 61.308016, 187.5],
          [10.303108, 61.308131, 186.7],
          [10.302919, 61.308372, 185.4],
          [10.302623, 61.308851, 184],
          [10.302523, 61.309111, 183.8],
          [10.302497, 61.309287, 183.7],
          [10.3025, 61.309758, 184.1],
          [10.302428, 61.309884, 183.8],
          [10.302419, 61.310168, 184],
          [10.302388, 61.310437, 184.1],
          [10.302319, 61.310798, 184.1],
          [10.302263, 61.310976, 183.7],
          [10.302116, 61.311384, 183.7],
          [10.302019, 61.311596, 183.5],
          [10.301899, 61.311699, 182.4],
          [10.301868, 61.311753, 182.3],
          [10.30157, 61.312243, 182.8],
          [10.301377, 61.312505, 182.8],
          [10.30117, 61.312748, 182.8],
          [10.300813, 61.313125, 182.7],
          [10.300396, 61.313511, 182.6],
          [10.300089, 61.313751, 182.5],
          [10.299162, 61.314384, 182.8],
          [10.298803, 61.314611, 182.9],
          [10.297657, 61.315284, 181.2],
          [10.297405, 61.315429, 181.1],
          [10.295398, 61.316605, 183.1],
          [10.294706, 61.317033, 183.3],
          [10.294038, 61.31747, 183.4],
          [10.293093, 61.318157, 183.4],
          [10.292491, 61.318624, 183.5],
          [10.292, 61.319037, 183.6],
          [10.291151, 61.319832, 183.8],
          [10.290675, 61.320323, 183.8],
          [10.290207, 61.320834, 183.9],
          [10.289825, 61.321373, 184.5],
          [10.289682, 61.321619, 184.9],
          [10.289564, 61.32187, 185],
          [10.289449, 61.322174, 184.4],
          [10.289362, 61.322477, 184.5],
          [10.28934, 61.322602, 185],
          [10.289247, 61.323853, 185.2],
          [10.289127, 61.325064, 185.7],
          [10.289047, 61.325479, 185.8],
          [10.288925, 61.325805, 186.1],
          [10.288774, 61.326141, 186.4],
          [10.28849, 61.326664, 186.8],
          [10.28795, 61.327762, 186.6],
          [10.287589, 61.328393, 185.6],
          [10.287061, 61.329427, 187.7],
          [10.286778, 61.329957, 188.1],
          [10.286461, 61.330509, 188.4],
          [10.286006, 61.331438, 188.5],
          [10.285941, 61.331623, 188.7],
          [10.285859, 61.332151, 189.6],
          [10.28588, 61.332415, 190.2],
          [10.285925, 61.332686, 190.7],
          [10.286018, 61.333035, 191.5],
          [10.286294, 61.333536, 190.9],
          [10.286459, 61.333764, 190.7],
          [10.286748, 61.334053, 190.5],
          [10.286977, 61.334302, 190.3],
          [10.287782, 61.335018, 189.3],
          [10.288324, 61.335559, 188.3],
          [10.288725, 61.335884, 188.5],
          [10.288968, 61.336118, 188.1],
          [10.289361, 61.336659, 187.4],
          [10.289553, 61.336977, 187.4],
          [10.289688, 61.337263, 187.5],
          [10.289801, 61.337555, 187.5],
          [10.289925, 61.338127, 187.2],
          [10.290034, 61.339895, 186.9],
          [10.290052, 61.340491, 186.2],
          [10.290042, 61.341092, 185.6],
          [10.289997, 61.341355, 185.6],
          [10.289876, 61.341678, 185.9],
          [10.289493, 61.342285, 186.8],
          [10.28923, 61.342619, 187.2],
          [10.288371, 61.343613, 188.8],
          [10.287871, 61.344214, 190.3],
          [10.287505, 61.344841, 191.8],
          [10.287366, 61.345152, 192.1],
          [10.28718, 61.345649, 192.4],
          [10.286745, 61.347379, 191.8],
          [10.28665, 61.347949, 192.4],
          [10.286646, 61.348195, 192.5],
          [10.28676, 61.350945, 189.8],
          [10.286741, 61.351311, 189.7],
          [10.286671, 61.351787, 189.5],
          [10.286433, 61.352736, 188.6],
          [10.286393, 61.352978, 188.2],
          [10.28637, 61.353267, 187.7],
          [10.28637, 61.353575, 187.3],
          [10.286412, 61.354117, 186.8],
          [10.286491, 61.354602, 186.2],
          [10.286978, 61.357211, 185.7],
          [10.287089, 61.357679, 185.5],
          [10.287147, 61.357866, 185.9],
          [10.287718, 61.359531, 187.1],
          [10.287921, 61.360343, 186.4],
          [10.287981, 61.360939, 186],
          [10.287972, 61.36154, 185.7],
          [10.28793, 61.361931, 185.5],
          [10.287473, 61.364075, 185.1],
          [10.28717, 61.365233, 185.6],
          [10.287041, 61.36555, 185.9],
          [10.28689, 61.365836, 186.5],
          [10.286708, 61.366103, 187.1],
          [10.286503, 61.366347, 187.9],
          [10.286279, 61.366576, 188.6],
          [10.286043, 61.366787, 189.5],
          [10.285778, 61.366997, 190.4],
          [10.285505, 61.367192, 191.5],
          [10.284416, 61.367862, 192.8],
          [10.284054, 61.368102, 193.1],
          [10.283775, 61.368323, 193],
          [10.283485, 61.368575, 192.7],
          [10.283304, 61.368762, 192.4],
          [10.283106, 61.36898, 191.7],
          [10.283002, 61.369114, 191.1],
          [10.282902, 61.369277, 190.1],
          [10.282844, 61.36937, 190],
          [10.282728, 61.369542, 189.8],
          [10.281622, 61.371396, 185.5],
          [10.281404, 61.371785, 185.8],
          [10.280938, 61.372554, 185.6],
          [10.280713, 61.372905, 185.7],
          [10.280287, 61.373523, 185.9],
          [10.280038, 61.373793, 186],
          [10.279613, 61.374217, 186],
          [10.279126, 61.374658, 185.9],
          [10.278493, 61.375176, 185.8],
          [10.27745, 61.375851, 185.5],
          [10.276291, 61.376564, 186],
          [10.274906, 61.377328, 185.5],
          [10.27439, 61.377628, 185.7],
          [10.274136, 61.377797, 185.8],
          [10.273033, 61.378408, 185.6],
          [10.272516, 61.378667, 185.3],
          [10.27198, 61.378917, 185.3],
          [10.271422, 61.379156, 185.3],
          [10.270427, 61.379564, 185.7],
          [10.270013, 61.379747, 186],
          [10.269497, 61.380007, 186.3],
          [10.269031, 61.380287, 186.8],
          [10.268618, 61.380587, 187],
          [10.268435, 61.380742, 187.1],
          [10.268107, 61.381065, 187.1],
          [10.267968, 61.381231, 187.1],
          [10.267843, 61.381401, 187],
          [10.26768, 61.381659, 186.8],
          [10.267292, 61.382352, 186.6],
          [10.267129, 61.38261, 186.6],
          [10.267004, 61.382778, 186.8],
          [10.266706, 61.383109, 187.1],
          [10.266351, 61.383423, 187.6],
          [10.26615, 61.383575, 187.8],
          [10.265709, 61.383865, 188.2],
          [10.265468, 61.384003, 188.4],
          [10.264953, 61.384262, 188.6],
          [10.264388, 61.384498, 188.7],
          [10.263784, 61.384709, 188.6],
          [10.263309, 61.384853, 188.4],
          [10.262658, 61.38503, 188],
          [10.261508, 61.385329, 187.2],
          [10.259991, 61.3857, 186],
          [10.258622, 61.386014, 185.6],
          [10.257971, 61.386149, 184.9],
          [10.257646, 61.386208, 184.8],
          [10.256915, 61.386332, 184],
          [10.256212, 61.386431, 184],
          [10.255277, 61.386543, 183.9],
          [10.254726, 61.386594, 183.9],
          [10.254176, 61.386635, 183.8],
          [10.251307, 61.386778, 184.4],
          [10.250381, 61.386848, 185],
          [10.249445, 61.386934, 185.5],
          [10.248545, 61.38705, 185.7],
          [10.247897, 61.387143, 185.7],
          [10.246827, 61.387328, 185.3],
          [10.245998, 61.3875, 184.9],
          [10.245177, 61.387687, 184.6],
          [10.24407, 61.387983, 184.5],
          [10.243334, 61.388201, 184.7],
          [10.242268, 61.388565, 185.4],
          [10.241437, 61.388895, 186.7],
          [10.240541, 61.389291, 189.6],
          [10.240274, 61.389417, 190.3],
          [10.23978, 61.389667, 190.5],
          [10.2391, 61.390048, 189.9],
          [10.238613, 61.390348, 189],
          [10.238069, 61.39073, 188.1],
          [10.237706, 61.391034, 187.7],
          [10.237349, 61.391407, 187.5],
          [10.237224, 61.391567, 187.4],
          [10.236995, 61.391912, 187],
          [10.236892, 61.392095, 186.7],
          [10.236759, 61.392392, 185.9],
          [10.236532, 61.393032, 184.4],
          [10.236392, 61.393362, 184],
          [10.236177, 61.393972, 183.8],
          [10.235797, 61.394558, 183.5],
          [10.235586, 61.394832, 183.6],
          [10.23537, 61.395067, 183.7],
          [10.235154, 61.395279, 184],
          [10.234597, 61.395734, 184.4],
          [10.231493, 61.398138, 185.6],
          [10.230936, 61.398539, 186.1],
          [10.230687, 61.398731, 186.3],
          [10.229954, 61.399334, 186.5],
          [10.229291, 61.399839, 186.7],
          [10.228818, 61.400221, 186.6],
          [10.228609, 61.400374, 186.8],
          [10.228181, 61.400757, 187.6],
          [10.227765, 61.40116, 188.1],
          [10.22761, 61.401325, 188.2],
          [10.227123, 61.40191, 187.5],
          [10.226985, 61.402112, 187.3],
          [10.226459, 61.402964, 187.6],
          [10.226343, 61.403217, 187.7],
          [10.226094, 61.403667, 187.7],
          [10.225924, 61.404023, 186],
          [10.22575, 61.404435, 187.1],
          [10.225684, 61.404659, 186.9],
          [10.225648, 61.40487, 186.8],
          [10.225664, 61.405315, 186.5],
          [10.225821, 61.405944, 185.9],
          [10.225889, 61.406282, 185.9],
          [10.226161, 61.407294, 186.3],
          [10.226235, 61.40762, 186.2],
          [10.226416, 61.408226, 185.8],
          [10.226482, 61.408528, 185.7],
          [10.226581, 61.408838, 185.8],
          [10.226759, 61.409838, 186.5],
          [10.226776, 61.410299, 186.6],
          [10.226744, 61.410547, 186.1],
          [10.226587, 61.410913, 185.2],
          [10.226366, 61.411309, 185.2],
          [10.226125, 61.411672, 185.4],
          [10.226004, 61.411812, 185.6],
          [10.225831, 61.411962, 185.8],
          [10.225527, 61.412332, 185.3],
          [10.225392, 61.412523, 185.4],
          [10.224485, 61.413611, 185.8],
          [10.224262, 61.413931, 186],
          [10.224178, 61.414074, 186.1],
          [10.224038, 61.414368, 186.4],
          [10.223936, 61.414752, 186.6],
          [10.223918, 61.415123, 186.7],
          [10.224127, 61.416858, 187.1],
          [10.224311, 61.418094, 187],
          [10.224384, 61.418755, 187.3],
          [10.224391, 61.419136, 187.1],
          [10.224367, 61.419576, 187.5],
          [10.224271, 61.420178, 186.9],
          [10.224121, 61.420771, 185.4],
          [10.223954, 61.421263, 185.1],
          [10.22385, 61.421523, 184.3],
          [10.223675, 61.421896, 184.2],
          [10.223528, 61.422165, 184.7],
          [10.223081, 61.422853, 183.3],
          [10.22268, 61.42335, 183.3],
          [10.222254, 61.423781, 183.4],
          [10.221906, 61.424083, 183.4],
          [10.221564, 61.424356, 183.5],
          [10.221189, 61.424623, 183.5],
          [10.220627, 61.424975, 183.4],
          [10.219897, 61.425379, 183.4],
          [10.219408, 61.425617, 183.3],
          [10.218816, 61.425888, 183.3],
          [10.218114, 61.426185, 183.3],
          [10.217271, 61.42652, 183.4],
          [10.211767, 61.42852, 183.7],
          [10.209988, 61.429193, 183.7],
          [10.209318, 61.429472, 183.7],
          [10.208575, 61.429745, 183.8],
          [10.208303, 61.429865, 183.8],
          [10.207831, 61.430056, 183.8],
          [10.20659, 61.430631, 183.7],
          [10.205583, 61.431171, 183.8],
          [10.204724, 61.431685, 183.7],
          [10.203745, 61.432339, 183.7],
          [10.203619, 61.432414, 183.7],
          [10.203409, 61.432581, 183.8],
          [10.203197, 61.432786, 183.8],
          [10.202742, 61.433166, 183.9],
          [10.201999, 61.433871, 184.1],
          [10.201573, 61.434356, 184.1],
          [10.201027, 61.435047, 184.3],
          [10.200722, 61.435514, 184.2],
          [10.200425, 61.43602, 184.2],
          [10.200313, 61.436245, 184.2],
          [10.200197, 61.436533, 184.1],
          [10.199929, 61.437333, 184.2],
          [10.199776, 61.438156, 184.2],
          [10.199754, 61.438348, 184.3],
          [10.19978, 61.438911, 184.7],
          [10.199841, 61.439529, 185.2],
          [10.199942, 61.440155, 184.7],
          [10.20009, 61.440745, 184.2],
          [10.20043, 61.441871, 184.8],
          [10.200523, 61.442411, 185],
          [10.20054, 61.44261, 185],
          [10.200526, 61.443118, 183.6],
          [10.200485, 61.443361, 183.2],
          [10.200421, 61.443588, 183.2],
          [10.200325, 61.443832, 183],
          [10.200198, 61.444081, 183],
          [10.200061, 61.444288, 183],
          [10.199888, 61.444513, 183],
          [10.19967, 61.444758, 182.9],
          [10.199477, 61.444943, 183],
          [10.19921, 61.445166, 183.2],
          [10.198953, 61.445364, 183.3],
          [10.198676, 61.445544, 183.4],
          [10.198353, 61.445737, 183.6],
          [10.197736, 61.446069, 183.6],
          [10.197347, 61.44624, 183.6],
          [10.196031, 61.446853, 183.7],
          [10.195232, 61.447214, 183.7],
          [10.194907, 61.447395, 183.7],
          [10.194451, 61.447631, 183.6],
          [10.193854, 61.447985, 183.6],
          [10.193328, 61.448335, 183.6],
          [10.192578, 61.448907, 183.5],
          [10.192077, 61.449317, 183.1],
          [10.191641, 61.449669, 183.6],
          [10.191277, 61.449944, 183.5],
          [10.190939, 61.450179, 183.3],
          [10.190299, 61.450589, 183.9],
          [10.190007, 61.450762, 183.9],
          [10.189589, 61.450985, 184.3],
          [10.188688, 61.451415, 184.2],
          [10.185092, 61.453007, 184.1],
          [10.184355, 61.453361, 184.7],
          [10.183824, 61.453656, 184.7],
          [10.183586, 61.453801, 184.7],
          [10.183244, 61.454032, 184.7],
          [10.182857, 61.454323, 184.3],
          [10.182611, 61.454537, 184.8],
          [10.182437, 61.454714, 184.7],
          [10.182099, 61.455129, 184.5],
          [10.181966, 61.455341, 184.4],
          [10.181792, 61.455692, 184.2],
          [10.181709, 61.455933, 183.9],
          [10.181668, 61.456154, 183.7],
          [10.181623, 61.45648, 183.3],
          [10.181641, 61.456857, 183.5],
          [10.18168, 61.45708, 183.5],
          [10.181775, 61.457342, 183.6],
          [10.182007, 61.45785, 183.4],
          [10.182269, 61.458341, 183.3],
          [10.184134, 61.461508, 183],
          [10.184214, 61.461581, 183.5],
          [10.185962, 61.464531, 184.5],
          [10.186011, 61.464694, 184.2],
          [10.187449, 61.467026, 184.1],
          [10.187786, 61.46774, 184.1],
          [10.187909, 61.468146, 183.9],
          [10.187974, 61.468515, 184.5],
          [10.187988, 61.468708, 184.7],
          [10.187959, 61.469089, 184.6],
          [10.187894, 61.469495, 184.4],
          [10.187712, 61.470384, 184.2],
          [10.187648, 61.470617, 184.2],
          [10.187567, 61.471051, 184.1],
          [10.187564, 61.47124, 184.1],
          [10.187593, 61.471713, 184.3],
          [10.187626, 61.471924, 184.6],
          [10.187781, 61.47237, 185.1],
          [10.187896, 61.472608, 185.4],
          [10.188063, 61.472855, 185.5],
          [10.188492, 61.473377, 184.7],
          [10.189018, 61.473952, 184.8],
          [10.189233, 61.474225, 184.8],
          [10.189447, 61.474595, 184.6],
          [10.189609, 61.474921, 184.6],
          [10.189753, 61.475508, 184.7],
          [10.189785, 61.475742, 184.9],
          [10.189786, 61.475958, 184.8],
          [10.18975, 61.476348, 184.6],
          [10.189694, 61.476594, 184.5],
          [10.189503, 61.477072, 184.5],
          [10.189359, 61.477343, 184.7],
          [10.189219, 61.477544, 184.9],
          [10.188976, 61.477869, 185.3],
          [10.188735, 61.478136, 185.3],
          [10.188392, 61.478463, 185],
          [10.187945, 61.478807, 185.1],
          [10.187449, 61.479132, 185.2],
          [10.186856, 61.479463, 185.6],
          [10.186316, 61.479725, 185.9],
          [10.185481, 61.480101, 186.6],
          [10.182908, 61.481313, 186.4],
          [10.1826, 61.481502, 186.4],
          [10.182342, 61.481688, 186.5],
          [10.182118, 61.481903, 186.6],
          [10.181994, 61.482059, 186.6],
          [10.181863, 61.482264, 186.6],
          [10.181787, 61.482439, 186.6],
          [10.181743, 61.482604, 186.6],
          [10.181722, 61.482766, 186.7],
          [10.181739, 61.483041, 186.6],
          [10.181811, 61.483532, 186.5],
          [10.181862, 61.484018, 186.5],
          [10.181838, 61.484345, 186.4],
          [10.181739, 61.484709, 186.5],
          [10.18149, 61.485335, 186.8],
          [10.181381, 61.485662, 186.7],
          [10.181166, 61.486837, 185.8],
          [10.181036, 61.487725, 185.5],
          [10.180956, 61.487967, 185.4],
          [10.180841, 61.488172, 185.4],
          [10.18064, 61.488449, 185.4],
          [10.180467, 61.488628, 185.4],
          [10.180215, 61.488841, 185.3],
          [10.178477, 61.48994, 185],
          [10.178166, 61.490182, 185],
          [10.177896, 61.490417, 185.1],
          [10.176431, 61.492104, 186.1],
          [10.176231, 61.492435, 186.4],
          [10.176179, 61.492568, 186.5],
          [10.176116, 61.49303, 186.4],
          [10.176083, 61.49359, 185.9],
          [10.176047, 61.493852, 185.5],
          [10.175946, 61.494115, 185.2],
          [10.175873, 61.494264, 185.2],
          [10.175684, 61.49455, 185],
          [10.175337, 61.494914, 185],
          [10.174806, 61.495419, 185.9],
          [10.174547, 61.495701, 186.2],
          [10.174395, 61.495951, 186.3],
          [10.174302, 61.49618, 186.2],
          [10.174136, 61.496741, 185],
          [10.174, 61.497137, 184.3],
          [10.173835, 61.497505, 184.4],
          [10.173661, 61.497773, 184.2],
          [10.17352, 61.497959, 184.2],
          [10.17339, 61.498106, 184.2],
          [10.173173, 61.498336, 184.3],
          [10.170806, 61.500534, 186.7],
          [10.170589, 61.500748, 187],
          [10.170346, 61.501027, 187.4],
          [10.170133, 61.501309, 187.7],
          [10.170086, 61.501377, 187.7],
          [10.169822, 61.501783, 188.4],
          [10.16969, 61.502099, 187.7],
          [10.1694, 61.502647, 186.4],
          [10.169262, 61.502843, 186],
          [10.168891, 61.503319, 185.4],
          [10.168536, 61.503745, 185.5],
          [10.168365, 61.503927, 185.5],
          [10.16813, 61.504348, 185.5],
          [10.168074, 61.50448, 185.4],
          [10.168037, 61.504765, 185.2],
          [10.168026, 61.505044, 185],
          [10.168146, 61.505591, 184.8],
          [10.168149, 61.505852, 184.8],
          [10.168125, 61.506052, 184.8],
          [10.168071, 61.506276, 184.7],
          [10.167939, 61.506509, 184.7],
          [10.167698, 61.50702, 184.8],
          [10.167626, 61.507297, 185],
          [10.167577, 61.507624, 185.4],
          [10.16751, 61.507927, 185.6],
          [10.167421, 61.508228, 185.7],
          [10.167299, 61.508507, 185.9],
          [10.167184, 61.508679, 186.1],
          [10.167039, 61.508845, 186.4],
          [10.166867, 61.509094, 186.9],
          [10.166605, 61.50942, 187.6],
          [10.166472, 61.509682, 187.9],
          [10.166352, 61.510058, 188.1],
          [10.166348, 61.510296, 187.8],
          [10.166515, 61.51122, 185.8],
          [10.16656, 61.511512, 185.4],
          [10.166569, 61.511673, 185.4],
          [10.166528, 61.511984, 185.3],
          [10.16643, 61.512328, 185.3],
          [10.166157, 61.512981, 185.2],
          [10.166012, 61.513244, 185.1],
          [10.165647, 61.51376, 185.1],
          [10.165493, 61.514036, 185.1],
          [10.164903, 61.514819, 185.1],
          [10.163761, 61.516086, 186.6],
          [10.163404, 61.516545, 185.6],
          [10.163238, 61.516782, 185.4],
          [10.16278, 61.517492, 184.9],
          [10.162589, 61.517733, 184.8],
          [10.16237, 61.51798, 184.8],
          [10.162108, 61.518229, 184.8],
          [10.160954, 61.519209, 185.2],
          [10.160754, 61.519415, 185.3],
          [10.160418, 61.519856, 185.4],
          [10.160095, 61.520379, 185.4],
          [10.159821, 61.520754, 185.1],
          [10.159738, 61.520856, 185.3],
          [10.159512, 61.521075, 185.3],
          [10.159328, 61.521235, 185.2],
          [10.159121, 61.521394, 185.3],
          [10.158594, 61.521742, 185.4],
          [10.158215, 61.521966, 185.6],
          [10.157203, 61.522599, 186.5],
          [10.156498, 61.523061, 187],
          [10.154822, 61.524274, 188.4],
          [10.154249, 61.5247, 188.8],
          [10.153576, 61.525172, 189],
          [10.153189, 61.525412, 189.6],
          [10.152793, 61.525618, 190],
          [10.152097, 61.525946, 190.9],
          [10.1513, 61.526336, 191.8],
          [10.150731, 61.526633, 192.6],
          [10.149412, 61.527278, 193.4],
          [10.148549, 61.527725, 194],
          [10.148226, 61.527909, 194],
          [10.147313, 61.52843, 194.7],
          [10.14689, 61.528661, 195],
          [10.146543, 61.528833, 195.2],
          [10.146058, 61.529002, 195.8],
          [10.145695, 61.529107, 196],
          [10.145279, 61.529198, 196.7],
          [10.144685, 61.52928, 196.8],
          [10.143944, 61.529343, 195.4],
          [10.143089, 61.529382, 195.7],
          [10.140138, 61.529527, 198.7],
          [10.139159, 61.529597, 199],
          [10.137492, 61.529785, 199],
          [10.136473, 61.529889, 199],
          [10.13591, 61.529914, 198.9],
          [10.135041, 61.529898, 198],
          [10.13388, 61.529874, 198],
          [10.133466, 61.529875, 198.5],
          [10.133064, 61.529891, 198.5],
          [10.132665, 61.529919, 198.3],
          [10.132224, 61.529965, 198.1],
          [10.131636, 61.530044, 197.2],
          [10.131057, 61.530136, 195.7],
          [10.130009, 61.530334, 193.3],
          [10.129542, 61.53043, 192.7],
          [10.129159, 61.53052, 192],
          [10.128492, 61.530692, 191.7],
          [10.127705, 61.530914, 191.1],
          [10.127308, 61.531013, 190.8],
          [10.125293, 61.531554, 191.1],
          [10.124886, 61.531675, 191],
          [10.124609, 61.531779, 190.4],
          [10.124217, 61.53195, 190.4],
          [10.123999, 61.532063, 189.9],
          [10.123705, 61.532233, 189.5],
          [10.123399, 61.532417, 189.7],
          [10.123098, 61.532614, 189.8],
          [10.122783, 61.532789, 190],
          [10.122487, 61.532928, 190.2],
          [10.122103, 61.533074, 190.4],
          [10.121672, 61.5332, 190.2],
          [10.121074, 61.533313, 189.5],
          [10.12077, 61.533344, 189.4],
          [10.120351, 61.533368, 189.9],
          [10.119439, 61.533396, 191.3],
          [10.118456, 61.533402, 193.3],
          [10.117826, 61.533417, 193.5],
          [10.117635, 61.533424, 193.3],
          [10.117245, 61.533457, 192.6],
          [10.116884, 61.533502, 191.9],
          [10.115979, 61.533648, 190],
          [10.11539, 61.533761, 189.8],
          [10.115065, 61.533817, 189.1],
          [10.114095, 61.534009, 190.1],
          [10.113646, 61.534104, 190.4],
          [10.112881, 61.534287, 190.4],
          [10.112039, 61.534512, 189.8],
          [10.1099, 61.535109, 190.2],
          [10.109565, 61.53519, 190.3],
          [10.108472, 61.53549, 190.8],
          [10.107025, 61.535861, 190.3],
          [10.105864, 61.53613, 189.8],
          [10.105358, 61.536235, 189.8],
          [10.103885, 61.536485, 189.5],
          [10.103025, 61.53657, 189.9],
          [10.101166, 61.53669, 192.9],
          [10.100719, 61.536736, 192.8],
          [10.100124, 61.536828, 192.1],
          [10.099687, 61.536918, 191.3],
          [10.098708, 61.537144, 189.9],
          [10.098038, 61.537313, 190.5],
          [10.095339, 61.537955, 190.9],
          [10.094259, 61.538225, 189.8],
          [10.093568, 61.538419, 189.6],
          [10.093116, 61.53856, 188.9],
          [10.091642, 61.539055, 187.9],
          [10.088713, 61.54008, 189],
          [10.087901, 61.540375, 190.1],
          [10.08751, 61.540533, 191],
          [10.087167, 61.540687, 191.8],
          [10.08681, 61.540858, 192.4],
          [10.086502, 61.541021, 192.5],
          [10.086166, 61.541212, 192.5],
          [10.085188, 61.541808, 190.5],
          [10.08488, 61.541976, 190.1],
          [10.084606, 61.542105, 190.3],
          [10.083683, 61.542573, 191.9],
          [10.083344, 61.542788, 192.2],
          [10.083089, 61.542933, 191.2],
          [10.080465, 61.544527, 191.7],
          [10.080043, 61.544755, 192],
          [10.079625, 61.544938, 191.9],
          [10.079233, 61.545095, 191.5],
          [10.078819, 61.545234, 190.9],
          [10.077945, 61.545498, 189.6],
          [10.072263, 61.547173, 190.2],
          [10.069097, 61.548095, 191.9],
          [10.067847, 61.54847, 193],
          [10.067368, 61.548616, 193],
          [10.065568, 61.549141, 195.1],
          [10.064598, 61.549451, 196.2],
          [10.063548, 61.549823, 197],
          [10.062183, 61.550333, 198.6],
          [10.061477, 61.550566, 199.7],
          [10.060927, 61.550719, 199.9],
          [10.060436, 61.550842, 200.7],
          [10.060065, 61.550921, 201.2],
          [10.059354, 61.551045, 201.6],
          [10.058923, 61.551113, 201.9],
          [10.058414, 61.551178, 202.1],
          [10.057714, 61.551243, 202.1],
          [10.056842, 61.551299, 202.1],
          [10.055899, 61.551318, 201.3],
          [10.054926, 61.551292, 200.8],
          [10.054462, 61.551266, 200.6],
          [10.05404, 61.551236, 200.3],
          [10.053286, 61.551154, 200],
          [10.052282, 61.551007, 199.4],
          [10.051963, 61.550947, 199.3],
          [10.051383, 61.550817, 199],
          [10.050567, 61.5506, 198.6],
          [10.04983, 61.550359, 198.2],
          [10.049206, 61.550118, 197.8],
          [10.047702, 61.549465, 197],
          [10.046772, 61.549102, 196.1],
          [10.045978, 61.548829, 195.4],
          [10.045583, 61.548707, 195.3],
          [10.044988, 61.54855, 195],
          [10.044443, 61.548425, 194.7],
          [10.043939, 61.548333, 194.1],
          [10.043502, 61.548259, 193.8],
          [10.042772, 61.548155, 193.2],
          [10.041845, 61.548062, 192.5],
          [10.041148, 61.548016, 191.8],
          [10.040307, 61.547983, 191.6],
          [10.039827, 61.547981, 191.7],
          [10.035246, 61.548022, 189.5],
          [10.029678, 61.548066, 189.1],
          [10.028213, 61.548117, 189.8],
          [10.025765, 61.548174, 190.2],
          [10.022143, 61.548209, 191],
          [10.014003, 61.548278, 192],
          [10.012215, 61.548323, 192.2],
          [10.011277, 61.548359, 192.6],
          [10.009945, 61.54843, 193.2],
          [10.008001, 61.548572, 194.1],
          [10.007609, 61.548588, 194.3],
          [10.006287, 61.548724, 197.9],
          [10.005915, 61.548768, 204.4],
          [10.004633, 61.548932, 204.3],
          [10.003018, 61.549174, 204.2],
          [9.988757, 61.551464, 203.6],
          [9.986969, 61.551741, 203.5],
          [9.985169, 61.552002, 203.4],
          [9.983631, 61.55221, 203.3],
          [9.982177, 61.552395, 203.3],
          [9.980351, 61.55261, 203.2],
          [9.979251, 61.552731, 203.1],
          [9.977411, 61.552918, 203.1],
          [9.97464, 61.553169, 202.9],
          [9.941058, 61.556105, 201.4],
          [9.93949, 61.556255, 201.3],
          [9.938397, 61.556388, 201.3],
          [9.937679, 61.556495, 201.3],
          [9.936971, 61.556617, 201.2],
          [9.936275, 61.556753, 201.2],
          [9.935592, 61.556904, 201.2],
          [9.934841, 61.55709, 201.1],
          [9.93419, 61.55727, 201.1],
          [9.933555, 61.557463, 201.1],
          [9.933168, 61.55759, 201.1],
          [9.932269, 61.557915, 201],
          [9.931695, 61.558147, 201],
          [9.931142, 61.558391, 201],
          [9.930612, 61.558646, 200.9],
          [9.930101, 61.558909, 200.9],
          [9.92955, 61.559216, 200.9],
          [9.929162, 61.559449, 200.9],
          [9.929116, 61.559509, 200.1],
          [9.928638, 61.55982, 198.7],
          [9.927942, 61.56032, 197.6],
          [9.927353, 61.560778, 197.3],
          [9.926295, 61.561629, 197.3],
          [9.925692, 61.562084, 197.2],
          [9.925054, 61.562529, 196.8],
          [9.924449, 61.562923, 196.8],
          [9.924055, 61.563174, 196.8],
          [9.923463, 61.563538, 196.8],
          [9.922736, 61.563942, 196.8],
          [9.922225, 61.564214, 196.7],
          [9.921189, 61.564733, 196.7],
          [9.920359, 61.565116, 196.6],
          [9.919509, 61.565467, 196.6],
          [9.918941, 61.565675, 196.6],
          [9.918282, 61.565891, 196.5],
          [9.917326, 61.566163, 196.5],
          [9.916558, 61.566351, 196.4],
          [9.916209, 61.566427, 196.4],
          [9.915504, 61.566567, 196.4],
          [9.914347, 61.566755, 196.3],
          [9.912183, 61.567068, 196.2],
          [9.911125, 61.567236, 196.2],
          [9.910409, 61.567356, 196.1],
          [9.909017, 61.56762, 196.1],
          [9.907644, 61.567914, 196],
          [9.906298, 61.568235, 195.9],
          [9.903348, 61.569025, 195.8],
          [9.90226, 61.569293, 195.8],
          [9.901564, 61.569444, 195.7],
          [9.900872, 61.569577, 195.7],
          [9.90016, 61.569699, 195.6],
          [9.899069, 61.569855, 195.6],
          [9.897873, 61.569986, 195.5],
          [9.897137, 61.570047, 195.5],
          [9.896019, 61.570111, 195.4],
          [9.894861, 61.570143, 195.4],
          [9.892609, 61.570151, 195.3],
          [9.885451, 61.570153, 194.9],
          [9.883946, 61.570148, 194.9],
          [9.883187, 61.570126, 194.8],
          [9.88235, 61.570079, 194.8],
          [9.881596, 61.570014, 194.8],
          [9.880848, 61.569929, 194.7],
          [9.880033, 61.569809, 194.7],
          [9.879338, 61.569687, 194.7],
          [9.878634, 61.569541, 194.6],
          [9.878297, 61.569465, 194.6],
          [9.876519, 61.569024, 194.5],
          [9.875964, 61.568894, 194.5],
          [9.874924, 61.568676, 194.6],
          [9.87423, 61.568544, 194.6],
          [9.873527, 61.568422, 194.6],
          [9.87246, 61.568259, 194.7],
          [9.871633, 61.568151, 194.7],
          [9.870936, 61.568072, 194.7],
          [9.870456, 61.568022, 195.4],
          [9.869862, 61.567973, 196.3],
          [9.869316, 61.567943, 197.1],
          [9.868747, 61.567928, 197.9],
          [9.868189, 61.567925, 198.7],
          [9.867629, 61.56794, 199.5],
          [9.866754, 61.567992, 200.8],
          [9.866153, 61.568052, 201.7],
          [9.865596, 61.568123, 202.5],
          [9.864856, 61.568239, 203.6],
          [9.862995, 61.568564, 206.4],
          [9.861916, 61.568719, 208],
          [9.86119, 61.56881, 209.1],
          [9.860453, 61.56889, 210.1],
          [9.858805, 61.569045, 212.6],
          [9.857781, 61.569157, 212.9],
          [9.857313, 61.569215, 213.1],
          [9.856247, 61.569362, 219.4],
          [9.854836, 61.569593, 223.5],
          [9.852896, 61.569965, 228.8],
          [9.847147, 61.571094, 242.3],
          [9.841811, 61.572125, 256],
          [9.840427, 61.57237, 259],
          [9.839039, 61.572599, 262],
          [9.837447, 61.572847, 263.2],
          [9.834214, 61.573325, 265],
          [9.833148, 61.573504, 264.7],
          [9.831775, 61.573779, 264.1],
          [9.830723, 61.574034, 263.4],
          [9.829396, 61.574405, 261.8],
          [9.828148, 61.574808, 259.9],
          [9.826008, 61.575541, 256.8],
          [9.824769, 61.575948, 255.2],
          [9.823805, 61.576228, 254],
          [9.823108, 61.576414, 253.2],
          [9.82271, 61.576511, 252.7],
          [9.822064, 61.576655, 252.6],
          [9.82134, 61.576806, 251.3],
          [9.820309, 61.576994, 250.8],
          [9.819888, 61.577064, 250.6],
          [9.819043, 61.577184, 250.2],
          [9.818195, 61.577285, 249.9],
          [9.817084, 61.577396, 249.6],
          [9.815962, 61.57748, 249.5],
          [9.815588, 61.577501, 249.6],
          [9.814215, 61.577556, 249.9],
          [9.813423, 61.577569, 250.1],
          [9.81229, 61.577564, 250.1],
          [9.811537, 61.577545, 250],
          [9.810434, 61.577496, 249.7],
          [9.809753, 61.57745, 249.7],
          [9.809162, 61.577402, 250.3],
          [9.808719, 61.577361, 250.1],
          [9.807712, 61.577251, 249.4],
          [9.806378, 61.577068, 248.6],
          [9.805814, 61.576978, 248.3],
          [9.805153, 61.57686, 247.9],
          [9.804095, 61.576645, 247.2],
          [9.801386, 61.576033, 245.6],
          [9.800731, 61.575894, 245.2],
          [9.800064, 61.575765, 244.8],
          [9.799409, 61.575654, 244.4],
          [9.798232, 61.575486, 243.7],
          [9.797497, 61.575404, 243.2],
          [9.79688, 61.57535, 242.9],
          [9.796139, 61.575297, 242.4],
          [9.795374, 61.57526, 242],
          [9.79462, 61.575235, 241.5],
          [9.793893, 61.575234, 241.1],
          [9.793263, 61.575242, 240.7],
          [9.792547, 61.575263, 240.3],
          [9.79189, 61.575297, 239.9],
          [9.791058, 61.57536, 239.4],
          [9.790261, 61.575438, 238.9],
          [9.78961, 61.575514, 238.6],
          [9.788786, 61.575634, 238.1],
          [9.787915, 61.575782, 237.5],
          [9.787198, 61.575926, 237.1],
          [9.786461, 61.576091, 236.7],
          [9.784999, 61.576435, 235.8],
          [9.779628, 61.577734, 232.4],
          [9.778851, 61.577923, 232.1],
          [9.776561, 61.578476, 232.9],
          [9.776128, 61.578581, 232.8],
          [9.774063, 61.579066, 235],
          [9.772659, 61.579363, 235.4],
          [9.771546, 61.579587, 234.8],
          [9.76831, 61.580194, 234.5],
          [9.766803, 61.580507, 234.8],
          [9.766055, 61.580678, 234.9],
          [9.765018, 61.580935, 235.2],
          [9.764252, 61.581134, 235.4],
          [9.763157, 61.581434, 235.9],
          [9.762574, 61.581607, 236],
          [9.761119, 61.582071, 236.6],
          [9.755328, 61.58406, 240.6],
          [9.753189, 61.584747, 241.8],
          [9.75125, 61.585302, 242.3],
          [9.749287, 61.585826, 243.1],
          [9.741612, 61.587826, 244.5],
          [9.73929, 61.588432, 244],
          [9.734421, 61.589688, 251.3],
          [9.730049, 61.590845, 259.8],
          [9.728909, 61.591184, 262],
          [9.728198, 61.591408, 263.1],
          [9.727375, 61.591701, 264],
          [9.726739, 61.591936, 264.5],
          [9.725929, 61.592259, 265.1],
          [9.725439, 61.592465, 265.2],
          [9.724689, 61.592799, 265.4],
          [9.723828, 61.593218, 265.7],
          [9.723078, 61.593614, 265.9],
          [9.722544, 61.593919, 266.1],
          [9.721868, 61.594327, 266.1],
          [9.721408, 61.594627, 266.1],
          [9.720803, 61.595046, 266.1],
          [9.720211, 61.595488, 266.4],
          [9.719325, 61.596232, 266.8],
          [9.718464, 61.597042, 267],
          [9.717683, 61.59785, 267],
          [9.716931, 61.598675, 267.2],
          [9.716222, 61.599509, 268.2],
          [9.715557, 61.600352, 270.1],
          [9.715229, 61.600792, 271.4],
          [9.714649, 61.601624, 274.6],
          [9.714104, 61.602497, 278.6],
          [9.713607, 61.603363, 283.2],
          [9.713163, 61.604203, 287.6],
          [9.712744, 61.605094, 291.5],
          [9.712559, 61.605534, 292.8],
          [9.712227, 61.606408, 294.9],
          [9.711952, 61.607255, 295.6],
          [9.711818, 61.60773, 295.4],
          [9.711703, 61.608184, 294.9],
          [9.711509, 61.609079, 293.9],
          [9.711368, 61.609993, 292.5],
          [9.711278, 61.610871, 291.3],
          [9.711231, 61.611762, 290],
          [9.711239, 61.614915, 288.6],
          [9.711229, 61.615399, 288.8],
          [9.711204, 61.615797, 288.8],
          [9.711156, 61.616184, 289.1],
          [9.711101, 61.616468, 289.7],
          [9.710966, 61.616965, 291],
          [9.710887, 61.617199, 291.7],
          [9.710681, 61.617686, 292.9],
          [9.710526, 61.618002, 293.6],
          [9.71038, 61.618262, 294.5],
          [9.710026, 61.618828, 295.8],
          [9.709798, 61.619161, 294.9],
          [9.709319, 61.619938, 299.8],
          [9.709177, 61.620201, 301.8],
          [9.709074, 61.620446, 302.7],
          [9.709, 61.620668, 303.5],
          [9.708936, 61.620897, 304.4],
          [9.708865, 61.621329, 305.9],
          [9.708861, 61.621768, 307.6],
          [9.708931, 61.622343, 310.3],
          [9.709024, 61.622882, 313.1],
          [9.70907, 61.623489, 315.2],
          [9.70906, 61.623973, 315.8],
          [9.709005, 61.624504, 316.7],
          [9.708931, 61.624923, 317.4],
          [9.708819, 61.625347, 318],
          [9.708667, 61.6258, 318.5],
          [9.708482, 61.626217, 318.8],
          [9.708257, 61.626659, 318.9],
          [9.708006, 61.627082, 318.8],
          [9.707622, 61.627669, 318.8],
          [9.707175, 61.628259, 318.8],
          [9.706923, 61.628556, 318.8],
          [9.706641, 61.628813, 318.7],
          [9.706301, 61.629164, 318.1],
          [9.705917, 61.629524, 317.5],
          [9.70555, 61.629842, 316.9],
          [9.705173, 61.630148, 316.3],
          [9.698409, 61.635326, 305.6],
          [9.69707, 61.636362, 303.5],
          [9.696416, 61.63689, 302.5],
          [9.695838, 61.637371, 301.5],
          [9.695017, 61.638078, 300.2],
          [9.694437, 61.638596, 299.2],
          [9.69354, 61.639432, 297.7],
          [9.693042, 61.639915, 296.8],
          [9.692272, 61.640693, 295.5],
          [9.691774, 61.641218, 294.6],
          [9.690881, 61.642207, 292.9],
          [9.69009, 61.643142, 291.4],
          [9.689149, 61.644342, 289.5],
          [9.688498, 61.64524, 288.1],
          [9.687813, 61.646258, 286.6],
          [9.687405, 61.646907, 285.7],
          [9.6866, 61.64824, 283.8],
          [9.685949, 61.649271, 282.3],
          [9.685546, 61.649869, 281.4],
          [9.68475, 61.650973, 279.7],
          [9.684428, 61.651395, 279.1],
          [9.68355, 61.652484, 277.3],
          [9.682667, 61.653501, 275.6],
          [9.681928, 61.654301, 274.3],
          [9.681217, 61.655034, 273],
          [9.680394, 61.655842, 271.6],
          [9.679624, 61.656562, 270.2],
          [9.678827, 61.657275, 268.9],
          [9.678097, 61.657903, 267.7],
          [9.676488, 61.659255, 265.1],
          [9.676407, 61.659367, 264.9],
          [9.675241, 61.660338, 262.5],
          [9.674817, 61.660677, 261.7],
          [9.674684, 61.66078, 261.4],
          [9.674265, 61.661063, 260.6],
          [9.673717, 61.661385, 259.7],
          [9.672918, 61.661778, 260.3],
          [9.672344, 61.662016, 259.7],
          [9.671864, 61.662198, 259.3],
          [9.671512, 61.662314, 259.1],
          [9.670703, 61.662554, 258.7],
          [9.670273, 61.662665, 258.6],
          [9.6695, 61.66283, 258],
          [9.668961, 61.662925, 257.6],
          [9.668344, 61.663026, 257.2],
          [9.66763, 61.663126, 256.7],
          [9.667119, 61.663183, 256],
          [9.666177, 61.663272, 255.8],
          [9.665078, 61.663356, 255.7],
          [9.661137, 61.663624, 255.7],
          [9.659771, 61.663691, 255.7],
          [9.658269, 61.663711, 255.9],
          [9.656931, 61.663682, 256.6],
          [9.655378, 61.663603, 257.7],
          [9.653844, 61.663535, 258.6],
          [9.652812, 61.663522, 259.5],
          [9.651767, 61.663552, 260.8],
          [9.650718, 61.663623, 261.6],
          [9.649698, 61.663728, 260.5],
          [9.648882, 61.663854, 262.1],
          [9.648242, 61.663969, 263.3],
          [9.647438, 61.664136, 264.9],
          [9.646262, 61.664419, 267.3],
          [9.644865, 61.664733, 270.6],
          [9.6441, 61.664868, 272.1],
          [9.643188, 61.664987, 273.5],
          [9.642088, 61.66507, 275.2],
          [9.641038, 61.665088, 276.7],
          [9.640024, 61.665057, 278.3],
          [9.639033, 61.664978, 279.7],
          [9.638125, 61.664863, 281.1],
          [9.636861, 61.664659, 283.1],
          [9.628677, 61.663281, 299.8],
          [9.626083, 61.662821, 304.9],
          [9.625207, 61.662651, 306.1],
          [9.624104, 61.66242, 306.8],
          [9.622922, 61.662157, 307.3],
          [9.620937, 61.66169, 306.6],
          [9.619229, 61.661306, 304.7],
          [9.617357, 61.661033, 301.8],
          [9.616401, 61.660927, 300],
          [9.615339, 61.660837, 298.1],
          [9.614024, 61.660776, 295.9],
          [9.612513, 61.660773, 294.1],
          [9.611392, 61.660808, 293.3],
          [9.610088, 61.660899, 292.6],
          [9.608623, 61.661062, 291.8],
          [9.60719, 61.661291, 291.4],
          [9.605939, 61.661552, 291.1],
          [9.604648, 61.661872, 290.7],
          [9.595482, 61.664482, 283.3],
          [9.594366, 61.664788, 282.5],
          [9.593228, 61.66509, 282.1],
          [9.591711, 61.665471, 282.1],
          [9.590204, 61.66582, 282.6],
          [9.58771, 61.666338, 284.4],
          [9.585909, 61.666686, 286.5],
          [9.583397, 61.667104, 291.5],
          [9.580195, 61.667625, 298.1],
          [9.578164, 61.667996, 302.4],
          [9.575925, 61.668461, 307.8],
          [9.575105, 61.668643, 309.2],
          [9.574462, 61.668793, 310.1],
          [9.572034, 61.669422, 313.9],
          [9.569288, 61.670213, 317.6],
          [9.567692, 61.670726, 319.1],
          [9.565412, 61.671522, 321.5],
          [9.564138, 61.671997, 322.8],
          [9.562911, 61.672489, 324.1],
          [9.562173, 61.672802, 325],
          [9.56078, 61.673427, 326.4],
          [9.559857, 61.673862, 326.2],
          [9.55921, 61.674181, 326.9],
          [9.558172, 61.67472, 327.4],
          [9.556841, 61.675444, 328],
          [9.556233, 61.675843, 328.6],
          [9.555961, 61.676066, 328.8],
          [9.555812, 61.676206, 328.8],
          [9.555705, 61.676365, 328.8],
          [9.55561, 61.676638, 328.5],
          [9.555559, 61.676736, 328.4],
          [9.555411, 61.676896, 328.1],
          [9.555225, 61.677019, 327.7],
          [9.555125, 61.677069, 327.6],
          [9.554946, 61.677139, 327.3],
          [9.554644, 61.67722, 326.8],
          [9.554327, 61.677275, 326.2],
          [9.553363, 61.67742, 324],
          [9.553024, 61.677482, 322.7],
          [9.552729, 61.677548, 321],
          [9.552572, 61.677591, 320.3],
          [9.552103, 61.67775, 318.7],
          [9.551864, 61.677848, 318],
          [9.551695, 61.67793, 317.2],
          [9.551268, 61.678161, 316.6],
          [9.550908, 61.678411, 316.5],
          [9.550489, 61.678736, 316.4],
          [9.550209, 61.678999, 316.7],
          [9.549767, 61.679487, 316.7],
          [9.549577, 61.679736, 316.9],
          [9.549473, 61.6799, 317.2],
          [9.549354, 61.680049, 317],
          [9.549082, 61.680602, 316.3],
          [9.548714, 61.681482, 314.6],
          [9.548459, 61.682081, 314.1],
          [9.548379, 61.682331, 314.3],
          [9.548323, 61.6826, 313.8],
          [9.548294, 61.683829, 312.3],
          [9.548209, 61.684716, 311.4],
          [9.547991, 61.685882, 310.8],
          [9.547886, 61.686494, 309.8],
          [9.547875, 61.686669, 309.7],
          [9.547879, 61.687035, 309.3],
          [9.547922, 61.687369, 308.9],
          [9.54824, 61.688584, 307.7],
          [9.548285, 61.689471, 306.8],
          [9.548319, 61.689666, 306.4],
          [9.548379, 61.689876, 306.1],
          [9.548467, 61.690096, 305.6],
          [9.548571, 61.690301, 305.2],
          [9.548693, 61.690501, 304.8],
          [9.548939, 61.690827, 304.5],
          [9.549105, 61.691017, 304.4],
          [9.549601, 61.691479, 304],
          [9.550584, 61.692261, 302.7],
          [9.550755, 61.692438, 302.7],
          [9.550884, 61.6926, 302.8],
          [9.551085, 61.692953, 302.8],
          [9.551313, 61.693462, 302.6],
          [9.551466, 61.693754, 302.4],
          [9.551931, 61.694475, 302.1],
          [9.55208, 61.694782, 302.3],
          [9.552142, 61.694949, 302.3],
          [9.552179, 61.695145, 302.3],
          [9.552504, 61.697678, 300.7],
          [9.552577, 61.698149, 300.4],
          [9.552634, 61.698358, 300.3],
          [9.552733, 61.698596, 300.1],
          [9.55285, 61.698819, 300],
          [9.553038, 61.699087, 299.3],
          [9.55391, 61.700101, 298.7],
          [9.554141, 61.70041, 298.7],
          [9.554342, 61.700717, 298.8],
          [9.554515, 61.701032, 298.5],
          [9.554686, 61.70141, 298.3],
          [9.554743, 61.701595, 298.2],
          [9.55482, 61.701979, 298.2],
          [9.554861, 61.702436, 298.7],
          [9.554903, 61.703709, 300],
          [9.554882, 61.704206, 299.4],
          [9.554821, 61.70463, 299.1],
          [9.554664, 61.705167, 298.7],
          [9.554315, 61.706042, 297.8],
          [9.553968, 61.70675, 297.2],
          [9.553814, 61.707023, 296.9],
          [9.553548, 61.707412, 296.1],
          [9.553353, 61.707666, 295.8],
          [9.553179, 61.707847, 296.1],
          [9.552319, 61.708645, 298.1],
          [9.552036, 61.708929, 298.9],
          [9.551868, 61.709123, 298.8],
          [9.551698, 61.709348, 298.7],
          [9.551169, 61.710142, 298.1],
          [9.550955, 61.710434, 298],
          [9.550756, 61.710649, 298],
          [9.55053, 61.710861, 298.2],
          [9.550285, 61.71106, 298.3],
          [9.549989, 61.711263, 298.4],
          [9.549587, 61.711513, 298.6],
          [9.548301, 61.712217, 299],
          [9.547915, 61.712459, 298.9],
          [9.547526, 61.71275, 298.8],
          [9.547222, 61.713051, 298],
          [9.547033, 61.713296, 297.2],
          [9.546889, 61.713523, 296.2],
          [9.546505, 61.714328, 292.3],
          [9.546304, 61.714655, 290.8],
          [9.546208, 61.714773, 290.3],
          [9.545992, 61.714994, 289.6],
          [9.545679, 61.715249, 289],
          [9.545345, 61.715461, 288.4],
          [9.545123, 61.715582, 288.3],
          [9.544719, 61.715771, 288.5],
          [9.544452, 61.715879, 288.7],
          [9.542649, 61.716481, 287.7],
          [9.542204, 61.716644, 287.2],
          [9.541848, 61.716789, 286.8],
          [9.541212, 61.717077, 286.1],
          [9.539892, 61.717744, 285.6],
          [9.539682, 61.717858, 285.7],
          [9.539418, 61.718025, 286.1],
          [9.539151, 61.71823, 286.2],
          [9.539007, 61.718367, 286.3],
          [9.538853, 61.718543, 286.4],
          [9.538693, 61.718791, 286.3],
          [9.538623, 61.718966, 286.2],
          [9.538578, 61.719139, 286.2],
          [9.538529, 61.719522, 286.3],
          [9.538555, 61.720004, 286.8],
          [9.538635, 61.720374, 287],
          [9.538708, 61.720604, 286.5],
          [9.538814, 61.72086, 285.9],
          [9.539042, 61.721282, 285.6],
          [9.539341, 61.721705, 285.7],
          [9.539909, 61.722415, 285.8],
          [9.540248, 61.722777, 285.3],
          [9.540462, 61.722978, 285],
          [9.541224, 61.723644, 284.4],
          [9.54149, 61.723924, 284.5],
          [9.541678, 61.72421, 284.8],
          [9.541774, 61.724463, 284.9],
          [9.541874, 61.725013, 284.1],
          [9.541941, 61.725301, 284.6],
          [9.542022, 61.725509, 284.9],
          [9.542131, 61.725711, 285.2],
          [9.542307, 61.725952, 285.4],
          [9.542543, 61.726192, 285.6],
          [9.542829, 61.72642, 285.1],
          [9.543181, 61.726673, 284.8],
          [9.54547, 61.728287, 285.9],
          [9.548133, 61.730143, 287.6],
          [9.548385, 61.73029, 287.3],
          [9.548882, 61.73054, 286.9],
          [9.549592, 61.730847, 286.5],
          [9.550747, 61.731301, 286.2],
          [9.551157, 61.731471, 286.3],
          [9.551596, 61.731681, 286.3],
          [9.551979, 61.731903, 286.4],
          [9.552185, 61.732044, 286.6],
          [9.552422, 61.732227, 286.6],
          [9.552637, 61.73242, 286.8],
          [9.552824, 61.732622, 286.6],
          [9.552977, 61.732814, 286.3],
          [9.553857, 61.734208, 285.9],
          [9.553977, 61.734357, 285.8],
          [9.554204, 61.734587, 285.8],
          [9.554421, 61.73477, 285.6],
          [9.554785, 61.735044, 284.9],
          [9.55741, 61.736855, 285],
          [9.557791, 61.737142, 284.9],
          [9.558063, 61.737365, 284.9],
          [9.558306, 61.737585, 284.9],
          [9.558693, 61.738003, 284.9],
          [9.558918, 61.738302, 284.9],
          [9.559059, 61.738528, 284.9],
          [9.559206, 61.738813, 284.8],
          [9.559306, 61.739068, 284.8],
          [9.559373, 61.739366, 284.9],
          [9.559414, 61.739749, 285.4],
          [9.559417, 61.739899, 285.5],
          [9.559346, 61.740384, 285.7],
          [9.559101, 61.741456, 286.3],
          [9.559085, 61.741535, 286.3],
          [9.558597, 61.743658, 284.1],
          [9.558437, 61.744184, 284.1],
          [9.558326, 61.744448, 284.6],
          [9.558134, 61.744831, 285],
          [9.557736, 61.745465, 286.1],
          [9.557458, 61.745829, 286.7],
          [9.557139, 61.746207, 287.3],
          [9.556608, 61.746746, 287.9],
          [9.556176, 61.747117, 288],
          [9.555894, 61.747336, 287.1],
          [9.555789, 61.74742, 287],
          [9.555539, 61.747638, 287.2],
          [9.554966, 61.748018, 286.4],
          [9.553331, 61.748974, 284.9],
          [9.553137, 61.749077, 284.9],
          [9.548815, 61.751564, 286.4],
          [9.548545, 61.751711, 286.2],
          [9.547843, 61.752127, 286.1],
          [9.547733, 61.752187, 286.4],
          [9.547613, 61.752234, 286.6],
          [9.547273, 61.752444, 286.6],
          [9.547051, 61.752601, 286.4],
          [9.546827, 61.752784, 286.4],
          [9.546478, 61.753123, 286.6],
          [9.546288, 61.753358, 287],
          [9.54611, 61.75366, 287.5],
          [9.546042, 61.753837, 287.9],
          [9.545991, 61.754163, 288.3],
          [9.545984, 61.754467, 288.3],
          [9.546064, 61.755924, 288.3],
          [9.5461, 61.756193, 288.4],
          [9.546166, 61.756461, 288.3],
          [9.54627, 61.756725, 287.9],
          [9.546734, 61.757778, 288.1],
          [9.546831, 61.758044, 288],
          [9.546898, 61.758311, 287.7],
          [9.54693, 61.75858, 287.1],
          [9.546928, 61.758849, 286.7],
          [9.546895, 61.759118, 286.3],
          [9.546751, 61.759833, 286.3],
          [9.546717, 61.760101, 286.6],
          [9.546709, 61.76037, 286.9],
          [9.546737, 61.76064, 287.4],
          [9.546798, 61.760907, 287.5],
          [9.547146, 61.76188, 287.4],
          [9.547212, 61.762147, 287.4],
          [9.547306, 61.763169, 288],
          [9.547308, 61.763652, 288.1],
          [9.547344, 61.764111, 287.8],
          [9.547338, 61.764261, 287.6],
          [9.547397, 61.764502, 287.5],
          [9.547432, 61.765027, 287],
          [9.547489, 61.766408, 287.6],
          [9.547483, 61.766627, 287.8],
          [9.547456, 61.766842, 288],
          [9.547394, 61.767071, 288.4],
          [9.547295, 61.767333, 288.7],
          [9.547208, 61.767428, 287.9],
          [9.546915, 61.767931, 288.5],
          [9.546545, 61.768471, 288.5],
          [9.546398, 61.768712, 289.2],
          [9.546241, 61.769067, 288.9],
          [9.546145, 61.769399, 288.8],
          [9.545936, 61.770327, 289.1],
          [9.545854, 61.770607, 289.2],
          [9.545704, 61.770964, 289.9],
          [9.545679, 61.77108, 290.1],
          [9.545604, 61.771239, 289.7],
          [9.545361, 61.771643, 288.5],
          [9.54482, 61.772486, 287.9],
          [9.544646, 61.772497, 287.5],
          [9.544415, 61.772478, 287.6],
          [9.543212, 61.772382, 287.6],
          [9.543018, 61.772377, 287.6],
          [9.542804, 61.772377, 287.7],
          [9.542721, 61.772401, 288],
          [9.542672, 61.772406, 288],
          [9.542559, 61.772397, 288],
          [9.54247, 61.772362, 288],
          [9.54244, 61.772333, 288],
          [9.541657, 61.772231, 287],
          [9.541522, 61.772201, 286.7],
          [9.541317, 61.772184, 286.8],
          [9.539882, 61.772027, 287.4],
          [9.538816, 61.771879, 287.8],
          [9.538094, 61.771761, 288.1],
          [9.537102, 61.771573, 288.6],
          [9.536639, 61.771477, 288.8],
          [9.53641, 61.771449, 288.9],
          [9.536016, 61.771374, 289],
          [9.534396, 61.771046, 288],
          [9.534034, 61.770986, 288],
          [9.533631, 61.770935, 288],
          [9.533219, 61.770902, 287.4],
          [9.532682, 61.770875, 286.9],
          [9.532323, 61.770871, 286.5],
          [9.532033, 61.770877, 286.4],
          [9.531853, 61.770868, 286.3],
          [9.530928, 61.770928, 286.5],
          [9.527218, 61.771206, 286.9],
          [9.526396, 61.771286, 287.1],
          [9.525687, 61.771382, 287.6],
          [9.525148, 61.77148, 288.1],
          [9.524705, 61.771578, 288.5],
          [9.522934, 61.772039, 291.4],
          [9.522072, 61.772239, 293.2],
          [9.519642, 61.772713, 294],
          [9.519016, 61.772823, 293.6],
          [9.518495, 61.772898, 293.1],
          [9.517908, 61.772968, 292.3],
          [9.517195, 61.77303, 291.5],
          [9.511419, 61.773402, 291.4],
          [9.510252, 61.773491, 291.5],
          [9.508929, 61.773611, 291],
          [9.5079, 61.773709, 292],
          [9.50658, 61.773786, 292.4],
          [9.506071, 61.773792, 292.4],
          [9.50555, 61.773795, 292.2],
          [9.504449, 61.773767, 292.1],
          [9.502602, 61.7737, 292.4],
          [9.501924, 61.773702, 292.9],
          [9.501475, 61.773723, 293.4],
          [9.501022, 61.773762, 293.9],
          [9.500599, 61.773813, 294.6],
          [9.500147, 61.773884, 295.9],
          [9.498594, 61.774184, 298.6],
          [9.497918, 61.774305, 299.9],
          [9.497565, 61.774356, 300.6],
          [9.497131, 61.774408, 301.5],
          [9.496616, 61.774452, 302.6],
          [9.496156, 61.774478, 303.2],
          [9.495721, 61.774492, 303.9],
          [9.493627, 61.774519, 306.9],
          [9.493009, 61.774539, 307.6],
          [9.492591, 61.774564, 308.1],
          [9.491396, 61.774672, 309.5],
          [9.487191, 61.775092, 314.2],
          [9.486177, 61.775207, 316.3],
          [9.485346, 61.77532, 318.3],
          [9.484134, 61.775518, 321.7],
          [9.48353, 61.775633, 323.9],
          [9.482718, 61.775804, 327.1],
          [9.481857, 61.776011, 330.1],
          [9.481149, 61.776206, 332.3],
          [9.48027, 61.776467, 334.3],
          [9.479358, 61.776771, 335.8],
          [9.478561, 61.777062, 336.3],
          [9.477973, 61.777301, 336.3],
          [9.477361, 61.777572, 336.1],
          [9.476631, 61.777932, 335.6],
          [9.475635, 61.778483, 334.7],
          [9.474719, 61.779069, 334.1],
          [9.472969, 61.780391, 331],
          [9.472527, 61.780701, 330.7],
          [9.471837, 61.781163, 329.9],
          [9.471151, 61.781593, 329.4],
          [9.470514, 61.781977, 329],
          [9.468964, 61.782811, 329.3],
          [9.468274, 61.783204, 329],
          [9.467853, 61.783472, 328.7],
          [9.466737, 61.784245, 328.4],
          [9.465004, 61.785483, 326.8],
          [9.464611, 61.785712, 326.4],
          [9.46366, 61.786174, 324.8],
          [9.463198, 61.786418, 323.4],
          [9.462839, 61.786638, 322.2],
          [9.462273, 61.787051, 320.3],
          [9.461159, 61.787952, 318.2],
          [9.460425, 61.788488, 316.9],
          [9.459885, 61.788857, 315.9],
          [9.459441, 61.789142, 315.2],
          [9.458974, 61.789405, 314.5],
          [9.458732, 61.789522, 314.2],
          [9.458385, 61.789671, 313.6],
          [9.457915, 61.789845, 313.4],
          [9.454219, 61.791151, 307.4],
          [9.45386, 61.791273, 306.8],
          [9.453493, 61.791385, 306.3],
          [9.453087, 61.791497, 305.9],
          [9.452541, 61.791633, 305.6],
          [9.45038, 61.792127, 304.6],
          [9.449321, 61.792353, 304.8],
          [9.448823, 61.792447, 304.7],
          [9.448268, 61.792531, 304.5],
          [9.447856, 61.792577, 304.5],
          [9.447273, 61.792622, 304.6],
          [9.446844, 61.79264, 304.7],
          [9.446255, 61.792643, 305],
          [9.445553, 61.792635, 305.6],
          [9.444901, 61.792645, 306],
          [9.443997, 61.792693, 306.3],
          [9.443596, 61.792732, 306.3],
          [9.44305, 61.792809, 306.3],
          [9.44265, 61.792883, 306.3],
          [9.441381, 61.793196, 306.6],
          [9.440943, 61.793286, 306.8],
          [9.440638, 61.79334, 307],
          [9.440072, 61.793423, 307.6],
          [9.437821, 61.793707, 310.6],
          [9.437433, 61.793749, 311.1],
          [9.435049, 61.793965, 312.1],
          [9.434504, 61.794008, 311.1],
          [9.43415, 61.794027, 310.5],
          [9.43353, 61.79404, 309.6],
          [9.432939, 61.794024, 308.9],
          [9.432465, 61.79399, 308.7],
          [9.432032, 61.793942, 308.9],
          [9.43145, 61.79385, 309.4],
          [9.431055, 61.793773, 309.8],
          [9.430657, 61.793683, 310.1],
          [9.43016, 61.793555, 310.5],
          [9.429643, 61.793408, 311],
          [9.42906, 61.793231, 311.5],
          [9.428418, 61.793011, 312.4],
          [9.42811, 61.792897, 312.9],
          [9.427545, 61.792671, 313.9],
          [9.42689, 61.792377, 315.1],
          [9.426416, 61.792138, 315.9],
          [9.425404, 61.791583, 316.4],
          [9.424602, 61.791124, 317.6],
          [9.42419, 61.790908, 317.5],
          [9.423714, 61.790685, 317.7],
          [9.423261, 61.790493, 318.1],
          [9.422757, 61.790305, 318.7],
          [9.422409, 61.790187, 319.3],
          [9.421961, 61.790049, 320],
          [9.421452, 61.789909, 320.9],
          [9.420838, 61.789752, 322.5],
          [9.419838, 61.789515, 324.9],
          [9.418399, 61.789211, 327.8],
          [9.41731, 61.788994, 329.3],
          [9.416184, 61.788802, 331.2],
          [9.415294, 61.788679, 332.9],
          [9.414164, 61.788559, 334.6],
          [9.408377, 61.788016, 341.6],
          [9.407739, 61.78795, 341.6],
          [9.406894, 61.787847, 341.7],
          [9.405413, 61.787644, 342.1],
          [9.404426, 61.787494, 342],
          [9.402053, 61.787101, 341.8],
          [9.401479, 61.78699, 341.8],
          [9.400976, 61.786863, 340.7],
          [9.400547, 61.786733, 340.8],
          [9.399634, 61.786427, 341.2],
          [9.399372, 61.786354, 341.3],
          [9.398906, 61.786248, 341.7],
          [9.398431, 61.786174, 341.9],
          [9.398064, 61.786137, 342.1],
          [9.397707, 61.786119, 342.3],
          [9.397493, 61.786117, 342.5],
          [9.397002, 61.786136, 342.6],
          [9.396513, 61.786179, 342.8],
          [9.394143, 61.78642, 342],
          [9.393179, 61.786501, 341.5],
          [9.386063, 61.786981, 336.2],
          [9.385293, 61.787003, 334.5],
          [9.384761, 61.787001, 334.4],
          [9.383532, 61.786959, 333.4],
          [9.38309, 61.786957, 332.8],
          [9.382656, 61.786967, 332.4],
          [9.382087, 61.787001, 331.7],
          [9.381425, 61.787056, 331],
          [9.380612, 61.787143, 330.1],
          [9.380068, 61.787215, 329.5],
          [9.379557, 61.787294, 328.9],
          [9.378742, 61.787439, 327.2],
          [9.378106, 61.787563, 327.3],
          [9.376236, 61.787955, 325.2],
          [9.373912, 61.788332, 323.6],
          [9.3732, 61.788473, 322.7],
          [9.372448, 61.788655, 323.6],
          [9.371994, 61.788785, 324.1],
          [9.371605, 61.788909, 324.7],
          [9.370976, 61.789131, 325.9],
          [9.370336, 61.789397, 326.9],
          [9.369821, 61.789648, 327.8],
          [9.369364, 61.789903, 328.6],
          [9.36866, 61.790319, 329],
          [9.368312, 61.790509, 329],
          [9.367992, 61.790669, 329],
          [9.366809, 61.791214, 328.4],
          [9.366487, 61.79138, 328],
          [9.3663, 61.791489, 328],
          [9.365853, 61.791777, 327.2],
          [9.364965, 61.792417, 326.1],
          [9.36443, 61.792781, 325.5],
          [9.363815, 61.793149, 325.2],
          [9.362302, 61.794013, 325.6],
          [9.361754, 61.794355, 325.8],
          [9.361474, 61.794542, 325.7],
          [9.359541, 61.795911, 325.4],
          [9.358892, 61.796344, 325.4],
          [9.357955, 61.796919, 325.5],
          [9.357511, 61.797178, 325.5],
          [9.357092, 61.797413, 325.7],
          [9.355862, 61.798069, 326.6],
          [9.3554, 61.798326, 326.9],
          [9.354912, 61.798627, 327],
          [9.353382, 61.799722, 332],
          [9.353143, 61.79987, 332.8],
          [9.352816, 61.800054, 333.8],
          [9.351815, 61.800543, 336.5],
          [9.350736, 61.801046, 338.8],
          [9.350263, 61.801233, 339.4],
          [9.349744, 61.8014, 340.1],
          [9.349154, 61.801543, 340.9],
          [9.348608, 61.801647, 341.8],
          [9.347842, 61.80176, 343.1],
          [9.347323, 61.801821, 343.7],
          [9.346394, 61.801907, 344.2],
          [9.337935, 61.802497, 353.7],
          [9.33704, 61.802551, 354.5],
          [9.336094, 61.802598, 355.1],
          [9.334544, 61.802646, 355.6],
          [9.333998, 61.802656, 355.7],
          [9.332905, 61.802655, 356.1],
          [9.332074, 61.802634, 356.5],
          [9.331417, 61.802609, 356.6],
          [9.328934, 61.802502, 356.4],
          [9.328313, 61.802489, 356.5],
          [9.327937, 61.802489, 356.6],
          [9.327275, 61.802503, 356.8],
          [9.32641, 61.802552, 357],
          [9.325187, 61.802672, 357.7],
          [9.307699, 61.804763, 358.8],
          [9.306857, 61.804855, 359.2],
          [9.306169, 61.804905, 358.7],
          [9.305768, 61.804922, 358.5],
          [9.304062, 61.804956, 357.6],
          [9.303377, 61.804993, 357.1],
          [9.303003, 61.805022, 356.6],
          [9.302515, 61.805075, 355.9],
          [9.301593, 61.805208, 355.5],
          [9.299533, 61.805545, 355.7],
          [9.293196, 61.806641, 353.7],
          [9.292433, 61.806786, 354.1],
          [9.291653, 61.806958, 354.7],
          [9.290883, 61.807163, 355.4],
          [9.290327, 61.807334, 355.8],
          [9.287156, 61.808369, 359.3],
          [9.286122, 61.808723, 360.3],
          [9.285521, 61.808951, 360.5],
          [9.280902, 61.810806, 363.9],
          [9.280638, 61.810916, 364],
          [9.280093, 61.811165, 364],
          [9.279648, 61.81139, 363.8],
          [9.279274, 61.811596, 363.8],
          [9.278993, 61.81176, 363.8],
          [9.278607, 61.812009, 363.8],
          [9.278094, 61.812386, 365.3],
          [9.277766, 61.812657, 365.9],
          [9.277626, 61.812787, 366.1],
          [9.277503, 61.812915, 366.4],
          [9.277368, 61.813099, 366.4],
          [9.277234, 61.813358, 367.4],
          [9.277184, 61.813525, 367.9],
          [9.277153, 61.813727, 368.5],
          [9.277216, 61.813976, 369],
          [9.277223, 61.81407, 369],
          [9.27721, 61.814136, 368.9],
          [9.277097, 61.814384, 368.7],
          [9.277008, 61.814489, 368.2],
          [9.276836, 61.814767, 366.7],
          [9.27627, 61.815455, 365.2],
          [9.275571, 61.816295, 364],
          [9.275268, 61.816686, 364.5],
          [9.275097, 61.816972, 364.3],
          [9.275005, 61.817219, 364.2],
          [9.274974, 61.817393, 364],
          [9.274965, 61.817715, 364],
          [9.274993, 61.817878, 363.8],
          [9.275064, 61.817961, 363.4],
          [9.275173, 61.818179, 362.8],
          [9.275252, 61.818385, 362],
          [9.275309, 61.818487, 361.5],
          [9.275342, 61.818596, 360.9],
          [9.275485, 61.818825, 360.9],
          [9.27563, 61.819102, 360.3],
          [9.275694, 61.81926, 360.2],
          [9.275741, 61.819438, 360],
          [9.27576, 61.81959, 359.7],
          [9.275753, 61.819792, 359.5],
          [9.275713, 61.819942, 359.2],
          [9.275629, 61.820141, 358.4],
          [9.275544, 61.820287, 358],
          [9.275426, 61.820448, 358.4],
          [9.274832, 61.821097, 360.4],
          [9.274655, 61.821314, 361.2],
          [9.27458, 61.82143, 361.6],
          [9.274498, 61.821599, 362.1],
          [9.274443, 61.821853, 362.7],
          [9.274448, 61.822022, 362.9],
          [9.274508, 61.822237, 362.8],
          [9.274606, 61.822432, 362.7],
          [9.274701, 61.822563, 362.6],
          [9.274821, 61.8227, 362.4],
          [9.27582, 61.823606, 363.5],
          [9.275978, 61.823796, 363.2],
          [9.2761, 61.824006, 362.7],
          [9.276151, 61.824153, 362.3],
          [9.276177, 61.824427, 361.4],
          [9.276174, 61.824825, 361.5],
          [9.276195, 61.825101, 361.3],
          [9.276275, 61.825386, 361.3],
          [9.276395, 61.825623, 361.4],
          [9.27658, 61.825885, 361.5],
          [9.276828, 61.826154, 361.7],
          [9.277151, 61.826457, 361.9],
          [9.277729, 61.826972, 362.2],
          [9.277986, 61.827256, 362.4],
          [9.278089, 61.827418, 362.6],
          [9.27824, 61.827765, 363],
          [9.27848, 61.828413, 361.2],
          [9.278528, 61.828624, 360.9],
          [9.278538, 61.828772, 360.8],
          [9.278525, 61.828907, 360.8],
          [9.278479, 61.829091, 360.9],
          [9.278164, 61.829858, 361.5],
          [9.277887, 61.830452, 359.1],
          [9.277697, 61.830761, 358.7],
          [9.277509, 61.831024, 359.2],
          [9.276912, 61.831784, 360.8],
          [9.276756, 61.832007, 360.2],
          [9.276611, 61.832258, 360.2],
          [9.276477, 61.832549, 360.3],
          [9.276089, 61.833681, 361.2],
          [9.275879, 61.834207, 360.4],
          [9.275804, 61.834348, 360.5],
          [9.275673, 61.834542, 360.6],
          [9.275439, 61.834824, 360.8],
          [9.274703, 61.835588, 361.8],
          [9.274479, 61.835839, 362.3],
          [9.274238, 61.836173, 363],
          [9.274064, 61.836503, 363.9],
          [9.273762, 61.83718, 363],
          [9.27362, 61.8374, 362.5],
          [9.273378, 61.83764, 361.8],
          [9.273222, 61.837752, 361.5],
          [9.273065, 61.837847, 361.2],
          [9.272832, 61.837967, 360.9],
          [9.272493, 61.838106, 360.5],
          [9.272161, 61.838217, 360.2],
          [9.268233, 61.83937, 359.6],
          [9.267622, 61.839562, 359.7],
          [9.267171, 61.839732, 359.8],
          [9.266767, 61.839918, 360],
          [9.266348, 61.840156, 360.2],
          [9.266058, 61.840354, 359.9],
          [9.2653, 61.840928, 359.8],
          [9.264931, 61.841159, 359.8],
          [9.264715, 61.84127, 359.9],
          [9.264407, 61.841407, 359.9],
          [9.264129, 61.841512, 360.1],
          [9.263773, 61.841624, 360.5],
          [9.263489, 61.841701, 361],
          [9.263213, 61.841763, 361.2],
          [9.261966, 61.84199, 361.1],
          [9.261796, 61.842025, 361.1],
          [9.261283, 61.842153, 361],
          [9.260807, 61.842307, 360.9],
          [9.259371, 61.84287, 361],
          [9.258921, 61.843021, 361.3],
          [9.258449, 61.84314, 361.6],
          [9.257336, 61.843364, 362.5],
          [9.257015, 61.843437, 362.8],
          [9.256808, 61.843492, 363],
          [9.256401, 61.843628, 363.6],
          [9.256202, 61.843713, 363.9],
          [9.255988, 61.843819, 364.2],
          [9.255845, 61.843903, 364.4],
          [9.255579, 61.844096, 365.1],
          [9.255401, 61.844274, 365.7],
          [9.255277, 61.844439, 366.1],
          [9.255043, 61.844863, 367.5],
          [9.254721, 61.845498, 369.6],
          [9.254525, 61.845846, 370.7],
          [9.254352, 61.846073, 371.5],
          [9.254128, 61.846291, 372.2],
          [9.253807, 61.846526, 372.9],
          [9.253612, 61.846641, 373.2],
          [9.253408, 61.846745, 373.6],
          [9.253175, 61.846846, 374],
          [9.252954, 61.846927, 374.5],
          [9.252734, 61.846996, 375],
          [9.252419, 61.847077, 375.7],
          [9.252142, 61.847132, 376.2],
          [9.251886, 61.847172, 376.7],
          [9.251357, 61.847224, 377.7],
          [9.250946, 61.847244, 378.4],
          [9.248918, 61.847289, 380],
          [9.248578, 61.847288, 380.4],
          [9.248181, 61.847274, 381],
          [9.246995, 61.847176, 383.5],
          [9.246478, 61.847143, 384.3],
          [9.24602, 61.847133, 384.9],
          [9.245681, 61.847144, 385.2],
          [9.245225, 61.84718, 385.4],
          [9.244813, 61.847233, 385.4],
          [9.243437, 61.847471, 384.4],
          [9.243012, 61.847533, 383.8],
          [9.242193, 61.84763, 381.9],
          [9.239063, 61.847959, 374],
          [9.238153, 61.848065, 371.9],
          [9.237749, 61.848133, 371.1],
          [9.237395, 61.848214, 370.4],
          [9.236918, 61.848359, 369.2],
          [9.233122, 61.849767, 359.8],
          [9.232662, 61.849906, 359.2],
          [9.232204, 61.850008, 359],
          [9.231909, 61.850057, 358.9],
          [9.231607, 61.850094, 359.1],
          [9.231124, 61.850127, 359.3],
          [9.230521, 61.850133, 359.5],
          [9.229553, 61.850113, 359.8],
          [9.229181, 61.850113, 359.8],
          [9.228705, 61.850128, 359.9],
          [9.228223, 61.850167, 359.9],
          [9.227922, 61.850204, 359.9],
          [9.227451, 61.850283, 359.9],
          [9.22684, 61.85041, 360.1],
          [9.225513, 61.850703, 361.5],
          [9.225107, 61.8508, 362.1],
          [9.224617, 61.850948, 362.1],
          [9.224059, 61.851156, 360.4],
          [9.221216, 61.852286, 360.6],
          [9.220833, 61.852456, 360.9],
          [9.220642, 61.852557, 361.1],
          [9.220413, 61.852696, 361.3],
          [9.220179, 61.852869, 361.4],
          [9.22003, 61.853005, 361.6],
          [9.219889, 61.853155, 361.8],
          [9.219762, 61.853325, 361.9],
          [9.219652, 61.853537, 361.9],
          [9.21948, 61.854144, 360.8],
          [9.219402, 61.854363, 361],
          [9.219304, 61.854576, 361.3],
          [9.218958, 61.855232, 361.6],
          [9.218906, 61.855359, 361.6],
          [9.218837, 61.855601, 361.6],
          [9.218808, 61.855842, 361.6],
          [9.218654, 61.858273, 361.8],
          [9.218607, 61.858721, 362.4],
          [9.218571, 61.858907, 362.7],
          [9.21851, 61.859112, 363],
          [9.218277, 61.859696, 363.9],
          [9.218203, 61.859926, 363.9],
          [9.218161, 61.860125, 363.6],
          [9.218145, 61.860302, 363.2],
          [9.218166, 61.860601, 362.3],
          [9.218286, 61.861154, 361],
          [9.218314, 61.86143, 360.7],
          [9.218292, 61.861649, 360.7],
          [9.21824, 61.861811, 360.8],
          [9.218186, 61.861926, 360.9],
          [9.218084, 61.862084, 361.2],
          [9.217948, 61.862242, 361.4],
          [9.217813, 61.862375, 361.7],
          [9.217547, 61.862575, 362],
          [9.217238, 61.862757, 362.4],
          [9.216653, 61.863022, 362.9],
          [9.216324, 61.863151, 363.1],
          [9.215905, 61.86329, 363.1],
          [9.215334, 61.863458, 363.2],
          [9.21498, 61.863553, 363],
          [9.214618, 61.863639, 363.3],
          [9.213946, 61.863782, 363.9],
          [9.213056, 61.863944, 364.8],
          [9.212387, 61.864042, 365.6],
          [9.21164, 61.864132, 365.6],
          [9.211508, 61.864146, 365.3],
          [9.206599, 61.864651, 364.3],
          [9.205599, 61.864771, 363.9],
          [9.205216, 61.864829, 363.5],
          [9.20458, 61.864938, 362.6],
          [9.201409, 61.865545, 365.2],
          [9.2009, 61.865658, 364.5],
          [9.200209, 61.865848, 364.8],
          [9.197804, 61.866621, 366.7],
          [9.196301, 61.867117, 363.8],
          [9.195957, 61.867242, 364.3],
          [9.195626, 61.867374, 364.1],
          [9.195174, 61.867595, 363.7],
          [9.194887, 61.867768, 363.4],
          [9.194534, 61.86803, 363.3],
          [9.194353, 61.868195, 363.7],
          [9.194206, 61.868351, 363.9],
          [9.194055, 61.868543, 364],
          [9.193645, 61.869218, 364.1],
          [9.193463, 61.869454, 365.1],
          [9.193287, 61.869621, 366.3],
          [9.193061, 61.869787, 367.1],
          [9.19287, 61.869906, 367.6],
          [9.192593, 61.870057, 368.6],
          [9.190835, 61.870857, 368.5],
          [9.190532, 61.871017, 367.9],
          [9.190313, 61.87115, 368.6],
          [9.190063, 61.871322, 368.9],
          [9.189837, 61.871504, 368.7],
          [9.189497, 61.871831, 368.2],
          [9.188779, 61.872555, 368.1],
          [9.188492, 61.872802, 368.5],
          [9.188199, 61.873008, 369],
          [9.187972, 61.873141, 369.4],
          [9.187702, 61.873283, 369.6],
          [9.187173, 61.873512, 370.2],
          [9.186825, 61.873638, 370.5],
          [9.186581, 61.873711, 370.6],
          [9.18621, 61.873806, 370.7],
          [9.185897, 61.873874, 370.5],
          [9.185458, 61.873954, 370.1],
          [9.185326, 61.873973, 369.8],
          [9.185175, 61.874011, 370],
          [9.185038, 61.874029, 370.1],
          [9.184413, 61.874085, 370],
          [9.183669, 61.874107, 371.7],
          [9.182993, 61.874099, 371.4],
          [9.182051, 61.874059, 370.6],
          [9.18181, 61.874039, 369.7],
          [9.181047, 61.874009, 368.6],
          [9.180154, 61.87399, 367.2],
          [9.1796, 61.873991, 366.4],
          [9.17896, 61.874004, 365.4],
          [9.17814, 61.874037, 364.1],
          [9.170589, 61.874403, 362.8],
          [9.169473, 61.874451, 363.6],
          [9.168681, 61.874472, 364.2],
          [9.168078, 61.874474, 364.9],
          [9.167512, 61.874466, 365.4],
          [9.166063, 61.874414, 365.8],
          [9.163949, 61.87432, 366.9],
          [9.163224, 61.874312, 368.4],
          [9.162467, 61.874335, 370.4],
          [9.162081, 61.874358, 368.4],
          [9.161396, 61.874424, 366.2],
          [9.153343, 61.875388, 363.6],
          [9.152237, 61.875511, 362.8],
          [9.151492, 61.875572, 362.6],
          [9.15094, 61.875603, 362.6],
          [9.150299, 61.875624, 362.6],
          [9.148307, 61.875667, 363.6],
          [9.147046, 61.875709, 364.6],
          [9.146375, 61.875749, 364.9],
          [9.13805, 61.876324, 364],
          [9.136786, 61.876391, 364.4],
          [9.132012, 61.876539, 363.5],
          [9.131155, 61.876548, 363.8],
          [9.130399, 61.876536, 363.5],
          [9.130086, 61.876522, 363.3],
          [9.129643, 61.876491, 363.6],
          [9.129492, 61.876501, 363.6],
          [9.129283, 61.876493, 363.7],
          [9.128956, 61.876494, 364.1],
          [9.128819, 61.876524, 363.9],
          [9.128699, 61.876523, 363.9],
          [9.128572, 61.876495, 363.8],
          [9.128488, 61.876447, 363.2],
          [9.128454, 61.876379, 363],
          [9.12846, 61.87635, 363],
          [9.128498, 61.876306, 363.2],
          [9.128404, 61.876198, 362.7],
          [9.128315, 61.87612, 362.4],
          [9.128268, 61.876047, 362.4],
          [9.127395, 61.875451, 363.1],
          [9.125049, 61.87385, 362.9],
          [9.124382, 61.873419, 363.2],
          [9.123796, 61.873089, 363.3],
          [9.123482, 61.872938, 363.4],
          [9.122997, 61.872729, 363.4],
          [9.122581, 61.872569, 363.3],
          [9.12224, 61.872451, 363.4],
          [9.121736, 61.872294, 363.4],
          [9.121406, 61.872203, 363.3],
          [9.120884, 61.872073, 363.3],
          [9.120258, 61.871931, 363.5],
          [9.11951, 61.871772, 363.4],
          [9.118933, 61.87166, 363.4],
          [9.118465, 61.871572, 363.6],
          [9.117746, 61.871448, 363.8],
          [9.116366, 61.871237, 364.3],
          [9.114487, 61.870994, 365],
          [9.11349, 61.870861, 365.8],
          [9.112272, 61.870675, 365.8],
          [9.111508, 61.870545, 365.8],
          [9.110592, 61.870366, 365.4],
          [9.109502, 61.870134, 365.1],
          [9.108704, 61.86995, 365.7],
          [9.107944, 61.869763, 365],
          [9.105631, 61.869157, 365],
          [9.104355, 61.868818, 365.4],
          [9.104221, 61.868812, 365.2],
          [9.104086, 61.868784, 365.3],
          [9.103738, 61.868735, 366],
          [9.103675, 61.86875, 365.9],
          [9.103587, 61.868759, 366.1],
          [9.103498, 61.868755, 366.2],
          [9.103367, 61.868722, 366.4],
          [9.103289, 61.868672, 366.5],
          [9.103263, 61.868623, 366.4],
          [9.103287, 61.868557, 366.5],
          [9.103024, 61.868375, 366.4],
          [9.102979, 61.868316, 366.6],
          [9.102394, 61.868002, 366.1],
          [9.102169, 61.867869, 366],
          [9.101899, 61.867691, 366],
          [9.101615, 61.867474, 365.9],
          [9.101326, 61.867224, 365.9],
          [9.101036, 61.866947, 365.8],
          [9.100215, 61.866052, 365.6],
          [9.099911, 61.865748, 365.7],
          [9.099469, 61.865377, 365],
          [9.09898, 61.865036, 364.4],
          [9.098599, 61.864826, 363.9],
          [9.098185, 61.864638, 363.7],
          [9.097966, 61.864551, 363.6],
          [9.09746, 61.864376, 363.7],
          [9.096811, 61.864195, 363.7],
          [9.096285, 61.86408, 363.7],
          [9.095619, 61.863966, 363.8],
          [9.094584, 61.863831, 363.7],
          [9.092205, 61.863556, 363.6],
          [9.091332, 61.863464, 363.5],
          [9.090687, 61.863412, 363.5],
          [9.090326, 61.863392, 363.4],
          [9.090022, 61.863379, 363.4],
          [9.089309, 61.863364, 363.6],
          [9.086618, 61.863393, 364.5],
          [9.085999, 61.863378, 365.1],
          [9.085299, 61.863323, 365.6],
          [9.084925, 61.863279, 365.8],
          [9.084653, 61.863238, 366],
          [9.084225, 61.863159, 366.2],
          [9.083915, 61.863088, 366.2],
          [9.083463, 61.862964, 366.4],
          [9.083051, 61.862824, 366.3],
          [9.082761, 61.862706, 366.2],
          [9.082496, 61.862583, 365.4],
          [9.08239, 61.862531, 365.3],
          [9.080304, 61.86144, 363.8],
          [9.079982, 61.861289, 363.9],
          [9.079594, 61.861131, 363.9],
          [9.079142, 61.860978, 363.8],
          [9.078798, 61.860884, 364.2],
          [9.078337, 61.86078, 364.4],
          [9.077712, 61.860667, 364.6],
          [9.073632, 61.860057, 363.9],
          [9.072748, 61.859939, 363.7],
          [9.072277, 61.859891, 363.6],
          [9.071765, 61.859853, 363.6],
          [9.071356, 61.859833, 363.6],
          [9.070839, 61.859822, 363.4],
          [9.070144, 61.859828, 363.8],
          [9.067298, 61.859932, 364.2],
          [9.066634, 61.859941, 364.1],
          [9.065983, 61.859938, 364],
          [9.065019, 61.85991, 363.9],
          [9.064396, 61.859879, 363.9],
          [9.063527, 61.859813, 363.8],
          [9.062824, 61.859745, 364],
          [9.062032, 61.859649, 364.1],
          [9.061539, 61.859577, 364.2],
          [9.060898, 61.859468, 364.4],
          [9.060287, 61.859344, 364.6],
          [9.059757, 61.859218, 364.8],
          [9.059237, 61.859074, 365.2],
          [9.058932, 61.858979, 365.2],
          [9.057046, 61.858334, 363.6],
          [9.056585, 61.858196, 363.7],
          [9.056165, 61.858086, 363.9],
          [9.055749, 61.85799, 363.9],
          [9.055226, 61.857889, 363.8],
          [9.05479, 61.857819, 363.8],
          [9.054276, 61.857752, 363.8],
          [9.053805, 61.857701, 363.7],
          [9.053371, 61.857667, 363.6],
          [9.052665, 61.857631, 363.8],
          [9.049165, 61.857574, 364.1],
          [9.048435, 61.857549, 363.6],
          [9.047618, 61.857491, 364.1],
          [9.047118, 61.857439, 364.2],
          [9.046349, 61.857333, 364.6],
          [9.045668, 61.857212, 364.9],
          [9.044934, 61.857063, 365.4],
          [9.038505, 61.855702, 366.7],
          [9.036315, 61.855246, 371],
          [9.035354, 61.855061, 371.7],
          [9.034574, 61.854925, 370.7],
          [9.033594, 61.85477, 369.9],
          [9.028203, 61.85402, 365.9],
          [9.027717, 61.853941, 365.5],
          [9.027278, 61.853857, 365.7],
          [9.026917, 61.853777, 365.2],
          [9.026443, 61.853658, 365.1],
          [9.025815, 61.853479, 365.8],
          [9.024106, 61.852925, 366.8],
          [9.023514, 61.852747, 367.3],
          [9.022917, 61.852585, 367.5],
          [9.022307, 61.852434, 367.5],
          [9.021593, 61.852273, 367.3],
          [9.018808, 61.851679, 372],
          [9.017863, 61.851468, 372.8],
          [9.017141, 61.851287, 372.9],
          [9.015482, 61.850843, 371.5],
          [9.014895, 61.850703, 370.9],
          [9.014425, 61.850608, 370.4],
          [9.013831, 61.850513, 370.3],
          [9.0136, 61.850504, 368.5],
          [9.012226, 61.85036, 367.3],
          [9.008796, 61.850083, 364.6],
          [9.007801, 61.850017, 365.3],
          [9.007674, 61.849995, 365.7],
          [9.00705, 61.849977, 365.5],
          [9.006649, 61.849977, 365.8],
          [9.006195, 61.849992, 366.1],
          [9.005893, 61.850011, 366.4],
          [9.005512, 61.850046, 366.7],
          [9.005226, 61.85008, 366.8],
          [9.003929, 61.850277, 366.7],
          [9.003508, 61.850334, 366.8],
          [9.002962, 61.850387, 366.8],
          [9.002342, 61.850415, 366.6],
          [9.001641, 61.850411, 366.3],
          [8.998845, 61.850314, 365.6],
          [8.997902, 61.850289, 365.8],
          [8.997521, 61.850288, 365.7],
          [8.997008, 61.8503, 365.8],
          [8.996604, 61.850326, 365.4],
          [8.996268, 61.850359, 364.9],
          [8.995863, 61.850412, 364.8],
          [8.995253, 61.85052, 364.8],
          [8.994435, 61.850695, 364.9],
          [8.991188, 61.851429, 366.8],
          [8.990596, 61.851546, 368.4],
          [8.989986, 61.851628, 370.8],
          [8.989722, 61.851649, 372.4],
          [8.989374, 61.851662, 374.1],
          [8.988877, 61.85165, 377],
          [8.988489, 61.851621, 378.9],
          [8.988088, 61.851565, 380.1],
          [8.987599, 61.851465, 380.7],
          [8.987121, 61.851327, 380.7],
          [8.986061, 61.850933, 379.1],
          [8.985768, 61.85084, 378.7],
          [8.985529, 61.850774, 378.5],
          [8.985177, 61.850692, 378.4],
          [8.984925, 61.850643, 378.5],
          [8.983175, 61.850348, 379.6],
          [8.982569, 61.850234, 379.9],
          [8.98212, 61.850135, 380.2],
          [8.981389, 61.849942, 380.4],
          [8.978748, 61.849155, 375.8],
          [8.977948, 61.848928, 375.5],
          [8.977402, 61.848798, 375.8],
          [8.976938, 61.848705, 375.9],
          [8.976622, 61.84865, 375.9],
          [8.976126, 61.848581, 375.8],
          [8.97556, 61.848524, 375.6],
          [8.975111, 61.848489, 375.4],
          [8.972705, 61.848342, 373.7],
          [8.972133, 61.848323, 372.8],
          [8.971511, 61.84833, 371.6],
          [8.971103, 61.848352, 370.9],
          [8.970794, 61.848379, 370.4],
          [8.970217, 61.84845, 369.3],
          [8.969746, 61.848526, 368.6],
          [8.967684, 61.84889, 365.9],
          [8.966547, 61.849078, 365.3],
          [8.966039, 61.849144, 365.3],
          [8.965671, 61.84918, 365.3],
          [8.964956, 61.849229, 365.4],
          [8.964553, 61.849242, 365.3],
          [8.964017, 61.849245, 365.4],
          [8.963575, 61.849235, 365.4],
          [8.963091, 61.849209, 365.4],
          [8.962786, 61.849185, 365.5],
          [8.962201, 61.849124, 365.5],
          [8.961608, 61.849042, 365.6],
          [8.960782, 61.848898, 365.6],
          [8.960327, 61.848813, 365.7],
          [8.956796, 61.848176, 366.9],
          [8.956245, 61.848092, 366.8],
          [8.955808, 61.848038, 366.6],
          [8.955139, 61.847982, 366.4],
          [8.954485, 61.847956, 366.6],
          [8.953968, 61.847956, 366.7],
          [8.953254, 61.847978, 368.2],
          [8.945406, 61.848326, 366.6],
          [8.944713, 61.848344, 366.5],
          [8.943672, 61.848344, 366.3],
          [8.942716, 61.848319, 366.1],
          [8.941981, 61.848281, 366.1],
          [8.941008, 61.848209, 366],
          [8.937103, 61.847854, 365.6],
          [8.935992, 61.847772, 365.7],
          [8.935296, 61.84774, 366.3],
          [8.933526, 61.847684, 368.4],
          [8.93212, 61.847643, 371.6],
          [8.931152, 61.847626, 374.7],
          [8.930695, 61.847635, 376.1],
          [8.930244, 61.847662, 377.8],
          [8.929695, 61.847722, 379.5],
          [8.929267, 61.847789, 380.4],
          [8.928923, 61.847855, 381],
          [8.927633, 61.848136, 383.1],
          [8.927063, 61.848237, 383.8],
          [8.926707, 61.848284, 384.3],
          [8.926432, 61.848311, 384.8],
          [8.926098, 61.848332, 385.5],
          [8.92581, 61.848341, 386.2],
          [8.925374, 61.848336, 387.1],
          [8.924748, 61.848296, 388.4],
          [8.923551, 61.848163, 391.5],
          [8.922706, 61.848093, 393.6],
          [8.921037, 61.847997, 397.5],
          [8.919518, 61.847925, 399],
          [8.919058, 61.84792, 399.4],
          [8.918633, 61.847928, 399.7],
          [8.91655, 61.848036, 400.6],
          [8.916209, 61.848046, 400.5],
          [8.915716, 61.848049, 400.6],
          [8.914931, 61.848021, 401.4],
          [8.912646, 61.847891, 402.9],
          [8.91164, 61.847847, 402.5],
          [8.90658, 61.847747, 401.1],
          [8.905326, 61.847731, 400.6],
          [8.904923, 61.847735, 400.5],
          [8.904413, 61.847755, 400.2],
          [8.903751, 61.84781, 399.7],
          [8.903008, 61.847905, 399.3],
          [8.901485, 61.848124, 398.2],
          [8.900767, 61.8482, 398.1],
          [8.900363, 61.848225, 397.9],
          [8.899758, 61.848236, 397.7],
          [8.899178, 61.848217, 397.1],
          [8.898883, 61.848195, 397.1],
          [8.898146, 61.848117, 397.6],
          [8.893136, 61.847453, 395.2],
          [8.89256, 61.847386, 394.1],
          [8.892268, 61.84736, 394.5],
          [8.891981, 61.84734, 394.4],
          [8.891492, 61.847324, 395],
          [8.891187, 61.847324, 395.5],
          [8.889803, 61.847369, 397.2],
          [8.888761, 61.847391, 397.3],
          [8.888237, 61.847384, 397.2],
          [8.887444, 61.847353, 397.1],
          [8.883162, 61.847103, 398.6],
          [8.881369, 61.846984, 399.6],
          [8.880771, 61.846929, 400.2],
          [8.880105, 61.846853, 400.9],
          [8.879601, 61.846786, 401.2],
          [8.878852, 61.846662, 404.7],
          [8.878029, 61.846503, 411],
          [8.876662, 61.846224, 410.7],
          [8.876017, 61.846102, 410.5],
          [8.874925, 61.845925, 410.3],
          [8.873735, 61.845778, 410],
          [8.872828, 61.845692, 409.8],
          [8.87198, 61.845639, 409.6],
          [8.871267, 61.845608, 409.4],
          [8.870478, 61.845593, 409.3],
          [8.869731, 61.845595, 409.1],
          [8.868362, 61.845628, 408.8],
          [8.867731, 61.845644, 401.9],
          [8.867133, 61.845642, 400.9],
          [8.866467, 61.845626, 399.7],
          [8.8652, 61.845581, 398.2],
          [8.86448, 61.845566, 397.6],
          [8.86392, 61.845566, 397.1],
          [8.863204, 61.845583, 396.5],
          [8.862798, 61.845601, 396],
          [8.862201, 61.84564, 395.3],
          [8.861473, 61.845705, 394.5],
          [8.860723, 61.845792, 393.9],
          [8.857206, 61.846255, 390.5],
          [8.856602, 61.846327, 390.1],
          [8.856046, 61.846382, 390],
          [8.85529, 61.846439, 390.6],
          [8.854706, 61.846463, 391],
          [8.854258, 61.846469, 391.8],
          [8.853846, 61.846463, 392.4],
          [8.853475, 61.846449, 391.9],
          [8.852901, 61.846404, 391.1],
          [8.852362, 61.846345, 390.1],
          [8.850602, 61.84608, 389.8],
          [8.850221, 61.846032, 389.8],
          [8.849844, 61.845994, 390],
          [8.849354, 61.845961, 390],
          [8.848837, 61.845942, 389.9],
          [8.847294, 61.845921, 389.3],
          [8.846389, 61.845894, 388.9],
          [8.844638, 61.845789, 389.2],
          [8.843546, 61.845732, 390.1],
          [8.842803, 61.845715, 390.9],
          [8.841645, 61.845706, 392],
          [8.839451, 61.845691, 390.6],
          [8.837899, 61.845692, 390.2],
          [8.835885, 61.845734, 390.8],
          [8.833252, 61.845809, 396.3],
          [8.832553, 61.845859, 396.9],
          [8.832131, 61.845911, 396.3],
          [8.831731, 61.845971, 396.1],
          [8.830258, 61.846224, 398.6],
          [8.829818, 61.846291, 399.1],
          [8.829115, 61.846383, 399.2],
          [8.828266, 61.846467, 398.7],
          [8.827797, 61.846504, 398.2],
          [8.826916, 61.846556, 396.4],
          [8.826417, 61.846595, 395.4],
          [8.826027, 61.846643, 394.1],
          [8.825512, 61.846731, 392.9],
          [8.823298, 61.847218, 389.4],
          [8.822899, 61.847298, 388.7],
          [8.822474, 61.847368, 388.6],
          [8.821962, 61.847431, 387.9],
          [8.815745, 61.847922, 377],
          [8.814106, 61.848042, 373.8],
          [8.810376, 61.848282, 369.9],
          [8.810106, 61.848299, 368.4],
          [8.800894, 61.848885, 379.5],
          [8.798729, 61.84902, 384.9],
          [8.797818, 61.849068, 387],
          [8.797199, 61.849087, 388.5],
          [8.796777, 61.849092, 389.5],
          [8.794163, 61.849072, 396.6],
          [8.79385, 61.849077, 397.5],
          [8.793583, 61.849091, 398.4],
          [8.793362, 61.849104, 398.9],
          [8.792862, 61.84915, 400.1],
          [8.792402, 61.849206, 401.4],
          [8.79106, 61.84939, 405],
          [8.79049, 61.849464, 406.6],
          [8.790016, 61.849517, 407.8],
          [8.789505, 61.849553, 407.7],
          [8.78905, 61.849566, 408.3],
          [8.788548, 61.84956, 407.7],
          [8.787918, 61.849527, 408.2],
          [8.787422, 61.849487, 408.4],
          [8.785456, 61.849302, 409.5],
          [8.785157, 61.849282, 409.6],
          [8.784756, 61.849266, 409.7],
          [8.784227, 61.849257, 409.8],
          [8.783599, 61.84926, 409.9],
          [8.778464, 61.849328, 421],
          [8.777497, 61.84937, 422.9],
          [8.77634, 61.849441, 427.1],
          [8.774006, 61.849612, 428.6],
          [8.771908, 61.849713, 431.2],
          [8.770235, 61.849782, 433.8],
          [8.768215, 61.849859, 437.6],
          [8.767163, 61.849888, 437.3],
          [8.760073, 61.849912, 431.2],
          [8.759428, 61.849909, 432.1],
          [8.758669, 61.849894, 433.1],
          [8.758083, 61.849859, 436.3],
          [8.757255, 61.849784, 437],
          [8.757019, 61.849769, 437.2],
          [8.756692, 61.849759, 437.9],
          [8.756398, 61.849763, 438.1],
          [8.756096, 61.849779, 438.6],
          [8.755398, 61.849846, 441.5],
          [8.750939, 61.850311, 445.8],
          [8.749351, 61.850449, 444.1],
          [8.748894, 61.850476, 443.5],
          [8.747293, 61.850517, 439.8],
          [8.74671, 61.85054, 438.2],
          [8.746425, 61.850558, 437.3],
          [8.74581, 61.85062, 435.6],
          [8.745402, 61.850673, 434.7],
          [8.74503, 61.850731, 434],
          [8.742923, 61.851118, 434.1],
          [8.742057, 61.851263, 435.6],
          [8.740762, 61.851447, 437.3],
          [8.737962, 61.851825, 435.8],
          [8.737489, 61.851882, 435.7],
          [8.73711, 61.851918, 435.7],
          [8.734896, 61.852057, 437.9],
          [8.734521, 61.852096, 438.4],
          [8.733945, 61.852176, 438.4],
          [8.733179, 61.852315, 438.5],
          [8.732289, 61.852492, 438.9],
          [8.72937, 61.853094, 442.2],
          [8.728878, 61.853167, 442.8],
          [8.72847, 61.853203, 443.3],
          [8.728102, 61.853219, 443.7],
          [8.727829, 61.853223, 444],
          [8.727185, 61.853206, 444.6],
          [8.726102, 61.853129, 446],
          [8.718964, 61.852573, 456.8],
          [8.702962, 61.851342, 493],
          [8.702355, 61.851304, 494.1],
          [8.701903, 61.851297, 495.3],
          [8.701456, 61.851315, 496.5],
          [8.701076, 61.851354, 497.7],
          [8.700719, 61.851415, 498.6],
          [8.700497, 61.851466, 499.1],
          [8.700264, 61.851537, 499.7],
          [8.700058, 61.851615, 500.3],
          [8.699873, 61.851704, 500.9],
          [8.699724, 61.85179, 501.4],
          [8.699555, 61.851904, 501.9],
          [8.699019, 61.852302, 502.8],
          [8.698403, 61.85272, 500.4],
          [8.697878, 61.853052, 500.1],
          [8.697697, 61.853152, 500.1],
          [8.697352, 61.85331, 499.8],
          [8.696958, 61.853446, 498.6],
          [8.696666, 61.853521, 497.9],
          [8.696285, 61.853583, 497.1],
          [8.696079, 61.853603, 496.7],
          [8.695837, 61.853613, 496.2],
          [8.694886, 61.853607, 493.7],
          [8.694642, 61.853616, 493],
          [8.69437, 61.853642, 492.3],
          [8.69408, 61.853684, 491.4],
          [8.693737, 61.853749, 490.3],
          [8.692527, 61.854006, 486.9],
          [8.691867, 61.854119, 485.4],
          [8.691259, 61.854186, 483.8],
          [8.690498, 61.854233, 482],
          [8.690124, 61.854263, 481],
          [8.689759, 61.854307, 480],
          [8.689331, 61.854381, 478.7],
          [8.688923, 61.854465, 477.5],
          [8.688413, 61.854587, 476.1],
          [8.687437, 61.854855, 473.2],
          [8.687166, 61.854912, 472.5],
          [8.686903, 61.854956, 471.9],
          [8.686426, 61.855002, 470.8],
          [8.685223, 61.85504, 467.9],
          [8.684944, 61.855056, 467.1],
          [8.684662, 61.855082, 466.3],
          [8.683091, 61.855303, 461.5],
          [8.682728, 61.855343, 460.4],
          [8.682172, 61.855376, 458.7],
          [8.679737, 61.855388, 452.7],
          [8.67949, 61.855395, 452.3],
          [8.677303, 61.855534, 447.2],
          [8.676946, 61.855543, 446],
          [8.6765, 61.855542, 444.7],
          [8.676003, 61.855526, 443.4],
          [8.675622, 61.855505, 442.4],
          [8.674919, 61.855446, 440.8],
          [8.672559, 61.855155, 431.9],
          [8.672112, 61.855104, 431.1],
          [8.671747, 61.855073, 430.2],
          [8.671363, 61.855056, 429.3],
          [8.670267, 61.855062, 426.5],
          [8.669745, 61.855057, 425.3],
          [8.669307, 61.855041, 424.1],
          [8.66798, 61.854918, 420.4],
          [8.667735, 61.854901, 419.8],
          [8.665415, 61.854817, 415.9],
          [8.664675, 61.85478, 414.8],
          [8.664318, 61.854752, 414.1],
          [8.663735, 61.854681, 412.8],
          [8.66343, 61.854628, 411.9],
          [8.663105, 61.854558, 411],
          [8.662788, 61.854476, 410],
          [8.66241, 61.854361, 408.7],
          [8.660928, 61.853795, 402.8],
          [8.660752, 61.853738, 402.3],
          [8.660406, 61.853643, 402],
          [8.660401, 61.853642, 402],
          [8.659924, 61.853543, 401.8],
          [8.659625, 61.853499, 402.2],
          [8.659106, 61.853447, 403.4],
          [8.658772, 61.853432, 404.1],
          [8.65832, 61.853427, 404.6],
          [8.654855, 61.853481, 407.3],
          [8.653945, 61.853481, 408.2],
          [8.653396, 61.853471, 408.9],
          [8.651251, 61.853391, 411],
          [8.645032, 61.853109, 416.2],
          [8.64446, 61.85309, 416.7],
          [8.643727, 61.853076, 417.4],
          [8.641102, 61.853081, 420.1],
          [8.640501, 61.853074, 420.9],
          [8.639641, 61.853039, 421.6],
          [8.638972, 61.852984, 421.6],
          [8.637075, 61.852773, 420.1],
          [8.636172, 61.8527, 419.9],
          [8.635698, 61.852673, 420.3],
          [8.635339, 61.852656, 421.5],
          [8.633041, 61.852597, 423.2],
          [8.632481, 61.852594, 423.5],
          [8.632156, 61.852605, 423.3],
          [8.631787, 61.852635, 423],
          [8.631642, 61.852654, 423.2],
          [8.631196, 61.852724, 423.5],
          [8.628952, 61.853123, 425.9],
          [8.628331, 61.853201, 425.7],
          [8.6257, 61.853407, 421.7],
          [8.624703, 61.853474, 423.8],
          [8.624316, 61.853483, 425.2],
          [8.623884, 61.853472, 426.4],
          [8.623496, 61.853435, 427.5],
          [8.623274, 61.8534, 428.2],
          [8.622849, 61.853301, 429.5],
          [8.622639, 61.853235, 430.1],
          [8.622459, 61.853167, 430.6],
          [8.621612, 61.852791, 431.8],
          [8.621273, 61.852668, 431.6],
          [8.620845, 61.852543, 430.8],
          [8.620331, 61.852429, 429.7],
          [8.619627, 61.852307, 427.2],
          [8.617531, 61.852019, 424.4],
          [8.616924, 61.851915, 423.1],
          [8.616695, 61.851863, 422.8],
          [8.615175, 61.851429, 421.6],
          [8.614761, 61.851331, 421.4],
          [8.61352, 61.851106, 418.9],
          [8.612949, 61.850981, 417.1],
          [8.607396, 61.849447, 409.3],
          [8.605301, 61.848881, 406.2],
          [8.603879, 61.84846, 404.1],
          [8.599831, 61.847164, 400.2],
          [8.598925, 61.846853, 399.7],
          [8.598491, 61.846686, 399.3],
          [8.597812, 61.846402, 397.3],
          [8.595607, 61.845433, 392.9],
          [8.595193, 61.845223, 392.2],
          [8.592761, 61.843873, 387.2],
          [8.592482, 61.843736, 386.9],
          [8.592167, 61.843603, 386.7],
          [8.591875, 61.843495, 386.5],
          [8.591403, 61.843345, 386],
          [8.589737, 61.842947, 385.3],
          [8.588386, 61.842608, 384.3],
          [8.587677, 61.842393, 383.9],
          [8.587345, 61.842285, 383.8],
          [8.586789, 61.842085, 382.9],
          [8.585137, 61.841434, 379.3],
          [8.584676, 61.841274, 379.3],
          [8.584267, 61.84116, 379.6],
          [8.583861, 61.84107, 379.8],
          [8.583118, 61.840944, 380.5],
          [8.581051, 61.840624, 381.3],
          [8.579738, 61.840394, 380.7],
          [8.57919, 61.840278, 381.1],
          [8.577342, 61.839856, 379.5],
          [8.575606, 61.839458, 379],
          [8.573802, 61.83905, 380.9],
          [8.573438, 61.83896, 380.7],
          [8.570717, 61.838199, 376.9],
          [8.570374, 61.838117, 376.6],
          [8.569116, 61.837853, 377],
          [8.568752, 61.837824, 377],
          [8.568474, 61.837784, 377.1],
          [8.568403, 61.83779, 377.1],
          [8.568103, 61.837884, 376.6],
          [8.567909, 61.837929, 376.1],
          [8.567611, 61.83803, 372.4],
          [8.566965, 61.838254, 372.5],
          [8.566794, 61.838306, 375.6],
          [8.566632, 61.838335, 376.8],
          [8.566234, 61.838357, 378.6],
          [8.566051, 61.838356, 379.1],
          [8.565319, 61.838325, 380.6],
          [8.564826, 61.838312, 380.7],
          [8.564435, 61.838326, 380.6],
          [8.564029, 61.838371, 380.9],
          [8.563617, 61.838434, 381.1],
          [8.563196, 61.838521, 381.1],
          [8.562756, 61.838632, 381],
          [8.562363, 61.838768, 381.1],
          [8.562164, 61.838859, 381.2],
          [8.56199, 61.838951, 381.4],
          [8.561822, 61.839056, 381.4],
          [8.561651, 61.839192, 381.6],
          [8.561415, 61.839407, 382.7],
          [8.561295, 61.839566, 383.1],
          [8.561192, 61.839703, 383.1],
          [8.561078, 61.83993, 382.8],
          [8.560844, 61.840467, 383.5],
          [8.560712, 61.840677, 383.4],
          [8.560633, 61.840766, 383.3],
          [8.560451, 61.840907, 383.3],
          [8.560198, 61.841031, 383.2],
          [8.559952, 61.84111, 383.1],
          [8.559711, 61.841165, 383],
          [8.558353, 61.841358, 383.1],
          [8.557534, 61.841488, 384.1],
          [8.556895, 61.84162, 384.3],
          [8.556153, 61.841809, 384.6],
          [8.555631, 61.841942, 385],
          [8.554528, 61.842168, 386.2],
          [8.554014, 61.842256, 386.7],
          [8.553577, 61.842367, 387.3],
          [8.552882, 61.842589, 388.1],
          [8.552621, 61.842664, 388.2],
          [8.55203, 61.842869, 388.6],
          [8.551407, 61.843048, 389],
          [8.550705, 61.843208, 389.5],
          [8.550477, 61.843249, 389.7],
          [8.549721, 61.843419, 390.1],
          [8.548676, 61.843608, 390.4],
          [8.548261, 61.843694, 390.4],
          [8.547459, 61.843883, 390.8],
          [8.546618, 61.844114, 391.5],
          [8.54333, 61.84506, 393.4],
          [8.54233, 61.845344, 392.4],
          [8.541864, 61.845493, 392.1],
          [8.541431, 61.845645, 391.4],
          [8.540331, 61.846055, 392.7],
          [8.539923, 61.846182, 393.3],
          [8.537178, 61.846909, 389.9],
          [8.536568, 61.847046, 390.3],
          [8.534093, 61.847559, 389.1],
          [8.532926, 61.847789, 389.3],
          [8.528696, 61.848656, 388.7],
          [8.528051, 61.848791, 388.9],
          [8.527448, 61.848929, 389.1],
          [8.52714, 61.849008, 389],
          [8.526611, 61.849178, 388.8],
          [8.525952, 61.849422, 388.7],
          [8.525347, 61.849662, 388.9],
          [8.524867, 61.849884, 389.3],
          [8.5243, 61.850175, 389.7],
          [8.524116, 61.850257, 389.8],
          [8.523176, 61.850633, 390.2],
          [8.522446, 61.850911, 390.4],
          [8.521824, 61.851175, 390.9],
          [8.521355, 61.851399, 391.1],
          [8.520748, 61.851706, 392.5],
          [8.520275, 61.851916, 393.3],
          [8.519816, 61.852085, 394],
          [8.518872, 61.852387, 395],
          [8.51851, 61.852524, 395.3],
          [8.517545, 61.852948, 397.5],
          [8.51502, 61.854081, 400.6],
          [8.514567, 61.854324, 401.2],
          [8.512402, 61.855637, 404.7],
          [8.511411, 61.856223, 404.3],
          [8.511041, 61.856432, 403.9],
          [8.510642, 61.856623, 403.5],
          [8.510423, 61.856698, 403.1],
          [8.510074, 61.856799, 402.9],
          [8.5096, 61.856914, 402.6],
          [8.507994, 61.857192, 402],
          [8.507094, 61.857359, 402.2],
          [8.506583, 61.857463, 402.2],
          [8.506163, 61.857555, 402.3],
          [8.50558, 61.857699, 402.5],
          [8.504489, 61.858002, 403],
          [8.503905, 61.858136, 402.7],
          [8.503002, 61.858308, 402.7],
          [8.502258, 61.858423, 402.7],
          [8.501621, 61.858486, 402.6],
          [8.49989, 61.858574, 401],
          [8.499434, 61.858625, 400.2],
          [8.49902, 61.858699, 400.4],
          [8.498565, 61.858798, 401],
          [8.496524, 61.859334, 401.8],
          [8.494878, 61.859737, 401.5],
          [8.49444, 61.859869, 402.1],
          [8.493761, 61.860118, 402.6],
          [8.493171, 61.860323, 403],
          [8.492957, 61.860381, 403.1],
          [8.492306, 61.8605, 403.3],
          [8.489186, 61.860961, 405.6],
          [8.488439, 61.861099, 406.7],
          [8.487985, 61.861205, 406.9],
          [8.485797, 61.861763, 406.2],
          [8.482279, 61.862679, 402.3],
          [8.481453, 61.862898, 403.5],
          [8.476929, 61.864076, 397.2],
          [8.475081, 61.864565, 394.1],
          [8.474407, 61.864769, 393.3],
          [8.472572, 61.865366, 391.6],
          [8.471877, 61.865568, 391],
          [8.471451, 61.865675, 390.6],
          [8.470927, 61.865792, 389.9],
          [8.469426, 61.866089, 387.8],
          [8.468688, 61.866254, 387.8],
          [8.467962, 61.866438, 386.4],
          [8.46595, 61.867018, 384.1],
          [8.461329, 61.868227, 379.1],
          [8.460787, 61.868346, 378.9],
          [8.459264, 61.86865, 378.2],
          [8.458496, 61.868822, 377.7],
          [8.458108, 61.868919, 378],
          [8.458081, 61.868926, 378],
          [8.457223, 61.869139, 378.2],
          [8.45694, 61.869201, 378.1],
          [8.456513, 61.869275, 377.9],
          [8.456061, 61.86933, 377.7],
          [8.454873, 61.869433, 376.9],
          [8.454234, 61.869505, 376.8],
          [8.453804, 61.869572, 376.5],
          [8.453307, 61.869679, 377],
          [8.453032, 61.86975, 377.3],
          [8.452566, 61.869887, 377.9],
          [8.451272, 61.870331, 378.3],
          [8.450973, 61.870425, 378.7],
          [8.451074, 61.870525, 377.2],
          [8.451207, 61.870622, 375.7],
          [8.451343, 61.870684, 374.6],
          [8.451775, 61.870831, 371.8],
          [8.451897, 61.870887, 371],
          [8.452364, 61.871156, 368.2],
          [8.452886, 61.871532, 365.9],
          [8.453116, 61.871683, 365.6],
          [8.453239, 61.87175, 365.3],
          [8.45337, 61.871828, 365.1],
          [8.453617, 61.871907, 365],
          [8.453841, 61.871943, 365],
          [8.453962, 61.871987, 365],
          [8.454089, 61.872092, 365.2],
          [8.454148, 61.872157, 365.2],
          [8.454089, 61.872092, 365.2],
          [8.453962, 61.871987, 365],
          [8.453841, 61.871943, 365],
          [8.453617, 61.871907, 365],
          [8.45337, 61.871828, 365.1],
          [8.453239, 61.87175, 365.3],
          [8.453116, 61.871683, 365.6],
          [8.452886, 61.871532, 365.9],
          [8.452364, 61.871156, 368.2],
          [8.451897, 61.870887, 371],
          [8.451775, 61.870831, 371.8],
          [8.451343, 61.870684, 374.6],
          [8.451207, 61.870622, 375.7],
          [8.451074, 61.870525, 377.2],
          [8.450973, 61.870425, 378.7],
          [8.450475, 61.870566, 377.7],
          [8.449111, 61.870916, 376.8],
          [8.448161, 61.871196, 377.3],
          [8.447567, 61.87135, 377.5],
          [8.447111, 61.87145, 377.7],
          [8.446533, 61.871553, 377.8],
          [8.445648, 61.871697, 378],
          [8.44491, 61.871831, 378.6],
          [8.440384, 61.872749, 381.3],
          [8.432062, 61.874459, 390.8],
          [8.43141, 61.874586, 391.8],
          [8.430686, 61.874732, 392.1],
          [8.430068, 61.874838, 391.6],
          [8.429816, 61.874872, 391.4],
          [8.429383, 61.874913, 390.9],
          [8.428852, 61.874932, 390.3],
          [8.428484, 61.87493, 389.8],
          [8.427135, 61.874871, 388.6],
          [8.426659, 61.874865, 388.9],
          [8.425317, 61.874861, 389.2],
          [8.425044, 61.87487, 389.2],
          [8.423996, 61.874872, 388.2],
          [8.423141, 61.874897, 387.3],
          [8.422406, 61.874933, 387.4],
          [8.42106, 61.875033, 386.6],
          [8.420781, 61.875043, 386.6],
          [8.419519, 61.875137, 386.9],
          [8.418515, 61.87518, 386.2],
          [8.41769, 61.875182, 385.9],
          [8.41698, 61.875195, 385.1],
          [8.414004, 61.875317, 384.5],
          [8.413507, 61.875326, 384.3],
          [8.412809, 61.875321, 383.6],
          [8.411273, 61.875277, 382.4],
          [8.410603, 61.875285, 382.3],
          [8.40833, 61.875357, 381.7],
          [8.407163, 61.875373, 381.8],
          [8.40634, 61.875356, 380.7],
          [8.403944, 61.875265, 377.8],
          [8.402955, 61.875244, 376.3],
          [8.402296, 61.87524, 375.6],
          [8.401511, 61.875247, 374.8],
          [8.400835, 61.87527, 374.3],
          [8.399485, 61.875358, 372.9],
          [8.398679, 61.875401, 372.3],
          [8.398315, 61.875406, 372],
          [8.397996, 61.875399, 371.6],
          [8.397519, 61.875368, 371.3],
          [8.396021, 61.875189, 368.8],
          [8.395567, 61.875141, 368.5],
          [8.395129, 61.875103, 368.1],
          [8.394551, 61.875067, 368.3],
          [8.393892, 61.875049, 367.7],
          [8.393161, 61.875055, 367.6],
          [8.392559, 61.875076, 367.6],
          [8.391725, 61.875136, 367.8],
          [8.389146, 61.875347, 371.6],
          [8.388077, 61.875422, 373.1],
          [8.386264, 61.87552, 374.6],
          [8.383743, 61.875681, 378.1],
          [8.382608, 61.875763, 379],
          [8.381968, 61.875826, 379],
          [8.38138, 61.875908, 378.1],
          [8.380859, 61.876002, 377.8],
          [8.380232, 61.87613, 377.4],
          [8.379446, 61.87631, 377.4],
          [8.377941, 61.876682, 378.7],
          [8.377047, 61.876889, 378.9],
          [8.376539, 61.876994, 379.1],
          [8.375865, 61.877113, 379.4],
          [8.375309, 61.877195, 379.6],
          [8.374599, 61.877284, 379.7],
          [8.373898, 61.877358, 379.8],
          [8.373078, 61.877431, 379.6],
          [8.372384, 61.877478, 379.5],
          [8.371588, 61.877513, 379],
          [8.371119, 61.877518, 378.6],
          [8.370575, 61.877511, 377.9],
          [8.36995, 61.877491, 376.7],
          [8.367153, 61.877402, 375],
          [8.366311, 61.877403, 374.8],
          [8.365732, 61.877426, 374.4],
          [8.361778, 61.877672, 376.7],
          [8.361555, 61.877696, 377],
          [8.356134, 61.878056, 379.9],
          [8.354729, 61.87814, 380.2],
          [8.354001, 61.87817, 380.3],
          [8.350144, 61.878289, 381],
          [8.348907, 61.878342, 382.3],
          [8.348028, 61.878368, 383.1],
          [8.347066, 61.878371, 383.8],
          [8.345708, 61.878341, 384.7],
          [8.345208, 61.878355, 385.2],
          [8.344794, 61.87839, 385.6],
          [8.344425, 61.878438, 385.9],
          [8.343925, 61.878528, 386.5],
          [8.343178, 61.878687, 387.3],
          [8.341549, 61.879059, 388.7],
          [8.340809, 61.879211, 388.7],
          [8.340252, 61.879293, 388.3],
          [8.33998, 61.879318, 388.1],
          [8.339724, 61.879332, 387.8],
          [8.339288, 61.879335, 387.2],
          [8.338736, 61.879314, 386.3],
          [8.336608, 61.879157, 383.3],
          [8.335659, 61.879108, 382.3],
          [8.335318, 61.879099, 382.1],
          [8.334648, 61.8791, 381.8],
          [8.333838, 61.879127, 382.2],
          [8.333281, 61.879155, 384.1],
          [8.331392, 61.879272, 387.6],
          [8.33054, 61.879332, 389.9],
          [8.329966, 61.879391, 390],
          [8.329475, 61.879456, 390.1],
          [8.329079, 61.879517, 390],
          [8.328508, 61.879624, 390],
          [8.328098, 61.879714, 389.7],
          [8.327559, 61.879859, 389.3],
          [8.327217, 61.879962, 389.2],
          [8.32654, 61.880221, 388.9],
          [8.325995, 61.880491, 388.6],
          [8.325693, 61.880673, 388.2],
          [8.325523, 61.880795, 388],
          [8.325271, 61.880997, 387.5],
          [8.324927, 61.881306, 386],
          [8.324255, 61.881906, 388],
          [8.324104, 61.882014, 388.4],
          [8.323976, 61.882109, 390.3],
          [8.323745, 61.882257, 390.9],
          [8.323315, 61.882486, 390.4],
          [8.32284, 61.882695, 390.6],
          [8.322565, 61.882801, 391.4],
          [8.321991, 61.882986, 390.9],
          [8.320862, 61.883281, 390.8],
          [8.320226, 61.88342, 390.8],
          [8.319838, 61.883492, 390.8],
          [8.319514, 61.883542, 390.8],
          [8.319184, 61.883583, 390.8],
          [8.318668, 61.883614, 390.8],
          [8.31837, 61.883621, 390.8],
          [8.318003, 61.883615, 390.8],
          [8.317553, 61.883594, 390.8],
          [8.317225, 61.883564, 390.8],
          [8.316867, 61.883519, 390.8],
          [8.314353, 61.883164, 392.1],
          [8.313628, 61.883086, 393.3],
          [8.312863, 61.883045, 393.9],
          [8.312466, 61.883035, 394.1],
          [8.312067, 61.883037, 394.4],
          [8.310612, 61.88307, 395.4],
          [8.310215, 61.883064, 395.7],
          [8.309847, 61.883041, 395.9],
          [8.308467, 61.882925, 397],
          [8.307249, 61.882878, 396.5],
          [8.306907, 61.882858, 396.4],
          [8.306617, 61.882831, 396.3],
          [8.306188, 61.882773, 396],
          [8.305868, 61.882718, 395.9],
          [8.30475, 61.882462, 396.2],
          [8.304263, 61.882373, 396.7],
          [8.303706, 61.882303, 396.5],
          [8.302896, 61.88223, 396.6],
          [8.302407, 61.882194, 396.7],
          [8.301494, 61.882143, 396.8],
          [8.300932, 61.882122, 396.9],
          [8.299259, 61.882101, 396.9],
          [8.297271, 61.882042, 396.7],
          [8.296786, 61.882037, 396.6],
          [8.296209, 61.882048, 396.7],
          [8.295635, 61.882076, 396.8],
          [8.29479, 61.882138, 396.9],
          [8.293238, 61.882265, 397],
          [8.292446, 61.882313, 397.2],
          [8.29178, 61.882334, 397.2],
          [8.290843, 61.882351, 397.2],
          [8.290302, 61.882375, 397.4],
          [8.289896, 61.882408, 397.8],
          [8.289612, 61.88244, 397.9],
          [8.287847, 61.882667, 397.9],
          [8.287427, 61.882704, 397.6],
          [8.28695, 61.882716, 397.6],
          [8.286627, 61.882706, 397.5],
          [8.286224, 61.882675, 397.5],
          [8.285665, 61.882601, 397.6],
          [8.285271, 61.882528, 397.7],
          [8.2848, 61.882417, 397.9],
          [8.284518, 61.882332, 398.1],
          [8.283857, 61.882116, 398.5],
          [8.283663, 61.882065, 398.6],
          [8.283042, 61.881935, 399],
          [8.28254, 61.881873, 399],
          [8.282215, 61.881845, 399.2],
          [8.281901, 61.881828, 399.3],
          [8.281587, 61.881825, 399.6],
          [8.281217, 61.881837, 399.9],
          [8.280867, 61.881862, 400.2],
          [8.28035, 61.881927, 400.7],
          [8.279668, 61.882032, 401.7],
          [8.278907, 61.882123, 401.7],
          [8.277152, 61.882289, 402.7],
          [8.276353, 61.882364, 402.2],
          [8.270153, 61.882964, 404.5],
          [8.2696, 61.883033, 405],
          [8.269284, 61.883091, 405.1],
          [8.268938, 61.883177, 405],
          [8.268653, 61.883267, 404.8],
          [8.268251, 61.883421, 404.4],
          [8.264181, 61.885219, 405],
          [8.260798, 61.886698, 405.1],
          [8.259441, 61.887274, 405],
          [8.258344, 61.887764, 405],
          [8.25783, 61.888, 404.9],
          [8.257587, 61.888123, 405],
          [8.257379, 61.888236, 404.9],
          [8.25706, 61.888438, 404.5],
          [8.256776, 61.888661, 404.2],
          [8.255405, 61.889841, 403.8],
          [8.255135, 61.890061, 404.2],
          [8.255003, 61.890156, 404.4],
          [8.254668, 61.890365, 405.3],
          [8.254317, 61.890537, 406.1],
          [8.25388, 61.890704, 406.9],
          [8.2536, 61.890789, 407.4],
          [8.253179, 61.890884, 407.9],
          [8.252949, 61.890914, 407.8],
          [8.25265, 61.890934, 407],
          [8.252414, 61.890932, 406.9],
          [8.252147, 61.890913, 406.9],
          [8.251291, 61.890846, 408.6],
          [8.251041, 61.890833, 408.5],
          [8.250645, 61.890831, 408.3],
          [8.250365, 61.890859, 408.9],
          [8.250227, 61.89088, 409.5],
          [8.249891, 61.890965, 410.5],
          [8.249637, 61.891055, 411.2],
          [8.249486, 61.891126, 411.9],
          [8.249298, 61.891246, 413],
          [8.24876, 61.891705, 415.6],
          [8.2486, 61.891823, 416.1],
          [8.248477, 61.891899, 416.4],
          [8.248305, 61.891993, 416.8],
          [8.248023, 61.89212, 416.7],
          [8.247472, 61.892317, 415.6],
          [8.246862, 61.892535, 415.1],
          [8.246426, 61.892715, 415.8],
          [8.244273, 61.893766, 415.6],
          [8.243741, 61.894019, 415.1],
          [8.243152, 61.894283, 415.2],
          [8.24276, 61.89443, 415.4],
          [8.242429, 61.894533, 415.7],
          [8.241986, 61.894639, 415.9],
          [8.241538, 61.894715, 416],
          [8.240993, 61.894757, 415.9],
          [8.240588, 61.894764, 415.7],
          [8.240156, 61.894754, 415.4],
          [8.238981, 61.894694, 414.6],
          [8.238566, 61.89468, 414.5],
          [8.237866, 61.894679, 414.7],
          [8.23746, 61.894698, 415],
          [8.236672, 61.894777, 415.6],
          [8.23593, 61.894896, 415.9],
          [8.234182, 61.895213, 415.7],
          [8.232322, 61.895575, 417],
          [8.231651, 61.895691, 417.3],
          [8.230876, 61.895788, 416.9],
          [8.230538, 61.895819, 416.6],
          [8.229231, 61.895902, 414.4],
          [8.228712, 61.895918, 413.7],
          [8.227575, 61.895992, 414.7],
          [8.226487, 61.896093, 414.9],
          [8.225274, 61.896216, 414.5],
          [8.224633, 61.896291, 413.5],
          [8.223523, 61.896448, 413.6],
          [8.220413, 61.896943, 413.9],
          [8.219814, 61.897025, 414.1],
          [8.219044, 61.897112, 414.4],
          [8.218192, 61.897179, 414.5],
          [8.217439, 61.89721, 414.6],
          [8.215078, 61.897234, 414.7],
          [8.214132, 61.897262, 414.9],
          [8.213689, 61.897289, 415],
          [8.21292, 61.897356, 415.2],
          [8.212142, 61.897442, 415.1],
          [8.211515, 61.89753, 415.1],
          [8.211128, 61.897604, 415],
          [8.210647, 61.897725, 414.9],
          [8.210153, 61.897882, 415],
          [8.209768, 61.898027, 415],
          [8.209225, 61.89825, 414.9],
          [8.209061, 61.898301, 414.9],
          [8.208685, 61.89846, 415.1],
          [8.208341, 61.898588, 415.2],
          [8.207835, 61.898803, 415.4],
          [8.206999, 61.899098, 415.5],
          [8.206666, 61.899194, 415.4],
          [8.206015, 61.899337, 415.7],
          [8.205642, 61.899412, 415.6],
          [8.204923, 61.899534, 415.7],
          [8.204641, 61.899572, 415.6],
          [8.20427, 61.899604, 415.7],
          [8.20392, 61.899616, 415.1],
          [8.203103, 61.899608, 415.9],
          [8.198466, 61.89937, 416.4],
          [8.197357, 61.899332, 416.5],
          [8.196616, 61.899342, 417.2],
          [8.196358, 61.899354, 417.4],
          [8.195858, 61.899396, 418],
          [8.19501, 61.899507, 419.4],
          [8.192947, 61.899838, 420.4],
          [8.190576, 61.90023, 419.2],
          [8.189897, 61.900348, 419.3],
          [8.188793, 61.900575, 420],
          [8.187383, 61.900876, 420.9],
          [8.186625, 61.901028, 421.3],
          [8.186068, 61.901124, 422],
          [8.185493, 61.90121, 422],
          [8.185023, 61.901264, 422],
          [8.183779, 61.901378, 422],
          [8.182148, 61.901513, 422],
          [8.180024, 61.90166, 421.5],
          [8.179305, 61.901742, 421],
          [8.178199, 61.901911, 420],
          [8.176722, 61.902163, 419.3],
          [8.176121, 61.902273, 419.5],
          [8.173335, 61.902826, 420.1],
          [8.172491, 61.902973, 420.5],
          [8.171784, 61.903075, 420.8],
          [8.170217, 61.903275, 421.3],
          [8.169707, 61.903351, 421.9],
          [8.169253, 61.903434, 421.9],
          [8.169021, 61.903486, 422],
          [8.168593, 61.903599, 422.1],
          [8.167533, 61.903948, 422.8],
          [8.166711, 61.904192, 423],
          [8.164609, 61.904753, 423],
          [8.163022, 61.90516, 424],
          [8.162089, 61.905385, 424.9],
          [8.161361, 61.905547, 425.5],
          [8.160024, 61.905814, 426],
          [8.159046, 61.905988, 426.8],
          [8.156684, 61.906318, 427.3],
          [8.156036, 61.906403, 428],
          [8.152123, 61.906866, 429],
          [8.151468, 61.906949, 428.8],
          [8.150717, 61.907057, 429],
          [8.149384, 61.907289, 428.1],
          [8.148554, 61.907454, 427.6],
          [8.147222, 61.907747, 427],
          [8.146227, 61.907991, 426.2],
          [8.145469, 61.90818, 426],
          [8.141331, 61.909254, 424.9],
          [8.138955, 61.909957, 425.7],
          [8.138476, 61.910085, 425.8],
          [8.137788, 61.910238, 426],
          [8.137421, 61.910309, 425.9],
          [8.136941, 61.910389, 425.4],
          [8.136472, 61.910457, 425],
          [8.135842, 61.910528, 424.5],
          [8.134134, 61.91066, 423.3],
          [8.131126, 61.910871, 424.4],
          [8.13074, 61.910915, 424.2],
          [8.129995, 61.911037, 423.6],
          [8.128694, 61.911289, 423.9],
          [8.12818, 61.911378, 424.1],
          [8.127426, 61.911463, 424.5],
          [8.126327, 61.911555, 425.6],
          [8.123215, 61.911791, 426.5],
          [8.117644, 61.912307, 428.6],
          [8.116967, 61.912355, 428.7],
          [8.11671, 61.912361, 428.7],
          [8.116381, 61.912357, 428.5],
          [8.115046, 61.912283, 427.2],
          [8.114332, 61.912253, 426.5],
          [8.1137, 61.912239, 426.3],
          [8.11291, 61.912242, 426.9],
          [8.112464, 61.912258, 427.2],
          [8.111738, 61.912302, 428],
          [8.108476, 61.912546, 427.2],
          [8.107894, 61.9126, 427.3],
          [8.107306, 61.912666, 427.4],
          [8.104991, 61.912998, 428.4],
          [8.103707, 61.913169, 429.2],
          [8.09935, 61.913689, 429.1],
          [8.097119, 61.913952, 432.3],
          [8.096175, 61.914096, 436.4],
          [8.095771, 61.91417, 438],
          [8.095086, 61.914311, 440.4],
          [8.094714, 61.914395, 441],
          [8.09415, 61.914543, 442.7],
          [8.093831, 61.914636, 443],
          [8.09362, 61.914705, 443],
          [8.093447, 61.914773, 443],
          [8.093141, 61.914955, 442.3],
          [8.093033, 61.915052, 441.9],
          [8.092943, 61.915155, 441.2],
          [8.092873, 61.915267, 440.6],
          [8.092826, 61.915375, 439.6],
          [8.092815, 61.915451, 438.5],
          [8.092746, 61.915918, 437.9],
          [8.092598, 61.916283, 439.9],
          [8.092538, 61.916379, 440.1],
          [8.092401, 61.916509, 440.5],
          [8.092218, 61.916626, 440.8],
          [8.091984, 61.916741, 441],
          [8.091781, 61.91682, 441.3],
          [8.091595, 61.916875, 441.4],
          [8.091369, 61.916925, 441.5],
          [8.091153, 61.916957, 441.6],
          [8.089461, 61.917124, 442.2],
          [8.088796, 61.917231, 442.6],
          [8.087004, 61.917568, 443.9],
          [8.084597, 61.918035, 446.2],
          [8.084056, 61.918147, 447.3],
          [8.082523, 61.918498, 450.4],
          [8.081658, 61.91872, 452],
          [8.081168, 61.918824, 452.9],
          [8.080523, 61.918938, 454],
          [8.079621, 61.919083, 455.8],
          [8.078154, 61.919299, 458.7],
          [8.07766, 61.919353, 459.9],
          [8.077068, 61.91939, 461.2],
          [8.076459, 61.919405, 462.7],
          [8.074548, 61.91943, 466.7],
          [8.07429, 61.919436, 467.1],
          [8.073896, 61.919456, 467.7],
          [8.073496, 61.919498, 468.4],
          [8.072539, 61.919616, 470.2],
          [8.072028, 61.919666, 471.3],
          [8.071487, 61.919699, 472.6],
          [8.070368, 61.91972, 476.2],
          [8.069635, 61.91977, 477],
          [8.068062, 61.919906, 480.7],
          [8.067461, 61.919978, 482.1],
          [8.066878, 61.920078, 483.5],
          [8.065306, 61.92039, 488.2],
          [8.064186, 61.920588, 492],
          [8.062225, 61.920837, 498.6],
          [8.05519, 61.921541, 511.6],
          [8.054623, 61.921573, 512.5],
          [8.053481, 61.92159, 514.8],
          [8.052917, 61.92163, 515.6],
          [8.052548, 61.921674, 516],
          [8.052012, 61.921767, 516.6],
          [8.051669, 61.921845, 517],
          [8.050675, 61.92211, 517.7],
          [8.050326, 61.922183, 518],
          [8.049967, 61.922242, 518.3],
          [8.049598, 61.922287, 518.4],
          [8.049224, 61.922318, 518.5],
          [8.047157, 61.922423, 520],
          [8.046667, 61.92247, 520.4],
          [8.046373, 61.922513, 520.8],
          [8.045372, 61.922683, 522.9],
          [8.044875, 61.922734, 523.8],
          [8.043182, 61.922835, 526.4],
          [8.042648, 61.922891, 527.5],
          [8.042168, 61.922978, 528.9],
          [8.041979, 61.923023, 529.5],
          [8.041669, 61.923114, 530.5],
          [8.040245, 61.923565, 535],
          [8.037855, 61.924241, 543.1],
          [8.037494, 61.924372, 544.5],
          [8.037329, 61.924443, 545.3],
          [8.036783, 61.924708, 547.8],
          [8.036069, 61.92509, 550.9],
          [8.035775, 61.925234, 552.1],
          [8.035381, 61.925394, 553.4],
          [8.034458, 61.925731, 556.3],
          [8.034038, 61.925922, 558.1],
          [8.033866, 61.926016, 558.9],
          [8.033747, 61.926093, 559.6],
          [8.033541, 61.926253, 560.9],
          [8.033299, 61.92648, 562.8],
          [8.032824, 61.927037, 567.4],
          [8.032573, 61.927296, 569.2],
          [8.032307, 61.927532, 571],
          [8.031741, 61.927999, 574.6],
          [8.031585, 61.928163, 575.7],
          [8.031473, 61.92831, 576.8],
          [8.031358, 61.928505, 578.2],
          [8.031289, 61.928682, 578.6],
          [8.03125, 61.92886, 578.8],
          [8.031249, 61.929129, 579],
          [8.031286, 61.929308, 579],
          [8.031353, 61.929485, 579],
          [8.03145, 61.929658, 578.8],
          [8.031608, 61.929864, 577.8],
          [8.032068, 61.930314, 575.6],
          [8.032216, 61.930479, 574.6],
          [8.032383, 61.930736, 573.6],
          [8.032426, 61.930838, 573.5],
          [8.032484, 61.931001, 574.3],
          [8.032514, 61.93118, 574.8],
          [8.032513, 61.93136, 575.2],
          [8.032477, 61.931538, 575.1],
          [8.032454, 61.931627, 575],
          [8.032378, 61.931803, 574.4],
          [8.032271, 61.931976, 574.5],
          [8.031793, 61.932555, 576],
          [8.03166, 61.932807, 576.8],
          [8.031604, 61.932982, 577.3],
          [8.031584, 61.933163, 577.7],
          [8.031595, 61.933313, 577.9],
          [8.031628, 61.933466, 578.2],
          [8.031682, 61.933621, 578.4],
          [8.031986, 61.93426, 579],
          [8.032074, 61.93455, 579.1],
          [8.032089, 61.93469, 579],
          [8.032078, 61.934946, 579],
          [8.031935, 61.93586, 578.2],
          [8.031899, 61.936212, 577.9],
          [8.031849, 61.937199, 577.4],
          [8.031794, 61.937412, 577.4],
          [8.031671, 61.937661, 577.3],
          [8.031515, 61.937864, 577.3],
          [8.031392, 61.937991, 577.3],
          [8.031244, 61.938118, 577.3],
          [8.030986, 61.9383, 577.2],
          [8.030706, 61.938459, 577.2],
          [8.030294, 61.938649, 577.1],
          [8.029931, 61.938778, 577],
          [8.029687, 61.938851, 577],
          [8.02944, 61.938913, 577],
          [8.029037, 61.938996, 576.8],
          [8.028928, 61.939016, 576.9],
          [8.028469, 61.939082, 577],
          [8.027212, 61.939203, 578.4],
          [8.026898, 61.93924, 578.5],
          [8.026471, 61.939302, 578.6],
          [8.026219, 61.939346, 578.6],
          [8.025888, 61.93941, 578.7],
          [8.02536, 61.939531, 578.6],
          [8.025111, 61.939603, 578.6],
          [8.024481, 61.939824, 578.5],
          [8.023633, 61.940178, 578.6],
          [8.022745, 61.940586, 579.1],
          [8.021913, 61.941035, 578],
          [8.021827, 61.941082, 578.3],
          [8.021482, 61.941276, 578.8],
          [8.021398, 61.941323, 578.8],
          [8.02102, 61.941518, 579],
          [8.020628, 61.941688, 579.2],
          [8.02033, 61.941803, 579.6],
          [8.01971, 61.941998, 580.5],
          [8.019096, 61.942165, 581],
          [8.018232, 61.94238, 581],
          [8.01776, 61.942475, 580.8],
          [8.017549, 61.942505, 580.7],
          [8.017261, 61.942532, 580.5],
          [8.016787, 61.942545, 580.2],
          [8.01538, 61.942499, 579.5],
          [8.013267, 61.942487, 577.4],
          [8.012607, 61.942466, 577.1],
          [8.011504, 61.942398, 577.7],
          [8.009955, 61.942348, 578.1],
          [8.009329, 61.94231, 578.2],
          [8.008324, 61.942231, 578.6],
          [8.007904, 61.942214, 578.6],
          [8.007316, 61.942215, 578.5],
          [8.006007, 61.942267, 578.7],
          [8.004663, 61.942342, 579.7],
          [8.004282, 61.942376, 580.1],
          [8.003845, 61.942428, 580.4],
          [8.003349, 61.942498, 580.8],
          [8.002977, 61.942563, 581],
          [8.001366, 61.942885, 580.1],
          [8.000996, 61.942937, 579.7],
          [8.00053, 61.94298, 579],
          [8.000065, 61.942995, 578.6],
          [7.999415, 61.942978, 578],
          [7.998174, 61.942897, 578.4],
          [7.997295, 61.942878, 578.9],
          [7.996739, 61.942887, 579.4],
          [7.996242, 61.942911, 579.9],
          [7.995706, 61.942951, 580.5],
          [7.995114, 61.943016, 580.9],
          [7.994465, 61.943111, 581.2],
          [7.993925, 61.943216, 581.4],
          [7.99343, 61.943331, 581.5],
          [7.992951, 61.943453, 581.4],
          [7.992553, 61.943575, 581.3],
          [7.991767, 61.943861, 580.9],
          [7.988975, 61.945007, 579.7],
          [7.988692, 61.945115, 579.5],
          [7.988317, 61.945241, 579.3],
          [7.987967, 61.945339, 579.1],
          [7.987689, 61.945399, 578.9],
          [7.987504, 61.94543, 578.7],
          [7.987064, 61.945482, 578.5],
          [7.986027, 61.945578, 579.5],
          [7.985576, 61.94563, 579.5],
          [7.985227, 61.945684, 579.8],
          [7.98501, 61.945727, 580],
          [7.984615, 61.945827, 580.5],
          [7.9835, 61.946177, 580.2],
          [7.982939, 61.946328, 580.1],
          [7.98258, 61.946407, 580.1],
          [7.982114, 61.946492, 580],
          [7.981855, 61.946531, 580],
          [7.980019, 61.946779, 579.7],
          [7.979796, 61.946817, 579.7],
          [7.979335, 61.9469, 580.2],
          [7.978865, 61.947, 580.4],
          [7.977642, 61.947291, 580.5],
          [7.977243, 61.94736, 580.6],
          [7.976903, 61.9474, 580.6],
          [7.976647, 61.947419, 580.6],
          [7.976169, 61.947426, 580.5],
          [7.975807, 61.947408, 580.5],
          [7.974678, 61.947322, 580],
          [7.974112, 61.947304, 580],
          [7.973567, 61.947321, 580.5],
          [7.972218, 61.9474, 581.2],
          [7.971288, 61.947435, 581.8],
          [7.970501, 61.947411, 582],
          [7.967693, 61.947189, 581.3],
          [7.967019, 61.947162, 581.2],
          [7.965607, 61.947171, 582],
          [7.963748, 61.947235, 584.4],
          [7.962777, 61.947307, 586.3],
          [7.962179, 61.947342, 587.1],
          [7.961243, 61.947428, 588.3],
          [7.959521, 61.947565, 589.6],
          [7.958625, 61.947647, 589.7],
          [7.95787, 61.947694, 588.8],
          [7.956939, 61.947727, 587.2],
          [7.956132, 61.94773, 586.2],
          [7.955684, 61.947718, 586.1],
          [7.954069, 61.947646, 586.5],
          [7.953723, 61.947635, 586.6],
          [7.95283, 61.947624, 587],
          [7.950671, 61.94763, 583.6],
          [7.949339, 61.947651, 583.3],
          [7.946784, 61.947708, 582.3],
          [7.945767, 61.947762, 581.7],
          [7.945434, 61.947795, 581.6],
          [7.944807, 61.947895, 581.5],
          [7.944049, 61.948064, 581.4],
          [7.94358, 61.948195, 581.5],
          [7.942635, 61.948512, 581.8],
          [7.942093, 61.948673, 581.9],
          [7.941532, 61.948797, 581.7],
          [7.941004, 61.948885, 581.4],
          [7.940374, 61.948938, 582.2],
          [7.940289, 61.948929, 582.2],
          [7.940095, 61.948943, 582.3],
          [7.939381, 61.948952, 582.8],
          [7.938376, 61.948949, 582.9],
          [7.937982, 61.94894, 582.8],
          [7.937151, 61.94895, 582.6],
          [7.936257, 61.948941, 582.6],
          [7.934965, 61.948967, 583.5],
          [7.934718, 61.948984, 583.8],
          [7.93412, 61.949068, 584.3],
          [7.933483, 61.949173, 585],
          [7.932707, 61.949366, 585.4],
          [7.932369, 61.94948, 585.4],
          [7.931848, 61.949686, 585.2],
          [7.930557, 61.950324, 583.2],
          [7.929968, 61.950594, 582.3],
          [7.929539, 61.950753, 582.1],
          [7.928949, 61.950911, 582.2],
          [7.928192, 61.951054, 582.3],
          [7.92811, 61.951061, 582.3],
          [7.927215, 61.951213, 582.6],
          [7.926616, 61.951344, 582.9],
          [7.925525, 61.951639, 583.3],
          [7.924597, 61.951867, 583.2],
          [7.92393, 61.951975, 582.9],
          [7.923145, 61.952092, 582.3],
          [7.922529, 61.952207, 581.9],
          [7.921933, 61.95233, 581.3],
          [7.920751, 61.952634, 580.4],
          [7.919083, 61.953152, 582.7],
          [7.917558, 61.953672, 582.7],
          [7.916278, 61.954129, 582.8],
          [7.91528, 61.954501, 584],
          [7.914962, 61.954605, 584.5],
          [7.913665, 61.955075, 586.2],
          [7.912714, 61.955392, 586.4],
          [7.911881, 61.95564, 586.7],
          [7.911328, 61.955795, 587.1],
          [7.910317, 61.956018, 588.2],
          [7.909457, 61.956177, 588.9],
          [7.909081, 61.956235, 589.4],
          [7.908034, 61.956428, 591.6],
          [7.907467, 61.956554, 592.7],
          [7.906799, 61.956765, 593.8],
          [7.906329, 61.95696, 594.8],
          [7.906002, 61.957111, 595.5],
          [7.905589, 61.957268, 596.3],
          [7.905108, 61.957432, 597.4],
          [7.904596, 61.957567, 598.4],
          [7.903856, 61.957686, 600.5],
          [7.903038, 61.957878, 601],
          [7.902632, 61.957999, 601.7],
          [7.901162, 61.958553, 606.4],
          [7.900001, 61.959025, 611.3],
          [7.899644, 61.959207, 612.3],
          [7.899406, 61.959315, 612.4],
          [7.89915, 61.95946, 613.2],
          [7.89897, 61.959542, 613.7],
          [7.898779, 61.959649, 614.3],
          [7.898068, 61.959996, 617.2],
          [7.897617, 61.960246, 620.1],
          [7.89743, 61.960363, 621],
          [7.897198, 61.960479, 622.1],
          [7.896927, 61.960639, 623.6],
          [7.896536, 61.960903, 624.2],
          [7.896425, 61.961021, 624.6],
          [7.896353, 61.961067, 624.4],
          [7.896222, 61.961185, 624],
          [7.896097, 61.961342, 624],
          [7.896001, 61.961539, 624.1],
          [7.895956, 61.961706, 624.2],
          [7.895944, 61.961857, 624.5],
          [7.895956, 61.961978, 624.8],
          [7.896014, 61.96218, 625.6],
          [7.896186, 61.962475, 627.1],
          [7.896327, 61.962637, 628.3],
          [7.896406, 61.962791, 629.6],
          [7.89654, 61.962969, 631.2],
          [7.896584, 61.963165, 632.8],
          [7.896583, 61.963294, 633.7],
          [7.896542, 61.963517, 635.9],
          [7.896468, 61.963681, 636.9],
          [7.896384, 61.963802, 637.1],
          [7.895856, 61.964399, 638.6],
          [7.895753, 61.964492, 638.7],
          [7.895664, 61.964605, 638.8],
          [7.895307, 61.964943, 638.9],
          [7.89486, 61.965431, 638.4],
          [7.89484, 61.965481, 638.4],
          [7.89471, 61.965605, 638.4],
          [7.894576, 61.965718, 638.5],
          [7.894215, 61.96597, 639],
          [7.894109, 61.966035, 639.1],
          [7.893303, 61.966463, 640.4],
          [7.893129, 61.966582, 640.8],
          [7.893008, 61.96669, 641],
          [7.892949, 61.966729, 641.1],
          [7.892821, 61.966867, 641.4],
          [7.892638, 61.967038, 641.7],
          [7.892323, 61.967415, 642.6],
          [7.892265, 61.967492, 642.9],
          [7.892129, 61.967739, 643.7],
          [7.892046, 61.967994, 644.4],
          [7.892032, 61.968161, 644.9],
          [7.892107, 61.968841, 646.7],
          [7.892152, 61.96903, 647.4],
          [7.892152, 61.969098, 647.6],
          [7.892209, 61.969388, 648.4],
          [7.89246, 61.97009, 650.7],
          [7.892526, 61.970202, 650.9],
          [7.89276, 61.970806, 652.6],
          [7.892866, 61.971009, 653.2],
          [7.892976, 61.971348, 653.9],
          [7.892976, 61.971645, 654.7],
          [7.892951, 61.971832, 655.2],
          [7.892893, 61.972047, 655.6],
          [7.892757, 61.972296, 656.5],
          [7.892576, 61.972525, 657.6],
          [7.892396, 61.972716, 658.4],
          [7.892211, 61.973025, 659],
          [7.892119, 61.973302, 659.6],
          [7.892073, 61.973531, 660],
          [7.892, 61.97373, 660.5],
          [7.891958, 61.973899, 660.9],
          [7.891904, 61.974056, 661.4],
          [7.891693, 61.974535, 662.6],
          [7.891647, 61.974598, 662.7],
          [7.891526, 61.97487, 663.3],
          [7.89116, 61.975559, 664.8],
          [7.891104, 61.975707, 665.2],
          [7.890586, 61.976686, 667.7],
          [7.890395, 61.977108, 668.4],
          [7.890286, 61.97728, 668.5],
          [7.890117, 61.977626, 668.8],
          [7.890068, 61.977768, 668.9],
          [7.889986, 61.977932, 669],
          [7.889765, 61.978302, 669.3],
          [7.889683, 61.978529, 669.4],
          [7.889613, 61.978655, 669.4],
          [7.889511, 61.978913, 669.8],
          [7.889408, 61.979064, 669.4],
          [7.88933, 61.97922, 669.4],
          [7.889289, 61.979346, 669.3],
          [7.889258, 61.979385, 669.3],
          [7.88896, 61.980135, 669.1],
          [7.888813, 61.980397, 668.8],
          [7.888663, 61.980725, 668.6],
          [7.888599, 61.980908, 668.5],
          [7.888398, 61.981341, 668.5],
          [7.888255, 61.98156, 668.4],
          [7.888016, 61.98199, 668.2],
          [7.887796, 61.982352, 668],
          [7.88736, 61.982992, 668.6],
          [7.887227, 61.983168, 668.9],
          [7.886982, 61.983544, 669.7],
          [7.886428, 61.984319, 671],
          [7.886305, 61.984527, 671.3],
          [7.886183, 61.984796, 671.7],
          [7.885999, 61.985137, 671.2],
          [7.885869, 61.985431, 671.8],
          [7.885711, 61.985868, 672.2],
          [7.885484, 61.986378, 672.3],
          [7.885367, 61.986714, 672.1],
          [7.885317, 61.986805, 672],
          [7.885279, 61.98692, 672],
          [7.885153, 61.987188, 672.1],
          [7.885004, 61.987428, 672.3],
          [7.884943, 61.987574, 672.4],
          [7.884807, 61.987805, 672.5],
          [7.884541, 61.988471, 672.6],
          [7.884302, 61.989257, 674.1],
          [7.884124, 61.990006, 676.1],
          [7.883969, 61.990441, 677.4],
          [7.883877, 61.990822, 678.8],
          [7.883856, 61.99097, 679.6],
          [7.883742, 61.99133, 681.2],
          [7.883709, 61.991479, 681.1],
          [7.883379, 61.992667, 683.5],
          [7.883306, 61.99284, 684],
          [7.883211, 61.992996, 684.4],
          [7.883054, 61.993204, 685.1],
          [7.882748, 61.993521, 686.3],
          [7.881783, 61.994293, 689.3],
          [7.881514, 61.994539, 689.7],
          [7.881352, 61.994712, 689.7],
          [7.881238, 61.994879, 689.6],
          [7.881109, 61.995104, 689.4],
          [7.880766, 61.995922, 689.5],
          [7.880534, 61.996319, 690.2],
          [7.880322, 61.996595, 690.8],
          [7.879001, 61.998139, 692.1],
          [7.878811, 61.998341, 693.1],
          [7.878707, 61.998432, 693.4],
          [7.877995, 61.999263, 692.9],
          [7.877638, 61.999722, 694.4],
          [7.877457, 61.999912, 694.9],
          [7.877199, 62.000262, 696.1],
          [7.876943, 62.000515, 696.7],
          [7.87668, 62.000854, 697.5],
          [7.876423, 62.001115, 698],
          [7.876153, 62.001446, 699.4],
          [7.876027, 62.00156, 700.3],
          [7.875699, 62.001796, 701.1],
          [7.875435, 62.001935, 701.2],
          [7.874716, 62.002237, 701.5],
          [7.874324, 62.002418, 701.4],
          [7.874078, 62.00252, 701.4],
          [7.873994, 62.002576, 701.4],
          [7.87385, 62.002731, 701.5],
          [7.87372, 62.002906, 701.6],
          [7.873477, 62.003182, 701.9],
          [7.87322, 62.00355, 702.4],
          [7.873076, 62.003697, 702.8],
          [7.872916, 62.003833, 703.2],
          [7.872715, 62.003963, 703.5],
          [7.872636, 62.004028, 703.6],
          [7.872412, 62.004156, 704],
          [7.8722, 62.004292, 704.4],
          [7.871966, 62.004417, 704.8],
          [7.871629, 62.004627, 705.5],
          [7.871253, 62.004815, 705.9],
          [7.870818, 62.005083, 706.7],
          [7.870571, 62.005211, 707.2],
          [7.870279, 62.005407, 708],
          [7.870011, 62.005569, 708.7],
          [7.869751, 62.005762, 709.6],
          [7.869553, 62.005879, 710],
          [7.869354, 62.006043, 710],
          [7.867428, 62.00742, 715.3],
          [7.867175, 62.007594, 715.8],
          [7.86689, 62.007774, 712.3],
          [7.866404, 62.008047, 713.4],
          [7.865934, 62.008273, 714.4],
          [7.865465, 62.008473, 718.9],
          [7.864931, 62.008674, 723.4],
          [7.864373, 62.008845, 724.4],
          [7.860981, 62.009748, 727],
          [7.860065, 62.009951, 726.4],
          [7.859147, 62.010081, 726.8],
          [7.857811, 62.010248, 728.2],
          [7.854034, 62.010701, 728.9],
          [7.853268, 62.010786, 728.9],
          [7.852589, 62.01084, 729.2],
          [7.851385, 62.010897, 729.9],
          [7.850972, 62.010927, 730.3],
          [7.850556, 62.010979, 730.6],
          [7.849277, 62.011189, 732],
          [7.848938, 62.011227, 732.5],
          [7.848307, 62.011275, 733.7],
          [7.847393, 62.011312, 735],
          [7.847022, 62.011334, 735.4],
          [7.846313, 62.011408, 735.7],
          [7.845946, 62.011462, 735.6],
          [7.845359, 62.011562, 735.3],
          [7.842335, 62.012148, 737.6],
          [7.841908, 62.012224, 738],
          [7.841421, 62.012298, 738.6],
          [7.841142, 62.012324, 739],
          [7.840789, 62.012343, 739.4],
          [7.840445, 62.012344, 739.8],
          [7.839739, 62.012309, 740.7],
          [7.838293, 62.0122, 740.8],
          [7.837679, 62.012141, 740.9],
          [7.837202, 62.012082, 741.1],
          [7.835864, 62.011876, 743.1],
          [7.835265, 62.011811, 743.8],
          [7.834953, 62.01179, 743.9],
          [7.834643, 62.011781, 743.9],
          [7.83348, 62.011793, 744.6],
          [7.831806, 62.011837, 747.7],
          [7.830932, 62.01187, 749.1],
          [7.830391, 62.011905, 749.8],
          [7.829952, 62.011948, 750.3],
          [7.828914, 62.012077, 751.5],
          [7.822796, 62.012891, 757.5],
          [7.821744, 62.013016, 759.5],
          [7.820916, 62.013083, 760.9],
          [7.82046, 62.013105, 761.5],
          [7.819241, 62.013141, 762.6],
          [7.818749, 62.01317, 763.8],
          [7.817999, 62.013238, 764.9],
          [7.817227, 62.01334, 765.4],
          [7.816043, 62.013543, 764.8],
          [7.815533, 62.013619, 764.3],
          [7.815151, 62.013666, 764],
          [7.814373, 62.013738, 763.7],
          [7.813466, 62.013787, 764],
          [7.809439, 62.013947, 763.9],
          [7.808436, 62.014013, 765.1],
          [7.805801, 62.014234, 765.4],
          [7.803594, 62.014429, 764.1],
          [7.802796, 62.01449, 763.7],
          [7.802473, 62.014507, 763.6],
          [7.801818, 62.014525, 763.7],
          [7.800438, 62.014523, 764.9],
          [7.800114, 62.014529, 765.3],
          [7.799633, 62.01455, 764.6],
          [7.799194, 62.014582, 764.1],
          [7.798404, 62.014624, 763],
          [7.797769, 62.014635, 762.4],
          [7.797418, 62.014633, 762.2],
          [7.796871, 62.014617, 761.6],
          [7.795319, 62.014504, 761.6],
          [7.794969, 62.014487, 760.9],
          [7.794639, 62.01448, 760.1],
          [7.793578, 62.014471, 758.4],
          [7.789475, 62.014468, 756.4],
          [7.787596, 62.014454, 755.1],
          [7.785121, 62.014425, 753.2],
          [7.784571, 62.014445, 752.7],
          [7.783347, 62.014508, 751.3],
          [7.782741, 62.014527, 750.8],
          [7.781165, 62.014559, 749.6],
          [7.779751, 62.014574, 749],
          [7.779293, 62.01457, 748.9],
          [7.778334, 62.014547, 748.8],
          [7.776573, 62.014456, 748.9],
          [7.77548, 62.014363, 749.2],
          [7.774668, 62.014281, 749.1],
          [7.773724, 62.014161, 749.3],
          [7.773137, 62.014077, 749.5],
          [7.772044, 62.013898, 749.9],
          [7.771272, 62.013753, 750.2],
          [7.770227, 62.013525, 750.6],
          [7.768299, 62.013058, 750.9],
          [7.766996, 62.012741, 752.3],
          [7.759129, 62.010817, 761.3],
          [7.75738, 62.010396, 765.2],
          [7.756089, 62.010096, 768.9],
          [7.754854, 62.009835, 772.3],
          [7.753855, 62.009642, 775.1],
          [7.752652, 62.009429, 778.8],
          [7.751766, 62.00929, 781.6],
          [7.746279, 62.008516, 798],
          [7.745834, 62.008436, 799.6],
          [7.745064, 62.00826, 802.6],
          [7.744421, 62.008083, 804.1],
          [7.743899, 62.007902, 805.5],
          [7.743409, 62.007691, 807.1],
          [7.74288, 62.007427, 809.6],
          [7.742513, 62.007209, 811.7],
          [7.742241, 62.007021, 813.6],
          [7.740876, 62.006005, 821.1],
          [7.740509, 62.005781, 822.3],
          [7.740302, 62.00567, 822.9],
          [7.739847, 62.005465, 824.4],
          [7.739414, 62.005301, 826.1],
          [7.739172, 62.005221, 827],
          [7.73852, 62.005045, 829.8],
          [7.738206, 62.004976, 831.3],
          [7.737665, 62.004884, 832],
          [7.737229, 62.004827, 832.6],
          [7.736768, 62.004785, 833.2],
          [7.735984, 62.004741, 834],
          [7.734833, 62.004691, 833.9],
          [7.734377, 62.004667, 834.4],
          [7.733851, 62.004627, 835],
          [7.733195, 62.004551, 835.9],
          [7.732774, 62.004482, 836.5],
          [7.732358, 62.00439, 837.1],
          [7.732162, 62.004339, 837.3],
          [7.731629, 62.00417, 838],
          [7.731126, 62.003987, 838.5],
          [7.729578, 62.003362, 840.7],
          [7.729153, 62.003198, 841],
          [7.728785, 62.003079, 841.2],
          [7.728374, 62.002969, 841.3],
          [7.727972, 62.002876, 841.2],
          [7.727537, 62.002796, 841.2],
          [7.727102, 62.002738, 841.3],
          [7.726672, 62.002699, 841.5],
          [7.726212, 62.002669, 841.7],
          [7.725415, 62.002642, 843],
          [7.718231, 62.00253, 847.3],
          [7.705975, 62.002319, 850],
          [7.705183, 62.002324, 850.8],
          [7.704267, 62.002358, 851.7],
          [7.703593, 62.002399, 852.9],
          [7.703133, 62.002437, 853.9],
          [7.702696, 62.002483, 855.2],
          [7.702272, 62.002539, 856.4],
          [7.701423, 62.002677, 858.7],
          [7.700998, 62.002758, 859.6],
          [7.700598, 62.002848, 860.5],
          [7.700194, 62.002951, 861.2],
          [7.69982, 62.003061, 862],
          [7.699433, 62.003182, 862.9],
          [7.698711, 62.003446, 864.8],
          [7.698195, 62.00367, 866.1],
          [7.697911, 62.003808, 866.7],
          [7.69746, 62.004061, 867.3],
          [7.697231, 62.004205, 867.5],
          [7.696861, 62.004467, 867.5],
          [7.695183, 62.005743, 869.7],
          [7.694546, 62.00618, 870.9],
          [7.694261, 62.006352, 871.3],
          [7.694014, 62.006484, 871.6],
          [7.693493, 62.006733, 872.1],
          [7.69309, 62.006903, 872.8],
          [7.692076, 62.00727, 874.8],
          [7.690234, 62.00789, 875.5],
          [7.682772, 62.010436, 878.3],
          [7.682057, 62.010708, 877.8],
          [7.681719, 62.010854, 877.2],
          [7.681181, 62.011117, 876],
          [7.680504, 62.011499, 873.4],
          [7.678804, 62.012512, 871.5],
          [7.678201, 62.012836, 871.9],
          [7.677717, 62.013058, 872.4],
          [7.677374, 62.013201, 871.9],
          [7.676666, 62.013466, 871.9],
          [7.675914, 62.013706, 872.1],
          [7.675121, 62.013914, 872.7],
          [7.6743, 62.014096, 872.9],
          [7.673876, 62.014175, 872.8],
          [7.673441, 62.014247, 872.7],
          [7.673004, 62.014306, 872.6],
          [7.672122, 62.014402, 872.3],
          [7.671682, 62.014438, 872.3],
          [7.667474, 62.014666, 872],
          [7.667111, 62.014685, 871.9],
          [7.656554, 62.01524, 878.8],
          [7.654202, 62.015355, 882.3],
          [7.653307, 62.015379, 883.5],
          [7.652393, 62.015384, 884.3],
          [7.651037, 62.015352, 884.9],
          [7.650131, 62.015312, 885.1],
          [7.649676, 62.015283, 885.1],
          [7.648782, 62.015208, 885.3],
          [7.648339, 62.015163, 885.6],
          [7.646578, 62.014959, 886.8],
          [7.63898, 62.014038, 887.2],
          [7.635463, 62.013609, 894.9],
          [7.634747, 62.01353, 896.3],
          [7.634292, 62.013492, 897.7],
          [7.633649, 62.013458, 899.5],
          [7.63291, 62.013441, 901.5],
          [7.63205, 62.01345, 903.7],
          [7.631671, 62.013465, 904.6],
          [7.630992, 62.01351, 906.3],
          [7.630389, 62.013568, 908.3],
          [7.630366, 62.013571, 908.4],
          [7.630111, 62.013183, 908.8],
          [7.629834, 62.012885, 909.1],
          [7.629637, 62.012724, 909.3],
          [7.629349, 62.012515, 909.6],
          [7.628604, 62.011941, 910.1],
          [7.628461, 62.011793, 910.1],
          [7.628377, 62.011635, 910],
          [7.628335, 62.011455, 909.8],
          [7.628325, 62.011139, 909.4],
          [7.628335, 62.011019, 909.1],
          [7.628383, 62.010824, 908.7],
          [7.62845, 62.01073, 908.2],
          [7.62876, 62.010432, 907.1],
          [7.629065, 62.010209, 906.6],
          [7.63005, 62.009531, 904.7],
          [7.630139, 62.009466, 904.5],
          [7.63028, 62.009335, 904],
          [7.630371, 62.009172, 903.6],
          [7.630388, 62.009064, 903.4],
          [7.630311, 62.008662, 902.5],
          [7.630162, 62.007952, 902.8],
          [7.630034, 62.007349, 902.9],
          [7.63003, 62.007264, 902.9],
          [7.630039, 62.007114, 903],
          [7.630075, 62.006987, 903],
          [7.630137, 62.006854, 903],
          [7.630204, 62.006752, 902.5],
          [7.630351, 62.00658, 902.7],
          [7.630528, 62.006428, 903.1],
          [7.630762, 62.006274, 903.5],
          [7.631461, 62.005882, 905.6],
          [7.631947, 62.005633, 907.1],
          [7.63207, 62.005558, 907.1],
          [7.632247, 62.005406, 907.6],
          [7.632354, 62.005284, 908],
          [7.632415, 62.005151, 908.2],
          [7.632437, 62.005, 908.7],
          [7.632423, 62.004904, 909.2],
          [7.632336, 62.004667, 910.7],
          [7.63222, 62.004522, 911.9],
          [7.631848, 62.004248, 912.3],
          [7.631387, 62.003941, 914],
          [7.631242, 62.003814, 914.7],
          [7.631005, 62.003507, 916.8],
          [7.630943, 62.003384, 917.7],
          [7.630851, 62.003122, 919],
          [7.630728, 62.003014, 919.5],
          [7.630038, 62.002634, 922.2],
          [7.629543, 62.002256, 924.2],
          [7.629408, 62.002168, 924.7],
          [7.629264, 62.002096, 925.3],
          [7.629092, 62.002036, 925.9],
          [7.628919, 62.001996, 926.4],
          [7.628715, 62.001977, 926.9],
          [7.628467, 62.001974, 927.4],
          [7.627881, 62.00199, 928.8],
          [7.627255, 62.002042, 930.8],
          [7.627119, 62.002046, 931.2],
          [7.626942, 62.002036, 931.7],
          [7.62687, 62.002021, 931.9],
          [7.62677, 62.001984, 932.3],
          [7.626698, 62.001937, 932.6],
          [7.626636, 62.001855, 933.1],
          [7.626583, 62.00169, 934],
          [7.626522, 62.001564, 934.8],
          [7.626461, 62.001488, 935.3],
          [7.626356, 62.00139, 935.9],
          [7.626288, 62.001298, 936.2],
          [7.626216, 62.001139, 937.5],
          [7.626192, 62.000975, 938.6],
          [7.625994, 62.000513, 941.6],
          [7.625977, 62.00042, 942.2],
          [7.625982, 62.00034, 942.8],
          [7.626347, 61.99961, 947.6],
          [7.626461, 61.999317, 949.1],
          [7.626491, 61.999126, 949.7],
          [7.626555, 61.998814, 951.6],
          [7.626644, 61.998605, 952.7],
          [7.626666, 61.998506, 953.3],
          [7.626647, 61.99844, 953.7],
          [7.626584, 61.998363, 954.3],
          [7.626342, 61.998163, 955.8],
          [7.626266, 61.99808, 956.3],
          [7.626197, 61.997933, 957.5],
          [7.626123, 61.997532, 960.4],
          [7.626044, 61.997277, 961.5],
          [7.625969, 61.997102, 962.6],
          [7.625885, 61.996954, 963.6],
          [7.625797, 61.996843, 964],
          [7.625699, 61.996755, 964.3],
          [7.625337, 61.996547, 964.7],
          [7.62513, 61.996417, 965.8],
          [7.624905, 61.996246, 967.6],
          [7.624815, 61.99615, 968.6],
          [7.624775, 61.996088, 969],
          [7.624754, 61.996025, 969.4],
          [7.624781, 61.995915, 970.2],
          [7.62493, 61.995662, 971.5],
          [7.624955, 61.995579, 972],
          [7.62495, 61.995516, 972.4],
          [7.624839, 61.995313, 973.6],
          [7.624829, 61.99524, 974],
          [7.624869, 61.995173, 974.4],
          [7.624913, 61.995133, 974.6],
          [7.62508, 61.995024, 975.3],
          [7.625314, 61.99484, 976.5],
          [7.625367, 61.99475, 977],
          [7.625372, 61.994635, 977.7],
          [7.625284, 61.994217, 980],
          [7.625215, 61.994005, 981.2],
          [7.625215, 61.993864, 982],
          [7.625258, 61.993758, 982.6],
          [7.625546, 61.993367, 984.8],
          [7.625619, 61.993184, 985.9],
          [7.625639, 61.99306, 986.6],
          [7.625634, 61.992956, 987.3],
          [7.625521, 61.992621, 989.2],
          [7.62551, 61.992504, 989.8],
          [7.625524, 61.992454, 990],
          [7.625576, 61.992362, 990.5],
          [7.625653, 61.992278, 991],
          [7.625984, 61.991973, 992.7],
          [7.626072, 61.991813, 993.5],
          [7.626095, 61.991701, 993.9],
          [7.626089, 61.991598, 994.5],
          [7.62606, 61.991494, 995.1],
          [7.62597, 61.991338, 996.1],
          [7.625799, 61.991177, 996.8],
          [7.625696, 61.991104, 997.3],
          [7.625491, 61.990991, 998.2],
          [7.62528, 61.990916, 999],
          [7.624332, 61.9907, 999.7],
          [7.623099, 61.990397, 1000],
          [7.622833, 61.990292, 1000.3],
          [7.622239, 61.98998, 1001.3],
          [7.622077, 61.989902, 1001.7],
          [7.621843, 61.989805, 1002.1],
          [7.620885, 61.989513, 1003.9],
          [7.620529, 61.989429, 1003.8],
          [7.62042, 61.989416, 1004.1],
          [7.620169, 61.989405, 1004.8],
          [7.619998, 61.989422, 1004.7],
          [7.61984, 61.989453, 1004.5],
          [7.619154, 61.989625, 1004.8],
          [7.619002, 61.989647, 1004.9],
          [7.618829, 61.989651, 1005.2],
          [7.618641, 61.989624, 1005.5],
          [7.618479, 61.989556, 1005.9],
          [7.618402, 61.989501, 1006.1],
          [7.618218, 61.989328, 1006.8],
          [7.618152, 61.98929, 1007],
          [7.618023, 61.989247, 1007.3],
          [7.617908, 61.989233, 1007.6],
          [7.617411, 61.989278, 1008.6],
          [7.617299, 61.989275, 1008.9],
          [7.617197, 61.989263, 1009.2],
          [7.617085, 61.989243, 1009.5],
          [7.61697, 61.989211, 1009.9],
          [7.616626, 61.989082, 1011],
          [7.616392, 61.98901, 1011.6],
          [7.616283, 61.988985, 1011.8],
          [7.616094, 61.988963, 1012.2],
          [7.615994, 61.988962, 1012.4],
          [7.615828, 61.988976, 1012.7],
          [7.615168, 61.989055, 1013.9],
          [7.615016, 61.98906, 1014.1],
          [7.614763, 61.989039, 1014.5],
          [7.61451, 61.988984, 1014.7],
          [7.614006, 61.988824, 1015],
          [7.613765, 61.988761, 1015.1],
          [7.613448, 61.988662, 1015.1],
          [7.612458, 61.98829, 1015.1],
          [7.611961, 61.988075, 1015],
          [7.611733, 61.988008, 1014.9],
          [7.611533, 61.987979, 1014.9],
          [7.611346, 61.987968, 1014.9],
          [7.610862, 61.987993, 1015],
          [7.61063, 61.987986, 1015],
          [7.610236, 61.987929, 1015],
          [7.610005, 61.987875, 1015],
          [7.60992, 61.987862, 1015],
          [7.609605, 61.987838, 1015],
          [7.60902, 61.987826, 1015],
          [7.608857, 61.987815, 1015],
          [7.60863, 61.987788, 1014.9],
          [7.608363, 61.987736, 1014.9],
          [7.607896, 61.987612, 1015],
          [7.607531, 61.987502, 1015.1],
          [7.607086, 61.98734, 1015.3],
          [7.606887, 61.987299, 1015.4],
          [7.606748, 61.987293, 1015.5],
          [7.606652, 61.987297, 1015.5],
          [7.606091, 61.98734, 1015.8],
          [7.605804, 61.987351, 1015.9],
          [7.605407, 61.987342, 1015.9],
          [7.604999, 61.987315, 1015.9],
          [7.604614, 61.987273, 1016],
          [7.603537, 61.987122, 1015.9],
          [7.603019, 61.987026, 1016],
          [7.602491, 61.986911, 1016.1],
          [7.602296, 61.986882, 1016.1],
          [7.601686, 61.986859, 1016.1],
          [7.600974, 61.986793, 1016.2],
          [7.600273, 61.986737, 1016.4],
          [7.599906, 61.986736, 1016.5],
          [7.599017, 61.986821, 1016.7],
          [7.598168, 61.986858, 1016.8],
          [7.597854, 61.986857, 1016.9],
          [7.597705, 61.986848, 1016.9],
          [7.59698, 61.98677, 1016.9],
          [7.596686, 61.986764, 1016.8],
          [7.596419, 61.986787, 1016.7],
          [7.596109, 61.986795, 1016.7],
          [7.595969, 61.986779, 1016.7],
          [7.595838, 61.98675, 1016.7],
          [7.595367, 61.986579, 1016.9],
          [7.595262, 61.986552, 1016.9],
          [7.5951, 61.98653, 1016.9],
          [7.594811, 61.986505, 1016.9],
          [7.594669, 61.986501, 1017],
          [7.594366, 61.986505, 1017.1],
          [7.594069, 61.986522, 1017.2],
          [7.592911, 61.986652, 1017.2],
          [7.592486, 61.986652, 1016.9],
          [7.592336, 61.986634, 1016.9],
          [7.592212, 61.986607, 1016.8],
          [7.591719, 61.986469, 1016.7],
          [7.591446, 61.986412, 1016.7],
          [7.59087, 61.986326, 1016.6],
          [7.590426, 61.98628, 1016.5],
          [7.590285, 61.986258, 1016.5],
          [7.590169, 61.986228, 1016.5],
          [7.589971, 61.986122, 1016.5],
          [7.589812, 61.986003, 1016.4],
          [7.589677, 61.985874, 1016.4],
          [7.589506, 61.985759, 1016.5],
          [7.589403, 61.985708, 1016.5],
          [7.58919, 61.985614, 1016.6],
          [7.588946, 61.985533, 1016.9],
          [7.588676, 61.985471, 1017.3],
          [7.588538, 61.985453, 1017.5],
          [7.588407, 61.985444, 1017.7],
          [7.588249, 61.985449, 1017.9],
          [7.587695, 61.985548, 1018.7],
          [7.587413, 61.985579, 1019],
          [7.587107, 61.985588, 1019.2],
          [7.58681, 61.985575, 1019.6],
          [7.586529, 61.985536, 1020],
          [7.586399, 61.985503, 1020.1],
          [7.586156, 61.98542, 1020.5],
          [7.585709, 61.985233, 1021.4],
          [7.585592, 61.985195, 1021.6],
          [7.585455, 61.985173, 1021.8],
          [7.585309, 61.985176, 1022],
          [7.585164, 61.985198, 1022.2],
          [7.584889, 61.985254, 1022.7],
          [7.584745, 61.985272, 1022.9],
          [7.584452, 61.985284, 1023.4],
          [7.584308, 61.985277, 1023.6],
          [7.584031, 61.985243, 1024],
          [7.583472, 61.985149, 1024.7],
          [7.582917, 61.985071, 1025.4],
          [7.581342, 61.984882, 1027.8],
          [7.580913, 61.984868, 1028.3],
          [7.580311, 61.984914, 1029],
          [7.580013, 61.984912, 1029.4],
          [7.579873, 61.984898, 1029.6],
          [7.579587, 61.98485, 1029.9],
          [7.578927, 61.984688, 1030.5],
          [7.578638, 61.984663, 1030.9],
          [7.578347, 61.984657, 1031.3],
          [7.578197, 61.984643, 1031.6],
          [7.578075, 61.984609, 1031.8],
          [7.577759, 61.984461, 1032.5],
          [7.577643, 61.984417, 1032.7],
          [7.577498, 61.98439, 1032.8],
          [7.577349, 61.984396, 1032.9],
          [7.577211, 61.984421, 1033],
          [7.576854, 61.98454, 1033.6],
          [7.576724, 61.984565, 1033.9],
          [7.57657, 61.984581, 1034.1],
          [7.576435, 61.984575, 1034.3],
          [7.576298, 61.984559, 1034.5],
          [7.57618, 61.984529, 1034.7],
          [7.576075, 61.984486, 1034.8],
          [7.575584, 61.984226, 1035.6],
          [7.575466, 61.984178, 1035.8],
          [7.575336, 61.984145, 1036],
          [7.575194, 61.984121, 1036.3],
          [7.574758, 61.98407, 1037.1],
          [7.574323, 61.984036, 1037.8],
          [7.57313, 61.983965, 1039.3],
          [7.572683, 61.983925, 1039.9],
          [7.57085, 61.983727, 1042.3],
          [7.570272, 61.983679, 1043],
          [7.569975, 61.98364, 1043.3],
          [7.569844, 61.983617, 1043.5],
          [7.569587, 61.983539, 1044],
          [7.569026, 61.983306, 1045],
          [7.5689, 61.983271, 1045.2],
          [7.568764, 61.983247, 1045.3],
          [7.568626, 61.983237, 1045.4],
          [7.567873, 61.983212, 1046.2],
          [7.567617, 61.983178, 1046.6],
          [7.567216, 61.983075, 1047.3],
          [7.566851, 61.982968, 1047.9],
          [7.566461, 61.982878, 1048.4],
          [7.566333, 61.982855, 1048.6],
          [7.566032, 61.982835, 1049],
          [7.565596, 61.982854, 1049.9],
          [7.56545, 61.982854, 1050.2],
          [7.565309, 61.98284, 1050.4],
          [7.56517, 61.982817, 1050.7],
          [7.564634, 61.982696, 1051.6],
          [7.564211, 61.982621, 1052],
          [7.563936, 61.98258, 1052.3],
          [7.563654, 61.982549, 1052.8],
          [7.563062, 61.982521, 1053.6],
          [7.562494, 61.982457, 1054.2],
          [7.562357, 61.98243, 1054.3],
          [7.562074, 61.982356, 1054.6],
          [7.561612, 61.982191, 1055.1],
          [7.561276, 61.982048, 1055.6],
          [7.56091, 61.981934, 1056.2],
          [7.560773, 61.9819, 1056.4],
          [7.559922, 61.981756, 1057.8],
          [7.558589, 61.981479, 1061.5],
          [7.557012, 61.981118, 1065.1],
          [7.556753, 61.981046, 1065.5],
          [7.556633, 61.981007, 1065.7],
          [7.556414, 61.980916, 1066],
          [7.556216, 61.980804, 1066.2],
          [7.555961, 61.98056, 1066.7],
          [7.555869, 61.980504, 1066.9],
          [7.55565, 61.980414, 1067.2],
          [7.555391, 61.980341, 1067.6],
          [7.554867, 61.980228, 1068.5],
          [7.554468, 61.980151, 1069],
          [7.553054, 61.97995, 1071.2],
          [7.552473, 61.97986, 1072],
          [7.552249, 61.979817, 1072.3],
          [7.551835, 61.979721, 1072.9],
          [7.551077, 61.979524, 1074.2],
          [7.550519, 61.979441, 1074.8],
          [7.549707, 61.979232, 1075.7],
          [7.549163, 61.979127, 1076.3],
          [7.547824, 61.978837, 1077.9],
          [7.547693, 61.978816, 1078.2],
          [7.546955, 61.978824, 1079.2],
          [7.546811, 61.97881, 1079.4],
          [7.546676, 61.978784, 1079.6],
          [7.546559, 61.978748, 1079.8],
          [7.546228, 61.978625, 1080.3],
          [7.545978, 61.978552, 1080.8],
          [7.545609, 61.978502, 1081.4],
          [7.544965, 61.978377, 1082.2],
          [7.544319, 61.978201, 1083],
          [7.543916, 61.978106, 1083.6],
          [7.543357, 61.97801, 1084.7],
          [7.542928, 61.97795, 1085.4],
          [7.542647, 61.977902, 1085.8],
          [7.542516, 61.977868, 1086],
          [7.542281, 61.977788, 1086.3],
          [7.542031, 61.977688, 1086.6],
          [7.541424, 61.977422, 1087.4],
          [7.541314, 61.977389, 1087.5],
          [7.541179, 61.977365, 1087.6],
          [7.541033, 61.977356, 1087.7],
          [7.540731, 61.977367, 1088.1],
          [7.540287, 61.977405, 1088.8],
          [7.539839, 61.977427, 1089.4],
          [7.539697, 61.977424, 1089.6],
          [7.539551, 61.977411, 1089.8],
          [7.539276, 61.977352, 1090.3],
          [7.53915, 61.977315, 1090.4],
          [7.538912, 61.977232, 1090.8],
          [7.538585, 61.977084, 1091.5],
          [7.53835, 61.976995, 1091.8],
          [7.538065, 61.976937, 1092],
          [7.537198, 61.976879, 1092.7],
          [7.536346, 61.976787, 1093.8],
          [7.536196, 61.976776, 1094],
          [7.535012, 61.97674, 1095.4],
          [7.534712, 61.97672, 1095.7],
          [7.534415, 61.976683, 1096],
          [7.53415, 61.976621, 1096.3],
          [7.534022, 61.976582, 1096.5],
          [7.532621, 61.976066, 1098.3],
          [7.53234, 61.976013, 1098.6],
          [7.531903, 61.975961, 1099.3],
          [7.531625, 61.975917, 1099.7],
          [7.530873, 61.975795, 1100.7],
          [7.530632, 61.975745, 1101.1],
          [7.530464, 61.975709, 1101.4],
          [7.529838, 61.975549, 1102.5],
          [7.528597, 61.975173, 1104],
          [7.528339, 61.975105, 1104.3],
          [7.528052, 61.975045, 1104.7],
          [7.527361, 61.974946, 1105.4],
          [7.526495, 61.974876, 1106.2],
          [7.525297, 61.974818, 1107.4],
          [7.52428, 61.974822, 1108.6],
          [7.523687, 61.974836, 1109.3],
          [7.523126, 61.974861, 1110],
          [7.522508, 61.974899, 1110.8],
          [7.522218, 61.974921, 1111.2],
          [7.521718, 61.97499, 1111.8],
          [7.521432, 61.975075, 1111.9],
          [7.521321, 61.975123, 1111.8],
          [7.521085, 61.975294, 1112],
          [7.52103, 61.975353, 1112.1],
          [7.52099, 61.975424, 1112.3],
          [7.520835, 61.975826, 1113.6],
          [7.520759, 61.975964, 1114.2],
          [7.520696, 61.976041, 1114.6],
          [7.52048, 61.976209, 1115.4],
          [7.520265, 61.976312, 1115.9],
          [7.520014, 61.976363, 1116.5],
          [7.519576, 61.976422, 1117.3],
          [7.516973, 61.97666, 1120.2],
          [7.516817, 61.976683, 1120.5],
          [7.516576, 61.976755, 1120.8],
          [7.51637, 61.976838, 1121.1],
          [7.516278, 61.976888, 1121.3],
          [7.515932, 61.977118, 1122],
          [7.515633, 61.977358, 1122.3],
          [7.515452, 61.977547, 1122.3],
          [7.515329, 61.977742, 1122.3],
          [7.515271, 61.977946, 1122.3],
          [7.515238, 61.978013, 1122.3],
          [7.515172, 61.978491, 1122.8],
          [7.515136, 61.978628, 1122.8],
          [7.515035, 61.978833, 1122.8],
          [7.514902, 61.979031, 1122.8],
          [7.514692, 61.979214, 1122.7],
          [7.513645, 61.979872, 1121.1],
          [7.513277, 61.980087, 1120.9],
          [7.513046, 61.980268, 1120.8],
          [7.512931, 61.980391, 1120.8],
          [7.512831, 61.980528, 1120.7],
          [7.512738, 61.980735, 1120.7],
          [7.512747, 61.9808, 1120.8],
          [7.512784, 61.980866, 1120.9],
          [7.513358, 61.981506, 1121.8],
          [7.513549, 61.981768, 1122.1],
          [7.513546, 61.981905, 1122.4],
          [7.513505, 61.98197, 1122.5],
          [7.51344, 61.982029, 1122.6],
          [7.513336, 61.982091, 1122.7],
          [7.513233, 61.982132, 1122.7],
          [7.513114, 61.982163, 1122.8],
          [7.511414, 61.982428, 1124.2],
          [7.511005, 61.982513, 1124.5],
          [7.510733, 61.982582, 1124.7],
          [7.51025, 61.982727, 1125],
          [7.510129, 61.982774, 1125],
          [7.509187, 61.983208, 1125.7],
          [7.508297, 61.983589, 1126],
          [7.507556, 61.983928, 1126.2],
          [7.506193, 61.984521, 1127.7],
          [7.505943, 61.984597, 1128.1],
          [7.505527, 61.98468, 1128.7],
          [7.504084, 61.985012, 1130.7],
          [7.503552, 61.985122, 1131.3],
          [7.503272, 61.985164, 1131.6],
          [7.502985, 61.98519, 1131.8],
          [7.502546, 61.985194, 1132.1],
          [7.501784, 61.985187, 1132.3],
          [7.501338, 61.985206, 1132.3],
          [7.501038, 61.985228, 1132.2],
          [7.500612, 61.985287, 1132.1],
          [7.499772, 61.985427, 1131.7],
          [7.498788, 61.985571, 1131.3],
          [7.498488, 61.985603, 1131.4],
          [7.498043, 61.985639, 1131.7],
          [7.497464, 61.98567, 1132.3],
          [7.496992, 61.985668, 1132.8],
          [7.496401, 61.98563, 1133.8],
          [7.496107, 61.985591, 1134.2],
          [7.495684, 61.985509, 1134.7],
          [7.49541, 61.985465, 1134.9],
          [7.495264, 61.985458, 1135],
          [7.495114, 61.985459, 1135],
          [7.494965, 61.985475, 1135.1],
          [7.494822, 61.9855, 1135.2],
          [7.494467, 61.985613, 1135.4],
          [7.494355, 61.985642, 1135.5],
          [7.493383, 61.985862, 1136.1],
          [7.491662, 61.986272, 1137],
          [7.491383, 61.986327, 1137.2],
          [7.490821, 61.986421, 1137.6],
          [7.490527, 61.986453, 1137.9],
          [7.490223, 61.986469, 1138],
          [7.489782, 61.986481, 1138.1],
          [7.489354, 61.986475, 1138],
          [7.489063, 61.986455, 1138],
          [7.488783, 61.986403, 1137.9],
          [7.488654, 61.986366, 1137.8],
          [7.487825, 61.986064, 1136.5],
          [7.487544, 61.986014, 1136.2],
          [7.48739, 61.985998, 1136.1],
          [7.487241, 61.985993, 1135.9],
          [7.486662, 61.985988, 1135.3],
          [7.486358, 61.985973, 1135],
          [7.485926, 61.985922, 1134.6],
          [7.485083, 61.985775, 1133.7],
          [7.484948, 61.985758, 1133.6],
          [7.484654, 61.985737, 1133.4],
          [7.484205, 61.985737, 1133],
          [7.483001, 61.985762, 1131.6],
          [7.482471, 61.985744, 1131.2],
          [7.482113, 61.985718, 1130.8],
          [7.481746, 61.985678, 1130.4],
          [7.48115, 61.98557, 1129.7],
          [7.479469, 61.985213, 1127.7],
          [7.47918, 61.985184, 1127.3],
          [7.478328, 61.985175, 1126.7],
          [7.478208, 61.985169, 1126.6],
          [7.477974, 61.985129, 1126.4],
          [7.477813, 61.985086, 1126.2],
          [7.477633, 61.985008, 1125.9],
          [7.477271, 61.98478, 1125.5],
          [7.476902, 61.984621, 1125.2],
          [7.476809, 61.98459, 1125.2],
          [7.476356, 61.98448, 1124.8],
          [7.475878, 61.984389, 1124.3],
          [7.475337, 61.984334, 1123.9],
          [7.473879, 61.984278, 1123],
          [7.473161, 61.984241, 1123.3],
          [7.472807, 61.984189, 1123.4],
          [7.472561, 61.984143, 1123.6],
          [7.472416, 61.984105, 1123.8],
          [7.472075, 61.983985, 1124.2],
          [7.471889, 61.983903, 1124.5],
          [7.471727, 61.983814, 1124.7],
          [7.47149, 61.983665, 1125.1],
          [7.471229, 61.983478, 1125.4],
          [7.471004, 61.983283, 1125.8],
          [7.470878, 61.983216, 1125.9],
          [7.470762, 61.983184, 1126],
          [7.470656, 61.983168, 1126.1],
          [7.470527, 61.983159, 1126.1],
          [7.470408, 61.983153, 1126.1],
          [7.469715, 61.983153, 1125.9],
          [7.469527, 61.983138, 1125.8],
          [7.469317, 61.9831, 1125.6],
          [7.46897, 61.982989, 1125.2],
          [7.468873, 61.98295, 1125],
          [7.468688, 61.982856, 1124.7],
          [7.46853, 61.982762, 1124.4],
          [7.468456, 61.982703, 1124.3],
          [7.468363, 61.982604, 1124.1],
          [7.468304, 61.982518, 1123.9],
          [7.468248, 61.982345, 1123.8],
          [7.468133, 61.98176, 1124.3],
          [7.468006, 61.981538, 1124.5],
          [7.467858, 61.981409, 1124.6],
          [7.467228, 61.981135, 1124.8],
          [7.466486, 61.980779, 1124.8],
          [7.465891, 61.980444, 1125],
          [7.465737, 61.980347, 1125],
          [7.465347, 61.980055, 1124.8],
          [7.464471, 61.979354, 1124.5],
          [7.464265, 61.97921, 1124.5],
          [7.464097, 61.97912, 1124.6],
          [7.463792, 61.978991, 1124.6],
          [7.46298, 61.978698, 1124.7],
          [7.461963, 61.978207, 1124.7],
          [7.461551, 61.978054, 1124.6],
          [7.461213, 61.977951, 1124.6],
          [7.46069, 61.977821, 1124.5],
          [7.460281, 61.977746, 1124.3],
          [7.459678, 61.977668, 1124],
          [7.459199, 61.977589, 1123.9],
          [7.458729, 61.977483, 1123.7],
          [7.458496, 61.977418, 1123.6],
          [7.458154, 61.977335, 1123.4],
          [7.458027, 61.977306, 1123.3],
          [7.457786, 61.977266, 1123.2],
          [7.457557, 61.977246, 1123],
          [7.457177, 61.977236, 1122.9],
          [7.455969, 61.977246, 1121.7],
          [7.455714, 61.977239, 1121.5],
          [7.455479, 61.977216, 1121.3],
          [7.455297, 61.977182, 1121.1],
          [7.455135, 61.977125, 1121],
          [7.455044, 61.977082, 1120.9],
          [7.454487, 61.976771, 1120.3],
          [7.454285, 61.976701, 1120.2],
          [7.454092, 61.976655, 1120.2],
          [7.453637, 61.976592, 1120.1],
          [7.453147, 61.976504, 1120.1],
          [7.452442, 61.976362, 1120.1],
          [7.451983, 61.976246, 1120.2],
          [7.450772, 61.975868, 1120.2],
          [7.450014, 61.975623, 1120.5],
          [7.449562, 61.975496, 1120.6],
          [7.449323, 61.975455, 1120.6],
          [7.449198, 61.975447, 1120.6],
          [7.448946, 61.975446, 1120.6],
          [7.448214, 61.975471, 1120.3],
          [7.447366, 61.975511, 1119.6],
          [7.446999, 61.975513, 1119.2],
          [7.44666, 61.975503, 1118.7],
          [7.446089, 61.975438, 1117.9],
          [7.445845, 61.9754, 1117.6],
          [7.445376, 61.975289, 1117.2],
          [7.444743, 61.975079, 1116.9],
          [7.443602, 61.974663, 1118.2],
          [7.443171, 61.974524, 1118.5],
          [7.442825, 61.974425, 1118.5],
          [7.442365, 61.974312, 1118.5],
          [7.442131, 61.974269, 1118.3],
          [7.441772, 61.974226, 1118],
          [7.440688, 61.974062, 1117],
          [7.439478, 61.97396, 1115.5],
          [7.438987, 61.97394, 1114.8],
          [7.438748, 61.973912, 1114.4],
          [7.438509, 61.973873, 1114.1],
          [7.438054, 61.973755, 1113.5],
          [7.437705, 61.973622, 1113.1],
          [7.436455, 61.972915, 1112.3],
          [7.436272, 61.972828, 1112.1],
          [7.435783, 61.972621, 1111.5],
          [7.434223, 61.97209, 1109.2],
          [7.433798, 61.97195, 1108.5],
          [7.433253, 61.971782, 1107.6],
          [7.432835, 61.971627, 1106.9],
          [7.432659, 61.971537, 1106.6],
          [7.432262, 61.971244, 1105.8],
          [7.431947, 61.970988, 1105.3],
          [7.431704, 61.970847, 1105.2],
          [7.431549, 61.970784, 1105],
          [7.431212, 61.970694, 1104.7],
          [7.43097, 61.970655, 1104.4],
          [7.43061, 61.970634, 1104],
          [7.430373, 61.970636, 1103.7],
          [7.429878, 61.97066, 1103.3],
          [7.429645, 61.970659, 1102.9],
          [7.429223, 61.970611, 1102.2],
          [7.428659, 61.970509, 1102.8],
          [7.428, 61.970372, 1102.6],
          [7.427695, 61.97033, 1102.6],
          [7.425812, 61.970202, 1102.8],
          [7.425329, 61.97016, 1102.8],
          [7.424534, 61.97013, 1102.7],
          [7.424175, 61.970104, 1102.7],
          [7.423937, 61.970078, 1102.6],
          [7.423696, 61.970034, 1102.5],
          [7.423531, 61.969993, 1102.4],
          [7.423318, 61.969924, 1102.4],
          [7.423143, 61.969859, 1102.4],
          [7.422847, 61.969716, 1102.4],
          [7.422469, 61.969558, 1102.7],
          [7.422052, 61.969415, 1102.9],
          [7.421828, 61.969361, 1103],
          [7.421336, 61.969288, 1103.1],
          [7.420985, 61.969248, 1103],
          [7.419476, 61.969107, 1103],
          [7.418799, 61.969006, 1102.9],
          [7.418301, 61.968915, 1103],
          [7.41767, 61.968753, 1103.1],
          [7.417363, 61.968654, 1103.1],
          [7.416889, 61.968466, 1103.2],
          [7.416341, 61.968223, 1103.4],
          [7.416044, 61.968107, 1103.4],
          [7.415842, 61.96804, 1103.4],
          [7.41538, 61.967939, 1103],
          [7.414957, 61.967884, 1102.8],
          [7.414689, 61.967809, 1102.5],
          [7.41428, 61.967675, 1101.9],
          [7.414056, 61.967622, 1101.7],
          [7.413878, 61.967597, 1101.6],
          [7.413453, 61.967582, 1101.2],
          [7.412844, 61.967534, 1100.9],
          [7.412372, 61.967466, 1100.6],
          [7.412031, 61.967401, 1100.4],
          [7.411821, 61.967346, 1100.3],
          [7.411525, 61.967245, 1100.1],
          [7.411058, 61.967042, 1099.7],
          [7.410477, 61.966798, 1099.4],
          [7.410268, 61.966724, 1099.3],
          [7.410041, 61.966654, 1099.3],
          [7.409583, 61.966534, 1099],
          [7.409358, 61.966483, 1098.9],
          [7.409001, 61.966413, 1098.8],
          [7.40864, 61.966359, 1098.7],
          [7.408163, 61.966307, 1098.3],
          [7.40696, 61.966204, 1097.4],
          [7.406109, 61.96612, 1096.8],
          [7.405925, 61.96611, 1096.8],
          [7.405504, 61.966113, 1096.6],
          [7.405305, 61.966127, 1096.5],
          [7.40494, 61.966162, 1096.2],
          [7.404147, 61.966271, 1095.6],
          [7.403909, 61.96628, 1095.5],
          [7.403738, 61.966272, 1095.3],
          [7.403492, 61.966228, 1095.1],
          [7.402719, 61.966025, 1094.1],
          [7.402421, 61.965938, 1093.9],
          [7.401644, 61.965744, 1093.6],
          [7.400366, 61.965509, 1093.4],
          [7.399531, 61.965343, 1093.7],
          [7.399288, 61.965281, 1093.8],
          [7.398932, 61.965229, 1093.9],
          [7.398316, 61.965161, 1094],
          [7.397265, 61.965068, 1094.1],
          [7.397082, 61.965039, 1094],
          [7.396896, 61.964991, 1094],
          [7.396447, 61.96485, 1094],
          [7.394698, 61.964351, 1094.5],
          [7.393993, 61.964142, 1094.3],
          [7.39359, 61.963997, 1094.4],
          [7.393231, 61.963837, 1094.6],
          [7.392153, 61.963422, 1095.1],
          [7.391961, 61.963335, 1095.2],
          [7.391749, 61.963219, 1095.3],
          [7.391494, 61.963052, 1095.4],
          [7.390622, 61.962387, 1095.3],
          [7.390493, 61.962304, 1095.3],
          [7.389664, 61.961838, 1095.2],
          [7.389507, 61.961729, 1095.1],
          [7.389196, 61.961468, 1095.5],
          [7.388824, 61.961104, 1096.2],
          [7.388417, 61.960737, 1095.3],
          [7.388306, 61.960609, 1095],
          [7.387759, 61.960128, 1093.8],
          [7.387495, 61.959876, 1093.2],
          [7.387326, 61.959763, 1093],
          [7.387238, 61.959724, 1093],
          [7.386887, 61.959623, 1093],
          [7.386602, 61.959578, 1093.1],
          [7.38645, 61.959565, 1093.1],
          [7.386017, 61.959569, 1092.9],
          [7.385502, 61.959662, 1092.6],
          [7.384972, 61.959774, 1092.2],
          [7.384801, 61.959789, 1092],
          [7.384634, 61.95978, 1091.9],
          [7.384496, 61.959762, 1091.7],
          [7.384258, 61.959705, 1091.4],
          [7.383506, 61.95947, 1090.6],
          [7.382769, 61.959226, 1090.7],
          [7.381906, 61.958963, 1090.8],
          [7.381407, 61.958823, 1090],
          [7.381145, 61.958766, 1089.5],
          [7.377993, 61.958387, 1082.1],
          [7.377433, 61.958303, 1080.9],
          [7.377175, 61.958253, 1080.3],
          [7.376924, 61.958191, 1079.8],
          [7.375149, 61.957708, 1077.7],
          [7.374739, 61.957631, 1076.2],
          [7.374462, 61.957591, 1074.8],
          [7.372875, 61.957451, 1067.6],
          [7.372025, 61.957358, 1065.7],
          [7.36693, 61.956677, 1065],
          [7.363557, 61.956257, 1064.8],
          [7.362361, 61.956115, 1064.4],
          [7.361855, 61.956071, 1063.9],
          [7.361126, 61.956035, 1060.5],
          [7.360852, 61.95602, 1061.7],
          [7.357319, 61.95583, 1062.8],
          [7.35631, 61.955791, 1062.5],
          [7.355791, 61.955776, 1061.7],
          [7.355247, 61.955779, 1060.5],
          [7.354906, 61.955761, 1059.6],
          [7.354498, 61.955719, 1058.2],
          [7.351993, 61.955398, 1048.3],
          [7.351596, 61.955376, 1047.2],
          [7.35104, 61.955363, 1045.9],
          [7.349931, 61.955361, 1042.8],
          [7.349591, 61.955388, 1041.7],
          [7.349037, 61.955455, 1039.6],
          [7.348724, 61.955483, 1038.2],
          [7.348464, 61.955499, 1036.9],
          [7.348022, 61.955506, 1034.8],
          [7.34766, 61.955489, 1033.1],
          [7.34649, 61.955359, 1027.2],
          [7.346149, 61.955345, 1025.6],
          [7.345416, 61.955347, 1022.2],
          [7.345107, 61.955334, 1020.8],
          [7.342874, 61.955102, 1011.3],
          [7.342212, 61.955014, 1008.7],
          [7.340215, 61.954664, 999.8],
          [7.339831, 61.954567, 998.1],
          [7.339382, 61.954418, 996.1],
          [7.339081, 61.954355, 994.9],
          [7.338794, 61.954331, 993.9],
          [7.338575, 61.954324, 993.1],
          [7.337607, 61.954312, 989.6],
          [7.337301, 61.954285, 988.4],
          [7.337173, 61.954262, 987.8],
          [7.337058, 61.954232, 987.3],
          [7.336941, 61.954191, 986.6],
          [7.336813, 61.954138, 985.9],
          [7.336693, 61.954068, 985],
          [7.336503, 61.953925, 983.5],
          [7.33639, 61.95381, 982.3],
          [7.336361, 61.95376, 981.8],
          [7.336325, 61.953638, 980.6],
          [7.336331, 61.953572, 980],
          [7.336492, 61.952963, 974.2],
          [7.336489, 61.952755, 972.3],
          [7.3364, 61.95249, 969.8],
          [7.336255, 61.952175, 966.6],
          [7.336252, 61.952051, 965.3],
          [7.336294, 61.951763, 962.4],
          [7.336273, 61.951669, 961.4],
          [7.336248, 61.951615, 960.8],
          [7.336116, 61.951443, 958.9],
          [7.336068, 61.951392, 958.3],
          [7.335961, 61.951311, 957.3],
          [7.33582, 61.951237, 956.3],
          [7.33571, 61.951196, 955.6],
          [7.335547, 61.951149, 954.7],
          [7.334953, 61.951008, 951.6],
          [7.334844, 61.950978, 951],
          [7.334751, 61.950941, 950.4],
          [7.3346, 61.950861, 949.4],
          [7.334333, 61.95067, 947.3],
          [7.334133, 61.950558, 946],
          [7.333459, 61.950295, 941.8],
          [7.332898, 61.950029, 938.2],
          [7.332678, 61.949915, 936.6],
          [7.332386, 61.949785, 934.7],
          [7.331693, 61.949547, 930.7],
          [7.33138, 61.949414, 928.9],
          [7.330595, 61.949112, 924.6],
          [7.330157, 61.948983, 922.6],
          [7.329652, 61.948849, 920.2],
          [7.329327, 61.948742, 918.7],
          [7.329243, 61.948722, 918.3],
          [7.329156, 61.948714, 918],
          [7.329092, 61.948722, 917.8],
          [7.329056, 61.948738, 917.6],
          [7.329038, 61.94879, 917.2],
          [7.329069, 61.948818, 916.9],
          [7.329302, 61.948925, 915.7],
          [7.329383, 61.948972, 915.2],
          [7.329506, 61.949064, 914.4],
          [7.329667, 61.949314, 912.2],
          [7.329883, 61.949559, 910.3],
          [7.329933, 61.949648, 909.6],
          [7.329952, 61.949712, 909],
          [7.32996, 61.949822, 908.1],
          [7.329929, 61.949961, 906.8],
          [7.329889, 61.95003, 906.1],
          [7.329741, 61.950217, 904.3],
          [7.329711, 61.950317, 903.3],
          [7.329718, 61.950368, 902.7],
          [7.329778, 61.950525, 901],
          [7.32978, 61.950784, 898.2],
          [7.329864, 61.951106, 894.1],
          [7.32987, 61.95119, 892.9],
          [7.329856, 61.951267, 893.2],
          [7.329826, 61.951306, 893.4],
          [7.329744, 61.951362, 894.7],
          [7.329695, 61.951384, 895.1],
          [7.329628, 61.951402, 895.4],
          [7.329498, 61.951416, 895.4],
          [7.32933, 61.951406, 894.9],
          [7.329235, 61.951389, 894.5],
          [7.328994, 61.951325, 893.3],
          [7.328352, 61.951148, 890.5],
          [7.328067, 61.951083, 889.2],
          [7.326166, 61.950787, 881.2],
          [7.32566, 61.950693, 878.9],
          [7.325029, 61.950559, 875.8],
          [7.324737, 61.950508, 874.5],
          [7.323406, 61.950377, 868.6],
          [7.322786, 61.950293, 865.8],
          [7.321792, 61.950133, 861.1],
          [7.321633, 61.950118, 860.4],
          [7.321309, 61.950103, 858.9],
          [7.321228, 61.950086, 858.5],
          [7.321176, 61.950066, 858.3],
          [7.321153, 61.950041, 858],
          [7.321157, 61.949994, 857.6],
          [7.321234, 61.949953, 857.1],
          [7.321304, 61.949937, 856.8],
          [7.321734, 61.949903, 855.1],
          [7.322229, 61.94988, 852.8],
          [7.322814, 61.949871, 850.3],
          [7.322926, 61.949846, 849.9],
          [7.322958, 61.949825, 849.6],
          [7.322972, 61.949804, 849.5],
          [7.322962, 61.949777, 849.2],
          [7.322938, 61.949756, 849],
          [7.322892, 61.949738, 848.7],
          [7.322738, 61.949711, 848],
          [7.321393, 61.949623, 842.1],
          [7.320369, 61.949534, 837.6],
          [7.320088, 61.949515, 836.3],
          [7.319626, 61.949531, 834.4],
          [7.319526, 61.949528, 834],
          [7.319456, 61.949508, 833.7],
          [7.319421, 61.949489, 833.5],
          [7.319408, 61.949459, 833.2],
          [7.319435, 61.9494, 832.8],
          [7.319579, 61.949339, 832.1],
          [7.319692, 61.949308, 831.7],
          [7.319985, 61.949258, 830.7],
          [7.320284, 61.949228, 829.5],
          [7.320541, 61.949223, 828.6],
          [7.320799, 61.949253, 827.9],
          [7.321168, 61.949307, 826.8],
          [7.321234, 61.949305, 826.6],
          [7.321279, 61.949292, 826.5],
          [7.321316, 61.949251, 826.2],
          [7.321305, 61.94923, 826],
          [7.321272, 61.949208, 825.9],
          [7.321226, 61.949193, 825.7],
          [7.320854, 61.949149, 824.4],
          [7.320496, 61.949089, 822.9],
          [7.320137, 61.949053, 821],
          [7.319745, 61.94905, 819.3],
          [7.319524, 61.949058, 818.4],
          [7.318777, 61.949116, 815.2],
          [7.318291, 61.949142, 813.2],
          [7.317587, 61.949167, 810.6],
          [7.316874, 61.949165, 808.2],
          [7.315676, 61.949068, 803.3],
          [7.314652, 61.948954, 798.6],
          [7.314367, 61.948936, 797.4],
          [7.313856, 61.948929, 795.4],
          [7.313609, 61.948909, 794.4],
          [7.313502, 61.948889, 793.8],
          [7.312966, 61.948738, 791.1],
          [7.312783, 61.948693, 790.2],
          [7.31234, 61.948617, 788.2],
          [7.312217, 61.948606, 787.7],
          [7.311692, 61.948569, 785.7],
          [7.311364, 61.948557, 784.4],
          [7.311039, 61.948567, 783.2],
          [7.31032, 61.948633, 780.6],
          [7.3102, 61.948634, 780.2],
          [7.310065, 61.948626, 779.7],
          [7.309838, 61.948593, 778.9],
          [7.309614, 61.948532, 778],
          [7.308735, 61.948235, 773.8],
          [7.308448, 61.948152, 772.4],
          [7.307031, 61.947886, 766.5],
          [7.306726, 61.947823, 765.3],
          [7.30626, 61.947704, 763.4],
          [7.30502, 61.947337, 758.6],
          [7.304828, 61.947295, 757.8],
          [7.304544, 61.947246, 756.7],
          [7.304381, 61.947206, 756.1],
          [7.304237, 61.947137, 755.4],
          [7.303963, 61.94694, 753.7],
          [7.303811, 61.946856, 752.8],
          [7.303722, 61.94682, 752.3],
          [7.303529, 61.946765, 751.3],
          [7.302942, 61.946656, 748.9],
          [7.302746, 61.946591, 748.1],
          [7.302623, 61.946525, 747.4],
          [7.302561, 61.946472, 746.9],
          [7.302433, 61.946308, 745.5],
          [7.302311, 61.94623, 744.7],
          [7.301552, 61.945953, 741.5],
          [7.301326, 61.945874, 740.6],
          [7.301226, 61.945847, 740.2],
          [7.300984, 61.945797, 739.3],
          [7.300528, 61.945729, 737.7],
          [7.298675, 61.94549, 731.4],
          [7.298231, 61.945412, 730],
          [7.296987, 61.945172, 725.7],
          [7.296182, 61.945044, 721.7],
          [7.296025, 61.945007, 720.5],
          [7.295652, 61.944842, 717.6],
          [7.295342, 61.94475, 716.8],
          [7.29507, 61.944701, 715.3],
          [7.294947, 61.944691, 714.6],
          [7.294812, 61.944687, 714],
          [7.294611, 61.944697, 713.1],
          [7.294004, 61.944754, 710.3],
          [7.29384, 61.944758, 709.6],
          [7.293688, 61.944742, 708.9],
          [7.293543, 61.944719, 708.3],
          [7.293021, 61.94458, 705.7],
          [7.292924, 61.944565, 705.3],
          [7.292804, 61.944563, 704.9],
          [7.292638, 61.944572, 704.4],
          [7.291875, 61.944633, 701.6],
          [7.291734, 61.944639, 701.2],
          [7.291576, 61.944635, 700.7],
          [7.291325, 61.944604, 699.7],
          [7.291147, 61.944563, 699],
          [7.290991, 61.944516, 698.3],
          [7.290648, 61.944384, 696.6],
          [7.289032, 61.943828, 687.2],
          [7.288869, 61.943741, 686],
          [7.288687, 61.943599, 684.4],
          [7.288591, 61.943576, 684],
          [7.288494, 61.943579, 683.6],
          [7.288422, 61.9436, 683.2],
          [7.288243, 61.943757, 681.8],
          [7.288101, 61.943824, 681.1],
          [7.288029, 61.943844, 680.7],
          [7.287943, 61.943853, 680.4],
          [7.287788, 61.943847, 679.8],
          [7.287723, 61.943834, 679.5],
          [7.287653, 61.94381, 679.1],
          [7.287547, 61.943743, 678.4],
          [7.287166, 61.94331, 674.3],
          [7.286985, 61.943171, 672.8],
          [7.286781, 61.943033, 671.2],
          [7.286606, 61.942937, 669.9],
          [7.286502, 61.942887, 669.2],
          [7.285947, 61.942689, 665.5],
          [7.284816, 61.94223, 658.4],
          [7.284359, 61.94206, 656],
          [7.284152, 61.94195, 654.9],
          [7.283312, 61.941696, 650.9],
          [7.282919, 61.941617, 648.6],
          [7.282594, 61.941514, 646.6],
          [7.282231, 61.941412, 644.5],
          [7.282087, 61.941387, 643.7],
          [7.281826, 61.941374, 642.3],
          [7.281678, 61.941374, 641.5],
          [7.281398, 61.941353, 639.9],
          [7.281127, 61.941312, 638.5],
          [7.280749, 61.941237, 636.8],
          [7.280621, 61.941199, 636.3],
          [7.280519, 61.941148, 635.7],
          [7.280437, 61.941095, 635.3],
          [7.28023, 61.940915, 633.5],
          [7.280079, 61.940806, 632],
          [7.279851, 61.940718, 630.4],
          [7.279608, 61.940655, 628.9],
          [7.279471, 61.94063, 628.1],
          [7.278943, 61.94056, 625.3],
          [7.278533, 61.940522, 623.3],
          [7.277136, 61.940479, 618.1],
          [7.27631, 61.940467, 615.9],
          [7.276049, 61.940453, 615],
          [7.275658, 61.940416, 613.6],
          [7.275268, 61.940346, 612],
          [7.274879, 61.940304, 610.7],
          [7.274592, 61.940299, 609.5],
          [7.273506, 61.940329, 603.6],
          [7.273087, 61.940326, 602.5],
          [7.27286, 61.940309, 602.2],
          [7.272419, 61.940241, 600.3],
          [7.272235, 61.940204, 599.5],
          [7.271729, 61.94008, 597],
          [7.271383, 61.939972, 595.3],
          [7.271055, 61.939849, 593.8],
          [7.270784, 61.939734, 592.6],
          [7.270581, 61.939604, 591.4],
          [7.269883, 61.938893, 586.6],
          [7.269724, 61.938697, 584.9],
          [7.269648, 61.938548, 583.2],
          [7.269621, 61.938487, 582.1],
          [7.269604, 61.938305, 580.1],
          [7.269625, 61.938229, 579.7],
          [7.269731, 61.938049, 577.7],
          [7.269749, 61.937988, 577.2],
          [7.269662, 61.937938, 576.7],
          [7.269526, 61.937928, 576.2],
          [7.269439, 61.937957, 575.8],
          [7.269335, 61.938009, 575.2],
          [7.268812, 61.938394, 571.7],
          [7.268522, 61.938639, 569.7],
          [7.268423, 61.938758, 568.4],
          [7.268362, 61.938857, 567.9],
          [7.268318, 61.939004, 566.5],
          [7.268341, 61.93912, 564.9],
          [7.268419, 61.939258, 563.2],
          [7.268421, 61.939294, 562.9],
          [7.268395, 61.939323, 562.7],
          [7.268356, 61.939343, 562.5],
          [7.268296, 61.939357, 562.3],
          [7.26823, 61.93936, 562.1],
          [7.26811, 61.939341, 561.6],
          [7.268059, 61.939321, 561.3],
          [7.268015, 61.939291, 561],
          [7.267975, 61.939254, 560.6],
          [7.267887, 61.93912, 559.3],
          [7.267779, 61.938993, 558],
          [7.267596, 61.938851, 556.3],
          [7.26733, 61.938683, 555],
          [7.267276, 61.938625, 554.4],
          [7.267238, 61.938504, 553.1],
          [7.267286, 61.938393, 552],
          [7.267564, 61.938102, 548.9],
          [7.267533, 61.938043, 548.3],
          [7.267482, 61.938027, 548],
          [7.267359, 61.938027, 547.5],
          [7.267283, 61.938046, 547.1],
          [7.266986, 61.938254, 545],
          [7.266833, 61.938317, 544.2],
          [7.266099, 61.938535, 540.9],
          [7.266012, 61.938583, 540.2],
          [7.265973, 61.938643, 539.6],
          [7.265998, 61.938718, 539],
          [7.266049, 61.93876, 538.7],
          [7.266325, 61.938894, 537.2],
          [7.266327, 61.93893, 536.9],
          [7.2663, 61.938968, 536.6],
          [7.266247, 61.938997, 536.3],
          [7.266191, 61.939009, 536],
          [7.266103, 61.939014, 535.7],
          [7.266001, 61.938991, 535.2],
          [7.26591, 61.938959, 534.7],
          [7.265723, 61.938858, 533.4],
          [7.265503, 61.938777, 531.9],
          [7.265319, 61.938671, 530.1],
          [7.265239, 61.938611, 529.2],
          [7.265131, 61.938487, 528.1],
          [7.265103, 61.938426, 527.5],
          [7.265112, 61.938327, 526.1],
          [7.26516, 61.938267, 525.2],
          [7.265568, 61.937921, 520.4],
          [7.265696, 61.937853, 519.4],
          [7.265927, 61.937791, 518.3],
          [7.266275, 61.937712, 516.8],
          [7.266416, 61.937658, 516.2],
          [7.266525, 61.9376, 515.7],
          [7.266674, 61.937485, 515],
          [7.266832, 61.937391, 514.5],
          [7.267094, 61.937105, 512.6],
          [7.267287, 61.936942, 511.2],
          [7.267322, 61.936882, 510.6],
          [7.267271, 61.936841, 510.2],
          [7.26717, 61.936823, 509.8],
          [7.267072, 61.936849, 509.2],
          [7.266623, 61.937199, 504.7],
          [7.265851, 61.9375, 499.1],
          [7.265708, 61.93754, 498.3],
          [7.265462, 61.937572, 497.1],
          [7.264884, 61.937579, 494.8],
          [7.264745, 61.937592, 494.3],
          [7.264613, 61.937612, 493.8],
          [7.264483, 61.937642, 493.3],
          [7.264364, 61.937682, 492.8],
          [7.264216, 61.937755, 492.1],
          [7.264021, 61.93787, 491.2],
          [7.263934, 61.937928, 490.9],
          [7.26367, 61.938143, 489.3],
          [7.26348, 61.938335, 487.3],
          [7.263375, 61.938528, 485.2],
          [7.26334, 61.938568, 484.7],
          [7.263285, 61.93859, 484.3],
          [7.263183, 61.938595, 483.7],
          [7.263122, 61.938588, 483.4],
          [7.26306, 61.938565, 483],
          [7.263025, 61.938518, 482.4],
          [7.263025, 61.938317, 480],
          [7.263092, 61.93812, 477.3],
          [7.263259, 61.937751, 472.7],
          [7.263309, 61.937684, 472],
          [7.263428, 61.937573, 470.8],
          [7.26363, 61.937454, 469.4],
          [7.263742, 61.937407, 468.7],
          [7.264078, 61.937317, 467],
          [7.264192, 61.937277, 466.6],
          [7.264296, 61.937227, 466.1],
          [7.264368, 61.937165, 465.8],
          [7.264409, 61.937099, 465.3],
          [7.264384, 61.937035, 464.8],
          [7.264335, 61.936986, 464.3],
          [7.264706, 61.936873, 463.5],
          [7.264816, 61.936824, 463.3],
          [7.264924, 61.936762, 462.7],
          [7.264981, 61.936703, 462.1],
          [7.264999, 61.936637, 461.6],
          [7.264975, 61.936582, 461.2],
          [7.264901, 61.936536, 460.8],
          [7.264828, 61.936506, 460.5],
          [7.264732, 61.936488, 460.2],
          [7.26463, 61.936483, 459.9],
          [7.264509, 61.936495, 459.6],
          [7.264398, 61.936514, 459.2],
          [7.264135, 61.936596, 458.2],
          [7.263292, 61.936937, 454.4],
          [7.26284, 61.937074, 452.6],
          [7.262563, 61.937145, 451.4],
          [7.262208, 61.937223, 449.9],
          [7.261829, 61.937279, 448.5],
          [7.26162, 61.937295, 447.6],
          [7.261279, 61.937299, 445.6],
          [7.260917, 61.937286, 442.4],
          [7.260732, 61.937262, 442.7],
          [7.260543, 61.937211, 442.5],
          [7.260304, 61.937096, 441.1],
          [7.259966, 61.936905, 438.1],
          [7.259653, 61.936771, 434.4],
          [7.259472, 61.936718, 433.7],
          [7.259142, 61.936645, 432.7],
          [7.25869, 61.9366, 430.9],
          [7.258411, 61.936589, 429.7],
          [7.257772, 61.936583, 427.1],
          [7.257269, 61.936592, 425],
          [7.256939, 61.936586, 423.6],
          [7.256655, 61.936567, 422.3],
          [7.256259, 61.936526, 420.6],
          [7.256002, 61.936488, 419.5],
          [7.255319, 61.936365, 416.9],
          [7.254619, 61.936253, 414.4],
          [7.254414, 61.936231, 413.7],
          [7.254043, 61.936216, 412.5],
          [7.253664, 61.93624, 411.2],
          [7.253436, 61.936274, 410.6],
          [7.253233, 61.936316, 410],
          [7.253019, 61.936372, 409.4],
          [7.252866, 61.936423, 408.9],
          [7.252563, 61.936571, 407.9],
          [7.252449, 61.936651, 407.5],
          [7.252361, 61.936732, 407.1],
          [7.252287, 61.936821, 406.7],
          [7.252198, 61.937001, 406],
          [7.252111, 61.937308, 404.5],
          [7.252083, 61.937373, 404.2],
          [7.252037, 61.937417, 403.9],
          [7.251965, 61.93746, 403.6],
          [7.251885, 61.937489, 403.4],
          [7.25179, 61.937509, 403.1],
          [7.251673, 61.937516, 402.8],
          [7.251558, 61.937505, 402.4],
          [7.251473, 61.937486, 402.1],
          [7.251384, 61.937454, 401.8],
          [7.251331, 61.937415, 401.5],
          [7.251267, 61.937295, 400.6],
          [7.251266, 61.937235, 400.1],
          [7.251353, 61.936882, 397.3],
          [7.251372, 61.936736, 396.1],
          [7.251301, 61.936203, 391.5],
          [7.251302, 61.93606, 390.1],
          [7.251324, 61.935968, 389.2],
          [7.251406, 61.935832, 388],
          [7.251473, 61.935766, 387.5],
          [7.251567, 61.935698, 386.9],
          [7.251694, 61.935623, 386.3],
          [7.251795, 61.935575, 385.9],
          [7.251961, 61.935515, 385.4],
          [7.252093, 61.93548, 385],
          [7.252264, 61.935449, 384.5],
          [7.252594, 61.935419, 383.7],
          [7.253327, 61.935409, 381.7],
          [7.253476, 61.935401, 381.3],
          [7.253596, 61.935382, 381],
          [7.253694, 61.935355, 380.7],
          [7.25379, 61.935308, 380.3],
          [7.253842, 61.935256, 379.9],
          [7.253854, 61.935198, 379.5],
          [7.253824, 61.935132, 379],
          [7.253749, 61.93508, 378.6],
          [7.253643, 61.935038, 378.2],
          [7.253495, 61.935011, 377.7],
          [7.253287, 61.935004, 377],
          [7.25307, 61.935001, 376.3],
          [7.252449, 61.935031, 374.2],
          [7.25217, 61.935056, 373.4],
          [7.25183, 61.935104, 372.6],
          [7.251533, 61.93516, 371.9],
          [7.251228, 61.935229, 371.2],
          [7.250827, 61.935343, 369.9],
          [7.250672, 61.935402, 369.4],
          [7.250511, 61.935481, 368.9],
          [7.250371, 61.935571, 368.7],
          [7.250206, 61.935713, 368.3],
          [7.250133, 61.935816, 368],
          [7.250089, 61.93591, 367.2],
          [7.250071, 61.936095, 366.9],
          [7.250112, 61.936277, 367],
          [7.250271, 61.936635, 367.4],
          [7.250283, 61.936719, 365.9],
          [7.250273, 61.936802, 364.4],
          [7.250225, 61.936857, 363.6],
          [7.25017, 61.936894, 363],
          [7.250089, 61.936924, 362.5],
          [7.249992, 61.936943, 362],
          [7.249874, 61.936948, 361.5],
          [7.249739, 61.936929, 360.9],
          [7.249651, 61.936902, 360.4],
          [7.249568, 61.936861, 359.6],
          [7.249516, 61.93681, 358.7],
          [7.249466, 61.936739, 357.6],
          [7.24942, 61.936629, 356.7],
          [7.249295, 61.935928, 351.9],
          [7.249308, 61.935707, 349.3],
          [7.249356, 61.935546, 347.4],
          [7.249423, 61.935427, 346],
          [7.249507, 61.935328, 344.7],
          [7.249614, 61.935231, 343.4],
          [7.249688, 61.935177, 342.7],
          [7.249864, 61.935078, 341.4],
          [7.250179, 61.934945, 339.6],
          [7.250699, 61.93475, 336.9],
          [7.251491, 61.934476, 334.8],
          [7.251936, 61.934307, 332.7],
          [7.252024, 61.93426, 332],
          [7.252096, 61.934168, 331.3],
          [7.252086, 61.934109, 331],
          [7.252052, 61.934064, 330.8],
          [7.251997, 61.934029, 330.6],
          [7.25193, 61.934001, 330.4],
          [7.251867, 61.933986, 330.3],
          [7.251763, 61.933973, 330],
          [7.251645, 61.933972, 329.7],
          [7.251549, 61.933982, 329.4],
          [7.251344, 61.934047, 328.8],
          [7.251179, 61.934122, 328.1],
          [7.250743, 61.934346, 326.4],
          [7.250335, 61.934531, 324.9],
          [7.250004, 61.934661, 323.6],
          [7.249663, 61.934781, 322.2],
          [7.249313, 61.934885, 321],
          [7.248803, 61.935023, 319.3],
          [7.248002, 61.935186, 315.4],
          [7.247554, 61.935249, 313.6],
          [7.246837, 61.935309, 311.9],
          [7.246539, 61.935322, 311.4],
          [7.246063, 61.935325, 310.5],
          [7.245586, 61.935312, 308.6],
          [7.245244, 61.935293, 305.9],
          [7.244832, 61.935257, 303.7],
          [7.244444, 61.935205, 302.6],
          [7.244181, 61.935162, 301.5],
          [7.243917, 61.935103, 300.3],
          [7.243729, 61.935051, 299.5],
          [7.243565, 61.934993, 299],
          [7.243233, 61.934841, 297.9],
          [7.243102, 61.934752, 297.1],
          [7.242882, 61.934574, 295.4],
          [7.242521, 61.934232, 292.6],
          [7.242433, 61.934176, 291.2],
          [7.242307, 61.934122, 290.6],
          [7.242209, 61.934101, 290.1],
          [7.242078, 61.934091, 289.4],
          [7.241954, 61.9341, 288.7],
          [7.241846, 61.934125, 288.4],
          [7.24176, 61.93416, 288.2],
          [7.241684, 61.934219, 288],
          [7.241644, 61.934281, 287.9],
          [7.24163, 61.934339, 287.7],
          [7.241641, 61.934411, 287.6],
          [7.241745, 61.934583, 287.1],
          [7.241959, 61.934801, 286.5],
          [7.242109, 61.934906, 286.2],
          [7.242385, 61.935068, 285.7],
          [7.242681, 61.935191, 285.1],
          [7.242884, 61.935265, 284.4],
          [7.243149, 61.935339, 283.8],
          [7.243635, 61.935446, 282.5],
          [7.244435, 61.935598, 281.2],
          [7.245096, 61.935757, 279.7],
          [7.245213, 61.935797, 277.2],
          [7.245278, 61.935832, 275.9],
          [7.245348, 61.935916, 271.9],
          [7.245353, 61.935967, 270.4],
          [7.245309, 61.936057, 267.5],
          [7.245218, 61.936124, 264.4],
          [7.245043, 61.93618, 259.2],
          [7.244864, 61.936188, 253.8],
          [7.244737, 61.936184, 256.9],
          [7.244571, 61.936165, 257.7],
          [7.24385, 61.936071, 255.5],
          [7.24339, 61.936043, 253.4],
          [7.242588, 61.936019, 250.8],
          [7.242221, 61.935984, 248.6],
          [7.241853, 61.935928, 246.5],
          [7.240968, 61.935709, 252.4],
          [7.240604, 61.935642, 244.4],
          [7.240323, 61.935606, 240.6],
          [7.239921, 61.935566, 237.7],
          [7.23688, 61.935274, 235.6],
          [7.236505, 61.935213, 234.4],
          [7.236371, 61.935184, 234],
          [7.236134, 61.935124, 233.2],
          [7.235539, 61.934948, 230.7],
          [7.23504, 61.934822, 229],
          [7.234893, 61.934797, 228.6],
          [7.234633, 61.934766, 227.9],
          [7.234473, 61.934757, 227.5],
          [7.234148, 61.93476, 226.7],
          [7.234005, 61.934769, 226.3],
          [7.233686, 61.93481, 225.6],
          [7.233303, 61.934891, 224.8],
          [7.232838, 61.935029, 223.6],
          [7.232701, 61.935053, 223.2],
          [7.232511, 61.935065, 222.7],
          [7.232379, 61.935053, 222.3],
          [7.232246, 61.935023, 221.9],
          [7.232141, 61.934978, 221.5],
          [7.232068, 61.934915, 221],
          [7.232042, 61.934849, 220.5],
          [7.232051, 61.934793, 220.2],
          [7.232078, 61.934745, 219.8],
          [7.232141, 61.934698, 219.5],
          [7.232228, 61.934655, 219.1],
          [7.232386, 61.934607, 218.5],
          [7.232629, 61.934558, 217.7],
          [7.234232, 61.934336, 214],
          [7.234592, 61.934276, 213.1],
          [7.234785, 61.934222, 212.7],
          [7.234918, 61.934159, 212.2],
          [7.23496, 61.934123, 212.1],
          [7.234998, 61.934032, 211.6],
          [7.234952, 61.933942, 210.9],
          [7.234836, 61.933865, 210.2],
          [7.234628, 61.933796, 209.2],
          [7.234082, 61.933719, 208.8],
          [7.230488, 61.93328, 192.6],
          [7.230006, 61.933265, 190.4],
          [7.229546, 61.933273, 188.2],
          [7.22919, 61.933263, 186.5],
          [7.228854, 61.933223, 184.6],
          [7.228737, 61.933196, 184.1],
          [7.228606, 61.933163, 183.4],
          [7.228351, 61.933062, 182],
          [7.228156, 61.932947, 180.9],
          [7.228016, 61.932828, 179.8],
          [7.227914, 61.932685, 178.5],
          [7.227869, 61.932575, 177.7],
          [7.22786, 61.932476, 176.9],
          [7.227909, 61.932312, 175.6],
          [7.227978, 61.932214, 174.9],
          [7.228288, 61.9319, 172.5],
          [7.228375, 61.931793, 171.8],
          [7.228441, 61.931655, 171],
          [7.228445, 61.93154, 170.3],
          [7.228414, 61.931444, 169.8],
          [7.228351, 61.931335, 169.3],
          [7.22829, 61.931261, 168.9],
          [7.228169, 61.931162, 168.4],
          [7.227593, 61.9308, 167.1],
          [7.227468, 61.930699, 167.3],
          [7.227383, 61.930592, 167.2],
          [7.227337, 61.930488, 167],
          [7.227321, 61.930416, 165.8],
          [7.227295, 61.930105, 166],
          [7.227253, 61.929946, 165.7],
          [7.227195, 61.92983, 165.4],
          [7.227087, 61.9297, 165],
          [7.226925, 61.929569, 164.5],
          [7.226742, 61.929465, 164],
          [7.226161, 61.929216, 162.7],
          [7.225937, 61.929104, 162.2],
          [7.224985, 61.928529, 160.2],
          [7.224736, 61.928401, 159.9],
          [7.224455, 61.928277, 159.6],
          [7.222291, 61.927442, 159.1],
          [7.221904, 61.927302, 159.4],
          [7.220968, 61.926904, 158.5],
          [7.219925, 61.9264, 157],
          [7.219404, 61.926179, 155.2],
          [7.218989, 61.92602, 154.5],
          [7.218547, 61.92589, 153.8],
          [7.217829, 61.925707, 153],
          [7.217354, 61.925614, 152.6],
          [7.216884, 61.92554, 152],
          [7.216469, 61.925481, 152.7],
          [7.215607, 61.925391, 153.4],
          [7.214689, 61.925277, 153.5],
          [7.214053, 61.92516, 153.5],
          [7.21332, 61.924974, 153.1],
          [7.212899, 61.924848, 152.6],
          [7.212133, 61.924635, 151.5],
          [7.211273, 61.924423, 149.7],
          [7.210765, 61.924311, 149.4],
          [7.210342, 61.924228, 149.5],
          [7.209958, 61.924157, 150.2],
          [7.209542, 61.924091, 149.7],
          [7.209083, 61.924023, 149.1],
          [7.208204, 61.923911, 147.9],
          [7.207085, 61.923814, 146.8],
          [7.206081, 61.923748, 145.9],
          [7.205355, 61.92368, 145.2],
          [7.203843, 61.923442, 143.9],
          [7.202685, 61.923274, 142.9],
          [7.200104, 61.922935, 140.3],
          [7.199267, 61.922812, 138.8],
          [7.198819, 61.922721, 138],
          [7.198382, 61.922605, 137.1],
          [7.19783, 61.922424, 135.8],
          [7.196973, 61.92209, 134.1],
          [7.196246, 61.921871, 132.2],
          [7.19612, 61.92184, 131.9],
          [7.195726, 61.921763, 131.1],
          [7.193911, 61.921482, 125.5],
          [7.19362, 61.921445, 125.2],
          [7.193203, 61.921407, 124.1],
          [7.192706, 61.921386, 122.6],
          [7.19216, 61.921387, 121.2],
          [7.191384, 61.921403, 118.7],
          [7.191065, 61.921402, 117.6],
          [7.190689, 61.921386, 116.2],
          [7.190442, 61.921366, 115.4],
          [7.190162, 61.921332, 114.4],
          [7.189887, 61.921288, 113.5],
          [7.189562, 61.921223, 112.2],
          [7.188931, 61.921046, 109.7],
          [7.188375, 61.920874, 108],
          [7.188011, 61.920778, 106.9],
          [7.187615, 61.920699, 105.4],
          [7.187209, 61.920638, 104.3],
          [7.186557, 61.920594, 102.6],
          [7.185889, 61.92057, 100.7],
          [7.185524, 61.920541, 99.5],
          [7.185113, 61.920496, 98],
          [7.184846, 61.920457, 96.7],
          [7.184601, 61.920406, 95.6],
          [7.184355, 61.920343, 94.5],
          [7.184235, 61.920307, 94],
          [7.183859, 61.920169, 92.3],
          [7.183084, 61.919813, 88.7],
          [7.182703, 61.919621, 87.5],
          [7.181932, 61.919253, 84.8],
          [7.181484, 61.919046, 83.6],
          [7.180936, 61.918814, 81.3],
          [7.180704, 61.918727, 80.5],
          [7.180026, 61.918498, 77.8],
          [7.179163, 61.918253, 74.7],
          [7.178761, 61.918158, 73.4],
          [7.178461, 61.918095, 72.8],
          [7.178053, 61.918032, 71.8],
          [7.177808, 61.918001, 71],
          [7.177605, 61.917984, 70.3],
          [7.177336, 61.917968, 69.5],
          [7.176641, 61.917955, 67.2],
          [7.175695, 61.917982, 64.5],
          [7.172773, 61.918122, 64.9],
          [7.172089, 61.918155, 64.8],
          [7.169572, 61.918284, 60.1],
          [7.168358, 61.918373, 59.6],
          [7.167291, 61.918472, 59],
          [7.164766, 61.918734, 58],
          [7.163758, 61.9188, 57.7],
          [7.163038, 61.918821, 57.3],
          [7.16262, 61.918821, 57],
          [7.160931, 61.918776, 56],
          [7.159442, 61.918767, 55.7],
          [7.158363, 61.91878, 55.1],
          [7.158067, 61.918792, 55.1],
          [7.153833, 61.919014, 53.9],
          [7.150804, 61.919142, 53.2],
          [7.14929, 61.919193, 53.8],
          [7.149246, 61.919193, 53.9],
          [7.148409, 61.919203, 53.7],
          [7.147575, 61.919192, 53.8],
          [7.146524, 61.919153, 54],
          [7.145778, 61.919104, 54.5],
          [7.14468, 61.919001, 54.2],
          [7.144025, 61.91892, 53.8],
          [7.143411, 61.918835, 53.3],
          [7.141595, 61.918546, 53.2],
          [7.141119, 61.918485, 53.2],
          [7.140685, 61.918447, 53],
          [7.140356, 61.91843, 52.7],
          [7.140019, 61.918429, 52.4],
          [7.139441, 61.918448, 52],
          [7.138023, 61.918526, 52.2],
          [7.137354, 61.918522, 52],
          [7.136685, 61.918474, 51.4],
          [7.136364, 61.918435, 51],
          [7.136108, 61.918391, 50.7],
          [7.135799, 61.918327, 50.1],
          [7.135528, 61.91826, 49.3],
          [7.134943, 61.918083, 48.5],
          [7.13422, 61.917804, 47.8],
          [7.133579, 61.9175, 47],
          [7.133259, 61.917311, 47],
          [7.132715, 61.916949, 47],
          [7.132277, 61.916578, 48.3],
          [7.132088, 61.916377, 48.4],
          [7.131894, 61.916137, 48.2],
          [7.131765, 61.915945, 48.1],
          [7.131603, 61.915641, 47.9],
          [7.131519, 61.915432, 47.8],
          [7.131474, 61.915275, 47.8],
          [7.131422, 61.914963, 47.6],
          [7.131421, 61.914604, 47.5],
          [7.13147, 61.914304, 47.3],
          [7.131558, 61.914002, 47.2],
          [7.131737, 61.913485, 47],
          [7.131796, 61.913228, 46.9],
          [7.131814, 61.912871, 46.7],
          [7.131765, 61.912572, 46.6],
          [7.13172, 61.912426, 46.5],
          [7.131634, 61.912233, 46.4],
          [7.131523, 61.912043, 46.3],
          [7.131421, 61.911902, 46.3],
          [7.131309, 61.911766, 46.2],
          [7.131135, 61.911587, 46.1],
          [7.130788, 61.911287, 45.9],
          [7.130367, 61.911004, 45.7],
          [7.129878, 61.910741, 45.5],
          [7.127757, 61.909753, 44.6],
          [7.125957, 61.908885, 43.7],
          [7.124115, 61.907964, 42.8],
          [7.121931, 61.906831, 41.6],
          [7.120983, 61.906323, 41.1],
          [7.11879, 61.905109, 39.9],
          [7.117572, 61.904414, 39.2],
          [7.116661, 61.90388, 38.7],
          [7.115031, 61.902897, 37.8],
          [7.113119, 61.901696, 36.7],
          [7.1123, 61.901164, 36.3],
          [7.110806, 61.900169, 35.4],
          [7.109483, 61.899258, 34.6],
          [7.108719, 61.8987, 34.1],
          [7.108443, 61.898478, 34],
          [7.108133, 61.898206, 33.8],
          [7.107813, 61.897883, 33.6],
          [7.107621, 61.897649, 33.4],
          [7.10747, 61.897422, 33.3],
          [7.107043, 61.896684, 31.1],
          [7.106781, 61.896267, 30.8],
          [7.106598, 61.896034, 30.8],
          [7.106435, 61.895854, 30.8],
          [7.106128, 61.895558, 30.7],
          [7.10526, 61.894806, 30.6],
          [7.104898, 61.894517, 31],
          [7.104666, 61.894352, 31.2],
          [7.104467, 61.894226, 31.4],
          [7.104255, 61.894113, 31.5],
          [7.104025, 61.894013, 31.7],
          [7.103778, 61.893925, 31.9],
          [7.103524, 61.89385, 32.1],
          [7.103088, 61.893747, 32.5],
          [7.102834, 61.8937, 32.4],
          [7.102576, 61.893662, 32.2],
          [7.102208, 61.893628, 32],
          [7.101923, 61.893613, 31.9],
          [7.10142, 61.893606, 31.6],
          [7.100892, 61.893622, 31.3],
          [7.100395, 61.893662, 31],
          [7.099098, 61.893794, 30.9],
          [7.094097, 61.894245, 34],
          [7.093686, 61.894282, 33.8],
          [7.092743, 61.894373, 33.1],
          [7.092445, 61.89441, 32.7],
          [7.092158, 61.89446, 32.4],
          [7.091795, 61.894548, 32],
          [7.09154, 61.894631, 31.7],
          [7.09138, 61.894695, 31.6],
          [7.091161, 61.8948, 31.4],
          [7.091028, 61.894878, 31.3],
          [7.090849, 61.895003, 31.1],
          [7.09036, 61.895411, 31.2],
          [7.090138, 61.89558, 31.4],
          [7.089825, 61.895784, 31.7],
          [7.089527, 61.895945, 31.9],
          [7.089284, 61.896055, 32.1],
          [7.088932, 61.896187, 32.3],
          [7.088555, 61.896304, 32.4],
          [7.087346, 61.896645, 32.6],
          [7.086965, 61.896778, 32.7],
          [7.086663, 61.896904, 32.7],
          [7.086135, 61.897154, 32.7],
          [7.084666, 61.897897, 32],
          [7.084342, 61.898089, 31.8],
          [7.083009, 61.899043, 31.9],
          [7.082705, 61.899242, 31.9],
          [7.082381, 61.899434, 31.8],
          [7.081684, 61.899799, 31.7],
          [7.080413, 61.900426, 31.8],
          [7.07954, 61.900842, 31.3],
          [7.079424, 61.90089, 31.1],
          [7.078932, 61.901102, 31],
          [7.078669, 61.901202, 30.9],
          [7.077293, 61.901667, 31.3],
          [7.075619, 61.902307, 31.3],
          [7.075215, 61.902441, 31.4],
          [7.074156, 61.902751, 31.3],
          [7.072795, 61.90313, 30.5],
          [7.072283, 61.90328, 30.6],
          [7.071707, 61.903484, 30.4],
          [7.070861, 61.903801, 30.9],
          [7.069932, 61.904165, 31],
          [7.06873, 61.904578, 31.4],
          [7.068156, 61.904737, 31.5],
          [7.067085, 61.905, 31.2],
          [7.066433, 61.905137, 32],
          [7.064918, 61.905398, 31],
          [7.062735, 61.905716, 31.6],
          [7.062423, 61.905774, 31.8],
          [7.062234, 61.905818, 31.6],
          [7.062111, 61.905845, 31.5],
          [7.061724, 61.905957, 31],
          [7.061408, 61.906071, 30.8],
          [7.061168, 61.906167, 30.8],
          [7.060863, 61.906311, 30.9],
          [7.060652, 61.906429, 31],
          [7.060396, 61.906604, 31.1],
          [7.060243, 61.906728, 31.3],
          [7.06002, 61.906944, 31.4],
          [7.059386, 61.907617, 31.8],
          [7.059199, 61.907769, 32],
          [7.058907, 61.907949, 31.9],
          [7.058299, 61.90827, 32.8],
          [7.057006, 61.90891, 34.2],
          [7.056386, 61.909194, 34.7],
          [7.05609, 61.909308, 34.8],
          [7.05568, 61.909451, 34.9],
          [7.055044, 61.909632, 34.9],
          [7.054551, 61.909752, 35.2],
          [7.054074, 61.909843, 35.4],
          [7.05358, 61.909924, 36],
          [7.053251, 61.909967, 36],
          [7.052939, 61.910005, 35.8],
          [7.051859, 61.910127, 36],
          [7.051827, 61.91013, 36],
          [7.050311, 61.910305, 35.9],
          [7.049676, 61.910379, 35.4],
          [7.048036, 61.910558, 34.5],
          [7.046697, 61.910709, 33.1],
          [7.046261, 61.910766, 33],
          [7.04569, 61.91083, 31.7],
          [7.045489, 61.910852, 31.6],
          [7.043417, 61.911085, 30.9],
          [7.042788, 61.911177, 30.9],
          [7.042341, 61.911268, 30.8],
          [7.041812, 61.911416, 30.4],
          [7.041421, 61.911562, 30.4],
          [7.041134, 61.91169, 30.4],
          [7.040826, 61.911859, 30.3],
          [7.040645, 61.91198, 30.2],
          [7.040371, 61.912209, 30.1],
          [7.0398, 61.912774, 30.1],
          [7.039555, 61.912987, 30.7],
          [7.039418, 61.913091, 31],
          [7.039217, 61.913225, 30.9],
          [7.038789, 61.91348, 30.4],
          [7.037957, 61.91392, 31],
          [7.03666, 61.914628, 32.2],
          [7.036501, 61.914731, 32.3],
          [7.036263, 61.914914, 32.6],
          [7.035683, 61.915456, 34.2],
          [7.035316, 61.91576, 34],
          [7.033807, 61.916851, 34.6],
          [7.033351, 61.917132, 34.6],
          [7.032915, 61.917357, 34.4],
          [7.032652, 61.917476, 34.2],
          [7.032102, 61.917696, 33.8],
          [7.031837, 61.917777, 33.5],
          [7.030999, 61.917984, 33.7],
          [7.029728, 61.91826, 32.5],
          [7.029205, 61.918395, 32],
          [7.028923, 61.918483, 31.7],
          [7.028658, 61.91858, 31.3],
          [7.028407, 61.918685, 31.2],
          [7.028187, 61.918794, 31.4],
          [7.027878, 61.918979, 31.8],
          [7.027661, 61.919142, 33.3],
          [7.027548, 61.919243, 34.3],
          [7.027324, 61.919487, 35.9],
          [7.026866, 61.920138, 38.3],
          [7.026652, 61.920383, 38.1],
          [7.02635, 61.92065, 37.9],
          [7.025581, 61.921196, 36.2],
          [7.025336, 61.921395, 35.5],
          [7.025131, 61.921605, 34.7],
          [7.024664, 61.92218, 32.5],
          [7.024456, 61.922389, 32],
          [7.024252, 61.922555, 31.6],
          [7.024116, 61.922651, 31.5],
          [7.023463, 61.923053, 30.9],
          [7.023222, 61.923214, 30.7],
          [7.022966, 61.92342, 30.6],
          [7.022348, 61.924034, 31.4],
          [7.022185, 61.924173, 31.7],
          [7.021606, 61.924582, 33.1],
          [7.021506, 61.924653, 33.4],
          [7.02078, 61.92511, 33.2],
          [7.019579, 61.925914, 31.5],
          [7.019309, 61.926126, 31.3],
          [7.019153, 61.926275, 31.4],
          [7.018976, 61.926469, 31.7],
          [7.018329, 61.927284, 36.1],
          [7.018186, 61.92743, 37.3],
          [7.01785, 61.927689, 39.8],
          [7.017517, 61.927884, 40.6],
          [7.017139, 61.92806, 41.6],
          [7.016565, 61.928263, 42.9],
          [7.015988, 61.928441, 43.6],
          [7.015636, 61.928525, 43.7],
          [7.015337, 61.92858, 43.5],
          [7.0144, 61.928706, 42.6],
          [7.014025, 61.928769, 42],
          [7.013677, 61.928847, 41.6],
          [7.013418, 61.928927, 41.6],
          [7.013129, 61.929046, 41.8],
          [7.012865, 61.929182, 41.8],
          [7.01138, 61.930055, 41],
          [7.010761, 61.930411, 45.7],
          [7.010058, 61.930826, 39.8],
          [7.009693, 61.931024, 41.5],
          [7.00953, 61.931101, 42.6],
          [7.009293, 61.931194, 43.3],
          [7.009036, 61.931276, 43.6],
          [7.008799, 61.931337, 42],
          [7.0084, 61.931419, 40.1],
          [7.008023, 61.931479, 39.1],
          [7.00754, 61.931536, 38],
          [7.005615, 61.931735, 37.3],
          [7.004973, 61.931807, 37.5],
          [7.00443, 61.931885, 37.6],
          [7.00407, 61.931965, 37.9],
          [7.003875, 61.932022, 38.1],
          [7.003609, 61.932122, 38],
          [7.003451, 61.932197, 37.8],
          [7.003198, 61.932353, 37.5],
          [7.003006, 61.932512, 37.7],
          [7.002491, 61.932999, 41.9],
          [7.00227, 61.933235, 42.7],
          [7.002167, 61.933389, 41],
          [7.002103, 61.933529, 41.3],
          [7.001981, 61.934052, 44.1],
          [7.001919, 61.934237, 46.9],
          [7.001821, 61.93441, 47.3],
          [7.001692, 61.934557, 47.8],
          [7.001485, 61.934718, 45.9],
          [7.001242, 61.934859, 43.3],
          [7.000995, 61.934967, 41.7],
          [7.000687, 61.935074, 41.6],
          [7.000347, 61.935166, 41.9],
          [6.999908, 61.935258, 41.9],
          [6.998628, 61.935489, 43.4],
          [6.998344, 61.935531, 43.2],
          [6.998064, 61.935557, 42.9],
          [6.997777, 61.935562, 42.4],
          [6.997484, 61.935553, 41.9],
          [6.997189, 61.935533, 41.1],
          [6.996789, 61.935481, 40],
          [6.996195, 61.935377, 38.3],
          [6.995015, 61.935131, 35.9],
          [6.993572, 61.934775, 35.2],
          [6.992876, 61.934664, 36.1],
          [6.992736, 61.934654, 36.2],
          [6.992445, 61.934655, 36.4],
          [6.991888, 61.934689, 36.6],
          [6.991602, 61.934721, 36.8],
          [6.991227, 61.934814, 37.1],
          [6.990366, 61.935071, 37.4],
          [6.990142, 61.935159, 37.4],
          [6.989639, 61.935301, 37.6],
          [6.989388, 61.935367, 37.6],
          [6.988996, 61.935456, 37.4],
          [6.988586, 61.935529, 37.4],
          [6.988041, 61.935605, 37.3],
          [6.987767, 61.935652, 37.5],
          [6.987099, 61.935706, 38.1],
          [6.986832, 61.93574, 38.2],
          [6.986262, 61.935792, 38.5],
          [6.985849, 61.935842, 38.6],
          [6.985178, 61.935959, 38.1],
          [6.984671, 61.936078, 37.2],
          [6.984195, 61.936228, 36.4],
          [6.983946, 61.936294, 36.2],
          [6.983587, 61.936406, 36],
          [6.983165, 61.936568, 35.8],
          [6.983043, 61.936607, 35.7],
          [6.982562, 61.93674, 35.3],
          [6.981686, 61.937061, 34.3],
          [6.981229, 61.937219, 32.8],
          [6.981014, 61.937308, 32.5],
          [6.98058, 61.937432, 31.9],
          [6.979634, 61.93775, 34],
          [6.979251, 61.937859, 34.9],
          [6.978863, 61.937951, 35.4],
          [6.978331, 61.93805, 35.9],
          [6.977933, 61.938106, 36.1],
          [6.97779, 61.938116, 36],
          [6.977509, 61.938115, 35.9],
          [6.977091, 61.938093, 35.5],
          [6.976691, 61.93805, 35],
          [6.976164, 61.937969, 34.7],
          [6.975753, 61.937894, 34.9],
          [6.975212, 61.937817, 35.4],
          [6.974804, 61.937774, 36.1],
          [6.974518, 61.937759, 36.6],
          [6.974237, 61.937758, 37.1],
          [6.973965, 61.937774, 37.6],
          [6.973552, 61.937813, 38.5],
          [6.972855, 61.937919, 39.3],
          [6.972441, 61.93797, 39.6],
          [6.971769, 61.938078, 40],
          [6.970927, 61.938182, 40.4],
          [6.970642, 61.938195, 40.6],
          [6.969935, 61.938247, 41],
          [6.968982, 61.938382, 40.6],
          [6.968435, 61.938477, 40.6],
          [6.967849, 61.93856, 40.6],
          [6.967271, 61.938626, 40.4],
          [6.966876, 61.938657, 40.4],
          [6.966208, 61.938678, 39.5],
          [6.965955, 61.938679, 39],
          [6.965707, 61.938665, 38.4],
          [6.965335, 61.938631, 37.4],
          [6.965095, 61.938598, 36.9],
          [6.964866, 61.938556, 36.4],
          [6.964396, 61.938449, 35.5],
          [6.964174, 61.938368, 35],
          [6.963988, 61.938269, 34.6],
          [6.963822, 61.938159, 34.3],
          [6.963603, 61.937987, 33.9],
          [6.963474, 61.93786, 33.7],
          [6.963326, 61.937679, 33.4],
          [6.962923, 61.937325, 32.8],
          [6.962767, 61.937221, 32.8],
          [6.962479, 61.937063, 33],
          [6.962267, 61.936968, 33.1],
          [6.961977, 61.936818, 33.4],
          [6.961652, 61.936598, 33.4],
          [6.961385, 61.936388, 33.5],
          [6.961083, 61.93601, 33],
          [6.960945, 61.935913, 32.9],
          [6.960699, 61.935796, 33.9],
          [6.960377, 61.935667, 34.2],
          [6.960047, 61.935553, 34.1],
          [6.95966, 61.935467, 34],
          [6.959247, 61.935413, 34],
          [6.958972, 61.935394, 34],
          [6.957351, 61.935331, 34.8],
          [6.956929, 61.935281, 35.3],
          [6.956135, 61.935204, 35.6],
          [6.955347, 61.935105, 35.1],
          [6.954812, 61.935023, 34.5],
          [6.953889, 61.934917, 33.6],
          [6.953174, 61.934846, 33.5],
          [6.952764, 61.934833, 33.6],
          [6.952351, 61.93481, 33.8],
          [6.951701, 61.934817, 34.2],
          [6.951417, 61.934807, 34.3],
          [6.950883, 61.934805, 34.5],
          [6.950459, 61.934784, 34.8],
          [6.949913, 61.934739, 35.3],
          [6.949645, 61.934703, 35.6],
          [6.94899, 61.93458, 35.9],
          [6.948606, 61.934481, 36],
          [6.948275, 61.934374, 35.9],
          [6.94731, 61.933988, 35.2],
          [6.947021, 61.933849, 34.9],
          [6.946571, 61.933682, 34.7],
          [6.94611, 61.933564, 35.4],
          [6.945708, 61.933476, 36.5],
          [6.945361, 61.933389, 37.5],
          [6.944629, 61.93324, 39],
          [6.944388, 61.933202, 39.5],
          [6.943318, 61.933062, 39.2],
          [6.942506, 61.932987, 37.4],
          [6.942099, 61.932961, 36.5],
          [6.941607, 61.932914, 36.9],
          [6.938835, 61.932625, 33],
          [6.93789, 61.932507, 34],
          [6.936394, 61.932487, 31.9],
          [6.935755, 61.932455, 31.6],
          [6.93554, 61.932435, 31.7],
          [6.935114, 61.93238, 31.4],
          [6.933658, 61.932136, 30.8],
          [6.931678, 61.931932, 30.4],
          [6.931161, 61.931871, 30.7],
          [6.929475, 61.931705, 30.8],
          [6.928779, 61.931655, 31.1],
          [6.92812, 61.931635, 31.4],
          [6.927412, 61.931634, 31.4],
          [6.926143, 61.931686, 30.8],
          [6.923578, 61.931892, 31.1],
          [6.922228, 61.932008, 31.9],
          [6.921811, 61.932029, 32.1],
          [6.921263, 61.93207, 33.2],
          [6.920722, 61.932088, 34.5],
          [6.919673, 61.932068, 36.2],
          [6.919374, 61.932051, 35.9],
          [6.918874, 61.932011, 36.8],
          [6.917744, 61.931905, 36.8],
          [6.916806, 61.931772, 37],
          [6.915317, 61.931523, 36.7],
          [6.914488, 61.931355, 35.7],
          [6.913871, 61.931219, 34.6],
          [6.913616, 61.931171, 34.3],
          [6.913119, 61.931094, 33.7],
          [6.912701, 61.931047, 33.4],
          [6.912168, 61.931012, 32.9],
          [6.911603, 61.931005, 33.2],
          [6.911207, 61.93101, 33.2],
          [6.910958, 61.931013, 32.5],
          [6.910109, 61.931026, 32.1],
          [6.909448, 61.931063, 31],
          [6.909126, 61.931097, 31],
          [6.908663, 61.93116, 31.1],
          [6.9077, 61.931374, 31.9],
          [6.907309, 61.931489, 32.3],
          [6.906663, 61.931622, 32.7],
          [6.906419, 61.931659, 33],
          [6.90629, 61.931675, 33],
          [6.90611, 61.931699, 33],
          [6.905562, 61.931742, 33],
          [6.905024, 61.931755, 32.8],
          [6.904741, 61.931747, 32.7],
          [6.904475, 61.931716, 32.7],
          [6.904333, 61.931711, 32.6],
          [6.904042, 61.931686, 32.5],
          [6.90309, 61.931588, 32.2],
          [6.90257, 61.931545, 31.8],
          [6.901465, 61.931493, 32],
          [6.900234, 61.931493, 32],
          [6.899837, 61.931506, 32],
          [6.899158, 61.931552, 31.9],
          [6.898482, 61.931581, 31.8],
          [6.898098, 61.931585, 31.7],
          [6.897469, 61.931581, 31.5],
          [6.896456, 61.931549, 31.4],
          [6.89599, 61.931544, 31.4],
          [6.895321, 61.931519, 31.7],
          [6.893899, 61.931499, 31.8],
          [6.892961, 61.931511, 31.6],
          [6.891994, 61.931543, 31.5],
          [6.891254, 61.93158, 32],
          [6.890955, 61.931609, 32],
          [6.890713, 61.931636, 32],
          [6.890402, 61.931687, 31.7],
          [6.889905, 61.931786, 31.3],
          [6.88966, 61.931849, 31.2],
          [6.889119, 61.932029, 31.1],
          [6.888819, 61.932157, 31.1],
          [6.887624, 61.932776, 32.3],
          [6.887231, 61.932941, 32.7],
          [6.886934, 61.933045, 33],
          [6.88648, 61.933182, 33.6],
          [6.884004, 61.933895, 32.2],
          [6.883382, 61.934067, 31.9],
          [6.882918, 61.934173, 31.7],
          [6.882693, 61.934215, 32],
          [6.88227, 61.934277, 31.8],
          [6.881543, 61.934344, 31],
          [6.880881, 61.934376, 30.3],
          [6.878925, 61.934477, 29.3],
          [6.878359, 61.934508, 30.6],
          [6.877785, 61.934533, 31.7],
          [6.87618, 61.934612, 30.6],
          [6.875327, 61.934625, 30],
          [6.875039, 61.93462, 29.8],
          [6.874329, 61.934581, 29.5],
          [6.873352, 61.934495, 29.9],
          [6.872072, 61.934371, 29.7],
          [6.871649, 61.934337, 29.8],
          [6.871064, 61.93431, 29.9],
          [6.870634, 61.934315, 29.9],
          [6.870061, 61.934349, 30],
          [6.867936, 61.934601, 30.1],
          [6.867372, 61.934653, 30.2],
          [6.867091, 61.934666, 30.1],
          [6.866659, 61.934671, 30],
          [6.8663, 61.934656, 30],
          [6.865704, 61.934604, 29.8],
          [6.865211, 61.934532, 29.7],
          [6.864964, 61.934482, 29.7],
          [6.86452, 61.934367, 29.7],
          [6.864197, 61.934263, 29.6],
          [6.863644, 61.934044, 29.6],
          [6.862955, 61.933714, 29.5],
          [6.862668, 61.933586, 29.5],
          [6.862394, 61.933477, 29.5],
          [6.862162, 61.933399, 29.5],
          [6.861639, 61.933253, 29.5],
          [6.861382, 61.933199, 29.5],
          [6.860893, 61.933113, 29.2],
          [6.858725, 61.932781, 30.7],
          [6.858312, 61.932705, 30.6],
          [6.858047, 61.932643, 30.5],
          [6.85767, 61.932538, 30.5],
          [6.857434, 61.932459, 30.5],
          [6.857205, 61.932368, 30.5],
          [6.856697, 61.932134, 30.5],
          [6.856033, 61.931776, 31.3],
          [6.854979, 61.931238, 33.7],
          [6.854346, 61.9309, 33],
          [6.85399, 61.930677, 32.7],
          [6.853657, 61.930391, 32.3],
          [6.853075, 61.92976, 31.1],
          [6.852805, 61.929528, 30.8],
          [6.852484, 61.929296, 30.5],
          [6.852103, 61.92908, 30.3],
          [6.851801, 61.928934, 30.2],
          [6.851478, 61.9288, 29.7],
          [6.851115, 61.928659, 29.7],
          [6.850676, 61.928503, 29.8],
          [6.850047, 61.928304, 29.9],
          [6.849284, 61.928095, 29.8],
          [6.848478, 61.927912, 29.8],
          [6.847639, 61.927756, 29.8],
          [6.846796, 61.927644, 29.7],
          [6.845946, 61.927572, 29.6],
          [6.844878, 61.927515, 29.5],
          [6.842472, 61.927417, 29.2],
          [6.840875, 61.927339, 27.1],
          [6.840569, 61.927311, 26.9],
          [6.839726, 61.927184, 25.8],
          [6.839451, 61.927133, 26.1],
          [6.837151, 61.92668, 23.1],
          [6.836472, 61.926555, 22.2],
          [6.835774, 61.926441, 21.3],
          [6.834789, 61.926317, 20.4],
          [6.83167, 61.925983, 18],
          [6.831237, 61.925925, 17.8],
          [6.830961, 61.925879, 17.6],
          [6.830671, 61.925816, 17.3],
          [6.830397, 61.925745, 17.4],
          [6.829912, 61.925596, 17.1],
          [6.829666, 61.925497, 16.8],
          [6.82864, 61.925033, 15.6],
          [6.827513, 61.924537, 15],
          [6.826512, 61.924128, 14.6],
          [6.824112, 61.92321, 15.3],
          [6.823872, 61.923125, 15.5],
          [6.823381, 61.922978, 15.8],
          [6.823112, 61.922917, 15.8],
          [6.822711, 61.922842, 15.7],
          [6.822035, 61.922761, 15.5],
          [6.821122, 61.922683, 14.9],
          [6.820703, 61.92264, 14.6],
          [6.820101, 61.922553, 14.5],
          [6.819826, 61.9225, 14.6],
          [6.819562, 61.922437, 14.5],
          [6.819085, 61.922295, 14.4],
          [6.817616, 61.921789, 13.2],
          [6.817186, 61.921676, 12.5],
          [6.816838, 61.921603, 11.9],
          [6.81645, 61.921539, 11.2],
          [6.815966, 61.921483, 10.8],
          [6.815412, 61.921439, 10.3],
          [6.813779, 61.921367, 9.6],
          [6.812941, 61.921286, 9.6],
          [6.811801, 61.921138, 9.8],
          [6.811483, 61.921109, 9.9],
          [6.811191, 61.921092, 9.9],
          [6.810449, 61.921092, 9.9],
          [6.808833, 61.921176, 10.2],
          [6.80752, 61.921232, 10.5],
          [6.806588, 61.921269, 10.6],
          [6.805562, 61.921296, 11.3],
          [6.802207, 61.921345, 17.3],
          [6.800877, 61.921354, 20],
          [6.800579, 61.921345, 20.5],
          [6.799838, 61.921287, 21.2],
          [6.799277, 61.921216, 21.4],
          [6.79872, 61.921121, 21.5],
          [6.798174, 61.921016, 21.7],
          [6.796571, 61.920684, 24.3],
          [6.795625, 61.920531, 27.1],
          [6.795177, 61.920478, 27.7],
          [6.794578, 61.920431, 29.4],
          [6.79398, 61.920401, 30.5],
          [6.793277, 61.920392, 30.9],
          [6.790596, 61.920394, 26],
          [6.787126, 61.920408, 19.5],
          [6.786541, 61.920396, 18.5],
          [6.786094, 61.920369, 17.9],
          [6.785515, 61.920315, 17.1],
          [6.78497, 61.920242, 16.7],
          [6.783854, 61.920061, 15.3],
          [6.782071, 61.919756, 13.8],
          [6.779884, 61.919349, 12.6],
          [6.778734, 61.919107, 12.2],
          [6.778411, 61.919029, 12.5],
          [6.777112, 61.918653, 11.4],
          [6.776581, 61.918543, 10.9],
          [6.776188, 61.918481, 10.1],
          [6.775865, 61.918443, 9.2],
          [6.77534, 61.918396, 8.4],
          [6.773515, 61.918258, 9],
          [6.772953, 61.918203, 9.5],
          [6.772788, 61.918179, 9.5],
          [6.772641, 61.918156, 9.4],
          [6.772232, 61.918081, 9.2],
          [6.771864, 61.917996, 9.1],
          [6.771264, 61.9178, 8.3],
          [6.769935, 61.917221, 6.3],
          [6.769335, 61.917017, 6],
          [6.768965, 61.916911, 5.7],
          [6.768584, 61.916821, 5.5],
          [6.768327, 61.916771, 5.4],
          [6.767778, 61.916685, 5.1],
          [6.76736, 61.91663, 4.8],
          [6.764384, 61.916299, 4.4],
          [6.763927, 61.916242, 4.2],
          [6.763389, 61.916159, 3.9],
          [6.762845, 61.916049, 3.6],
          [6.762335, 61.915923, 3.5],
          [6.761616, 61.915698, 3.4],
          [6.761386, 61.915615, 3.4],
          [6.760735, 61.915333, 3.5],
          [6.759664, 61.91481, 3.7],
          [6.759277, 61.91465, 3.8],
          [6.759014, 61.914555, 3.7],
          [6.758448, 61.914374, 3.8],
          [6.757576, 61.914128, 3.8],
          [6.752448, 61.912749, 2.7],
          [6.752189, 61.912687, 2.7],
          [6.751574, 61.912511, 2.7],
          [6.751296, 61.912439, 2.9],
          [6.750799, 61.91232, 3],
          [6.749841, 61.912139, 3],
          [6.749553, 61.912094, 3],
          [6.749283, 61.912046, 2.8],
          [6.748517, 61.911912, 3.6],
          [6.747237, 61.911672, 4.2],
          [6.745631, 61.911333, 4.5],
          [6.744213, 61.910997, 4],
          [6.743533, 61.910819, 4],
          [6.743202, 61.910717, 4.1],
          [6.742887, 61.910606, 4.1],
          [6.742364, 61.910385, 4.2],
          [6.741894, 61.910136, 4.2],
          [6.741592, 61.909946, 4.7],
          [6.740351, 61.909073, 6.3],
          [6.739223, 61.908277, 8],
          [6.738901, 61.90806, 8],
          [6.738716, 61.907952, 8.2],
          [6.738511, 61.907852, 8.4],
          [6.738276, 61.907759, 8.6],
          [6.738021, 61.907676, 8.7],
          [6.737698, 61.907594, 9],
          [6.737406, 61.907539, 9],
          [6.73658, 61.907418, 9.2],
          [6.736392, 61.907387, 9.2],
          [6.735953, 61.907297, 9.4],
          [6.735691, 61.907226, 9.3],
          [6.735463, 61.907151, 9.4],
          [6.734472, 61.906781, 8.7],
          [6.734126, 61.906675, 8.2],
          [6.733836, 61.906602, 8.1],
          [6.733263, 61.906492, 7.9],
          [6.73294, 61.906448, 7.9],
          [6.732539, 61.906413, 7.8],
          [6.732201, 61.906396, 7.8],
          [6.731863, 61.906391, 7.9],
          [6.730575, 61.906421, 8.1],
          [6.730309, 61.906418, 8.1],
          [6.729991, 61.906403, 7.9],
          [6.729706, 61.906373, 7.7],
          [6.729182, 61.90629, 7.3],
          [6.728698, 61.906197, 6.6],
          [6.727876, 61.906014, 6],
          [6.726616, 61.90567, 4.8],
          [6.723508, 61.90463, 5],
          [6.719034, 61.903157, 4.2],
          [6.718737, 61.903048, 4.1],
          [6.718492, 61.902944, 4],
          [6.718304, 61.902845, 4],
          [6.718178, 61.902806, 4],
          [6.717876, 61.902666, 4],
          [6.717801, 61.902644, 4],
          [6.717751, 61.90261, 4],
          [6.717746, 61.902551, 4],
          [6.71778, 61.902519, 4],
          [6.717765, 61.902419, 4],
          [6.717721, 61.902336, 3.9],
          [6.71771, 61.902283, 3.8],
          [6.717611, 61.902191, 3.2],
          [6.716863, 61.901454, 2.7],
          [6.716586, 61.901202, 4.5],
          [6.716262, 61.90098, 4.8],
          [6.71598, 61.900825, 5],
          [6.715445, 61.900598, 5.9],
          [6.715218, 61.900518, 6.3],
          [6.712607, 61.899688, 9.5],
          [6.708844, 61.898506, 9.4],
          [6.708253, 61.898309, 8.7],
          [6.707925, 61.898186, 8.2],
          [6.7076, 61.898043, 7.6],
          [6.707241, 61.897845, 7.2],
          [6.707056, 61.897713, 7.2],
          [6.706803, 61.897498, 6.6],
          [6.706596, 61.89724, 5.8],
          [6.706493, 61.897042, 6],
          [6.706417, 61.896774, 6.5],
          [6.706418, 61.896361, 7.9],
          [6.706533, 61.895327, 10.6],
          [6.706577, 61.895068, 10.8],
          [6.706597, 61.8948, 11.4],
          [6.70671, 61.893994, 15.1],
          [6.706844, 61.892856, 10.6],
          [6.7069, 61.892537, 9.7],
          [6.707054, 61.89213, 10.3],
          [6.707363, 61.891552, 13.1],
          [6.707414, 61.891336, 13.3],
          [6.707411, 61.89119, 13.3],
          [6.707382, 61.891011, 12.9],
          [6.707261, 61.890539, 10.6],
          [6.707228, 61.890261, 9.4],
          [6.707221, 61.889832, 8.6],
          [6.707235, 61.889295, 8.5],
          [6.707281, 61.888844, 8],
          [6.707357, 61.888555, 8],
          [6.707485, 61.888214, 8.3],
          [6.707662, 61.887895, 8.8],
          [6.707838, 61.887643, 9.4],
          [6.70822, 61.887225, 9.8],
          [6.708464, 61.886988, 9.8],
          [6.709417, 61.88619, 10],
          [6.710233, 61.885489, 11.3],
          [6.710377, 61.885359, 11.7],
          [6.710484, 61.885243, 12.2],
          [6.710586, 61.885104, 12.7],
          [6.711333, 61.883866, 20.6],
          [6.712047, 61.88239, 33.2],
          [6.712222, 61.88211, 32.4],
          [6.712348, 61.881944, 31.9],
          [6.712429, 61.881859, 31.6],
          [6.712628, 61.881722, 31.1],
          [6.712765, 61.881651, 30.7],
          [6.713033, 61.881535, 30],
          [6.713382, 61.881407, 23.4],
          [6.713667, 61.881337, 21.8],
          [6.713945, 61.881279, 20.4],
          [6.714571, 61.881189, 19.1],
          [6.716582, 61.880933, 17.2],
          [6.720877, 61.880355, 18.6],
          [6.721327, 61.880301, 18.5],
          [6.721627, 61.88028, 18.4],
          [6.721889, 61.88027, 18.2],
          [6.722267, 61.880271, 17.9],
          [6.723238, 61.880293, 17.3],
          [6.723945, 61.880296, 16.9],
          [6.727399, 61.880137, 18.8],
          [6.72948, 61.880056, 21.1],
          [6.731857, 61.880038, 22.9],
          [6.732826, 61.880083, 24],
          [6.733249, 61.880118, 24.3],
          [6.733683, 61.880138, 24.3],
          [6.7347, 61.880169, 23.2],
          [6.735116, 61.880167, 22.5],
          [6.735537, 61.880138, 21.8],
          [6.735979, 61.880086, 21.2],
          [6.737049, 61.880014, 20.6],
          [6.738674, 61.880007, 20],
          [6.740348, 61.879983, 17.3],
          [6.741623, 61.879985, 15.8],
          [6.743028, 61.879948, 15.6],
          [6.743919, 61.879912, 14.6],
          [6.74476, 61.879852, 13.9],
          [6.745465, 61.879784, 13.9],
          [6.747046, 61.879659, 14.3],
          [6.749539, 61.879523, 13.8],
          [6.751983, 61.879428, 10.9],
          [6.753095, 61.879411, 8.1],
          [6.758818, 61.879282, 7.2],
          [6.7602, 61.879217, 7.1],
          [6.760637, 61.879184, 7.3],
          [6.762195, 61.879103, 7.6],
          [6.763046, 61.879041, 8.4],
          [6.763342, 61.879033, 8.6],
          [6.76421, 61.878969, 10.4],
          [6.764512, 61.87892, 10.6],
          [6.764932, 61.87883, 10.4],
          [6.765533, 61.878625, 11],
          [6.7657, 61.878543, 11.3],
          [6.765977, 61.878381, 11.7],
          [6.766406, 61.878083, 13.4],
          [6.766751, 61.877869, 14.4],
          [6.766978, 61.877771, 15.4],
          [6.767361, 61.877647, 16.9],
          [6.767774, 61.877566, 17.6],
          [6.768264, 61.8775, 18.2],
          [6.769643, 61.877345, 16.5],
          [6.769968, 61.877298, 15.4],
          [6.77024, 61.877245, 14.4],
          [6.770709, 61.877113, 12.6],
          [6.771092, 61.876955, 10.9],
          [6.771219, 61.876893, 10.3],
          [6.771393, 61.876789, 9.3],
          [6.771551, 61.876676, 8.5],
          [6.771653, 61.876584, 8.1],
          [6.772318, 61.875851, 7.6],
          [6.77246, 61.87571, 7.5],
          [6.772719, 61.875501, 7.2],
          [6.773004, 61.875335, 6.9],
          [6.773363, 61.875183, 6.6],
          [6.77363, 61.875088, 6.5],
          [6.773904, 61.875004, 6.5],
          [6.774663, 61.874793, 7.8],
          [6.774785, 61.874754, 8],
          [6.775202, 61.874587, 8.9],
          [6.775601, 61.874376, 9.7],
          [6.776525, 61.873833, 10.8],
          [6.776782, 61.873667, 11.5],
          [6.776996, 61.873489, 12.3],
          [6.777323, 61.873265, 13.7],
          [6.777604, 61.873103, 15],
          [6.778097, 61.872954, 16.8],
          [6.778366, 61.872901, 17.5],
          [6.779639, 61.872748, 19.9],
          [6.780524, 61.872573, 21.1],
          [6.781359, 61.872419, 20.3],
          [6.782306, 61.872072, 15.8],
          [6.782407, 61.872035, 16.7],
          [6.782801, 61.871893, 17],
          [6.7834, 61.871698, 17.1],
          [6.784192, 61.871499, 16.6],
          [6.785052, 61.871364, 16.2],
          [6.785763, 61.871277, 14.3],
          [6.786525, 61.871158, 13.9],
          [6.786651, 61.871125, 13.8],
          [6.786762, 61.871081, 13.7],
          [6.78703, 61.871023, 13.2],
          [6.787382, 61.870917, 12.4],
          [6.787505, 61.870857, 12],
          [6.787965, 61.870583, 13.4],
          [6.788295, 61.870437, 13.9],
          [6.788491, 61.870335, 14.2],
          [6.78874, 61.870256, 14.5],
          [6.789129, 61.870173, 14.9],
          [6.789374, 61.8701, 14.8],
          [6.789796, 61.870041, 14.5],
          [6.790515, 61.869991, 13.6],
          [6.790801, 61.869985, 13.1],
          [6.791395, 61.869953, 12],
          [6.791676, 61.869945, 11.3],
          [6.792253, 61.869891, 10.3],
          [6.79349, 61.869824, 8.9],
          [6.79456, 61.869825, 8.6],
          [6.795148, 61.869847, 9.7],
          [6.795863, 61.869892, 11.5],
          [6.796548, 61.869967, 11.3],
          [6.798377, 61.870211, 11.9],
          [6.800883, 61.870529, 14.4],
          [6.801585, 61.87061, 13.4],
          [6.80242, 61.870742, 13.5],
          [6.802803, 61.870825, 13.4],
          [6.803285, 61.870968, 13],
          [6.804094, 61.871244, 11.6],
          [6.805633, 61.871741, 9.5],
          [6.806, 61.871867, 9.3],
          [6.806232, 61.871937, 9.3],
          [6.806734, 61.872071, 8.6],
          [6.807029, 61.872137, 7.8],
          [6.807529, 61.872236, 7.7],
          [6.808689, 61.87243, 7.4],
          [6.809289, 61.872546, 7.6],
          [6.80994, 61.872706, 7],
          [6.810557, 61.872879, 6.2],
          [6.811286, 61.873105, 4.2],
          [6.811468, 61.873154, 3.8],
          [6.813123, 61.873668, 6.8],
          [6.815025, 61.87424, 8.6],
          [6.81541, 61.874339, 8.7],
          [6.816265, 61.87452, 9.5],
          [6.816764, 61.874613, 9.9],
          [6.817464, 61.874724, 10.2],
          [6.81844, 61.874857, 10],
          [6.820128, 61.875042, 9.8],
          [6.820837, 61.87513, 9.8],
          [6.821262, 61.87517, 9.6],
          [6.821543, 61.875186, 9.4],
          [6.822113, 61.875191, 9.3],
          [6.822429, 61.875177, 9.3],
          [6.824056, 61.875071, 8.5],
          [6.824376, 61.875066, 8.2],
          [6.824652, 61.875069, 7.9],
          [6.825164, 61.875104, 7.2],
          [6.825746, 61.875161, 6.4],
          [6.827104, 61.875325, 5.4],
          [6.828097, 61.87542, 5.6],
          [6.828905, 61.875474, 5.8],
          [6.829482, 61.875498, 5.9],
          [6.830093, 61.875509, 6.1],
          [6.830528, 61.875509, 6.2],
          [6.831728, 61.875486, 6.8],
          [6.832565, 61.875481, 7.3],
          [6.833231, 61.875496, 7.2],
          [6.835374, 61.875586, 5.8],
          [6.835645, 61.875594, 5.6],
          [6.836191, 61.875584, 5.3],
          [6.836571, 61.875559, 4.9],
          [6.837092, 61.875494, 4.8],
          [6.83744, 61.875435, 4.6],
          [6.83778, 61.875357, 4.5],
          [6.838151, 61.875246, 4.4],
          [6.841123, 61.874099, 5.5],
          [6.841333, 61.874016, 5.5],
          [6.841857, 61.873801, 5.9],
          [6.842053, 61.873707, 5.7],
          [6.842343, 61.873545, 5.2],
          [6.842522, 61.873431, 4.7],
          [6.842738, 61.873261, 4.3],
          [6.84303, 61.873007, 3.4],
          [6.843214, 61.872841, 2.8],
          [6.84346, 61.872592, 2.6],
          [6.843808, 61.872286, 2.6],
          [6.844038, 61.872113, 2.7],
          [6.844388, 61.871893, 2.7],
          [6.844585, 61.871792, 2.8],
          [6.84503, 61.87162, 3],
          [6.845247, 61.871548, 2.9],
          [6.845889, 61.871405, 2.9],
          [6.846031, 61.871511, 2.6],
          [6.846082, 61.871673, 3],
          [6.846189, 61.871829, 3],
          [6.846566, 61.872285, 4.2],
          [6.846738, 61.872407, 5.3],
          [6.84685, 61.872452, 5.9],
          [6.846999, 61.872496, 6.3],
          [6.84714, 61.872512, 6.2],
          [6.847438, 61.872517, 6.7],
          [6.84824, 61.872482, 8.1],
          [6.849521, 61.87239, 9.1],
          [6.850239, 61.872353, 8.8],
          [6.851143, 61.872242, 8.6],
          [6.851979, 61.872128, 11.3],
          [6.852277, 61.8721, 12.5],
          [6.853039, 61.872092, 15.4],
          [6.853446, 61.87211, 16.4],
          [6.853805, 61.872116, 17.4],
          [6.854785, 61.8721, 20.1],
          [6.855301, 61.872132, 22.2],
          [6.855406, 61.87213, 22.9],
          [6.855607, 61.872102, 24.9],
          [6.855693, 61.87208, 25],
          [6.855841, 61.87202, 25.4],
          [6.856052, 61.871897, 26.3],
          [6.856457, 61.871614, 28.2],
          [6.856578, 61.871478, 28.9],
          [6.856748, 61.871115, 30.6],
          [6.856806, 61.871024, 31],
          [6.856883, 61.870937, 31.3],
          [6.856975, 61.870856, 31.6],
          [6.857207, 61.870708, 32.3],
          [6.857953, 61.870363, 33.5],
          [6.85807, 61.870317, 33.6],
          [6.858331, 61.870243, 33.9],
          [6.858644, 61.870193, 33.9],
          [6.860592, 61.870066, 32.6],
          [6.861164, 61.870018, 30.5],
          [6.861922, 61.869991, 28.6],
          [6.862132, 61.869966, 29.3],
          [6.862333, 61.869919, 30.6],
          [6.862538, 61.86982, 30.7],
          [6.862694, 61.869699, 29.1],
          [6.86275, 61.869618, 28.4],
          [6.862837, 61.869359, 27],
          [6.862971, 61.869165, 25.8],
          [6.863095, 61.869049, 25],
          [6.863469, 61.868744, 24.2],
          [6.863638, 61.868648, 24.1],
          [6.863743, 61.8686, 24.1],
          [6.863973, 61.868526, 24.1],
          [6.864102, 61.868495, 24.1],
          [6.864492, 61.868422, 24.2],
          [6.865176, 61.86831, 24.6],
          [6.865596, 61.868255, 24.8],
          [6.866158, 61.868196, 24.6],
          [6.866367, 61.868182, 24.3],
          [6.866737, 61.868207, 23.6],
          [6.86911, 61.868512, 25.7],
          [6.869809, 61.868579, 28.1],
          [6.870672, 61.868633, 30.3],
          [6.871247, 61.868637, 30.9],
          [6.87153, 61.868628, 30.4],
          [6.871804, 61.868609, 29.9],
          [6.87196, 61.868599, 30],
          [6.872091, 61.86859, 30.2],
          [6.872509, 61.868541, 30.1],
          [6.873133, 61.868451, 30.4],
          [6.874232, 61.868239, 31],
          [6.875336, 61.868006, 31.9],
          [6.875518, 61.867966, 31.9],
          [6.876093, 61.867815, 31.9],
          [6.876396, 61.86775, 31.9],
          [6.876758, 61.867694, 32.2],
          [6.877024, 61.867667, 32.5],
          [6.878875, 61.86751, 33.1],
          [6.879949, 61.867407, 34.6],
          [6.880337, 61.86734, 34.9],
          [6.880609, 61.867273, 35],
          [6.880749, 61.867222, 35.1],
          [6.881124, 61.86706, 35.3],
          [6.881531, 61.866849, 36],
          [6.881777, 61.866699, 36],
          [6.88183, 61.866671, 36.1],
          [6.882862, 61.866124, 40.2],
          [6.883112, 61.865972, 40.9],
          [6.883249, 61.865905, 40.9],
          [6.884469, 61.865221, 45.1],
          [6.884826, 61.865008, 45.7],
          [6.884951, 61.864908, 45.7],
          [6.885084, 61.864791, 46.2],
          [6.885209, 61.86466, 47.2],
          [6.885586, 61.864231, 49.6],
          [6.885816, 61.864024, 50.8],
          [6.886288, 61.863436, 51.6],
          [6.886386, 61.863364, 52],
          [6.886501, 61.863297, 52.2],
          [6.886709, 61.863206, 52.7],
          [6.886922, 61.863129, 53],
          [6.887213, 61.86304, 53.2],
          [6.888229, 61.862619, 54.8],
          [6.888509, 61.862475, 54.6],
          [6.888982, 61.862155, 54.8],
          [6.889146, 61.862007, 54.9],
          [6.889281, 61.86184, 55.1],
          [6.889588, 61.861259, 57.1],
          [6.889739, 61.86089, 58.9],
          [6.889867, 61.860496, 56.8],
          [6.889989, 61.860252, 58],
          [6.890116, 61.860041, 57.2],
          [6.890281, 61.859889, 56.6],
          [6.89049, 61.859759, 56.4],
          [6.891263, 61.859368, 55.3],
          [6.891464, 61.859291, 55.6],
          [6.891655, 61.85925, 56.5],
          [6.89237, 61.859148, 62.4],
          [6.892575, 61.859092, 64.6],
          [6.892676, 61.859055, 65.7],
          [6.893733, 61.858512, 74.3],
          [6.894566, 61.858071, 71.5],
          [6.894729, 61.857952, 70.9],
          [6.894827, 61.857839, 70.5],
          [6.89534, 61.856981, 67.1],
          [6.895758, 61.855614, 61.1],
          [6.895815, 61.855551, 60.5],
          [6.895964, 61.855436, 59.5],
          [6.896244, 61.855282, 58.4],
          [6.896419, 61.855213, 58.5],
          [6.896516, 61.855184, 58.6],
          [6.896738, 61.855139, 58.3],
          [6.896856, 61.855126, 58.1],
          [6.898132, 61.855086, 55.1],
          [6.898389, 61.855088, 54.7],
          [6.898655, 61.855113, 54.5],
          [6.89952, 61.855213, 53.7],
          [6.900622, 61.855318, 52.9],
          [6.901782, 61.855347, 52.6],
          [6.902758, 61.855359, 52.7],
          [6.903262, 61.855345, 52.7],
          [6.903512, 61.85533, 52.6],
          [6.904027, 61.855281, 52.5],
          [6.90428, 61.855248, 52.4],
          [6.905756, 61.855015, 52.2],
          [6.906059, 61.854952, 52.7],
          [6.906195, 61.854908, 53],
          [6.90632, 61.854856, 53.2],
          [6.906431, 61.854797, 53.3],
          [6.906527, 61.854733, 53.4],
          [6.906757, 61.854482, 53.9],
          [6.906986, 61.854154, 55],
          [6.907058, 61.854025, 55.1],
          [6.907203, 61.85371, 55.1],
          [6.90731, 61.853437, 55.1],
          [6.907351, 61.853372, 55.1],
          [6.90756, 61.853196, 54.9],
          [6.907995, 61.852939, 54.2],
          [6.9084, 61.852734, 54],
          [6.908928, 61.852512, 54.4],
          [6.909267, 61.852393, 54.9],
          [6.911353, 61.851738, 60.4],
          [6.911704, 61.851632, 61.6],
          [6.911919, 61.85158, 62],
          [6.912143, 61.851561, 62.3],
          [6.912352, 61.851568, 61.5],
          [6.913198, 61.851642, 59.4],
          [6.913447, 61.851652, 59.2],
          [6.913693, 61.85164, 58.8],
          [6.915035, 61.851475, 58],
          [6.915696, 61.851416, 58.5],
          [6.915844, 61.851384, 58.6],
          [6.91609, 61.851301, 58.8],
          [6.91699, 61.850949, 59.4],
          [6.917595, 61.850742, 59.5],
          [6.917685, 61.850707, 59.5],
          [6.918024, 61.850533, 59.2],
          [6.918221, 61.85047, 59.1],
          [6.91834, 61.850448, 59],
          [6.918465, 61.850434, 59],
          [6.918796, 61.850422, 58.8],
          [6.919311, 61.850378, 58.7],
          [6.91976, 61.850313, 58.7],
          [6.920291, 61.850195, 58.9],
          [6.923103, 61.849357, 56.1],
          [6.923581, 61.849194, 56.5],
          [6.924307, 61.848847, 55.4],
          [6.924607, 61.84872, 55],
          [6.924956, 61.848592, 54.6],
          [6.925304, 61.848482, 54.3],
          [6.925656, 61.848382, 54],
          [6.926456, 61.848181, 53.7],
          [6.926707, 61.848111, 53.7],
          [6.92693, 61.848032, 53.7],
          [6.927239, 61.847891, 53.7],
          [6.927922, 61.84755, 53.9],
          [6.928564, 61.847247, 54.3],
          [6.928742, 61.847142, 54.4],
          [6.929064, 61.846917, 54.5],
          [6.929355, 61.846767, 54.6],
          [6.929692, 61.846669, 54.8],
          [6.929952, 61.846614, 54.7],
          [6.930228, 61.846563, 54.5],
          [6.930669, 61.846497, 54.7],
          [6.930776, 61.846484, 54.7],
          [6.931169, 61.846454, 54.3],
          [6.932031, 61.846421, 53.9],
          [6.932165, 61.846412, 53.8],
          [6.932299, 61.846391, 53.7],
          [6.932429, 61.84636, 53.7],
          [6.93327, 61.846069, 53.6],
          [6.933508, 61.846007, 53.8],
          [6.933904, 61.84592, 53.9],
          [6.934026, 61.845888, 54],
          [6.934144, 61.845843, 54.1],
          [6.934349, 61.845739, 54.2],
          [6.934846, 61.845411, 54.5],
          [6.935262, 61.845209, 54.4],
          [6.935793, 61.844999, 54.1],
          [6.936215, 61.844815, 53.7],
          [6.936658, 61.844535, 53.5],
          [6.936878, 61.844362, 53.4],
          [6.937082, 61.844184, 53.2],
          [6.93719, 61.844056, 53.3],
          [6.937375, 61.843754, 54.2],
          [6.937428, 61.843588, 54.2],
          [6.93754, 61.84336, 54.3],
          [6.937564, 61.843307, 54.3],
          [6.937629, 61.843185, 54.4],
          [6.937724, 61.843065, 54.4],
          [6.937844, 61.842948, 54.3],
          [6.938092, 61.842767, 54.1],
          [6.93829, 61.84266, 54.1],
          [6.939095, 61.842281, 53.8],
          [6.939526, 61.842101, 53.7],
          [6.940196, 61.841838, 53.8],
          [6.9411, 61.841512, 53.9],
          [6.941439, 61.841401, 53.8],
          [6.941692, 61.841328, 53.7],
          [6.942104, 61.841265, 53.6],
          [6.942534, 61.841225, 53.4],
          [6.943507, 61.841161, 52.8],
          [6.943776, 61.841113, 52.7],
          [6.944026, 61.841054, 52.8],
          [6.944256, 61.840967, 52.8],
          [6.944819, 61.840622, 53.3],
          [6.945325, 61.840405, 54.1],
          [6.94542, 61.840353, 54.3],
          [6.94556, 61.840229, 54.6],
          [6.945612, 61.840099, 54.9],
          [6.94561, 61.839755, 55.7],
          [6.945631, 61.839623, 55.8],
          [6.945757, 61.839372, 56],
          [6.945854, 61.839245, 56],
          [6.946087, 61.839068, 56],
          [6.946268, 61.838962, 56],
          [6.946745, 61.838714, 55.9],
          [6.947087, 61.838578, 55.9],
          [6.947681, 61.838363, 56.1],
          [6.948122, 61.838187, 56.3],
          [6.94823, 61.838141, 56.4],
          [6.948412, 61.838044, 56.4],
          [6.948496, 61.83798, 56.5],
          [6.948555, 61.837907, 56.6],
          [6.948666, 61.837513, 57.3],
          [6.948717, 61.837425, 57.4],
          [6.948879, 61.837245, 57.9],
          [6.949016, 61.83706, 58.2],
          [6.949071, 61.836919, 58.6],
          [6.949082, 61.836783, 59],
          [6.949071, 61.836717, 59.2],
          [6.948992, 61.836514, 59.9],
          [6.948955, 61.836242, 60.7],
          [6.948948, 61.835894, 61.5],
          [6.948926, 61.835759, 61.8],
          [6.948955, 61.83562, 62.2],
          [6.948993, 61.835215, 63.3],
          [6.948973, 61.834662, 65.1],
          [6.949069, 61.834325, 65.9],
          [6.949195, 61.83413, 66],
          [6.949327, 61.834004, 66],
          [6.949696, 61.833709, 66.3],
          [6.949786, 61.833654, 66.3],
          [6.949992, 61.833474, 66.3],
          [6.950094, 61.833342, 66.2],
          [6.950264, 61.833002, 66.3],
          [6.950332, 61.832893, 66.3],
          [6.950381, 61.832819, 66.3],
          [6.950552, 61.832634, 66.2],
          [6.950699, 61.832518, 66.1],
          [6.951135, 61.832259, 65.8],
          [6.951564, 61.832063, 65.5],
          [6.952017, 61.831896, 65.1],
          [6.952468, 61.831742, 64.8],
          [6.953606, 61.831385, 63.3],
          [6.954728, 61.83109, 61.7],
          [6.955806, 61.830791, 60.4],
          [6.95654, 61.830545, 59.8],
          [6.957205, 61.830288, 59.2],
          [6.957541, 61.830173, 58.9],
          [6.95829, 61.829949, 58.2],
          [6.958785, 61.829832, 57.6],
          [6.95903, 61.829757, 57.2],
          [6.959286, 61.829662, 56.8],
          [6.959881, 61.829396, 56],
          [6.960088, 61.829317, 55.7],
          [6.960448, 61.829202, 55.4],
          [6.960956, 61.829074, 55],
          [6.961746, 61.828924, 55.1],
          [6.962299, 61.828805, 55],
          [6.963769, 61.828405, 55],
          [6.964893, 61.828125, 55.3],
          [6.965297, 61.828035, 55.7],
          [6.96596, 61.827933, 56.3],
          [6.966238, 61.827882, 56.5],
          [6.966376, 61.827845, 56.7],
          [6.966512, 61.827798, 56.9],
          [6.966614, 61.827751, 57.1],
          [6.967432, 61.827276, 59],
          [6.968431, 61.82681, 61.6],
          [6.968937, 61.826559, 62.7],
          [6.969756, 61.826124, 63.2],
          [6.970155, 61.825923, 62.9],
          [6.97064, 61.82571, 62.2],
          [6.970839, 61.825651, 61.5],
          [6.971086, 61.825573, 59.9],
          [6.971711, 61.825381, 59.7],
          [6.972092, 61.825283, 60.2],
          [6.972354, 61.825235, 60.8],
          [6.972844, 61.825174, 61.6],
          [6.973018, 61.825165, 61.9],
          [6.97325, 61.82517, 62.4],
          [6.974306, 61.825273, 65.1],
          [6.974756, 61.825294, 66],
          [6.975043, 61.825285, 66.5],
          [6.97529, 61.825261, 67],
          [6.975545, 61.825225, 67.5],
          [6.975938, 61.825134, 68.3],
          [6.97617, 61.825064, 68.9],
          [6.976634, 61.824905, 70],
          [6.977045, 61.82474, 70.8],
          [6.977441, 61.824554, 71.7],
          [6.977748, 61.824427, 72.2],
          [6.977847, 61.824369, 72.4],
          [6.977748, 61.824427, 72.2],
          [6.977441, 61.824554, 71.7],
          [6.977045, 61.82474, 70.8],
          [6.976634, 61.824905, 70],
          [6.97617, 61.825064, 68.9],
          [6.975938, 61.825134, 68.3],
          [6.975545, 61.825225, 67.5],
          [6.97529, 61.825261, 67],
          [6.975043, 61.825285, 66.5],
          [6.974756, 61.825294, 66],
          [6.974306, 61.825273, 65.1],
          [6.97325, 61.82517, 62.4],
          [6.973018, 61.825165, 61.9],
          [6.972844, 61.825174, 61.6],
          [6.972354, 61.825235, 60.8],
          [6.972092, 61.825283, 60.2],
          [6.971711, 61.825381, 59.7],
          [6.971086, 61.825573, 59.9],
          [6.970839, 61.825651, 61.5],
          [6.97064, 61.82571, 62.2],
          [6.970155, 61.825923, 62.9],
          [6.969756, 61.826124, 63.2],
          [6.968937, 61.826559, 62.7],
          [6.968431, 61.82681, 61.6],
          [6.967432, 61.827276, 59],
          [6.966614, 61.827751, 57.1],
          [6.966512, 61.827798, 56.9],
          [6.966376, 61.827845, 56.7],
          [6.966238, 61.827882, 56.5],
          [6.96596, 61.827933, 56.3],
          [6.965297, 61.828035, 55.7],
          [6.964893, 61.828125, 55.3],
          [6.963769, 61.828405, 55],
          [6.962299, 61.828805, 55],
          [6.961746, 61.828924, 55.1],
          [6.960956, 61.829074, 55],
          [6.960448, 61.829202, 55.4],
          [6.960088, 61.829317, 55.7],
          [6.959881, 61.829396, 56],
          [6.959286, 61.829662, 56.8],
          [6.95903, 61.829757, 57.2],
          [6.958785, 61.829832, 57.6],
          [6.95829, 61.829949, 58.2],
          [6.957541, 61.830173, 58.9],
          [6.957205, 61.830288, 59.2],
          [6.95654, 61.830545, 59.8],
          [6.955806, 61.830791, 60.4],
          [6.954728, 61.83109, 61.7],
          [6.953606, 61.831385, 63.3],
          [6.952468, 61.831742, 64.8],
          [6.952017, 61.831896, 65.1],
          [6.951564, 61.832063, 65.5],
          [6.951135, 61.832259, 65.8],
          [6.950699, 61.832518, 66.1],
          [6.950552, 61.832634, 66.2],
          [6.950381, 61.832819, 66.3],
          [6.950332, 61.832893, 66.3],
          [6.950264, 61.833002, 66.3],
          [6.950094, 61.833342, 66.2],
          [6.949992, 61.833474, 66.3],
          [6.949786, 61.833654, 66.3],
          [6.949696, 61.833709, 66.3],
          [6.949327, 61.834004, 66],
          [6.949195, 61.83413, 66],
          [6.949069, 61.834325, 65.9],
          [6.948973, 61.834662, 65.1],
          [6.948993, 61.835215, 63.3],
          [6.948955, 61.83562, 62.2],
          [6.948926, 61.835759, 61.8],
          [6.948948, 61.835894, 61.5],
          [6.948955, 61.836242, 60.7],
          [6.948992, 61.836514, 59.9],
          [6.949071, 61.836717, 59.2],
          [6.949082, 61.836783, 59],
          [6.949071, 61.836919, 58.6],
          [6.949016, 61.83706, 58.2],
          [6.948879, 61.837245, 57.9],
          [6.948717, 61.837425, 57.4],
          [6.948666, 61.837513, 57.3],
          [6.948555, 61.837907, 56.6],
          [6.948496, 61.83798, 56.5],
          [6.948412, 61.838044, 56.4],
          [6.94823, 61.838141, 56.4],
          [6.948122, 61.838187, 56.3],
          [6.947681, 61.838363, 56.1],
          [6.947087, 61.838578, 55.9],
          [6.946745, 61.838714, 55.9],
          [6.946268, 61.838962, 56],
          [6.946087, 61.839068, 56],
          [6.945854, 61.839245, 56],
          [6.945757, 61.839372, 56],
          [6.945631, 61.839623, 55.8],
          [6.94561, 61.839755, 55.7],
          [6.945612, 61.840099, 54.9],
          [6.94556, 61.840229, 54.6],
          [6.94542, 61.840353, 54.3],
          [6.945325, 61.840405, 54.1],
          [6.944819, 61.840622, 53.3],
          [6.944256, 61.840967, 52.8],
          [6.944026, 61.841054, 52.8],
          [6.943776, 61.841113, 52.7],
          [6.943507, 61.841161, 52.8],
          [6.942534, 61.841225, 53.4],
          [6.942104, 61.841265, 53.6],
          [6.941692, 61.841328, 53.7],
          [6.941439, 61.841401, 53.8],
          [6.9411, 61.841512, 53.9],
          [6.940196, 61.841838, 53.8],
          [6.939526, 61.842101, 53.7],
          [6.939095, 61.842281, 53.8],
          [6.93829, 61.84266, 54.1],
          [6.938092, 61.842767, 54.1],
          [6.937844, 61.842948, 54.3],
          [6.937724, 61.843065, 54.4],
          [6.937629, 61.843185, 54.4],
          [6.937564, 61.843307, 54.3],
          [6.93754, 61.84336, 54.3],
          [6.937428, 61.843588, 54.2],
          [6.937375, 61.843754, 54.2],
          [6.93719, 61.844056, 53.3],
          [6.937082, 61.844184, 53.2],
          [6.936878, 61.844362, 53.4],
          [6.936658, 61.844535, 53.5],
          [6.936215, 61.844815, 53.7],
          [6.935793, 61.844999, 54.1],
          [6.935262, 61.845209, 54.4],
          [6.934846, 61.845411, 54.5],
          [6.934349, 61.845739, 54.2],
          [6.934144, 61.845843, 54.1],
          [6.934026, 61.845888, 54],
          [6.933904, 61.84592, 53.9],
          [6.933508, 61.846007, 53.8],
          [6.93327, 61.846069, 53.6],
          [6.932429, 61.84636, 53.7],
          [6.932299, 61.846391, 53.7],
          [6.932165, 61.846412, 53.8],
          [6.932031, 61.846421, 53.9],
          [6.931169, 61.846454, 54.3],
          [6.930776, 61.846484, 54.7],
          [6.930669, 61.846497, 54.7],
          [6.930228, 61.846563, 54.5],
          [6.929952, 61.846614, 54.7],
          [6.929692, 61.846669, 54.8],
          [6.929355, 61.846767, 54.6],
          [6.929064, 61.846917, 54.5],
          [6.928742, 61.847142, 54.4],
          [6.928564, 61.847247, 54.3],
          [6.927922, 61.84755, 53.9],
          [6.927239, 61.847891, 53.7],
          [6.92693, 61.848032, 53.7],
          [6.926707, 61.848111, 53.7],
          [6.926456, 61.848181, 53.7],
          [6.925656, 61.848382, 54],
          [6.925304, 61.848482, 54.3],
          [6.924956, 61.848592, 54.6],
          [6.924607, 61.84872, 55],
          [6.924307, 61.848847, 55.4],
          [6.923581, 61.849194, 56.5],
          [6.923103, 61.849357, 56.1],
          [6.920291, 61.850195, 58.9],
          [6.91976, 61.850313, 58.7],
          [6.919311, 61.850378, 58.7],
          [6.918796, 61.850422, 58.8],
          [6.918465, 61.850434, 59],
          [6.91834, 61.850448, 59],
          [6.918221, 61.85047, 59.1],
          [6.918024, 61.850533, 59.2],
          [6.917685, 61.850707, 59.5],
          [6.917595, 61.850742, 59.5],
          [6.91699, 61.850949, 59.4],
          [6.91609, 61.851301, 58.8],
          [6.915844, 61.851384, 58.6],
          [6.915696, 61.851416, 58.5],
          [6.915035, 61.851475, 58],
          [6.913693, 61.85164, 58.8],
          [6.913447, 61.851652, 59.2],
          [6.913198, 61.851642, 59.4],
          [6.912352, 61.851568, 61.5],
          [6.912143, 61.851561, 62.3],
          [6.911919, 61.85158, 62],
          [6.911704, 61.851632, 61.6],
          [6.911353, 61.851738, 60.4],
          [6.909267, 61.852393, 54.9],
          [6.908928, 61.852512, 54.4],
          [6.9084, 61.852734, 54],
          [6.907995, 61.852939, 54.2],
          [6.90756, 61.853196, 54.9],
          [6.907351, 61.853372, 55.1],
          [6.90731, 61.853437, 55.1],
          [6.907203, 61.85371, 55.1],
          [6.907058, 61.854025, 55.1],
          [6.906986, 61.854154, 55],
          [6.906757, 61.854482, 53.9],
          [6.906527, 61.854733, 53.4],
          [6.906431, 61.854797, 53.3],
          [6.90632, 61.854856, 53.2],
          [6.906195, 61.854908, 53],
          [6.906059, 61.854952, 52.7],
          [6.905756, 61.855015, 52.2],
          [6.90428, 61.855248, 52.4],
          [6.904027, 61.855281, 52.5],
          [6.903512, 61.85533, 52.6],
          [6.903262, 61.855345, 52.7],
          [6.902758, 61.855359, 52.7],
          [6.901782, 61.855347, 52.6],
          [6.900622, 61.855318, 52.9],
          [6.89952, 61.855213, 53.7],
          [6.898655, 61.855113, 54.5],
          [6.898389, 61.855088, 54.7],
          [6.898132, 61.855086, 55.1],
          [6.896856, 61.855126, 58.1],
          [6.896738, 61.855139, 58.3],
          [6.896516, 61.855184, 58.6],
          [6.896419, 61.855213, 58.5],
          [6.896244, 61.855282, 58.4],
          [6.895964, 61.855436, 59.5],
          [6.895815, 61.855551, 60.5],
          [6.895758, 61.855614, 61.1],
          [6.89534, 61.856981, 67.1],
          [6.894827, 61.857839, 70.5],
          [6.894729, 61.857952, 70.9],
          [6.894566, 61.858071, 71.5],
          [6.893733, 61.858512, 74.3],
          [6.892676, 61.859055, 65.7],
          [6.892575, 61.859092, 64.6],
          [6.89237, 61.859148, 62.4],
          [6.891655, 61.85925, 56.5],
          [6.891464, 61.859291, 55.6],
          [6.891263, 61.859368, 55.3],
          [6.89049, 61.859759, 56.4],
          [6.890281, 61.859889, 56.6],
          [6.890116, 61.860041, 57.2],
          [6.889989, 61.860252, 58],
          [6.889867, 61.860496, 56.8],
          [6.889739, 61.86089, 58.9],
          [6.889588, 61.861259, 57.1],
          [6.889281, 61.86184, 55.1],
          [6.889146, 61.862007, 54.9],
          [6.888982, 61.862155, 54.8],
          [6.888509, 61.862475, 54.6],
          [6.888229, 61.862619, 54.8],
          [6.887213, 61.86304, 53.2],
          [6.886922, 61.863129, 53],
          [6.886709, 61.863206, 52.7],
          [6.886501, 61.863297, 52.2],
          [6.886386, 61.863364, 52],
          [6.886288, 61.863436, 51.6],
          [6.885816, 61.864024, 50.8],
          [6.885586, 61.864231, 49.6],
          [6.885209, 61.86466, 47.2],
          [6.885084, 61.864791, 46.2],
          [6.884951, 61.864908, 45.7],
          [6.884826, 61.865008, 45.7],
          [6.884469, 61.865221, 45.1],
          [6.883249, 61.865905, 40.9],
          [6.883112, 61.865972, 40.9],
          [6.882862, 61.866124, 40.2],
          [6.88183, 61.866671, 36.1],
          [6.881777, 61.866699, 36],
          [6.881531, 61.866849, 36],
          [6.881124, 61.86706, 35.3],
          [6.880749, 61.867222, 35.1],
          [6.880609, 61.867273, 35],
          [6.880337, 61.86734, 34.9],
          [6.879949, 61.867407, 34.6],
          [6.878875, 61.86751, 33.1],
          [6.877024, 61.867667, 32.5],
          [6.876758, 61.867694, 32.2],
          [6.876396, 61.86775, 31.9],
          [6.876093, 61.867815, 31.9],
          [6.875518, 61.867966, 31.9],
          [6.875336, 61.868006, 31.9],
          [6.874232, 61.868239, 31],
          [6.873133, 61.868451, 30.4],
          [6.872509, 61.868541, 30.1],
          [6.872091, 61.86859, 30.2],
          [6.87196, 61.868599, 30],
          [6.871804, 61.868609, 29.9],
          [6.87153, 61.868628, 30.4],
          [6.871247, 61.868637, 30.9],
          [6.870672, 61.868633, 30.3],
          [6.869809, 61.868579, 28.1],
          [6.86911, 61.868512, 25.7],
          [6.866737, 61.868207, 23.6],
          [6.866367, 61.868182, 24.3],
          [6.866388, 61.867764, 21.9],
          [6.866384, 61.867659, 20.2],
          [6.866393, 61.867547, 22.6],
          [6.866239, 61.867472, 23.6],
          [6.866027, 61.867431, 22.6],
          [6.865913, 61.867419, 22.1],
          [6.865505, 61.867405, 21.4],
          [6.865292, 61.867388, 21.3],
          [6.864529, 61.867271, 20.9],
          [6.864067, 61.867208, 20.9],
          [6.863859, 61.867186, 20.6],
          [6.863803, 61.867172, 20.6],
          [6.862648, 61.867174, 21.2],
          [6.862523, 61.867166, 21.2],
          [6.862358, 61.867137, 21.1],
          [6.862236, 61.867094, 21.1],
          [6.861864, 61.866907, 21.1],
          [6.861166, 61.866578, 20],
          [6.860124, 61.866067, 17.9],
          [6.85972, 61.86589, 17.3],
          [6.859403, 61.86578, 16],
          [6.858833, 61.865657, 14.7],
          [6.858362, 61.865568, 14],
          [6.858062, 61.865528, 13.4],
          [6.857741, 61.865518, 12.4],
          [6.857321, 61.865526, 11.8],
          [6.856643, 61.865559, 11.5],
          [6.855192, 61.865604, 10.1],
          [6.854835, 61.865593, 9.7],
          [6.854415, 61.865546, 9.3],
          [6.853862, 61.865513, 9.2],
          [6.853482, 61.865517, 9.1],
          [6.852008, 61.865633, 9],
          [6.85152, 61.86565, 8.1],
          [6.850595, 61.865624, 7.1],
          [6.850044, 61.865632, 6.7],
          [6.849938, 61.865641, 6.4],
          [6.849676, 61.865695, 5.4],
          [6.849588, 61.865721, 5.1],
          [6.849415, 61.865801, 5],
          [6.84923, 61.865932, 4.5],
          [6.84904, 61.866038, 4],
          [6.848789, 61.865938, 3.6],
          [6.848343, 61.8658, 3.6],
          [6.847901, 61.865715, 3.5],
          [6.847611, 61.865684, 3.5],
          [6.847326, 61.86567, 3.3],
          [6.847001, 61.865665, 3.3],
          [6.846601, 61.86568, 3.5],
          [6.846177, 61.865713, 3.8],
          [6.845778, 61.865775, 4.1],
          [6.845383, 61.865858, 4.4],
          [6.845012, 61.865953, 4.8],
          [6.84381, 61.866313, 4.6],
          [6.843079, 61.866524, 4.2],
          [6.842444, 61.866697, 3.8],
          [6.841886, 61.866825, 3.6],
          [6.840442, 61.867121, 4.4],
          [6.839336, 61.867418, 4.6],
          [6.838965, 61.867496, 4.5],
          [6.838697, 61.86754, 4.4],
          [6.838173, 61.86759, 4.2],
          [6.837594, 61.867618, 3.6],
          [6.837173, 61.867646, 3.3],
          [6.835908, 61.867701, 3.3],
          [6.83536, 61.867741, 3.4],
          [6.835086, 61.867772, 3.5],
          [6.834817, 61.867814, 3.6],
          [6.833901, 61.868, 3.6],
          [6.833636, 61.868046, 3.5],
          [6.833242, 61.868104, 3.4],
          [6.832703, 61.868154, 3.1],
          [6.832418, 61.868167, 2.9],
          [6.831587, 61.868173, 2.4],
          [6.827323, 61.868098, 5.1],
          [6.826901, 61.868068, 5.1],
          [6.826477, 61.868021, 5.2],
          [6.826092, 61.867952, 5.4],
          [6.825845, 61.867898, 5.6],
          [6.825468, 61.867799, 6],
          [6.82513, 61.867685, 7.2],
          [6.824793, 61.867543, 8.6],
          [6.824493, 61.867388, 9.1],
          [6.824192, 61.867183, 9.5],
          [6.8239, 61.866911, 10],
          [6.823797, 61.866783, 10.2],
          [6.823641, 61.866483, 10.5],
          [6.823602, 61.866301, 10.7],
          [6.823627, 61.866098, 11],
          [6.823663, 61.86599, 11.1],
          [6.823804, 61.865673, 10.1],
          [6.824302, 61.864905, 6.7],
          [6.824542, 61.864508, 5.4],
          [6.824594, 61.86438, 5],
          [6.824619, 61.864244, 4.6],
          [6.824596, 61.864044, 4.1],
          [6.824542, 61.863904, 3.8],
          [6.824504, 61.863844, 3.6],
          [6.824335, 61.863663, 3.2],
          [6.82411, 61.863491, 2.9],
          [6.823722, 61.863292, 2.6],
          [6.82295, 61.86297, 2.3],
          [6.821846, 61.862531, 2.5],
          [6.821531, 61.862394, 2.7],
          [6.820835, 61.86206, 2.8],
          [6.819518, 61.86139, 2.9],
          [6.818989, 61.861145, 2.9],
          [6.818663, 61.861029, 2.9],
          [6.818292, 61.860918, 2.9],
          [6.817917, 61.860819, 2.9],
          [6.817492, 61.86072, 3.1],
          [6.816768, 61.860548, 4.8],
          [6.816174, 61.86037, 6.5],
          [6.815955, 61.860287, 6.8],
          [6.815752, 61.860197, 7.3],
          [6.815562, 61.860094, 7.5],
          [6.815313, 61.859937, 7.9],
          [6.815049, 61.859718, 8],
          [6.814922, 61.859575, 8.3],
          [6.814734, 61.859273, 7.8],
          [6.814688, 61.859071, 7],
          [6.814682, 61.858821, 6.3],
          [6.81473, 61.858614, 6],
          [6.815193, 61.85755, 4.2],
          [6.815261, 61.857353, 3.3],
          [6.815289, 61.857284, 2.8],
          [6.815452, 61.856671, 2.7],
          [6.815516, 61.856252, 2.5],
          [6.815651, 61.855555, 2.4],
          [6.815774, 61.85471, 3],
          [6.815803, 61.854167, 3.4],
          [6.815805, 61.8533, 4.5],
          [6.815786, 61.853101, 4.8],
          [6.815678, 61.852748, 4.6],
          [6.815493, 61.852369, 4.8],
          [6.815341, 61.852103, 4.3],
          [6.815193, 61.851778, 3.7],
          [6.815019, 61.851239, 2.5],
          [6.814939, 61.850909, 2.1],
          [6.814723, 61.850246, 2.2],
          [6.814548, 61.849911, 2.5],
          [6.814191, 61.849332, 2.8],
          [6.814014, 61.848939, 3.1],
          [6.813838, 61.848476, 3.3],
          [6.813775, 61.848221, 2.8],
          [6.813356, 61.846885, 3.1],
          [6.813075, 61.846016, 2.6],
          [6.813068, 61.845957, 2.6],
          [6.812931, 61.845547, 3],
          [6.812863, 61.845289, 3.2],
          [6.81278, 61.845054, 2.7],
          [6.812733, 61.844884, 2.9],
          [6.812549, 61.844487, 3.5],
          [6.812287, 61.84409, 3.8],
          [6.811972, 61.843727, 3.8],
          [6.811831, 61.843587, 4.1],
          [6.811472, 61.843213, 3.8],
          [6.811214, 61.842908, 3.9],
          [6.811073, 61.842715, 4.1],
          [6.810955, 61.842519, 3.9],
          [6.810794, 61.842187, 3.1],
          [6.810683, 61.841886, 2.5],
          [6.810637, 61.841614, 2],
          [6.810627, 61.841443, 1.5],
          [6.810629, 61.841344, 1.4],
          [6.810631, 61.841172, 1.8],
          [6.81067, 61.840891, 1.7],
          [6.81075, 61.840621, 1.6],
          [6.811102, 61.839625, 3],
          [6.811174, 61.839343, 3.3],
          [6.811188, 61.839211, 3.5],
          [6.811177, 61.839016, 3.6],
          [6.811114, 61.838674, 4],
          [6.811008, 61.838407, 4.2],
          [6.810931, 61.838271, 4.5],
          [6.810834, 61.838126, 4.4],
          [6.810256, 61.837376, 5.2],
          [6.809647, 61.836621, 5.2],
          [6.809557, 61.83653, 5],
          [6.809316, 61.836323, 4.8],
          [6.809072, 61.836157, 4.4],
          [6.808846, 61.836023, 4.5],
          [6.808037, 61.835599, 3.1],
          [6.80771, 61.835445, 2.7],
          [6.807211, 61.835243, 2.6],
          [6.807013, 61.835176, 2.5],
          [6.807197, 61.835057, 3.3],
          [6.807289, 61.835015, 3.3],
          [6.807274, 61.834949, 3.7],
          [6.807244, 61.834897, 4],
          [6.807151, 61.834809, 4.2],
          [6.807057, 61.83463, 4.7],
          [6.806974, 61.834143, 4.9],
          [6.806939, 61.834045, 4.8],
          [6.806879, 61.833949, 4.8],
          [6.806796, 61.833855, 4.9],
          [6.806383, 61.833486, 5.3],
          [6.806302, 61.833389, 5.4],
          [6.806244, 61.833291, 5.6],
          [6.806213, 61.833191, 5.9],
          [6.806204, 61.833092, 6.2],
          [6.806217, 61.832993, 6.5],
          [6.806268, 61.832838, 7],
          [6.806543, 61.832497, 6.7],
          [6.806891, 61.8321, 6.4],
          [6.80693, 61.83205, 6.3],
          [6.8071, 61.831871, 6.2],
          [6.807318, 61.831615, 7.3],
          [6.807515, 61.831341, 8.1],
          [6.80766, 61.831096, 8.7],
          [6.807821, 61.830625, 10],
          [6.807877, 61.830394, 10.8],
          [6.807925, 61.830277, 10.9],
          [6.808045, 61.829824, 12.2],
          [6.808406, 61.8286, 18.2],
          [6.808605, 61.828, 19.8],
          [6.808776, 61.82732, 20.1],
          [6.809229, 61.824822, 22.4],
          [6.809306, 61.824486, 23.5],
          [6.809748, 61.823293, 28],
          [6.809832, 61.822997, 28.3],
          [6.809848, 61.822935, 28.2],
          [6.810067, 61.822076, 26.3],
          [6.810096, 61.821867, 25.4],
          [6.810085, 61.821588, 24.4],
          [6.810026, 61.821197, 23.4],
          [6.810002, 61.820922, 23],
          [6.810018, 61.82065, 22.8],
          [6.810079, 61.820307, 22.7],
          [6.810733, 61.818057, 23.8],
          [6.810883, 61.817701, 24.2],
          [6.81123, 61.81712, 25.1],
          [6.811317, 61.816918, 25.4],
          [6.811342, 61.816838, 25.4],
          [6.811369, 61.816644, 25.7],
          [6.811378, 61.81617, 26],
          [6.811419, 61.816038, 26.8],
          [6.811456, 61.815971, 27.1],
          [6.811523, 61.8159, 27.3],
          [6.811305, 61.815859, 26.2],
          [6.810793, 61.815773, 29.4],
          [6.810711, 61.815731, 30.8],
          [6.810661, 61.815685, 31.5],
          [6.810636, 61.815614, 31.8],
          [6.810655, 61.815411, 32.2],
          [6.810618, 61.815262, 32.4],
          [6.810615, 61.815183, 32.6],
          [6.810688, 61.814963, 33],
          [6.810691, 61.814876, 33.1],
          [6.810645, 61.814824, 33.2],
          [6.810496, 61.814746, 33.5],
          [6.810493, 61.814703, 33.3],
          [6.810408, 61.814485, 32.9],
          [6.810397, 61.814095, 32.6],
          [6.81042, 61.813913, 32.5],
          [6.810418, 61.813675, 32.4],
          [6.810399, 61.813618, 32.4],
          [6.810277, 61.813421, 32.4],
          [6.810184, 61.813307, 32],
          [6.810019, 61.813165, 30.6],
          [6.809566, 61.812866, 29.1],
          [6.809181, 61.812643, 28.4],
          [6.809046, 61.812545, 28.4],
          [6.808953, 61.812463, 28.4],
          [6.808833, 61.812319, 28.8],
          [6.808767, 61.812198, 29.2],
          [6.808692, 61.811818, 30],
          [6.808545, 61.811546, 30.7],
          [6.808537, 61.811447, 30.7],
          [6.808574, 61.811346, 30.4],
          [6.808537, 61.811447, 30.7],
          [6.808545, 61.811546, 30.7],
          [6.808692, 61.811818, 30],
          [6.808767, 61.812198, 29.2],
          [6.808833, 61.812319, 28.8],
          [6.808953, 61.812463, 28.4],
          [6.809046, 61.812545, 28.4],
          [6.809181, 61.812643, 28.4],
          [6.809566, 61.812866, 29.1],
          [6.810019, 61.813165, 30.6],
          [6.810184, 61.813307, 32],
          [6.810277, 61.813421, 32.4],
          [6.810399, 61.813618, 32.4],
          [6.810418, 61.813675, 32.4],
          [6.81042, 61.813913, 32.5],
          [6.810397, 61.814095, 32.6],
          [6.810408, 61.814485, 32.9],
          [6.810493, 61.814703, 33.3],
          [6.810496, 61.814746, 33.5],
          [6.810645, 61.814824, 33.2],
          [6.810691, 61.814876, 33.1],
          [6.810688, 61.814963, 33],
          [6.810615, 61.815183, 32.6],
          [6.810618, 61.815262, 32.4],
          [6.810655, 61.815411, 32.2],
          [6.810636, 61.815614, 31.8],
          [6.810661, 61.815685, 31.5],
          [6.810711, 61.815731, 30.8],
          [6.810793, 61.815773, 29.4],
          [6.811305, 61.815859, 26.2],
          [6.811523, 61.8159, 27.3],
          [6.811456, 61.815971, 27.1],
          [6.811419, 61.816038, 26.8],
          [6.811378, 61.81617, 26],
          [6.811369, 61.816644, 25.7],
          [6.811342, 61.816838, 25.4],
          [6.811317, 61.816918, 25.4],
          [6.81123, 61.81712, 25.1],
          [6.810883, 61.817701, 24.2],
          [6.810733, 61.818057, 23.8],
          [6.810079, 61.820307, 22.7],
          [6.810018, 61.82065, 22.8],
          [6.810002, 61.820922, 23],
          [6.810026, 61.821197, 23.4],
          [6.810085, 61.821588, 24.4],
          [6.810096, 61.821867, 25.4],
          [6.810067, 61.822076, 26.3],
          [6.809848, 61.822935, 28.2],
          [6.809832, 61.822997, 28.3],
          [6.809748, 61.823293, 28],
          [6.809306, 61.824486, 23.5],
          [6.809229, 61.824822, 22.4],
          [6.808776, 61.82732, 20.1],
          [6.808605, 61.828, 19.8],
          [6.808406, 61.8286, 18.2],
          [6.808045, 61.829824, 12.2],
          [6.807925, 61.830277, 10.9],
          [6.807877, 61.830394, 10.8],
          [6.807821, 61.830625, 10],
          [6.80766, 61.831096, 8.7],
          [6.807515, 61.831341, 8.1],
          [6.807318, 61.831615, 7.3],
          [6.806891, 61.8321, 6.4],
          [6.806543, 61.832497, 6.7],
          [6.806268, 61.832838, 7],
          [6.806217, 61.832993, 6.5],
          [6.806204, 61.833092, 6.2],
          [6.806213, 61.833191, 5.9],
          [6.806244, 61.833291, 5.6],
          [6.806302, 61.833389, 5.4],
          [6.806383, 61.833486, 5.3],
          [6.806796, 61.833855, 4.9],
          [6.806879, 61.833949, 4.8],
          [6.806939, 61.834045, 4.8],
          [6.806974, 61.834143, 4.9],
          [6.807057, 61.83463, 4.7],
          [6.807151, 61.834809, 4.2],
          [6.807244, 61.834897, 4],
          [6.807274, 61.834949, 3.7],
          [6.807289, 61.835015, 3.3],
          [6.807326, 61.835063, 3.1],
          [6.807327, 61.835138, 3],
          [6.807211, 61.835243, 2.6],
          [6.80771, 61.835445, 2.7],
          [6.808037, 61.835599, 3.1],
          [6.808846, 61.836023, 4.5],
          [6.809072, 61.836157, 4.4],
          [6.809316, 61.836323, 4.8],
          [6.809557, 61.83653, 5],
          [6.809647, 61.836621, 5.2],
          [6.810256, 61.837376, 5.2],
          [6.810834, 61.838126, 4.4],
          [6.810931, 61.838271, 4.5],
          [6.811008, 61.838407, 4.2],
          [6.811114, 61.838674, 4],
          [6.811177, 61.839016, 3.6],
          [6.811188, 61.839211, 3.5],
          [6.811174, 61.839343, 3.3],
          [6.811102, 61.839625, 3],
          [6.81075, 61.840621, 1.6],
          [6.81067, 61.840891, 1.7],
          [6.810631, 61.841172, 1.8],
          [6.810629, 61.841344, 1.4],
          [6.810627, 61.841443, 1.5],
          [6.810637, 61.841614, 2],
          [6.810683, 61.841886, 2.5],
          [6.810794, 61.842187, 3.1],
          [6.810955, 61.842519, 3.9],
          [6.811073, 61.842715, 4.1],
          [6.811214, 61.842908, 3.9],
          [6.811472, 61.843213, 3.8],
          [6.811831, 61.843587, 4.1],
          [6.811972, 61.843727, 3.8],
          [6.812287, 61.84409, 3.8],
          [6.812549, 61.844487, 3.5],
          [6.812733, 61.844884, 2.9],
          [6.81278, 61.845054, 2.7],
          [6.812863, 61.845289, 3.2],
          [6.812931, 61.845547, 3],
          [6.813068, 61.845957, 2.6],
          [6.813075, 61.846016, 2.6],
          [6.813356, 61.846885, 3.1],
          [6.813775, 61.848221, 2.8],
          [6.813838, 61.848476, 3.3],
          [6.814014, 61.848939, 3.1],
          [6.814191, 61.849332, 2.8],
          [6.814548, 61.849911, 2.5],
          [6.814723, 61.850246, 2.2],
          [6.814939, 61.850909, 2.1],
          [6.815019, 61.851239, 2.5],
          [6.815193, 61.851778, 3.7],
          [6.815341, 61.852103, 4.3],
          [6.815493, 61.852369, 4.8],
          [6.815678, 61.852748, 4.6],
          [6.815786, 61.853101, 4.8],
          [6.815805, 61.8533, 4.5],
          [6.815803, 61.854167, 3.4],
          [6.815774, 61.85471, 3],
          [6.815651, 61.855555, 2.4],
          [6.815516, 61.856252, 2.5],
          [6.815452, 61.856671, 2.7],
          [6.815289, 61.857284, 2.8],
          [6.815261, 61.857353, 3.3],
          [6.815193, 61.85755, 4.2],
          [6.81473, 61.858614, 6],
          [6.814682, 61.858821, 6.3],
          [6.814688, 61.859071, 7],
          [6.814734, 61.859273, 7.8],
          [6.814922, 61.859575, 8.3],
          [6.815049, 61.859718, 8],
          [6.815313, 61.859937, 7.9],
          [6.815562, 61.860094, 7.5],
          [6.815752, 61.860197, 7.3],
          [6.815955, 61.860287, 6.8],
          [6.816174, 61.86037, 6.5],
          [6.816768, 61.860548, 4.8],
          [6.817492, 61.86072, 3.1],
          [6.817917, 61.860819, 2.9],
          [6.818292, 61.860918, 2.9],
          [6.818663, 61.861029, 2.9],
          [6.818989, 61.861145, 2.9],
          [6.819518, 61.86139, 2.9],
          [6.820835, 61.86206, 2.8],
          [6.821531, 61.862394, 2.7],
          [6.821846, 61.862531, 2.5],
          [6.82295, 61.86297, 2.3],
          [6.823722, 61.863292, 2.6],
          [6.82411, 61.863491, 2.9],
          [6.824335, 61.863663, 3.2],
          [6.824504, 61.863844, 3.6],
          [6.824542, 61.863904, 3.8],
          [6.824596, 61.864044, 4.1],
          [6.824619, 61.864244, 4.6],
          [6.824594, 61.86438, 5],
          [6.824542, 61.864508, 5.4],
          [6.824302, 61.864905, 6.7],
          [6.823804, 61.865673, 10.1],
          [6.823663, 61.86599, 11.1],
          [6.823627, 61.866098, 11],
          [6.823602, 61.866301, 10.7],
          [6.823641, 61.866483, 10.5],
          [6.823797, 61.866783, 10.2],
          [6.8239, 61.866911, 10],
          [6.824192, 61.867183, 9.5],
          [6.824493, 61.867388, 9.1],
          [6.824793, 61.867543, 8.6],
          [6.82513, 61.867685, 7.2],
          [6.825468, 61.867799, 6],
          [6.825845, 61.867898, 5.6],
          [6.826092, 61.867952, 5.4],
          [6.826477, 61.868021, 5.2],
          [6.826901, 61.868068, 5.1],
          [6.827323, 61.868098, 5.1],
          [6.831587, 61.868173, 2.4],
          [6.832418, 61.868167, 2.9],
          [6.832703, 61.868154, 3.1],
          [6.833242, 61.868104, 3.4],
          [6.833636, 61.868046, 3.5],
          [6.833901, 61.868, 3.6],
          [6.834817, 61.867814, 3.6],
          [6.835086, 61.867772, 3.5],
          [6.83536, 61.867741, 3.4],
          [6.835908, 61.867701, 3.3],
          [6.837173, 61.867646, 3.3],
          [6.837594, 61.867618, 3.6],
          [6.838173, 61.86759, 4.2],
          [6.838697, 61.86754, 4.4],
          [6.838965, 61.867496, 4.5],
          [6.839336, 61.867418, 4.6],
          [6.840442, 61.867121, 4.4],
          [6.841886, 61.866825, 3.6],
          [6.842444, 61.866697, 3.8],
          [6.843079, 61.866524, 4.2],
          [6.84381, 61.866313, 4.6],
          [6.845012, 61.865953, 4.8],
          [6.845383, 61.865858, 4.4],
          [6.845778, 61.865775, 4.1],
          [6.846177, 61.865713, 3.8],
          [6.846601, 61.86568, 3.5],
          [6.847001, 61.865665, 3.3],
          [6.847326, 61.86567, 3.3],
          [6.847611, 61.865684, 3.5],
          [6.847901, 61.865715, 3.5],
          [6.848343, 61.8658, 3.6],
          [6.848789, 61.865938, 3.6],
          [6.84904, 61.866038, 4],
          [6.849407, 61.866224, 4.5],
          [6.849645, 61.866401, 4.6],
          [6.84976, 61.866519, 4.8],
          [6.849858, 61.866646, 4.8],
          [6.849978, 61.866902, 4.7],
          [6.850904, 61.869145, 2.9],
          [6.851035, 61.869481, 2.9],
          [6.851061, 61.869594, 2.3],
          [6.851082, 61.86976, 3.4],
          [6.851081, 61.869838, 3.7],
          [6.851021, 61.870052, 3.9],
          [6.850881, 61.870257, 3.8],
          [6.850682, 61.870443, 3.6],
          [6.850519, 61.870559, 3.5],
          [6.85033, 61.870664, 3.4],
          [6.849773, 61.870904, 3.2],
          [6.849429, 61.87103, 3],
          [6.849192, 61.871107, 2.9],
          [6.84893, 61.871168, 2.9],
          [6.848542, 61.871234, 2.9],
          [6.848075, 61.871268, 2.4],
          [6.847491, 61.87127, 2.3],
          [6.846864, 61.871293, 2.4],
          [6.846337, 61.87133, 2.5],
          [6.845889, 61.871405, 2.9],
          [6.845247, 61.871548, 2.9],
          [6.84503, 61.87162, 3],
          [6.844585, 61.871792, 2.8],
          [6.844388, 61.871893, 2.7],
          [6.844038, 61.872113, 2.7],
          [6.843808, 61.872286, 2.6],
          [6.84346, 61.872592, 2.6],
          [6.843214, 61.872841, 2.8],
          [6.84303, 61.873007, 3.4],
          [6.842738, 61.873261, 4.3],
          [6.842522, 61.873431, 4.7],
          [6.842343, 61.873545, 5.2],
          [6.842053, 61.873707, 5.7],
          [6.841857, 61.873801, 5.9],
          [6.841333, 61.874016, 5.5],
          [6.841123, 61.874099, 5.5],
          [6.838151, 61.875246, 4.4],
          [6.83778, 61.875357, 4.5],
          [6.83744, 61.875435, 4.6],
          [6.837092, 61.875494, 4.8],
          [6.836571, 61.875559, 4.9],
          [6.836191, 61.875584, 5.3],
          [6.835645, 61.875594, 5.6],
          [6.835374, 61.875586, 5.8],
          [6.833231, 61.875496, 7.2],
          [6.832565, 61.875481, 7.3],
          [6.831728, 61.875486, 6.8],
          [6.830528, 61.875509, 6.2],
          [6.830093, 61.875509, 6.1],
          [6.829482, 61.875498, 5.9],
          [6.828905, 61.875474, 5.8],
          [6.828097, 61.87542, 5.6],
          [6.827104, 61.875325, 5.4],
          [6.825746, 61.875161, 6.4],
          [6.825164, 61.875104, 7.2],
          [6.824652, 61.875069, 7.9],
          [6.824376, 61.875066, 8.2],
          [6.824056, 61.875071, 8.5],
          [6.822429, 61.875177, 9.3],
          [6.822113, 61.875191, 9.3],
          [6.821543, 61.875186, 9.4],
          [6.821262, 61.87517, 9.6],
          [6.820837, 61.87513, 9.8],
          [6.820128, 61.875042, 9.8],
          [6.81844, 61.874857, 10],
          [6.817464, 61.874724, 10.2],
          [6.816764, 61.874613, 9.9],
          [6.816265, 61.87452, 9.5],
          [6.81541, 61.874339, 8.7],
          [6.815025, 61.87424, 8.6],
          [6.813123, 61.873668, 6.8],
          [6.811468, 61.873154, 3.8],
          [6.811286, 61.873105, 4.2],
          [6.810557, 61.872879, 6.2],
          [6.80994, 61.872706, 7],
          [6.809289, 61.872546, 7.6],
          [6.808689, 61.87243, 7.4],
          [6.807529, 61.872236, 7.7],
          [6.807029, 61.872137, 7.8],
          [6.806734, 61.872071, 8.6],
          [6.806232, 61.871937, 9.3],
          [6.806, 61.871867, 9.3],
          [6.805633, 61.871741, 9.5],
          [6.804094, 61.871244, 11.6],
          [6.803285, 61.870968, 13],
          [6.802803, 61.870825, 13.4],
          [6.80242, 61.870742, 13.5],
          [6.801585, 61.87061, 13.4],
          [6.800883, 61.870529, 14.4],
          [6.798377, 61.870211, 11.9],
          [6.796548, 61.869967, 11.3],
          [6.795863, 61.869892, 11.5],
          [6.795148, 61.869847, 9.7],
          [6.79456, 61.869825, 8.6],
          [6.79349, 61.869824, 8.9],
          [6.792253, 61.869891, 10.3],
          [6.791676, 61.869945, 11.3],
          [6.791395, 61.869953, 12],
          [6.790801, 61.869985, 13.1],
          [6.790515, 61.869991, 13.6],
          [6.789796, 61.870041, 14.5],
          [6.789374, 61.8701, 14.8],
          [6.789129, 61.870173, 14.9],
          [6.78874, 61.870256, 14.5],
          [6.788491, 61.870335, 14.2],
          [6.788295, 61.870437, 13.9],
          [6.787965, 61.870583, 13.4],
          [6.787505, 61.870857, 12],
          [6.787382, 61.870917, 12.4],
          [6.78703, 61.871023, 13.2],
          [6.786762, 61.871081, 13.7],
          [6.786651, 61.871125, 13.8],
          [6.786525, 61.871158, 13.9],
          [6.785763, 61.871277, 14.3],
          [6.785052, 61.871364, 16.2],
          [6.784192, 61.871499, 16.6],
          [6.7834, 61.871698, 17.1],
          [6.782801, 61.871893, 17],
          [6.782407, 61.872035, 16.7],
          [6.782306, 61.872072, 15.8],
          [6.781359, 61.872419, 20.3],
          [6.780524, 61.872573, 21.1],
          [6.779639, 61.872748, 19.9],
          [6.778366, 61.872901, 17.5],
          [6.778097, 61.872954, 16.8],
          [6.777604, 61.873103, 15],
          [6.777323, 61.873265, 13.7],
          [6.776996, 61.873489, 12.3],
          [6.776782, 61.873667, 11.5],
          [6.776525, 61.873833, 10.8],
          [6.775601, 61.874376, 9.7],
          [6.775202, 61.874587, 8.9],
          [6.774785, 61.874754, 8],
          [6.774663, 61.874793, 7.8],
          [6.773904, 61.875004, 6.5],
          [6.77363, 61.875088, 6.5],
          [6.773363, 61.875183, 6.6],
          [6.773004, 61.875335, 6.9],
          [6.772719, 61.875501, 7.2],
          [6.77246, 61.87571, 7.5],
          [6.772318, 61.875851, 7.6],
          [6.771653, 61.876584, 8.1],
          [6.771551, 61.876676, 8.5],
          [6.771393, 61.876789, 9.3],
          [6.771219, 61.876893, 10.3],
          [6.771092, 61.876955, 10.9],
          [6.770709, 61.877113, 12.6],
          [6.77024, 61.877245, 14.4],
          [6.769968, 61.877298, 15.4],
          [6.769643, 61.877345, 16.5],
          [6.768264, 61.8775, 18.2],
          [6.767774, 61.877566, 17.6],
          [6.767361, 61.877647, 16.9],
          [6.766978, 61.877771, 15.4],
          [6.766751, 61.877869, 14.4],
          [6.766406, 61.878083, 13.4],
          [6.765977, 61.878381, 11.7],
          [6.7657, 61.878543, 11.3],
          [6.765533, 61.878625, 11],
          [6.764932, 61.87883, 10.4],
          [6.764512, 61.87892, 10.6],
          [6.76421, 61.878969, 10.4],
          [6.763342, 61.879033, 8.6],
          [6.763046, 61.879041, 8.4],
          [6.762195, 61.879103, 7.6],
          [6.760637, 61.879184, 7.3],
          [6.7602, 61.879217, 7.1],
          [6.758818, 61.879282, 7.2],
          [6.753095, 61.879411, 8.1],
          [6.751983, 61.879428, 10.9],
          [6.749539, 61.879523, 13.8],
          [6.747046, 61.879659, 14.3],
          [6.745465, 61.879784, 13.9],
          [6.74476, 61.879852, 13.9],
          [6.743919, 61.879912, 14.6],
          [6.743028, 61.879948, 15.6],
          [6.741623, 61.879985, 15.8],
          [6.740348, 61.879983, 17.3],
          [6.738674, 61.880007, 20],
          [6.737049, 61.880014, 20.6],
          [6.735979, 61.880086, 21.2],
          [6.735537, 61.880138, 21.8],
          [6.735116, 61.880167, 22.5],
          [6.7347, 61.880169, 23.2],
          [6.733683, 61.880138, 24.3],
          [6.733249, 61.880118, 24.3],
          [6.732826, 61.880083, 24],
          [6.731857, 61.880038, 22.9],
          [6.72948, 61.880056, 21.1],
          [6.727399, 61.880137, 18.8],
          [6.723945, 61.880296, 16.9],
          [6.723238, 61.880293, 17.3],
          [6.722267, 61.880271, 17.9],
          [6.721889, 61.88027, 18.2],
          [6.721627, 61.88028, 18.4],
          [6.721327, 61.880301, 18.5],
          [6.720877, 61.880355, 18.6],
          [6.716582, 61.880933, 17.2],
          [6.714571, 61.881189, 19.1],
          [6.713945, 61.881279, 20.4],
          [6.713667, 61.881337, 21.8],
          [6.713382, 61.881407, 23.4],
          [6.713033, 61.881535, 30],
          [6.712765, 61.881651, 30.7],
          [6.712628, 61.881722, 31.1],
          [6.712429, 61.881859, 31.6],
          [6.712348, 61.881944, 31.9],
          [6.712222, 61.88211, 32.4],
          [6.712047, 61.88239, 33.2],
          [6.711333, 61.883866, 20.6],
          [6.710586, 61.885104, 12.7],
          [6.710484, 61.885243, 12.2],
          [6.710377, 61.885359, 11.7],
          [6.710233, 61.885489, 11.3],
          [6.709417, 61.88619, 10],
          [6.708464, 61.886988, 9.8],
          [6.70822, 61.887225, 9.8],
          [6.707838, 61.887643, 9.4],
          [6.707662, 61.887895, 8.8],
          [6.707485, 61.888214, 8.3],
          [6.707357, 61.888555, 8],
          [6.707281, 61.888844, 8],
          [6.707235, 61.889295, 8.5],
          [6.707221, 61.889832, 8.6],
          [6.707228, 61.890261, 9.4],
          [6.707261, 61.890539, 10.6],
          [6.707382, 61.891011, 12.9],
          [6.707411, 61.89119, 13.3],
          [6.707414, 61.891336, 13.3],
          [6.707363, 61.891552, 13.1],
          [6.707054, 61.89213, 10.3],
          [6.7069, 61.892537, 9.7],
          [6.706844, 61.892856, 10.6],
          [6.70671, 61.893994, 15.1],
          [6.706597, 61.8948, 11.4],
          [6.706577, 61.895068, 10.8],
          [6.706533, 61.895327, 10.6],
          [6.706418, 61.896361, 7.9],
          [6.706417, 61.896774, 6.5],
          [6.706493, 61.897042, 6],
          [6.706596, 61.89724, 5.8],
          [6.706803, 61.897498, 6.6],
          [6.707056, 61.897713, 7.2],
          [6.707241, 61.897845, 7.2],
          [6.7076, 61.898043, 7.6],
          [6.707925, 61.898186, 8.2],
          [6.708253, 61.898309, 8.7],
          [6.708844, 61.898506, 9.4],
          [6.712607, 61.899688, 9.5],
          [6.715218, 61.900518, 6.3],
          [6.715445, 61.900598, 5.9],
          [6.71598, 61.900825, 5],
          [6.716262, 61.90098, 4.8],
          [6.716586, 61.901202, 4.5],
          [6.716863, 61.901454, 2.7],
          [6.717611, 61.902191, 3.2],
          [6.71771, 61.902283, 3.8],
          [6.717792, 61.902319, 3.9],
          [6.71803, 61.902492, 4],
          [6.71812, 61.902535, 4],
          [6.71814, 61.902568, 4],
          [6.71813, 61.902603, 4],
          [6.718304, 61.902845, 4],
          [6.718492, 61.902944, 4],
          [6.718737, 61.903048, 4.1],
          [6.719034, 61.903157, 4.2],
          [6.723508, 61.90463, 5],
          [6.726616, 61.90567, 4.8],
          [6.727876, 61.906014, 6],
          [6.728698, 61.906197, 6.6],
          [6.729182, 61.90629, 7.3],
          [6.729706, 61.906373, 7.7],
          [6.729991, 61.906403, 7.9],
          [6.730309, 61.906418, 8.1],
          [6.730575, 61.906421, 8.1],
          [6.731863, 61.906391, 7.9],
          [6.732201, 61.906396, 7.8],
          [6.732539, 61.906413, 7.8],
          [6.73294, 61.906448, 7.9],
          [6.733263, 61.906492, 7.9],
          [6.733836, 61.906602, 8.1],
          [6.734126, 61.906675, 8.2],
          [6.734472, 61.906781, 8.7],
          [6.735463, 61.907151, 9.4],
          [6.735691, 61.907226, 9.3],
          [6.735953, 61.907297, 9.4],
          [6.736392, 61.907387, 9.2],
          [6.73658, 61.907418, 9.2],
          [6.737406, 61.907539, 9],
          [6.737698, 61.907594, 9],
          [6.738021, 61.907676, 8.7],
          [6.738276, 61.907759, 8.6],
          [6.738511, 61.907852, 8.4],
          [6.738716, 61.907952, 8.2],
          [6.738901, 61.90806, 8],
          [6.739223, 61.908277, 8],
          [6.740351, 61.909073, 6.3],
          [6.741592, 61.909946, 4.7],
          [6.741894, 61.910136, 4.2],
          [6.742364, 61.910385, 4.2],
          [6.742887, 61.910606, 4.1],
          [6.743202, 61.910717, 4.1],
          [6.743533, 61.910819, 4],
          [6.744213, 61.910997, 4],
          [6.745631, 61.911333, 4.5],
          [6.747237, 61.911672, 4.2],
          [6.748517, 61.911912, 3.6],
          [6.749283, 61.912046, 2.8],
          [6.749553, 61.912094, 3],
          [6.749841, 61.912139, 3],
          [6.750799, 61.91232, 3],
          [6.751296, 61.912439, 2.9],
          [6.751574, 61.912511, 2.7],
          [6.752189, 61.912687, 2.7],
          [6.752448, 61.912749, 2.7],
          [6.757576, 61.914128, 3.8],
          [6.758448, 61.914374, 3.8],
          [6.759014, 61.914555, 3.7],
          [6.759277, 61.91465, 3.8],
          [6.759664, 61.91481, 3.7],
          [6.760735, 61.915333, 3.5],
          [6.761386, 61.915615, 3.4],
          [6.761616, 61.915698, 3.4],
          [6.762335, 61.915923, 3.5],
          [6.762845, 61.916049, 3.6],
          [6.763389, 61.916159, 3.9],
          [6.763927, 61.916242, 4.2],
          [6.764384, 61.916299, 4.4],
          [6.76736, 61.91663, 4.8],
          [6.767778, 61.916685, 5.1],
          [6.768327, 61.916771, 5.4],
          [6.768584, 61.916821, 5.5],
          [6.768965, 61.916911, 5.7],
          [6.769335, 61.917017, 6],
          [6.769935, 61.917221, 6.3],
          [6.771264, 61.9178, 8.3],
          [6.771864, 61.917996, 9.1],
          [6.772232, 61.918081, 9.2],
          [6.772641, 61.918156, 9.4],
          [6.772788, 61.918179, 9.5],
          [6.772953, 61.918203, 9.5],
          [6.773515, 61.918258, 9],
          [6.77534, 61.918396, 8.4],
          [6.775865, 61.918443, 9.2],
          [6.776188, 61.918481, 10.1],
          [6.776581, 61.918543, 10.9],
          [6.777112, 61.918653, 11.4],
          [6.778411, 61.919029, 12.5],
          [6.778734, 61.919107, 12.2],
          [6.779884, 61.919349, 12.6],
          [6.782071, 61.919756, 13.8],
          [6.783854, 61.920061, 15.3],
          [6.78497, 61.920242, 16.7],
          [6.785515, 61.920315, 17.1],
          [6.786094, 61.920369, 17.9],
          [6.786541, 61.920396, 18.5],
          [6.787126, 61.920408, 19.5],
          [6.790596, 61.920394, 26],
          [6.793277, 61.920392, 30.9],
          [6.79398, 61.920401, 30.5],
          [6.794578, 61.920431, 29.4],
          [6.795177, 61.920478, 27.7],
          [6.795625, 61.920531, 27.1],
          [6.796571, 61.920684, 24.3],
          [6.798174, 61.921016, 21.7],
          [6.79872, 61.921121, 21.5],
          [6.799277, 61.921216, 21.4],
          [6.799838, 61.921287, 21.2],
          [6.800579, 61.921345, 20.5],
          [6.800877, 61.921354, 20],
          [6.802207, 61.921345, 17.3],
          [6.805562, 61.921296, 11.3],
          [6.806588, 61.921269, 10.6],
          [6.80752, 61.921232, 10.5],
          [6.808833, 61.921176, 10.2],
          [6.810449, 61.921092, 9.9],
          [6.811191, 61.921092, 9.9],
          [6.811483, 61.921109, 9.9],
          [6.811801, 61.921138, 9.8],
          [6.812941, 61.921286, 9.6],
          [6.813779, 61.921367, 9.6],
          [6.815412, 61.921439, 10.3],
          [6.815966, 61.921483, 10.8],
          [6.81645, 61.921539, 11.2],
          [6.816838, 61.921603, 11.9],
          [6.817186, 61.921676, 12.5],
          [6.817616, 61.921789, 13.2],
          [6.819085, 61.922295, 14.4],
          [6.819562, 61.922437, 14.5],
          [6.819826, 61.9225, 14.6],
          [6.820101, 61.922553, 14.5],
          [6.820703, 61.92264, 14.6],
          [6.821122, 61.922683, 14.9],
          [6.822035, 61.922761, 15.5],
          [6.822711, 61.922842, 15.7],
          [6.823112, 61.922917, 15.8],
          [6.823381, 61.922978, 15.8],
          [6.823872, 61.923125, 15.5],
          [6.824112, 61.92321, 15.3],
          [6.826512, 61.924128, 14.6],
          [6.827513, 61.924537, 15],
          [6.82864, 61.925033, 15.6],
          [6.829666, 61.925497, 16.8],
          [6.829912, 61.925596, 17.1],
          [6.830397, 61.925745, 17.4],
          [6.830671, 61.925816, 17.3],
          [6.830961, 61.925879, 17.6],
          [6.831237, 61.925925, 17.8],
          [6.83167, 61.925983, 18],
          [6.834789, 61.926317, 20.4],
          [6.835774, 61.926441, 21.3],
          [6.836472, 61.926555, 22.2],
          [6.837151, 61.92668, 23.1],
          [6.839451, 61.927133, 26.1],
          [6.839726, 61.927184, 25.8],
          [6.840569, 61.927311, 26.9],
          [6.840875, 61.927339, 27.1],
          [6.842472, 61.927417, 29.2],
          [6.844878, 61.927515, 29.5],
          [6.845946, 61.927572, 29.6],
          [6.846796, 61.927644, 29.7],
          [6.847639, 61.927756, 29.8],
          [6.848478, 61.927912, 29.8],
          [6.849284, 61.928095, 29.8],
          [6.850047, 61.928304, 29.9],
          [6.850676, 61.928503, 29.8],
          [6.851115, 61.928659, 29.7],
          [6.851478, 61.9288, 29.7],
          [6.851801, 61.928934, 30.2],
          [6.852103, 61.92908, 30.3],
          [6.852484, 61.929296, 30.5],
          [6.852805, 61.929528, 30.8],
          [6.853075, 61.92976, 31.1],
          [6.853657, 61.930391, 32.3],
          [6.85399, 61.930677, 32.7],
          [6.854346, 61.9309, 33],
          [6.854979, 61.931238, 33.7],
          [6.856033, 61.931776, 31.3],
          [6.856697, 61.932134, 30.5],
          [6.857205, 61.932368, 30.5],
          [6.857434, 61.932459, 30.5],
          [6.85767, 61.932538, 30.5],
          [6.858047, 61.932643, 30.5],
          [6.858312, 61.932705, 30.6],
          [6.858725, 61.932781, 30.7],
          [6.860893, 61.933113, 29.2],
          [6.861382, 61.933199, 29.5],
          [6.861639, 61.933253, 29.5],
          [6.862162, 61.933399, 29.5],
          [6.862394, 61.933477, 29.5],
          [6.862668, 61.933586, 29.5],
          [6.862955, 61.933714, 29.5],
          [6.863644, 61.934044, 29.6],
          [6.864197, 61.934263, 29.6],
          [6.86452, 61.934367, 29.7],
          [6.864964, 61.934482, 29.7],
          [6.865211, 61.934532, 29.7],
          [6.865704, 61.934604, 29.8],
          [6.8663, 61.934656, 30],
          [6.866659, 61.934671, 30],
          [6.867091, 61.934666, 30.1],
          [6.867372, 61.934653, 30.2],
          [6.867936, 61.934601, 30.1],
          [6.870061, 61.934349, 30],
          [6.870634, 61.934315, 29.9],
          [6.871064, 61.93431, 29.9],
          [6.871649, 61.934337, 29.8],
          [6.872072, 61.934371, 29.7],
          [6.873352, 61.934495, 29.9],
          [6.874329, 61.934581, 29.5],
          [6.875039, 61.93462, 29.8],
          [6.875327, 61.934625, 30],
          [6.87618, 61.934612, 30.6],
          [6.877785, 61.934533, 31.7],
          [6.878359, 61.934508, 30.6],
          [6.878925, 61.934477, 29.3],
          [6.880881, 61.934376, 30.3],
          [6.881543, 61.934344, 31],
          [6.88227, 61.934277, 31.8],
          [6.882693, 61.934215, 32],
          [6.882918, 61.934173, 31.7],
          [6.883382, 61.934067, 31.9],
          [6.884004, 61.933895, 32.2],
          [6.88648, 61.933182, 33.6],
          [6.886934, 61.933045, 33],
          [6.887231, 61.932941, 32.7],
          [6.887624, 61.932776, 32.3],
          [6.888819, 61.932157, 31.1],
          [6.889119, 61.932029, 31.1],
          [6.88966, 61.931849, 31.2],
          [6.889905, 61.931786, 31.3],
          [6.890402, 61.931687, 31.7],
          [6.890713, 61.931636, 32],
          [6.890955, 61.931609, 32],
          [6.891254, 61.93158, 32],
          [6.891994, 61.931543, 31.5],
          [6.892961, 61.931511, 31.6],
          [6.893899, 61.931499, 31.8],
          [6.895321, 61.931519, 31.7],
          [6.89599, 61.931544, 31.4],
          [6.896456, 61.931549, 31.4],
          [6.897469, 61.931581, 31.5],
          [6.898098, 61.931585, 31.7],
          [6.898482, 61.931581, 31.8],
          [6.899158, 61.931552, 31.9],
          [6.899837, 61.931506, 32],
          [6.900234, 61.931493, 32],
          [6.901465, 61.931493, 32],
          [6.90257, 61.931545, 31.8],
          [6.90309, 61.931588, 32.2],
          [6.904042, 61.931686, 32.5],
          [6.904333, 61.931711, 32.6],
          [6.904475, 61.931716, 32.7],
          [6.904741, 61.931747, 32.7],
          [6.905024, 61.931755, 32.8],
          [6.905562, 61.931742, 33],
          [6.90611, 61.931699, 33],
          [6.90629, 61.931675, 33],
          [6.906419, 61.931659, 33],
          [6.906663, 61.931622, 32.7],
          [6.907309, 61.931489, 32.3],
          [6.9077, 61.931374, 31.9],
          [6.908663, 61.93116, 31.1],
          [6.909126, 61.931097, 31],
          [6.909448, 61.931063, 31],
          [6.910109, 61.931026, 32.1],
          [6.910958, 61.931013, 32.5],
          [6.911207, 61.93101, 33.2],
          [6.911603, 61.931005, 33.2],
          [6.912168, 61.931012, 32.9],
          [6.912701, 61.931047, 33.4],
          [6.913119, 61.931094, 33.7],
          [6.913616, 61.931171, 34.3],
          [6.913871, 61.931219, 34.6],
          [6.914488, 61.931355, 35.7],
          [6.915317, 61.931523, 36.7],
          [6.916806, 61.931772, 37],
          [6.917744, 61.931905, 36.8],
          [6.918874, 61.932011, 36.8],
          [6.919374, 61.932051, 35.9],
          [6.919673, 61.932068, 36.2],
          [6.920722, 61.932088, 34.5],
          [6.921263, 61.93207, 33.2],
          [6.921811, 61.932029, 32.1],
          [6.922228, 61.932008, 31.9],
          [6.923578, 61.931892, 31.1],
          [6.926143, 61.931686, 30.8],
          [6.927412, 61.931634, 31.4],
          [6.92812, 61.931635, 31.4],
          [6.928779, 61.931655, 31.1],
          [6.929475, 61.931705, 30.8],
          [6.931161, 61.931871, 30.7],
          [6.931678, 61.931932, 30.4],
          [6.933658, 61.932136, 30.8],
          [6.935114, 61.93238, 31.4],
          [6.93554, 61.932435, 31.7],
          [6.935755, 61.932455, 31.6],
          [6.936394, 61.932487, 31.9],
          [6.93789, 61.932507, 34],
          [6.938835, 61.932625, 33],
          [6.941607, 61.932914, 36.9],
          [6.942099, 61.932961, 36.5],
          [6.942506, 61.932987, 37.4],
          [6.943318, 61.933062, 39.2],
          [6.944388, 61.933202, 39.5],
          [6.944629, 61.93324, 39],
          [6.945361, 61.933389, 37.5],
          [6.945708, 61.933476, 36.5],
          [6.94611, 61.933564, 35.4],
          [6.946571, 61.933682, 34.7],
          [6.947021, 61.933849, 34.9],
          [6.94731, 61.933988, 35.2],
          [6.948275, 61.934374, 35.9],
          [6.948606, 61.934481, 36],
          [6.94899, 61.93458, 35.9],
          [6.949645, 61.934703, 35.6],
          [6.949913, 61.934739, 35.3],
          [6.950459, 61.934784, 34.8],
          [6.950883, 61.934805, 34.5],
          [6.951417, 61.934807, 34.3],
          [6.951701, 61.934817, 34.2],
          [6.952351, 61.93481, 33.8],
          [6.952764, 61.934833, 33.6],
          [6.953174, 61.934846, 33.5],
          [6.953889, 61.934917, 33.6],
          [6.954812, 61.935023, 34.5],
          [6.955347, 61.935105, 35.1],
          [6.956135, 61.935204, 35.6],
          [6.956929, 61.935281, 35.3],
          [6.957351, 61.935331, 34.8],
          [6.958972, 61.935394, 34],
          [6.959247, 61.935413, 34],
          [6.95966, 61.935467, 34],
          [6.960047, 61.935553, 34.1],
          [6.960377, 61.935667, 34.2],
          [6.960699, 61.935796, 33.9],
          [6.960945, 61.935913, 32.9],
          [6.961083, 61.93601, 33],
          [6.961385, 61.936388, 33.5],
          [6.961652, 61.936598, 33.4],
          [6.961977, 61.936818, 33.4],
          [6.962267, 61.936968, 33.1],
          [6.962479, 61.937063, 33],
          [6.962767, 61.937221, 32.8],
          [6.962923, 61.937325, 32.8],
          [6.963326, 61.937679, 33.4],
          [6.963474, 61.93786, 33.7],
          [6.963603, 61.937987, 33.9],
          [6.963822, 61.938159, 34.3],
          [6.963988, 61.938269, 34.6],
          [6.964174, 61.938368, 35],
          [6.964396, 61.938449, 35.5],
          [6.964866, 61.938556, 36.4],
          [6.965095, 61.938598, 36.9],
          [6.965335, 61.938631, 37.4],
          [6.965707, 61.938665, 38.4],
          [6.965955, 61.938679, 39],
          [6.966208, 61.938678, 39.5],
          [6.966876, 61.938657, 40.4],
          [6.967271, 61.938626, 40.4],
          [6.967849, 61.93856, 40.6],
          [6.968435, 61.938477, 40.6],
          [6.968982, 61.938382, 40.6],
          [6.969935, 61.938247, 41],
          [6.970642, 61.938195, 40.6],
          [6.970927, 61.938182, 40.4],
          [6.971769, 61.938078, 40],
          [6.972441, 61.93797, 39.6],
          [6.972855, 61.937919, 39.3],
          [6.973552, 61.937813, 38.5],
          [6.973965, 61.937774, 37.6],
          [6.974237, 61.937758, 37.1],
          [6.974518, 61.937759, 36.6],
          [6.974804, 61.937774, 36.1],
          [6.975212, 61.937817, 35.4],
          [6.975753, 61.937894, 34.9],
          [6.976164, 61.937969, 34.7],
          [6.976691, 61.93805, 35],
          [6.977091, 61.938093, 35.5],
          [6.977509, 61.938115, 35.9],
          [6.97779, 61.938116, 36],
          [6.977933, 61.938106, 36.1],
          [6.978331, 61.93805, 35.9],
          [6.978863, 61.937951, 35.4],
          [6.979251, 61.937859, 34.9],
          [6.979634, 61.93775, 34],
          [6.98058, 61.937432, 31.9],
          [6.981014, 61.937308, 32.5],
          [6.981229, 61.937219, 32.8],
          [6.981686, 61.937061, 34.3],
          [6.982562, 61.93674, 35.3],
          [6.983043, 61.936607, 35.7],
          [6.983165, 61.936568, 35.8],
          [6.983587, 61.936406, 36],
          [6.983946, 61.936294, 36.2],
          [6.984195, 61.936228, 36.4],
          [6.984671, 61.936078, 37.2],
          [6.985178, 61.935959, 38.1],
          [6.985849, 61.935842, 38.6],
          [6.986262, 61.935792, 38.5],
          [6.986832, 61.93574, 38.2],
          [6.987099, 61.935706, 38.1],
          [6.987767, 61.935652, 37.5],
          [6.988041, 61.935605, 37.3],
          [6.988586, 61.935529, 37.4],
          [6.988996, 61.935456, 37.4],
          [6.989388, 61.935367, 37.6],
          [6.989639, 61.935301, 37.6],
          [6.990142, 61.935159, 37.4],
          [6.990366, 61.935071, 37.4],
          [6.991227, 61.934814, 37.1],
          [6.991602, 61.934721, 36.8],
          [6.991888, 61.934689, 36.6],
          [6.992445, 61.934655, 36.4],
          [6.992736, 61.934654, 36.2],
          [6.992876, 61.934664, 36.1],
          [6.993572, 61.934775, 35.2],
          [6.995015, 61.935131, 35.9],
          [6.996195, 61.935377, 38.3],
          [6.996789, 61.935481, 40],
          [6.997189, 61.935533, 41.1],
          [6.997484, 61.935553, 41.9],
          [6.997777, 61.935562, 42.4],
          [6.998064, 61.935557, 42.9],
          [6.998344, 61.935531, 43.2],
          [6.998628, 61.935489, 43.4],
          [6.999908, 61.935258, 41.9],
          [7.000347, 61.935166, 41.9],
          [7.000687, 61.935074, 41.6],
          [7.000995, 61.934967, 41.7],
          [7.001242, 61.934859, 43.3],
          [7.001485, 61.934718, 45.9],
          [7.001692, 61.934557, 47.8],
          [7.001821, 61.93441, 47.3],
          [7.001919, 61.934237, 46.9],
          [7.001981, 61.934052, 44.1],
          [7.002103, 61.933529, 41.3],
          [7.002167, 61.933389, 41],
          [7.00227, 61.933235, 42.7],
          [7.002491, 61.932999, 41.9],
          [7.003006, 61.932512, 37.7],
          [7.003198, 61.932353, 37.5],
          [7.003451, 61.932197, 37.8],
          [7.003609, 61.932122, 38],
          [7.003875, 61.932022, 38.1],
          [7.00407, 61.931965, 37.9],
          [7.00443, 61.931885, 37.6],
          [7.004973, 61.931807, 37.5],
          [7.005615, 61.931735, 37.3],
          [7.00754, 61.931536, 38],
          [7.008023, 61.931479, 39.1],
          [7.0084, 61.931419, 40.1],
          [7.008799, 61.931337, 42],
          [7.009036, 61.931276, 43.6],
          [7.009293, 61.931194, 43.3],
          [7.00953, 61.931101, 42.6],
          [7.009693, 61.931024, 41.5],
          [7.010058, 61.930826, 39.8],
          [7.010761, 61.930411, 45.7],
          [7.01138, 61.930055, 41],
          [7.012865, 61.929182, 41.8],
          [7.013129, 61.929046, 41.8],
          [7.013418, 61.928927, 41.6],
          [7.013677, 61.928847, 41.6],
          [7.014025, 61.928769, 42],
          [7.0144, 61.928706, 42.6],
          [7.015337, 61.92858, 43.5],
          [7.015636, 61.928525, 43.7],
          [7.015988, 61.928441, 43.6],
          [7.016565, 61.928263, 42.9],
          [7.017139, 61.92806, 41.6],
          [7.017517, 61.927884, 40.6],
          [7.01785, 61.927689, 39.8],
          [7.018186, 61.92743, 37.3],
          [7.018329, 61.927284, 36.1],
          [7.018976, 61.926469, 31.7],
          [7.019153, 61.926275, 31.4],
          [7.019309, 61.926126, 31.3],
          [7.019579, 61.925914, 31.5],
          [7.02078, 61.92511, 33.2],
          [7.021506, 61.924653, 33.4],
          [7.021606, 61.924582, 33.1],
          [7.022185, 61.924173, 31.7],
          [7.022348, 61.924034, 31.4],
          [7.022966, 61.92342, 30.6],
          [7.023222, 61.923214, 30.7],
          [7.023463, 61.923053, 30.9],
          [7.024116, 61.922651, 31.5],
          [7.024252, 61.922555, 31.6],
          [7.024456, 61.922389, 32],
          [7.024664, 61.92218, 32.5],
          [7.025131, 61.921605, 34.7],
          [7.025336, 61.921395, 35.5],
          [7.025581, 61.921196, 36.2],
          [7.02635, 61.92065, 37.9],
          [7.026652, 61.920383, 38.1],
          [7.026866, 61.920138, 38.3],
          [7.027324, 61.919487, 35.9],
          [7.027548, 61.919243, 34.3],
          [7.027661, 61.919142, 33.3],
          [7.027878, 61.918979, 31.8],
          [7.028187, 61.918794, 31.4],
          [7.028407, 61.918685, 31.2],
          [7.028658, 61.91858, 31.3],
          [7.028923, 61.918483, 31.7],
          [7.029205, 61.918395, 32],
          [7.029728, 61.91826, 32.5],
          [7.030999, 61.917984, 33.7],
          [7.031837, 61.917777, 33.5],
          [7.032102, 61.917696, 33.8],
          [7.032652, 61.917476, 34.2],
          [7.032915, 61.917357, 34.4],
          [7.033351, 61.917132, 34.6],
          [7.033807, 61.916851, 34.6],
          [7.035316, 61.91576, 34],
          [7.035683, 61.915456, 34.2],
          [7.036263, 61.914914, 32.6],
          [7.036501, 61.914731, 32.3],
          [7.03666, 61.914628, 32.2],
          [7.037957, 61.91392, 31],
          [7.038789, 61.91348, 30.4],
          [7.039217, 61.913225, 30.9],
          [7.039418, 61.913091, 31],
          [7.039555, 61.912987, 30.7],
          [7.0398, 61.912774, 30.1],
          [7.040371, 61.912209, 30.1],
          [7.040645, 61.91198, 30.2],
          [7.040826, 61.911859, 30.3],
          [7.041134, 61.91169, 30.4],
          [7.041421, 61.911562, 30.4],
          [7.041812, 61.911416, 30.4],
          [7.042341, 61.911268, 30.8],
          [7.042788, 61.911177, 30.9],
          [7.043417, 61.911085, 30.9],
          [7.045489, 61.910852, 31.6],
          [7.04569, 61.91083, 31.7],
          [7.046261, 61.910766, 33],
          [7.046697, 61.910709, 33.1],
          [7.048606, 61.910492, 35],
          [7.049611, 61.910386, 35.7],
          [7.049676, 61.910379, 35.4],
          [7.050311, 61.910305, 35.9],
          [7.051827, 61.91013, 36],
          [7.051859, 61.910127, 36],
          [7.052939, 61.910005, 35.8],
          [7.053251, 61.909967, 36],
          [7.05358, 61.909924, 36],
          [7.054074, 61.909843, 35.4],
          [7.054551, 61.909752, 35.2],
          [7.055044, 61.909632, 34.9],
          [7.05568, 61.909451, 34.9],
          [7.05609, 61.909308, 34.8],
          [7.056386, 61.909194, 34.7],
          [7.057006, 61.90891, 34.2],
          [7.058299, 61.90827, 32.8],
          [7.058907, 61.907949, 31.9],
          [7.059199, 61.907769, 32],
          [7.059386, 61.907617, 31.8],
          [7.06002, 61.906944, 31.4],
          [7.060243, 61.906728, 31.3],
          [7.060396, 61.906604, 31.1],
          [7.060652, 61.906429, 31],
          [7.060863, 61.906311, 30.9],
          [7.061168, 61.906167, 30.8],
          [7.061408, 61.906071, 30.8],
          [7.061724, 61.905957, 31],
          [7.062111, 61.905845, 31.5],
          [7.062234, 61.905818, 31.6],
          [7.062423, 61.905774, 31.8],
          [7.062735, 61.905716, 31.6],
          [7.064918, 61.905398, 31],
          [7.066433, 61.905137, 32],
          [7.067085, 61.905, 31.2],
          [7.068156, 61.904737, 31.5],
          [7.06873, 61.904578, 31.4],
          [7.069932, 61.904165, 31],
          [7.070861, 61.903801, 30.9],
          [7.071707, 61.903484, 30.4],
          [7.072283, 61.90328, 30.6],
          [7.072795, 61.90313, 30.5],
          [7.074156, 61.902751, 31.3],
          [7.075215, 61.902441, 31.4],
          [7.075619, 61.902307, 31.3],
          [7.077293, 61.901667, 31.3],
          [7.078669, 61.901202, 30.9],
          [7.078932, 61.901102, 31],
          [7.079424, 61.90089, 31.1],
          [7.07954, 61.900842, 31.3],
          [7.080413, 61.900426, 31.8],
          [7.081684, 61.899799, 31.7],
          [7.082381, 61.899434, 31.8],
          [7.082705, 61.899242, 31.9],
          [7.083009, 61.899043, 31.9],
          [7.084342, 61.898089, 31.8],
          [7.084666, 61.897897, 32],
          [7.086135, 61.897154, 32.7],
          [7.086663, 61.896904, 32.7],
          [7.086965, 61.896778, 32.7],
          [7.087346, 61.896645, 32.6],
          [7.088555, 61.896304, 32.4],
          [7.088932, 61.896187, 32.3],
          [7.089284, 61.896055, 32.1],
          [7.089527, 61.895945, 31.9],
          [7.089825, 61.895784, 31.7],
          [7.090138, 61.89558, 31.4],
          [7.09036, 61.895411, 31.2],
          [7.090849, 61.895003, 31.1],
          [7.091028, 61.894878, 31.3],
          [7.091161, 61.8948, 31.4],
          [7.09138, 61.894695, 31.6],
          [7.09154, 61.894631, 31.7],
          [7.091795, 61.894548, 32],
          [7.092158, 61.89446, 32.4],
          [7.092445, 61.89441, 32.7],
          [7.092743, 61.894373, 33.1],
          [7.093686, 61.894282, 33.8],
          [7.094097, 61.894245, 34],
          [7.099098, 61.893794, 30.9],
          [7.100395, 61.893662, 31],
          [7.100892, 61.893622, 31.3],
          [7.10142, 61.893606, 31.6],
          [7.101923, 61.893613, 31.9],
          [7.102208, 61.893628, 32],
          [7.102576, 61.893662, 32.2],
          [7.102834, 61.8937, 32.4],
          [7.103088, 61.893747, 32.5],
          [7.103524, 61.89385, 32.1],
          [7.103778, 61.893925, 31.9],
          [7.104025, 61.894013, 31.7],
          [7.104255, 61.894113, 31.5],
          [7.104467, 61.894226, 31.4],
          [7.104666, 61.894352, 31.2],
          [7.104898, 61.894517, 31],
          [7.10526, 61.894806, 30.6],
          [7.106128, 61.895558, 30.7],
          [7.106435, 61.895854, 30.8],
          [7.106598, 61.896034, 30.8],
          [7.106781, 61.896267, 30.8],
          [7.107043, 61.896684, 31.1],
          [7.10747, 61.897422, 33.3],
          [7.107621, 61.897649, 33.4],
          [7.107813, 61.897883, 33.6],
          [7.108133, 61.898206, 33.8],
          [7.108443, 61.898478, 34],
          [7.108719, 61.8987, 34.1],
          [7.109483, 61.899258, 34.6],
          [7.110806, 61.900169, 35.4],
          [7.1123, 61.901164, 36.3],
          [7.113119, 61.901696, 36.7],
          [7.115031, 61.902897, 37.8],
          [7.116661, 61.90388, 38.7],
          [7.117572, 61.904414, 39.2],
          [7.11879, 61.905109, 39.9],
          [7.120983, 61.906323, 41.1],
          [7.121931, 61.906831, 41.6],
          [7.124115, 61.907964, 42.8],
          [7.125957, 61.908885, 43.7],
          [7.127757, 61.909753, 44.6],
          [7.129878, 61.910741, 45.5],
          [7.130367, 61.911004, 45.7],
          [7.130788, 61.911287, 45.9],
          [7.131135, 61.911587, 46.1],
          [7.131309, 61.911766, 46.2],
          [7.131421, 61.911902, 46.3],
          [7.131523, 61.912043, 46.3],
          [7.131634, 61.912233, 46.4],
          [7.13172, 61.912426, 46.5],
          [7.131765, 61.912572, 46.6],
          [7.131814, 61.912871, 46.7],
          [7.131796, 61.913228, 46.9],
          [7.131737, 61.913485, 47],
          [7.131558, 61.914002, 47.2],
          [7.13147, 61.914304, 47.3],
          [7.131421, 61.914604, 47.5],
          [7.131422, 61.914963, 47.6],
          [7.131474, 61.915275, 47.8],
          [7.131519, 61.915432, 47.8],
          [7.131603, 61.915641, 47.9],
          [7.131765, 61.915945, 48.1],
          [7.131894, 61.916137, 48.2],
          [7.132088, 61.916377, 48.4],
          [7.132277, 61.916578, 48.3],
          [7.132715, 61.916949, 47],
          [7.133259, 61.917311, 47],
          [7.133579, 61.9175, 47],
          [7.13422, 61.917804, 47.8],
          [7.134943, 61.918083, 48.5],
          [7.135528, 61.91826, 49.3],
          [7.135799, 61.918327, 50.1],
          [7.136108, 61.918391, 50.7],
          [7.136364, 61.918435, 51],
          [7.136685, 61.918474, 51.4],
          [7.137354, 61.918522, 52],
          [7.138023, 61.918526, 52.2],
          [7.139441, 61.918448, 52],
          [7.140019, 61.918429, 52.4],
          [7.140356, 61.91843, 52.7],
          [7.140685, 61.918447, 53],
          [7.141119, 61.918485, 53.2],
          [7.141595, 61.918546, 53.2],
          [7.143411, 61.918835, 53.3],
          [7.144025, 61.91892, 53.8],
          [7.14468, 61.919001, 54.2],
          [7.145778, 61.919104, 54.5],
          [7.146524, 61.919153, 54],
          [7.147575, 61.919192, 53.8],
          [7.148409, 61.919203, 53.7],
          [7.149246, 61.919193, 53.9],
          [7.14929, 61.919193, 53.8],
          [7.150804, 61.919142, 53.2],
          [7.153833, 61.919014, 53.9],
          [7.158067, 61.918792, 55.1],
          [7.158363, 61.91878, 55.1],
          [7.159442, 61.918767, 55.7],
          [7.160931, 61.918776, 56],
          [7.16262, 61.918821, 57],
          [7.163038, 61.918821, 57.3],
          [7.163758, 61.9188, 57.7],
          [7.164766, 61.918734, 58],
          [7.167291, 61.918472, 59],
          [7.168358, 61.918373, 59.6],
          [7.169572, 61.918284, 60.1],
          [7.172089, 61.918155, 64.8],
          [7.172773, 61.918122, 64.9],
          [7.175695, 61.917982, 64.5],
          [7.176641, 61.917955, 67.2],
          [7.177336, 61.917968, 69.5],
          [7.177605, 61.917984, 70.3],
          [7.177808, 61.918001, 71],
          [7.178053, 61.918032, 71.8],
          [7.178461, 61.918095, 72.8],
          [7.178761, 61.918158, 73.4],
          [7.179163, 61.918253, 74.7],
          [7.180026, 61.918498, 77.8],
          [7.180704, 61.918727, 80.5],
          [7.180936, 61.918814, 81.3],
          [7.181484, 61.919046, 83.6],
          [7.181932, 61.919253, 84.8],
          [7.182703, 61.919621, 87.5],
          [7.183084, 61.919813, 88.7],
          [7.183859, 61.920169, 92.3],
          [7.184235, 61.920307, 94],
          [7.184355, 61.920343, 94.5],
          [7.184601, 61.920406, 95.6],
          [7.184846, 61.920457, 96.7],
          [7.185113, 61.920496, 98],
          [7.185524, 61.920541, 99.5],
          [7.185889, 61.92057, 100.7],
          [7.186557, 61.920594, 102.6],
          [7.187209, 61.920638, 104.3],
          [7.187615, 61.920699, 105.4],
          [7.188011, 61.920778, 106.9],
          [7.188375, 61.920874, 108],
          [7.188931, 61.921046, 109.7],
          [7.189562, 61.921223, 112.2],
          [7.189887, 61.921288, 113.5],
          [7.190162, 61.921332, 114.4],
          [7.190442, 61.921366, 115.4],
          [7.190689, 61.921386, 116.2],
          [7.191065, 61.921402, 117.6],
          [7.191384, 61.921403, 118.7],
          [7.19216, 61.921387, 121.2],
          [7.192706, 61.921386, 122.6],
          [7.193203, 61.921407, 124.1],
          [7.19362, 61.921445, 125.2],
          [7.193911, 61.921482, 125.5],
          [7.195726, 61.921763, 131.1],
          [7.19612, 61.92184, 131.9],
          [7.196246, 61.921871, 132.2],
          [7.196973, 61.92209, 134.1],
          [7.19783, 61.922424, 135.8],
          [7.198382, 61.922605, 137.1],
          [7.198819, 61.922721, 138],
          [7.199267, 61.922812, 138.8],
          [7.200104, 61.922935, 140.3],
          [7.202685, 61.923274, 142.9],
          [7.203843, 61.923442, 143.9],
          [7.205355, 61.92368, 145.2],
          [7.206081, 61.923748, 145.9],
          [7.207085, 61.923814, 146.8],
          [7.208204, 61.923911, 147.9],
          [7.209083, 61.924023, 149.1],
          [7.209542, 61.924091, 149.7],
          [7.209958, 61.924157, 150.2],
          [7.210342, 61.924228, 149.5],
          [7.210765, 61.924311, 149.4],
          [7.211273, 61.924423, 149.7],
          [7.212133, 61.924635, 151.5],
          [7.212899, 61.924848, 152.6],
          [7.21332, 61.924974, 153.1],
          [7.214053, 61.92516, 153.5],
          [7.214689, 61.925277, 153.5],
          [7.215607, 61.925391, 153.4],
          [7.216469, 61.925481, 152.7],
          [7.216884, 61.92554, 152],
          [7.217354, 61.925614, 152.6],
          [7.217829, 61.925707, 153],
          [7.218547, 61.92589, 153.8],
          [7.218989, 61.92602, 154.5],
          [7.219404, 61.926179, 155.2],
          [7.219925, 61.9264, 157],
          [7.220968, 61.926904, 158.5],
          [7.221904, 61.927302, 159.4],
          [7.222291, 61.927442, 159.1],
          [7.224455, 61.928277, 159.6],
          [7.224736, 61.928401, 159.9],
          [7.224985, 61.928529, 160.2],
          [7.225937, 61.929104, 162.2],
          [7.226161, 61.929216, 162.7],
          [7.226742, 61.929465, 164],
          [7.226925, 61.929569, 164.5],
          [7.227087, 61.9297, 165],
          [7.227195, 61.92983, 165.4],
          [7.227253, 61.929946, 165.7],
          [7.227295, 61.930105, 166],
          [7.227321, 61.930416, 165.8],
          [7.227337, 61.930488, 167],
          [7.227383, 61.930592, 167.2],
          [7.227468, 61.930699, 167.3],
          [7.227593, 61.9308, 167.1],
          [7.228169, 61.931162, 168.4],
          [7.22829, 61.931261, 168.9],
          [7.228351, 61.931335, 169.3],
          [7.228414, 61.931444, 169.8],
          [7.228445, 61.93154, 170.3],
          [7.228441, 61.931655, 171],
          [7.228375, 61.931793, 171.8],
          [7.228288, 61.9319, 172.5],
          [7.227978, 61.932214, 174.9],
          [7.227909, 61.932312, 175.6],
          [7.22786, 61.932476, 176.9],
          [7.227869, 61.932575, 177.7],
          [7.227914, 61.932685, 178.5],
          [7.228016, 61.932828, 179.8],
          [7.228156, 61.932947, 180.9],
          [7.228351, 61.933062, 182],
          [7.228606, 61.933163, 183.4],
          [7.228737, 61.933196, 184.1],
          [7.228854, 61.933223, 184.6],
          [7.22919, 61.933263, 186.5],
          [7.229546, 61.933273, 188.2],
          [7.230006, 61.933265, 190.4],
          [7.230488, 61.93328, 192.6],
          [7.234082, 61.933719, 208.8],
          [7.234628, 61.933796, 209.2],
          [7.234836, 61.933865, 210.2],
          [7.234952, 61.933942, 210.9],
          [7.234998, 61.934032, 211.6],
          [7.23496, 61.934123, 212.1],
          [7.234918, 61.934159, 212.2],
          [7.234785, 61.934222, 212.7],
          [7.234592, 61.934276, 213.1],
          [7.234232, 61.934336, 214],
          [7.232629, 61.934558, 217.7],
          [7.232386, 61.934607, 218.5],
          [7.232228, 61.934655, 219.1],
          [7.232141, 61.934698, 219.5],
          [7.232078, 61.934745, 219.8],
          [7.232051, 61.934793, 220.2],
          [7.232042, 61.934849, 220.5],
          [7.232068, 61.934915, 221],
          [7.232141, 61.934978, 221.5],
          [7.232246, 61.935023, 221.9],
          [7.232379, 61.935053, 222.3],
          [7.232511, 61.935065, 222.7],
          [7.232701, 61.935053, 223.2],
          [7.232838, 61.935029, 223.6],
          [7.233303, 61.934891, 224.8],
          [7.233686, 61.93481, 225.6],
          [7.234005, 61.934769, 226.3],
          [7.234148, 61.93476, 226.7],
          [7.234473, 61.934757, 227.5],
          [7.234633, 61.934766, 227.9],
          [7.234893, 61.934797, 228.6],
          [7.23504, 61.934822, 229],
          [7.235539, 61.934948, 230.7],
          [7.236134, 61.935124, 233.2],
          [7.236371, 61.935184, 234],
          [7.236505, 61.935213, 234.4],
          [7.23688, 61.935274, 235.6],
          [7.239921, 61.935566, 237.7],
          [7.240323, 61.935606, 240.6],
          [7.240604, 61.935642, 244.4],
          [7.240968, 61.935709, 252.4],
          [7.241853, 61.935928, 246.5],
          [7.242221, 61.935984, 248.6],
          [7.242588, 61.936019, 250.8],
          [7.24339, 61.936043, 253.4],
          [7.24385, 61.936071, 255.5],
          [7.244571, 61.936165, 257.7],
          [7.244737, 61.936184, 256.9],
          [7.244864, 61.936188, 253.8],
          [7.245043, 61.93618, 259.2],
          [7.245218, 61.936124, 264.4],
          [7.245309, 61.936057, 267.5],
          [7.245353, 61.935967, 270.4],
          [7.245348, 61.935916, 271.9],
          [7.245278, 61.935832, 275.9],
          [7.245213, 61.935797, 277.2],
          [7.245096, 61.935757, 279.7],
          [7.244435, 61.935598, 281.2],
          [7.243635, 61.935446, 282.5],
          [7.243149, 61.935339, 283.8],
          [7.242884, 61.935265, 284.4],
          [7.242681, 61.935191, 285.1],
          [7.242385, 61.935068, 285.7],
          [7.242109, 61.934906, 286.2],
          [7.241959, 61.934801, 286.5],
          [7.241745, 61.934583, 287.1],
          [7.241641, 61.934411, 287.6],
          [7.24163, 61.934339, 287.7],
          [7.241644, 61.934281, 287.9],
          [7.241684, 61.934219, 288],
          [7.24176, 61.93416, 288.2],
          [7.241846, 61.934125, 288.4],
          [7.241954, 61.9341, 288.7],
          [7.242078, 61.934091, 289.4],
          [7.242209, 61.934101, 290.1],
          [7.242307, 61.934122, 290.6],
          [7.242433, 61.934176, 291.2],
          [7.242521, 61.934232, 292.6],
          [7.242882, 61.934574, 295.4],
          [7.243102, 61.934752, 297.1],
          [7.243233, 61.934841, 297.9],
          [7.243565, 61.934993, 299],
          [7.243729, 61.935051, 299.5],
          [7.243917, 61.935103, 300.3],
          [7.244181, 61.935162, 301.5],
          [7.244444, 61.935205, 302.6],
          [7.244832, 61.935257, 303.7],
          [7.245244, 61.935293, 305.9],
          [7.245586, 61.935312, 308.6],
          [7.246063, 61.935325, 310.5],
          [7.246539, 61.935322, 311.4],
          [7.246837, 61.935309, 311.9],
          [7.247554, 61.935249, 313.6],
          [7.248002, 61.935186, 315.4],
          [7.248803, 61.935023, 319.3],
          [7.249313, 61.934885, 321],
          [7.249663, 61.934781, 322.2],
          [7.250004, 61.934661, 323.6],
          [7.250335, 61.934531, 324.9],
          [7.250743, 61.934346, 326.4],
          [7.251179, 61.934122, 328.1],
          [7.251344, 61.934047, 328.8],
          [7.251549, 61.933982, 329.4],
          [7.251645, 61.933972, 329.7],
          [7.251763, 61.933973, 330],
          [7.251867, 61.933986, 330.3],
          [7.25193, 61.934001, 330.4],
          [7.251997, 61.934029, 330.6],
          [7.252052, 61.934064, 330.8],
          [7.252086, 61.934109, 331],
          [7.252096, 61.934168, 331.3],
          [7.252024, 61.93426, 332],
          [7.251936, 61.934307, 332.7],
          [7.251491, 61.934476, 334.8],
          [7.250699, 61.93475, 336.9],
          [7.250179, 61.934945, 339.6],
          [7.249864, 61.935078, 341.4],
          [7.249688, 61.935177, 342.7],
          [7.249614, 61.935231, 343.4],
          [7.249507, 61.935328, 344.7],
          [7.249423, 61.935427, 346],
          [7.249356, 61.935546, 347.4],
          [7.249308, 61.935707, 349.3],
          [7.249295, 61.935928, 351.9],
          [7.24942, 61.936629, 356.7],
          [7.249466, 61.936739, 357.6],
          [7.249516, 61.93681, 358.7],
          [7.249568, 61.936861, 359.6],
          [7.249651, 61.936902, 360.4],
          [7.249739, 61.936929, 360.9],
          [7.249874, 61.936948, 361.5],
          [7.249992, 61.936943, 362],
          [7.250089, 61.936924, 362.5],
          [7.25017, 61.936894, 363],
          [7.250225, 61.936857, 363.6],
          [7.250273, 61.936802, 364.4],
          [7.250283, 61.936719, 365.9],
          [7.250271, 61.936635, 367.4],
          [7.250112, 61.936277, 367],
          [7.250071, 61.936095, 366.9],
          [7.250089, 61.93591, 367.2],
          [7.250133, 61.935816, 368],
          [7.250206, 61.935713, 368.3],
          [7.250371, 61.935571, 368.7],
          [7.250511, 61.935481, 368.9],
          [7.250672, 61.935402, 369.4],
          [7.250827, 61.935343, 369.9],
          [7.251228, 61.935229, 371.2],
          [7.251533, 61.93516, 371.9],
          [7.25183, 61.935104, 372.6],
          [7.25217, 61.935056, 373.4],
          [7.252449, 61.935031, 374.2],
          [7.25307, 61.935001, 376.3],
          [7.253287, 61.935004, 377],
          [7.253495, 61.935011, 377.7],
          [7.253643, 61.935038, 378.2],
          [7.253749, 61.93508, 378.6],
          [7.253824, 61.935132, 379],
          [7.253854, 61.935198, 379.5],
          [7.253842, 61.935256, 379.9],
          [7.25379, 61.935308, 380.3],
          [7.253694, 61.935355, 380.7],
          [7.253596, 61.935382, 381],
          [7.253476, 61.935401, 381.3],
          [7.253327, 61.935409, 381.7],
          [7.252594, 61.935419, 383.7],
          [7.252264, 61.935449, 384.5],
          [7.252093, 61.93548, 385],
          [7.251961, 61.935515, 385.4],
          [7.251795, 61.935575, 385.9],
          [7.251694, 61.935623, 386.3],
          [7.251567, 61.935698, 386.9],
          [7.251473, 61.935766, 387.5],
          [7.251406, 61.935832, 388],
          [7.251324, 61.935968, 389.2],
          [7.251302, 61.93606, 390.1],
          [7.251301, 61.936203, 391.5],
          [7.251372, 61.936736, 396.1],
          [7.251353, 61.936882, 397.3],
          [7.251266, 61.937235, 400.1],
          [7.251267, 61.937295, 400.6],
          [7.251331, 61.937415, 401.5],
          [7.251384, 61.937454, 401.8],
          [7.251473, 61.937486, 402.1],
          [7.251558, 61.937505, 402.4],
          [7.251673, 61.937516, 402.8],
          [7.25179, 61.937509, 403.1],
          [7.251885, 61.937489, 403.4],
          [7.251965, 61.93746, 403.6],
          [7.252037, 61.937417, 403.9],
          [7.252083, 61.937373, 404.2],
          [7.252111, 61.937308, 404.5],
          [7.252198, 61.937001, 406],
          [7.252287, 61.936821, 406.7],
          [7.252361, 61.936732, 407.1],
          [7.252449, 61.936651, 407.5],
          [7.252563, 61.936571, 407.9],
          [7.252866, 61.936423, 408.9],
          [7.253019, 61.936372, 409.4],
          [7.253233, 61.936316, 410],
          [7.253436, 61.936274, 410.6],
          [7.253664, 61.93624, 411.2],
          [7.254043, 61.936216, 412.5],
          [7.254414, 61.936231, 413.7],
          [7.254619, 61.936253, 414.4],
          [7.255319, 61.936365, 416.9],
          [7.256002, 61.936488, 419.5],
          [7.256259, 61.936526, 420.6],
          [7.256655, 61.936567, 422.3],
          [7.256939, 61.936586, 423.6],
          [7.257269, 61.936592, 425],
          [7.257772, 61.936583, 427.1],
          [7.258411, 61.936589, 429.7],
          [7.25869, 61.9366, 430.9],
          [7.259142, 61.936645, 432.7],
          [7.259472, 61.936718, 433.7],
          [7.259653, 61.936771, 434.4],
          [7.259966, 61.936905, 438.1],
          [7.260304, 61.937096, 441.1],
          [7.260543, 61.937211, 442.5],
          [7.260732, 61.937262, 442.7],
          [7.260917, 61.937286, 442.4],
          [7.261279, 61.937299, 445.6],
          [7.26162, 61.937295, 447.6],
          [7.261829, 61.937279, 448.5],
          [7.262208, 61.937223, 449.9],
          [7.262563, 61.937145, 451.4],
          [7.26284, 61.937074, 452.6],
          [7.263292, 61.936937, 454.4],
          [7.264135, 61.936596, 458.2],
          [7.264398, 61.936514, 459.2],
          [7.26463, 61.936483, 459.9],
          [7.264732, 61.936488, 460.2],
          [7.264828, 61.936506, 460.5],
          [7.264901, 61.936536, 460.8],
          [7.264975, 61.936582, 461.2],
          [7.264999, 61.936637, 461.6],
          [7.264981, 61.936703, 462.1],
          [7.264924, 61.936762, 462.7],
          [7.264816, 61.936824, 463.3],
          [7.264706, 61.936873, 463.5],
          [7.264061, 61.937064, 464.1],
          [7.263712, 61.937181, 464.5],
          [7.263426, 61.937306, 465.8],
          [7.263169, 61.937458, 467.3],
          [7.262963, 61.937612, 468.6],
          [7.262834, 61.937747, 469.4],
          [7.262521, 61.938185, 469],
          [7.262326, 61.938439, 467.9],
          [7.262115, 61.938686, 466.8],
          [7.260524, 61.940284, 476.3],
          [7.26017, 61.940703, 478.6],
          [7.260008, 61.940938, 479.8],
          [7.259698, 61.941473, 482.4],
          [7.25946, 61.942101, 485.1],
          [7.259386, 61.942365, 486.1],
          [7.259337, 61.942659, 487.3],
          [7.259311, 61.943173, 489.2],
          [7.259338, 61.943508, 490.4],
          [7.259393, 61.94385, 491.6],
          [7.259547, 61.944328, 493.1],
          [7.260659, 61.94689, 501.6],
          [7.260805, 61.947296, 503.1],
          [7.260976, 61.947874, 505.1],
          [7.261147, 61.948577, 507.5],
          [7.261313, 61.949477, 510.7],
          [7.261384, 61.950023, 512.5],
          [7.261456, 61.951096, 516.2],
          [7.261428, 61.952179, 519.8],
          [7.261385, 61.952709, 521.5],
          [7.261253, 61.953612, 524.5],
          [7.261182, 61.953963, 525.7],
          [7.261057, 61.954321, 527],
          [7.260705, 61.95502, 529.6],
          [7.260208, 61.955697, 532.5],
          [7.259909, 61.956035, 534.1],
          [7.259585, 61.956351, 535.7],
          [7.259215, 61.956665, 537.4],
          [7.258795, 61.956974, 539.2],
          [7.258355, 61.957277, 541.1],
          [7.257898, 61.957555, 543.1],
          [7.257401, 61.957838, 545.2],
          [7.256871, 61.958097, 547.4],
          [7.255738, 61.958588, 552.1],
          [7.253833, 61.95938, 560.4],
          [7.253648, 61.95947, 561.2],
          [7.252902, 61.959871, 564.8],
          [7.252818, 61.959927, 562.8],
          [7.252512, 61.960167, 561.4],
          [7.252298, 61.960393, 561.4],
          [7.252186, 61.960542, 561.6],
          [7.252036, 61.960795, 562.4],
          [7.251936, 61.961033, 563.5],
          [7.251887, 61.961244, 564.5],
          [7.251883, 61.961568, 566.5],
          [7.251942, 61.961819, 568.1],
          [7.252043, 61.96206, 569.7],
          [7.252123, 61.962194, 570.6],
          [7.25229, 61.962423, 572.4],
          [7.252648, 61.962788, 575.6],
          [7.252892, 61.963009, 578.4],
          [7.253291, 61.963321, 581.2],
          [7.25402, 61.96386, 586],
          [7.254356, 61.964149, 588.6],
          [7.254614, 61.964425, 590.6],
          [7.254747, 61.964599, 591.9],
          [7.25485, 61.964777, 593],
          [7.254919, 61.964959, 593.7],
          [7.25494, 61.965266, 594.5],
          [7.254909, 61.965438, 592.7],
          [7.254814, 61.965644, 594.2],
          [7.254691, 61.965819, 595.5],
          [7.254516, 61.966, 597.2],
          [7.254305, 61.966167, 598.9],
          [7.254041, 61.966331, 603.5],
          [7.253885, 61.966414, 604.7],
          [7.253539, 61.966563, 606.8],
          [7.253101, 61.966701, 609.1],
          [7.252478, 61.966847, 612.7],
          [7.251252, 61.96704, 618.1],
          [7.250582, 61.967168, 621.2],
          [7.250228, 61.967251, 622.5],
          [7.24998, 61.967325, 624],
          [7.249548, 61.967479, 626.4],
          [7.249082, 61.967685, 629.1],
          [7.248823, 61.967818, 630.6],
          [7.248389, 61.968069, 633.2],
          [7.247926, 61.968386, 636.1],
          [7.24751, 61.968715, 638.8],
          [7.247327, 61.968885, 640],
          [7.246998, 61.969237, 642.4],
          [7.246785, 61.969507, 644.1],
          [7.246593, 61.969804, 645.9],
          [7.246422, 61.970118, 647.6],
          [7.246315, 61.970399, 649.1],
          [7.246283, 61.970577, 650],
          [7.246284, 61.970802, 651.2],
          [7.246327, 61.971014, 652.4],
          [7.246375, 61.971136, 652.8],
          [7.246546, 61.971366, 653.6],
          [7.246848, 61.971714, 655],
          [7.247125, 61.971981, 656.1],
          [7.247445, 61.972221, 657.3],
          [7.247753, 61.972413, 658.4],
          [7.248159, 61.972625, 659.8],
          [7.24853, 61.972787, 660.9],
          [7.248909, 61.972931, 662.1],
          [7.249298, 61.973061, 663.3],
          [7.249767, 61.973204, 664.8],
          [7.25019, 61.973321, 666.1],
          [7.254781, 61.974497, 680.3],
          [7.259154, 61.975606, 694.1],
          [7.259741, 61.975762, 696],
          [7.26122, 61.976196, 700.7],
          [7.262536, 61.976602, 704.9],
          [7.263244, 61.976842, 707.2],
          [7.264271, 61.977205, 710.5],
          [7.265601, 61.977712, 714.9],
          [7.266334, 61.978012, 717.3],
          [7.267158, 61.978369, 720.1],
          [7.276193, 61.982531, 750.2],
          [7.279801, 61.984203, 762],
          [7.280759, 61.984644, 765.1],
          [7.281482, 61.984962, 767.4],
          [7.282012, 61.985172, 769.1],
          [7.28248, 61.985345, 770.5],
          [7.283373, 61.985642, 773.3],
          [7.284058, 61.985844, 775.4],
          [7.284498, 61.985963, 776.7],
          [7.285595, 61.986228, 780],
          [7.286447, 61.986401, 782.6],
          [7.287314, 61.986552, 785.1],
          [7.288419, 61.986709, 788.4],
          [7.289502, 61.98683, 791.6],
          [7.290549, 61.986914, 794.7],
          [7.291718, 61.986972, 798.2],
          [7.292729, 61.986987, 801.1],
          [7.293698, 61.986978, 804],
          [7.294667, 61.986946, 806.9],
          [7.295529, 61.986893, 809.5],
          [7.296278, 61.986828, 811.7],
          [7.297336, 61.98671, 814.9],
          [7.298384, 61.986562, 818],
          [7.299052, 61.98645, 820.1],
          [7.300881, 61.986105, 825.7],
          [7.30136, 61.986021, 827.1],
          [7.30182, 61.985953, 828.5],
          [7.302395, 61.985896, 830.3],
          [7.302762, 61.985881, 831.4],
          [7.303281, 61.985886, 833],
          [7.304082, 61.985911, 835.5],
          [7.30451, 61.985931, 834.1],
          [7.305199, 61.985992, 835.3],
          [7.305523, 61.986034, 835.9],
          [7.305907, 61.986098, 836.6],
          [7.306529, 61.986233, 838],
          [7.307012, 61.986362, 839.1],
          [7.307587, 61.986553, 840.7],
          [7.307895, 61.986668, 841.7],
          [7.308113, 61.986753, 842.4],
          [7.308482, 61.986916, 843.7],
          [7.309057, 61.987221, 846],
          [7.309565, 61.987531, 848.4],
          [7.309918, 61.987789, 850.3],
          [7.310118, 61.987962, 851.6],
          [7.310327, 61.988169, 853.4],
          [7.310447, 61.988312, 855.2],
          [7.310727, 61.988667, 858],
          [7.310868, 61.988882, 859.7],
          [7.311516, 61.990022, 868],
          [7.311776, 61.990544, 870.1],
          [7.312316, 61.991553, 875.2],
          [7.312644, 61.992066, 875.4],
          [7.312755, 61.992213, 875],
          [7.313087, 61.992602, 879.2],
          [7.313247, 61.992761, 880.2],
          [7.313664, 61.993133, 882.5],
          [7.313893, 61.993309, 883.1],
          [7.314174, 61.993506, 884.3],
          [7.31456, 61.99373, 884.6],
          [7.315192, 61.994048, 885],
          [7.31557, 61.994204, 885.2],
          [7.316042, 61.994381, 885.5],
          [7.316711, 61.994611, 885.9],
          [7.317439, 61.994849, 886.4],
          [7.31828, 61.995103, 886.9],
          [7.319115, 61.995323, 887.4],
          [7.320369, 61.995626, 888.1],
          [7.321834, 61.995935, 889],
          [7.322793, 61.996117, 889.6],
          [7.323719, 61.996274, 890.1],
          [7.324686, 61.996423, 890.7],
          [7.325866, 61.996583, 891.4],
          [7.326938, 61.996705, 892],
          [7.327705, 61.996783, 892.5],
          [7.328802, 61.996877, 893.1],
          [7.330148, 61.996965, 893.9],
          [7.331271, 61.997015, 894.5],
          [7.332826, 61.99705, 895.4],
          [7.336096, 61.997064, 897.3],
          [7.348207, 61.997086, 904.3],
          [7.349934, 61.997105, 905.3],
          [7.351315, 61.997154, 906.1],
          [7.35225, 61.997218, 906.6],
          [7.35266, 61.997251, 906.9],
          [7.353274, 61.997314, 907.2],
          [7.353669, 61.997362, 907.4],
          [7.354395, 61.997464, 907.9],
          [7.355162, 61.997593, 908.3],
          [7.355731, 61.997704, 908.6],
          [7.35648, 61.997863, 909.1],
          [7.357328, 61.998062, 909.6],
          [7.358828, 61.998444, 910.5],
          [7.361206, 61.999072, 911.9],
          [7.363289, 61.999639, 913.2],
          [7.364459, 61.999966, 913.9],
          [7.367011, 62.0007, 915.4],
          [7.369689, 62.001495, 917.1],
          [7.372146, 62.002252, 918.6],
          [7.375834, 62.003431, 920.8],
          [7.378136, 62.0042, 922.2],
          [7.380795, 62.005124, 923.9],
          [7.382601, 62.005765, 925],
          [7.383928, 62.006247, 925.8],
          [7.384643, 62.006517, 926.3],
          [7.385335, 62.006793, 926.7],
          [7.386016, 62.007085, 927.1],
          [7.386906, 62.007501, 927.7],
          [7.387452, 62.007772, 928],
          [7.387827, 62.007967, 928.3],
          [7.389239, 62.008736, 929.2],
          [7.390585, 62.009499, 930.1],
          [7.392318, 62.01074, 929.9],
          [7.393508, 62.011569, 929],
          [7.394201, 62.012002, 928.5],
          [7.394489, 62.012161, 928.4],
          [7.394767, 62.012304, 928.4],
          [7.395371, 62.012594, 928.3],
          [7.395857, 62.012789, 928.5],
          [7.396202, 62.012916, 928.6],
          [7.396974, 62.013155, 929],
          [7.397361, 62.013258, 929.3],
          [7.39788, 62.013384, 929.7],
          [7.398758, 62.01356, 930],
          [7.399749, 62.013728, 930.1],
          [7.400141, 62.013787, 930.2],
          [7.401608, 62.013987, 930.7],
          [7.404688, 62.014385, 930.6],
          [7.406521, 62.014608, 929.3],
          [7.409099, 62.014901, 928.1],
          [7.412101, 62.015216, 927],
          [7.414385, 62.015434, 925.5],
          [7.419056, 62.015849, 925.6],
          [7.420468, 62.015988, 925.4],
          [7.421881, 62.016144, 925.7],
          [7.423196, 62.016311, 925.8],
          [7.42496, 62.01657, 925.8],
          [7.425998, 62.016745, 926.1],
          [7.426823, 62.016896, 926.1],
          [7.427658, 62.017058, 925.9],
          [7.428355, 62.017202, 925.6],
          [7.431855, 62.017949, 925.8],
          [7.433868, 62.018353, 925.4],
          [7.435834, 62.018718, 924.4],
          [7.438222, 62.019118, 925],
          [7.439625, 62.019336, 924.8],
          [7.441137, 62.019553, 924.3],
          [7.443413, 62.019851, 923.7],
          [7.444967, 62.020034, 923.8],
          [7.449282, 62.020493, 924.3],
          [7.451002, 62.020687, 924.5],
          [7.452209, 62.020837, 924.5],
          [7.453226, 62.020974, 924.5],
          [7.454981, 62.021233, 924.5],
          [7.456304, 62.021449, 924.3],
          [7.457653, 62.021685, 925],
          [7.458773, 62.021896, 925.2],
          [7.459955, 62.022132, 925],
          [7.462035, 62.022575, 925.6],
          [7.469398, 62.024165, 927.4],
          [7.470957, 62.024495, 927.5],
          [7.472637, 62.024838, 926.7],
          [7.474095, 62.025113, 926.4],
          [7.47507, 62.025288, 926.2],
          [7.47637, 62.025503, 925.6],
          [7.477625, 62.02569, 926],
          [7.478839, 62.025849, 925.6],
          [7.480062, 62.025986, 925.4],
          [7.480743, 62.026052, 925.1],
          [7.48168, 62.026134, 924.6],
          [7.482855, 62.026217, 924.1],
          [7.484256, 62.026295, 923.4],
          [7.485196, 62.026333, 923.1],
          [7.488, 62.026427, 922.8],
          [7.489322, 62.026487, 922.3],
          [7.490295, 62.026542, 921.8],
          [7.491135, 62.0266, 921.1],
          [7.494258, 62.026839, 917.6],
          [7.495502, 62.026903, 916.4],
          [7.496326, 62.026928, 915.8],
          [7.496851, 62.026935, 915.3],
          [7.497813, 62.02693, 914.5],
          [7.499135, 62.026891, 913.5],
          [7.500086, 62.026848, 913],
          [7.50296, 62.026673, 911.1],
          [7.504889, 62.026573, 910.3],
          [7.505674, 62.026543, 909.7],
          [7.50692, 62.026512, 908.8],
          [7.507931, 62.026502, 908.5],
          [7.509563, 62.026509, 907.6],
          [7.511053, 62.026546, 907],
          [7.513017, 62.026633, 906.2],
          [7.515883, 62.026787, 904.5],
          [7.516681, 62.026815, 904.4],
          [7.517352, 62.02683, 904.5],
          [7.518485, 62.026841, 905],
          [7.519377, 62.026833, 905.1],
          [7.523384, 62.026751, 909],
          [7.524729, 62.026756, 909.4],
          [7.525373, 62.026772, 909.6],
          [7.526199, 62.026805, 909.9],
          [7.527176, 62.026864, 909.8],
          [7.528117, 62.026942, 909.4],
          [7.529005, 62.027036, 909],
          [7.530599, 62.027242, 909.3],
          [7.532623, 62.027522, 908.7],
          [7.533494, 62.027623, 908],
          [7.534083, 62.027674, 907.7],
          [7.534866, 62.027719, 907.4],
          [7.535541, 62.027739, 907.4],
          [7.53668, 62.027745, 907.8],
          [7.538395, 62.027735, 909.2],
          [7.539448, 62.027752, 910.5],
          [7.540148, 62.027785, 911.6],
          [7.540735, 62.027832, 912.4],
          [7.541667, 62.027946, 913.6],
          [7.542221, 62.028035, 914],
          [7.542966, 62.028187, 914.3],
          [7.543496, 62.028315, 914.3],
          [7.544189, 62.028517, 914.1],
          [7.544627, 62.028665, 913.8],
          [7.545245, 62.028901, 913],
          [7.545731, 62.029107, 912.2],
          [7.547998, 62.030141, 909.1],
          [7.54847, 62.030338, 908.6],
          [7.549157, 62.030588, 907.7],
          [7.549808, 62.030789, 906.3],
          [7.550174, 62.030887, 905.4],
          [7.550528, 62.03097, 904.6],
          [7.551188, 62.031096, 903.5],
          [7.551963, 62.031203, 902.4],
          [7.552587, 62.031259, 901.6],
          [7.553128, 62.031289, 901],
          [7.553402, 62.031296, 900.8],
          [7.554247, 62.031291, 900.1],
          [7.554837, 62.03126, 899.9],
          [7.555247, 62.031226, 899.9],
          [7.555644, 62.031184, 899.9],
          [7.556044, 62.03113, 900],
          [7.556461, 62.031061, 900],
          [7.557155, 62.030916, 900.1],
          [7.557704, 62.030773, 900.1],
          [7.55797, 62.030693, 900.1],
          [7.558338, 62.030569, 900.2],
          [7.55888, 62.030357, 900.6],
          [7.559385, 62.030119, 901.1],
          [7.559904, 62.029835, 902.4],
          [7.560282, 62.029603, 903.1],
          [7.561558, 62.028723, 904.7],
          [7.562244, 62.028263, 905.5],
          [7.562943, 62.027836, 906.5],
          [7.563164, 62.027712, 906.9],
          [7.56367, 62.027452, 907.4],
          [7.564416, 62.027107, 907.7],
          [7.565171, 62.026804, 907],
          [7.565584, 62.026655, 906.8],
          [7.566123, 62.026473, 906.5],
          [7.566977, 62.026219, 906.7],
          [7.567731, 62.026023, 907],
          [7.568707, 62.025807, 907],
          [7.569536, 62.025647, 906.7],
          [7.5715, 62.025302, 904.8],
          [7.572297, 62.025147, 903.8],
          [7.572661, 62.025066, 903.4],
          [7.573129, 62.024948, 902.6],
          [7.573528, 62.024834, 902.8],
          [7.573871, 62.024723, 903.5],
          [7.574219, 62.024596, 904.4],
          [7.574619, 62.024427, 904.3],
          [7.57488, 62.024305, 904.2],
          [7.575248, 62.024112, 904.3],
          [7.575624, 62.023888, 904.5],
          [7.57698, 62.023011, 906.4],
          [7.577386, 62.022773, 906.7],
          [7.577812, 62.022548, 906.8],
          [7.578162, 62.022381, 906.7],
          [7.578626, 62.022183, 906.8],
          [7.579207, 62.02196, 907],
          [7.579767, 62.021774, 907.3],
          [7.58013, 62.021664, 907.3],
          [7.580752, 62.021499, 907],
          [7.58131, 62.021369, 907],
          [7.581957, 62.02124, 906.8],
          [7.582571, 62.021136, 906.7],
          [7.583077, 62.021065, 906.4],
          [7.583683, 62.020993, 906],
          [7.584321, 62.020937, 906.1],
          [7.585247, 62.020886, 906.9],
          [7.585979, 62.020872, 907.8],
          [7.586447, 62.020876, 908.4],
          [7.58761, 62.020907, 909.1],
          [7.590312, 62.021029, 908.7],
          [7.591056, 62.021042, 908.4],
          [7.591678, 62.021039, 908.1],
          [7.592498, 62.021007, 907.9],
          [7.593401, 62.020936, 908.6],
          [7.594039, 62.020863, 909.2],
          [7.594737, 62.020757, 910.2],
          [7.595386, 62.020635, 911.1],
          [7.59617, 62.020461, 911.8],
          [7.596962, 62.020255, 912.6],
          [7.599391, 62.019605, 914],
          [7.600294, 62.019381, 914.4],
          [7.601176, 62.019177, 914.7],
          [7.601865, 62.019031, 915.1],
          [7.603041, 62.018804, 915.5],
          [7.606544, 62.018184, 915.7],
          [7.607263, 62.018039, 915.4],
          [7.608178, 62.017832, 915.1],
          [7.609039, 62.017606, 915.2],
          [7.609737, 62.017405, 915.3],
          [7.612568, 62.016517, 915.3],
          [7.613309, 62.016299, 914.9],
          [7.613907, 62.016135, 914.7],
          [7.614972, 62.015882, 914.4],
          [7.615674, 62.015739, 914.4],
          [7.616175, 62.015651, 914.3],
          [7.616902, 62.015534, 914.2],
          [7.617432, 62.015458, 914],
          [7.617947, 62.015397, 913.9],
          [7.618748, 62.015314, 913.8],
          [7.621053, 62.015124, 914],
          [7.622568, 62.014991, 913.4],
          [7.623096, 62.014931, 913.1],
          [7.623811, 62.014838, 912.5],
          [7.624429, 62.014742, 912.1],
          [7.625068, 62.014629, 912],
          [7.625766, 62.014489, 912],
          [7.626794, 62.014269, 912],
          [7.628057, 62.013988, 909.9],
          [7.628968, 62.013798, 909.6],
          [7.629535, 62.01369, 908.8],
          [7.630366, 62.013571, 908.4],
          [7.630992, 62.01351, 906.3],
          [7.631671, 62.013465, 904.6],
          [7.63205, 62.01345, 903.7],
          [7.63291, 62.013441, 901.5],
          [7.633649, 62.013458, 899.5],
          [7.634292, 62.013492, 897.7],
          [7.634747, 62.01353, 896.3],
          [7.635463, 62.013609, 894.9],
          [7.63898, 62.014038, 887.2],
          [7.646578, 62.014959, 886.8],
          [7.648339, 62.015163, 885.6],
          [7.648782, 62.015208, 885.3],
          [7.649676, 62.015283, 885.1],
          [7.650131, 62.015312, 885.1],
          [7.651037, 62.015352, 884.9],
          [7.652393, 62.015384, 884.3],
          [7.653307, 62.015379, 883.5],
          [7.654202, 62.015355, 882.3],
          [7.656554, 62.01524, 878.8],
          [7.667111, 62.014685, 871.9],
          [7.667474, 62.014666, 872],
          [7.671682, 62.014438, 872.3],
          [7.672122, 62.014402, 872.3],
          [7.673004, 62.014306, 872.6],
          [7.673441, 62.014247, 872.7],
          [7.673876, 62.014175, 872.8],
          [7.6743, 62.014096, 872.9],
          [7.675121, 62.013914, 872.7],
          [7.675914, 62.013706, 872.1],
          [7.676666, 62.013466, 871.9],
          [7.677374, 62.013201, 871.9],
          [7.677717, 62.013058, 872.4],
          [7.678201, 62.012836, 871.9],
          [7.678804, 62.012512, 871.5],
          [7.680504, 62.011499, 873.4],
          [7.681181, 62.011117, 876],
          [7.681719, 62.010854, 877.2],
          [7.682057, 62.010708, 877.8],
          [7.682772, 62.010436, 878.3],
          [7.690234, 62.00789, 875.5],
          [7.692076, 62.00727, 874.8],
          [7.69309, 62.006903, 872.8],
          [7.693493, 62.006733, 872.1],
          [7.694014, 62.006484, 871.6],
          [7.694261, 62.006352, 871.3],
          [7.694546, 62.00618, 870.9],
          [7.695183, 62.005743, 869.7],
          [7.696861, 62.004467, 867.5],
          [7.697231, 62.004205, 867.5],
          [7.69746, 62.004061, 867.3],
          [7.697911, 62.003808, 866.7],
          [7.698195, 62.00367, 866.1],
          [7.698711, 62.003446, 864.8],
          [7.699433, 62.003182, 862.9],
          [7.69982, 62.003061, 862],
          [7.700194, 62.002951, 861.2],
          [7.700598, 62.002848, 860.5],
          [7.700998, 62.002758, 859.6],
          [7.701423, 62.002677, 858.7],
          [7.702272, 62.002539, 856.4],
          [7.702696, 62.002483, 855.2],
          [7.703133, 62.002437, 853.9],
          [7.703593, 62.002399, 852.9],
          [7.704267, 62.002358, 851.7],
          [7.705183, 62.002324, 850.8],
          [7.705975, 62.002319, 850],
          [7.718231, 62.00253, 847.3],
          [7.725415, 62.002642, 843],
          [7.726212, 62.002669, 841.7],
          [7.726672, 62.002699, 841.5],
          [7.727102, 62.002738, 841.3],
          [7.727537, 62.002796, 841.2],
          [7.727972, 62.002876, 841.2],
          [7.728374, 62.002969, 841.3],
          [7.728785, 62.003079, 841.2],
          [7.729153, 62.003198, 841],
          [7.729578, 62.003362, 840.7],
          [7.731126, 62.003987, 838.5],
          [7.731629, 62.00417, 838],
          [7.732162, 62.004339, 837.3],
          [7.732358, 62.00439, 837.1],
          [7.732774, 62.004482, 836.5],
          [7.733195, 62.004551, 835.9],
          [7.733851, 62.004627, 835],
          [7.734377, 62.004667, 834.4],
          [7.734833, 62.004691, 833.9],
          [7.735984, 62.004741, 834],
          [7.736768, 62.004785, 833.2],
          [7.737229, 62.004827, 832.6],
          [7.737665, 62.004884, 832],
          [7.738206, 62.004976, 831.3],
          [7.73852, 62.005045, 829.8],
          [7.739172, 62.005221, 827],
          [7.739414, 62.005301, 826.1],
          [7.739847, 62.005465, 824.4],
          [7.740302, 62.00567, 822.9],
          [7.740509, 62.005781, 822.3],
          [7.740876, 62.006005, 821.1],
          [7.742241, 62.007021, 813.6],
          [7.742513, 62.007209, 811.7],
          [7.74288, 62.007427, 809.6],
          [7.743409, 62.007691, 807.1],
          [7.743899, 62.007902, 805.5],
          [7.744421, 62.008083, 804.1],
          [7.745064, 62.00826, 802.6],
          [7.745834, 62.008436, 799.6],
          [7.746279, 62.008516, 798],
          [7.751766, 62.00929, 781.6],
          [7.752652, 62.009429, 778.8],
          [7.753855, 62.009642, 775.1],
          [7.754854, 62.009835, 772.3],
          [7.756089, 62.010096, 768.9],
          [7.75738, 62.010396, 765.2],
          [7.759129, 62.010817, 761.3],
          [7.766996, 62.012741, 752.3],
          [7.768299, 62.013058, 750.9],
          [7.770227, 62.013525, 750.6],
          [7.771272, 62.013753, 750.2],
          [7.772044, 62.013898, 749.9],
          [7.773137, 62.014077, 749.5],
          [7.773724, 62.014161, 749.3],
          [7.774668, 62.014281, 749.1],
          [7.77548, 62.014363, 749.2],
          [7.776573, 62.014456, 748.9],
          [7.778334, 62.014547, 748.8],
          [7.779293, 62.01457, 748.9],
          [7.779751, 62.014574, 749],
          [7.781165, 62.014559, 749.6],
          [7.782741, 62.014527, 750.8],
          [7.783347, 62.014508, 751.3],
          [7.784571, 62.014445, 752.7],
          [7.785121, 62.014425, 753.2],
          [7.787596, 62.014454, 755.1],
          [7.789475, 62.014468, 756.4],
          [7.793578, 62.014471, 758.4],
          [7.794639, 62.01448, 760.1],
          [7.794969, 62.014487, 760.9],
          [7.795319, 62.014504, 761.6],
          [7.796871, 62.014617, 761.6],
          [7.797418, 62.014633, 762.2],
          [7.797769, 62.014635, 762.4],
          [7.798404, 62.014624, 763],
          [7.799194, 62.014582, 764.1],
          [7.799633, 62.01455, 764.6],
          [7.800114, 62.014529, 765.3],
          [7.800438, 62.014523, 764.9],
          [7.801818, 62.014525, 763.7],
          [7.802473, 62.014507, 763.6],
          [7.802796, 62.01449, 763.7],
          [7.803594, 62.014429, 764.1],
          [7.805801, 62.014234, 765.4],
          [7.808436, 62.014013, 765.1],
          [7.809439, 62.013947, 763.9],
          [7.813466, 62.013787, 764],
          [7.814373, 62.013738, 763.7],
          [7.815151, 62.013666, 764],
          [7.815533, 62.013619, 764.3],
          [7.816043, 62.013543, 764.8],
          [7.817227, 62.01334, 765.4],
          [7.817999, 62.013238, 764.9],
          [7.818749, 62.01317, 763.8],
          [7.819241, 62.013141, 762.6],
          [7.82046, 62.013105, 761.5],
          [7.820916, 62.013083, 760.9],
          [7.821744, 62.013016, 759.5],
          [7.822796, 62.012891, 757.5],
          [7.828914, 62.012077, 751.5],
          [7.829952, 62.011948, 750.3],
          [7.830391, 62.011905, 749.8],
          [7.830932, 62.01187, 749.1],
          [7.831806, 62.011837, 747.7],
          [7.83348, 62.011793, 744.6],
          [7.834643, 62.011781, 743.9],
          [7.834953, 62.01179, 743.9],
          [7.835265, 62.011811, 743.8],
          [7.835864, 62.011876, 743.1],
          [7.837202, 62.012082, 741.1],
          [7.837679, 62.012141, 740.9],
          [7.838293, 62.0122, 740.8],
          [7.839739, 62.012309, 740.7],
          [7.840445, 62.012344, 739.8],
          [7.840789, 62.012343, 739.4],
          [7.841142, 62.012324, 739],
          [7.841421, 62.012298, 738.6],
          [7.841908, 62.012224, 738],
          [7.842335, 62.012148, 737.6],
          [7.845359, 62.011562, 735.3],
          [7.845946, 62.011462, 735.6],
          [7.846313, 62.011408, 735.7],
          [7.847022, 62.011334, 735.4],
          [7.847393, 62.011312, 735],
          [7.848307, 62.011275, 733.7],
          [7.848938, 62.011227, 732.5],
          [7.849277, 62.011189, 732],
          [7.850556, 62.010979, 730.6],
          [7.850972, 62.010927, 730.3],
          [7.851385, 62.010897, 729.9],
          [7.852589, 62.01084, 729.2],
          [7.853268, 62.010786, 728.9],
          [7.854034, 62.010701, 728.9],
          [7.857811, 62.010248, 728.2],
          [7.859147, 62.010081, 726.8],
          [7.860065, 62.009951, 726.4],
          [7.860981, 62.009748, 727],
          [7.864373, 62.008845, 724.4],
          [7.864931, 62.008674, 723.4],
          [7.865465, 62.008473, 718.9],
          [7.865934, 62.008273, 714.4],
          [7.866404, 62.008047, 713.4],
          [7.86689, 62.007774, 712.3],
          [7.867175, 62.007594, 715.8],
          [7.867428, 62.00742, 715.3],
          [7.869354, 62.006043, 710],
          [7.869553, 62.005879, 710],
          [7.869751, 62.005762, 709.6],
          [7.870011, 62.005569, 708.7],
          [7.870279, 62.005407, 708],
          [7.870571, 62.005211, 707.2],
          [7.870818, 62.005083, 706.7],
          [7.871253, 62.004815, 705.9],
          [7.871629, 62.004627, 705.5],
          [7.871966, 62.004417, 704.8],
          [7.8722, 62.004292, 704.4],
          [7.872412, 62.004156, 704],
          [7.872636, 62.004028, 703.6],
          [7.872715, 62.003963, 703.5],
          [7.872916, 62.003833, 703.2],
          [7.873076, 62.003697, 702.8],
          [7.87322, 62.00355, 702.4],
          [7.873477, 62.003182, 701.9],
          [7.87372, 62.002906, 701.6],
          [7.87385, 62.002731, 701.5],
          [7.873994, 62.002576, 701.4],
          [7.874078, 62.00252, 701.4],
          [7.874324, 62.002418, 701.4],
          [7.874716, 62.002237, 701.5],
          [7.875435, 62.001935, 701.2],
          [7.875699, 62.001796, 701.1],
          [7.876027, 62.00156, 700.3],
          [7.876153, 62.001446, 699.4],
          [7.876423, 62.001115, 698],
          [7.87668, 62.000854, 697.5],
          [7.876943, 62.000515, 696.7],
          [7.877199, 62.000262, 696.1],
          [7.877457, 61.999912, 694.9],
          [7.877638, 61.999722, 694.4],
          [7.877995, 61.999263, 692.9],
          [7.878707, 61.998432, 693.4],
          [7.878811, 61.998341, 693.1],
          [7.879001, 61.998139, 692.1],
          [7.880322, 61.996595, 690.8],
          [7.880534, 61.996319, 690.2],
          [7.880766, 61.995922, 689.5],
          [7.881109, 61.995104, 689.4],
          [7.881238, 61.994879, 689.6],
          [7.881352, 61.994712, 689.7],
          [7.881514, 61.994539, 689.7],
          [7.881783, 61.994293, 689.3],
          [7.882748, 61.993521, 686.3],
          [7.883054, 61.993204, 685.1],
          [7.883211, 61.992996, 684.4],
          [7.883306, 61.99284, 684],
          [7.883379, 61.992667, 683.5],
          [7.883709, 61.991479, 681.1],
          [7.883742, 61.99133, 681.2],
          [7.883856, 61.99097, 679.6],
          [7.883877, 61.990822, 678.8],
          [7.883969, 61.990441, 677.4],
          [7.884124, 61.990006, 676.1],
          [7.884302, 61.989257, 674.1],
          [7.884541, 61.988471, 672.6],
          [7.884807, 61.987805, 672.5],
          [7.884943, 61.987574, 672.4],
          [7.885004, 61.987428, 672.3],
          [7.885153, 61.987188, 672.1],
          [7.885279, 61.98692, 672],
          [7.885317, 61.986805, 672],
          [7.885367, 61.986714, 672.1],
          [7.885484, 61.986378, 672.3],
          [7.885711, 61.985868, 672.2],
          [7.885869, 61.985431, 671.8],
          [7.885999, 61.985137, 671.2],
          [7.886183, 61.984796, 671.7],
          [7.886305, 61.984527, 671.3],
          [7.886428, 61.984319, 671],
          [7.886982, 61.983544, 669.7],
          [7.887227, 61.983168, 668.9],
          [7.88736, 61.982992, 668.6],
          [7.887796, 61.982352, 668],
          [7.888016, 61.98199, 668.2],
          [7.888255, 61.98156, 668.4],
          [7.888398, 61.981341, 668.5],
          [7.888599, 61.980908, 668.5],
          [7.888663, 61.980725, 668.6],
          [7.888813, 61.980397, 668.8],
          [7.88896, 61.980135, 669.1],
          [7.889258, 61.979385, 669.3],
          [7.889289, 61.979346, 669.3],
          [7.88933, 61.97922, 669.4],
          [7.889408, 61.979064, 669.4],
          [7.889511, 61.978913, 669.8],
          [7.889613, 61.978655, 669.4],
          [7.889683, 61.978529, 669.4],
          [7.889765, 61.978302, 669.3],
          [7.889986, 61.977932, 669],
          [7.890068, 61.977768, 668.9],
          [7.890117, 61.977626, 668.8],
          [7.890286, 61.97728, 668.5],
          [7.890395, 61.977108, 668.4],
          [7.890586, 61.976686, 667.7],
          [7.891104, 61.975707, 665.2],
          [7.89116, 61.975559, 664.8],
          [7.891526, 61.97487, 663.3],
          [7.891647, 61.974598, 662.7],
          [7.891693, 61.974535, 662.6],
          [7.891904, 61.974056, 661.4],
          [7.891958, 61.973899, 660.9],
          [7.892, 61.97373, 660.5],
          [7.892073, 61.973531, 660],
          [7.892119, 61.973302, 659.6],
          [7.892211, 61.973025, 659],
          [7.892396, 61.972716, 658.4],
          [7.892576, 61.972525, 657.6],
          [7.892757, 61.972296, 656.5],
          [7.892893, 61.972047, 655.6],
          [7.892951, 61.971832, 655.2],
          [7.892976, 61.971645, 654.7],
          [7.892976, 61.971348, 653.9],
          [7.892866, 61.971009, 653.2],
          [7.89276, 61.970806, 652.6],
          [7.892526, 61.970202, 650.9],
          [7.89246, 61.97009, 650.7],
          [7.892209, 61.969388, 648.4],
          [7.892152, 61.969098, 647.6],
          [7.892152, 61.96903, 647.4],
          [7.892107, 61.968841, 646.7],
          [7.892032, 61.968161, 644.9],
          [7.892046, 61.967994, 644.4],
          [7.892129, 61.967739, 643.7],
          [7.892265, 61.967492, 642.9],
          [7.892323, 61.967415, 642.6],
          [7.892638, 61.967038, 641.7],
          [7.892821, 61.966867, 641.4],
          [7.892949, 61.966729, 641.1],
          [7.893008, 61.96669, 641],
          [7.893129, 61.966582, 640.8],
          [7.893303, 61.966463, 640.4],
          [7.894109, 61.966035, 639.1],
          [7.894215, 61.96597, 639],
          [7.894576, 61.965718, 638.5],
          [7.89471, 61.965605, 638.4],
          [7.89484, 61.965481, 638.4],
          [7.89486, 61.965431, 638.4],
          [7.895307, 61.964943, 638.9],
          [7.895664, 61.964605, 638.8],
          [7.895753, 61.964492, 638.7],
          [7.895856, 61.964399, 638.6],
          [7.896384, 61.963802, 637.1],
          [7.896468, 61.963681, 636.9],
          [7.896542, 61.963517, 635.9],
          [7.896583, 61.963294, 633.7],
          [7.896584, 61.963165, 632.8],
          [7.89654, 61.962969, 631.2],
          [7.896406, 61.962791, 629.6],
          [7.896327, 61.962637, 628.3],
          [7.896186, 61.962475, 627.1],
          [7.896014, 61.96218, 625.6],
          [7.895956, 61.961978, 624.8],
          [7.895944, 61.961857, 624.5],
          [7.895956, 61.961706, 624.2],
          [7.896001, 61.961539, 624.1],
          [7.896097, 61.961342, 624],
          [7.896222, 61.961185, 624],
          [7.896353, 61.961067, 624.4],
          [7.896425, 61.961021, 624.6],
          [7.896536, 61.960903, 624.2],
          [7.896927, 61.960639, 623.6],
          [7.897198, 61.960479, 622.1],
          [7.89743, 61.960363, 621],
          [7.897617, 61.960246, 620.1],
          [7.898068, 61.959996, 617.2],
          [7.898779, 61.959649, 614.3],
          [7.89897, 61.959542, 613.7],
          [7.89915, 61.95946, 613.2],
          [7.899406, 61.959315, 612.4],
          [7.899644, 61.959207, 612.3],
          [7.900001, 61.959025, 611.3],
          [7.901162, 61.958553, 606.4],
          [7.902632, 61.957999, 601.7],
          [7.903038, 61.957878, 601],
          [7.903856, 61.957686, 600.5],
          [7.904596, 61.957567, 598.4],
          [7.905108, 61.957432, 597.4],
          [7.905589, 61.957268, 596.3],
          [7.906002, 61.957111, 595.5],
          [7.906329, 61.95696, 594.8],
          [7.906799, 61.956765, 593.8],
          [7.907467, 61.956554, 592.7],
          [7.908034, 61.956428, 591.6],
          [7.909081, 61.956235, 589.4],
          [7.909457, 61.956177, 588.9],
          [7.910317, 61.956018, 588.2],
          [7.911328, 61.955795, 587.1],
          [7.911881, 61.95564, 586.7],
          [7.912714, 61.955392, 586.4],
          [7.913665, 61.955075, 586.2],
          [7.914962, 61.954605, 584.5],
          [7.91528, 61.954501, 584],
          [7.916278, 61.954129, 582.8],
          [7.917558, 61.953672, 582.7],
          [7.919083, 61.953152, 582.7],
          [7.920751, 61.952634, 580.4],
          [7.921933, 61.95233, 581.3],
          [7.922529, 61.952207, 581.9],
          [7.923145, 61.952092, 582.3],
          [7.92393, 61.951975, 582.9],
          [7.924597, 61.951867, 583.2],
          [7.925525, 61.951639, 583.3],
          [7.926616, 61.951344, 582.9],
          [7.927215, 61.951213, 582.6],
          [7.92811, 61.951061, 582.3],
          [7.928192, 61.951054, 582.3],
          [7.928949, 61.950911, 582.2],
          [7.929539, 61.950753, 582.1],
          [7.929968, 61.950594, 582.3],
          [7.930557, 61.950324, 583.2],
          [7.931848, 61.949686, 585.2],
          [7.932369, 61.94948, 585.4],
          [7.932707, 61.949366, 585.4],
          [7.933483, 61.949173, 585],
          [7.93412, 61.949068, 584.3],
          [7.934718, 61.948984, 583.8],
          [7.934965, 61.948967, 583.5],
          [7.936257, 61.948941, 582.6],
          [7.937151, 61.94895, 582.6],
          [7.937982, 61.94894, 582.8],
          [7.938376, 61.948949, 582.9],
          [7.939381, 61.948952, 582.8],
          [7.940095, 61.948943, 582.3],
          [7.940289, 61.948929, 582.2],
          [7.940374, 61.948938, 582.2],
          [7.941004, 61.948885, 581.4],
          [7.941532, 61.948797, 581.7],
          [7.942093, 61.948673, 581.9],
          [7.942635, 61.948512, 581.8],
          [7.94358, 61.948195, 581.5],
          [7.944049, 61.948064, 581.4],
          [7.944807, 61.947895, 581.5],
          [7.945434, 61.947795, 581.6],
          [7.945767, 61.947762, 581.7],
          [7.946784, 61.947708, 582.3],
          [7.949339, 61.947651, 583.3],
          [7.950671, 61.94763, 583.6],
          [7.95283, 61.947624, 587],
          [7.953723, 61.947635, 586.6],
          [7.954069, 61.947646, 586.5],
          [7.955684, 61.947718, 586.1],
          [7.956132, 61.94773, 586.2],
          [7.956939, 61.947727, 587.2],
          [7.95787, 61.947694, 588.8],
          [7.958625, 61.947647, 589.7],
          [7.959521, 61.947565, 589.6],
          [7.961243, 61.947428, 588.3],
          [7.962179, 61.947342, 587.1],
          [7.962777, 61.947307, 586.3],
          [7.963748, 61.947235, 584.4],
          [7.965607, 61.947171, 582],
          [7.967019, 61.947162, 581.2],
          [7.967693, 61.947189, 581.3],
          [7.970501, 61.947411, 582],
          [7.971288, 61.947435, 581.8],
          [7.972218, 61.9474, 581.2],
          [7.973567, 61.947321, 580.5],
          [7.974112, 61.947304, 580],
          [7.974678, 61.947322, 580],
          [7.975807, 61.947408, 580.5],
          [7.976169, 61.947426, 580.5],
          [7.976647, 61.947419, 580.6],
          [7.976903, 61.9474, 580.6],
          [7.977243, 61.94736, 580.6],
          [7.977642, 61.947291, 580.5],
          [7.978865, 61.947, 580.4],
          [7.979335, 61.9469, 580.2],
          [7.979796, 61.946817, 579.7],
          [7.980019, 61.946779, 579.7],
          [7.981855, 61.946531, 580],
          [7.982114, 61.946492, 580],
          [7.98258, 61.946407, 580.1],
          [7.982939, 61.946328, 580.1],
          [7.9835, 61.946177, 580.2],
          [7.984615, 61.945827, 580.5],
          [7.98501, 61.945727, 580],
          [7.985227, 61.945684, 579.8],
          [7.985576, 61.94563, 579.5],
          [7.986027, 61.945578, 579.5],
          [7.987064, 61.945482, 578.5],
          [7.987504, 61.94543, 578.7],
          [7.987689, 61.945399, 578.9],
          [7.987967, 61.945339, 579.1],
          [7.988317, 61.945241, 579.3],
          [7.988692, 61.945115, 579.5],
          [7.988975, 61.945007, 579.7],
          [7.991767, 61.943861, 580.9],
          [7.992553, 61.943575, 581.3],
          [7.992951, 61.943453, 581.4],
          [7.99343, 61.943331, 581.5],
          [7.993925, 61.943216, 581.4],
          [7.994465, 61.943111, 581.2],
          [7.995114, 61.943016, 580.9],
          [7.995706, 61.942951, 580.5],
          [7.996242, 61.942911, 579.9],
          [7.996739, 61.942887, 579.4],
          [7.997295, 61.942878, 578.9],
          [7.998174, 61.942897, 578.4],
          [7.999415, 61.942978, 578],
          [8.000065, 61.942995, 578.6],
          [8.00053, 61.94298, 579],
          [8.000996, 61.942937, 579.7],
          [8.001366, 61.942885, 580.1],
          [8.002977, 61.942563, 581],
          [8.003349, 61.942498, 580.8],
          [8.003845, 61.942428, 580.4],
          [8.004282, 61.942376, 580.1],
          [8.004663, 61.942342, 579.7],
          [8.006007, 61.942267, 578.7],
          [8.007316, 61.942215, 578.5],
          [8.007904, 61.942214, 578.6],
          [8.008324, 61.942231, 578.6],
          [8.009329, 61.94231, 578.2],
          [8.009955, 61.942348, 578.1],
          [8.011504, 61.942398, 577.7],
          [8.012607, 61.942466, 577.1],
          [8.013267, 61.942487, 577.4],
          [8.01538, 61.942499, 579.5],
          [8.016787, 61.942545, 580.2],
          [8.017261, 61.942532, 580.5],
          [8.017549, 61.942505, 580.7],
          [8.01776, 61.942475, 580.8],
          [8.018232, 61.94238, 581],
          [8.019096, 61.942165, 581],
          [8.01971, 61.941998, 580.5],
          [8.02033, 61.941803, 579.6],
          [8.020628, 61.941688, 579.2],
          [8.02102, 61.941518, 579],
          [8.021398, 61.941323, 578.8],
          [8.021482, 61.941276, 578.8],
          [8.021827, 61.941082, 578.3],
          [8.021913, 61.941035, 578],
          [8.022745, 61.940586, 579.1],
          [8.023633, 61.940178, 578.6],
          [8.024481, 61.939824, 578.5],
          [8.025111, 61.939603, 578.6],
          [8.02536, 61.939531, 578.6],
          [8.025888, 61.93941, 578.7],
          [8.026219, 61.939346, 578.6],
          [8.026471, 61.939302, 578.6],
          [8.026898, 61.93924, 578.5],
          [8.027212, 61.939203, 578.4],
          [8.028469, 61.939082, 577],
          [8.028928, 61.939016, 576.9],
          [8.029037, 61.938996, 576.8],
          [8.02944, 61.938913, 577],
          [8.029687, 61.938851, 577],
          [8.029931, 61.938778, 577],
          [8.030294, 61.938649, 577.1],
          [8.030706, 61.938459, 577.2],
          [8.030986, 61.9383, 577.2],
          [8.031244, 61.938118, 577.3],
          [8.031392, 61.937991, 577.3],
          [8.031515, 61.937864, 577.3],
          [8.031671, 61.937661, 577.3],
          [8.031794, 61.937412, 577.4],
          [8.031849, 61.937199, 577.4],
          [8.031899, 61.936212, 577.9],
          [8.031935, 61.93586, 578.2],
          [8.032078, 61.934946, 579],
          [8.032089, 61.93469, 579],
          [8.032074, 61.93455, 579.1],
          [8.031986, 61.93426, 579],
          [8.031682, 61.933621, 578.4],
          [8.031628, 61.933466, 578.2],
          [8.031595, 61.933313, 577.9],
          [8.031584, 61.933163, 577.7],
          [8.031604, 61.932982, 577.3],
          [8.03166, 61.932807, 576.8],
          [8.031793, 61.932555, 576],
          [8.032271, 61.931976, 574.5],
          [8.032378, 61.931803, 574.4],
          [8.032454, 61.931627, 575],
          [8.032477, 61.931538, 575.1],
          [8.032513, 61.93136, 575.2],
          [8.032514, 61.93118, 574.8],
          [8.032484, 61.931001, 574.3],
          [8.032426, 61.930838, 573.5],
          [8.032383, 61.930736, 573.6],
          [8.032216, 61.930479, 574.6],
          [8.032068, 61.930314, 575.6],
          [8.031608, 61.929864, 577.8],
          [8.03145, 61.929658, 578.8],
          [8.031353, 61.929485, 579],
          [8.031286, 61.929308, 579],
          [8.031249, 61.929129, 579],
          [8.03125, 61.92886, 578.8],
          [8.031289, 61.928682, 578.6],
          [8.031358, 61.928505, 578.2],
          [8.031473, 61.92831, 576.8],
          [8.031585, 61.928163, 575.7],
          [8.031741, 61.927999, 574.6],
          [8.032307, 61.927532, 571],
          [8.032573, 61.927296, 569.2],
          [8.032824, 61.927037, 567.4],
          [8.033299, 61.92648, 562.8],
          [8.033541, 61.926253, 560.9],
          [8.033747, 61.926093, 559.6],
          [8.033866, 61.926016, 558.9],
          [8.034038, 61.925922, 558.1],
          [8.034458, 61.925731, 556.3],
          [8.035381, 61.925394, 553.4],
          [8.035775, 61.925234, 552.1],
          [8.036069, 61.92509, 550.9],
          [8.036783, 61.924708, 547.8],
          [8.037329, 61.924443, 545.3],
          [8.037494, 61.924372, 544.5],
          [8.037855, 61.924241, 543.1],
          [8.040245, 61.923565, 535],
          [8.041669, 61.923114, 530.5],
          [8.041979, 61.923023, 529.5],
          [8.042168, 61.922978, 528.9],
          [8.042648, 61.922891, 527.5],
          [8.043182, 61.922835, 526.4],
          [8.044875, 61.922734, 523.8],
          [8.045372, 61.922683, 522.9],
          [8.046373, 61.922513, 520.8],
          [8.046667, 61.92247, 520.4],
          [8.047157, 61.922423, 520],
          [8.049224, 61.922318, 518.5],
          [8.049598, 61.922287, 518.4],
          [8.049967, 61.922242, 518.3],
          [8.050326, 61.922183, 518],
          [8.050675, 61.92211, 517.7],
          [8.051669, 61.921845, 517],
          [8.052012, 61.921767, 516.6],
          [8.052548, 61.921674, 516],
          [8.052917, 61.92163, 515.6],
          [8.053481, 61.92159, 514.8],
          [8.054623, 61.921573, 512.5],
          [8.05519, 61.921541, 511.6],
          [8.062225, 61.920837, 498.6],
          [8.064186, 61.920588, 492],
          [8.065306, 61.92039, 488.2],
          [8.066878, 61.920078, 483.5],
          [8.067461, 61.919978, 482.1],
          [8.068062, 61.919906, 480.7],
          [8.069635, 61.91977, 477],
          [8.070368, 61.91972, 476.2],
          [8.071487, 61.919699, 472.6],
          [8.072028, 61.919666, 471.3],
          [8.072539, 61.919616, 470.2],
          [8.073496, 61.919498, 468.4],
          [8.073896, 61.919456, 467.7],
          [8.07429, 61.919436, 467.1],
          [8.074548, 61.91943, 466.7],
          [8.076459, 61.919405, 462.7],
          [8.077068, 61.91939, 461.2],
          [8.07766, 61.919353, 459.9],
          [8.078154, 61.919299, 458.7],
          [8.079621, 61.919083, 455.8],
          [8.080523, 61.918938, 454],
          [8.081168, 61.918824, 452.9],
          [8.081658, 61.91872, 452],
          [8.082523, 61.918498, 450.4],
          [8.084056, 61.918147, 447.3],
          [8.084597, 61.918035, 446.2],
          [8.087004, 61.917568, 443.9],
          [8.088796, 61.917231, 442.6],
          [8.089461, 61.917124, 442.2],
          [8.091153, 61.916957, 441.6],
          [8.091369, 61.916925, 441.5],
          [8.091595, 61.916875, 441.4],
          [8.091781, 61.91682, 441.3],
          [8.091984, 61.916741, 441],
          [8.092218, 61.916626, 440.8],
          [8.092401, 61.916509, 440.5],
          [8.092538, 61.916379, 440.1],
          [8.092598, 61.916283, 439.9],
          [8.092746, 61.915918, 437.9],
          [8.092815, 61.915451, 438.5],
          [8.092826, 61.915375, 439.6],
          [8.092873, 61.915267, 440.6],
          [8.092943, 61.915155, 441.2],
          [8.093033, 61.915052, 441.9],
          [8.093141, 61.914955, 442.3],
          [8.093447, 61.914773, 443],
          [8.09362, 61.914705, 443],
          [8.093831, 61.914636, 443],
          [8.09415, 61.914543, 442.7],
          [8.094714, 61.914395, 441],
          [8.095086, 61.914311, 440.4],
          [8.095771, 61.91417, 438],
          [8.096175, 61.914096, 436.4],
          [8.097119, 61.913952, 432.3],
          [8.09935, 61.913689, 429.1],
          [8.103707, 61.913169, 429.2],
          [8.104991, 61.912998, 428.4],
          [8.107306, 61.912666, 427.4],
          [8.107894, 61.9126, 427.3],
          [8.108476, 61.912546, 427.2],
          [8.111738, 61.912302, 428],
          [8.112464, 61.912258, 427.2],
          [8.11291, 61.912242, 426.9],
          [8.1137, 61.912239, 426.3],
          [8.114332, 61.912253, 426.5],
          [8.115046, 61.912283, 427.2],
          [8.116381, 61.912357, 428.5],
          [8.11671, 61.912361, 428.7],
          [8.116967, 61.912355, 428.7],
          [8.117644, 61.912307, 428.6],
          [8.123215, 61.911791, 426.5],
          [8.126327, 61.911555, 425.6],
          [8.127426, 61.911463, 424.5],
          [8.12818, 61.911378, 424.1],
          [8.128694, 61.911289, 423.9],
          [8.129995, 61.911037, 423.6],
          [8.13074, 61.910915, 424.2],
          [8.131126, 61.910871, 424.4],
          [8.134134, 61.91066, 423.3],
          [8.135842, 61.910528, 424.5],
          [8.136472, 61.910457, 425],
          [8.136941, 61.910389, 425.4],
          [8.137421, 61.910309, 425.9],
          [8.137788, 61.910238, 426],
          [8.138476, 61.910085, 425.8],
          [8.138955, 61.909957, 425.7],
          [8.141331, 61.909254, 424.9],
          [8.145469, 61.90818, 426],
          [8.146227, 61.907991, 426.2],
          [8.147222, 61.907747, 427],
          [8.148554, 61.907454, 427.6],
          [8.149384, 61.907289, 428.1],
          [8.150717, 61.907057, 429],
          [8.151468, 61.906949, 428.8],
          [8.152123, 61.906866, 429],
          [8.156036, 61.906403, 428],
          [8.156684, 61.906318, 427.3],
          [8.159046, 61.905988, 426.8],
          [8.160024, 61.905814, 426],
          [8.161361, 61.905547, 425.5],
          [8.162089, 61.905385, 424.9],
          [8.163022, 61.90516, 424],
          [8.164609, 61.904753, 423],
          [8.166711, 61.904192, 423],
          [8.167533, 61.903948, 422.8],
          [8.168593, 61.903599, 422.1],
          [8.169021, 61.903486, 422],
          [8.169253, 61.903434, 421.9],
          [8.169707, 61.903351, 421.9],
          [8.170217, 61.903275, 421.3],
          [8.171784, 61.903075, 420.8],
          [8.172491, 61.902973, 420.5],
          [8.173335, 61.902826, 420.1],
          [8.176121, 61.902273, 419.5],
          [8.176722, 61.902163, 419.3],
          [8.178199, 61.901911, 420],
          [8.179305, 61.901742, 421],
          [8.180024, 61.90166, 421.5],
          [8.182148, 61.901513, 422],
          [8.183779, 61.901378, 422],
          [8.185023, 61.901264, 422],
          [8.185493, 61.90121, 422],
          [8.186068, 61.901124, 422],
          [8.186625, 61.901028, 421.3],
          [8.187383, 61.900876, 420.9],
          [8.188793, 61.900575, 420],
          [8.189897, 61.900348, 419.3],
          [8.190576, 61.90023, 419.2],
          [8.192947, 61.899838, 420.4],
          [8.19501, 61.899507, 419.4],
          [8.195858, 61.899396, 418],
          [8.196358, 61.899354, 417.4],
          [8.196616, 61.899342, 417.2],
          [8.197357, 61.899332, 416.5],
          [8.198466, 61.89937, 416.4],
          [8.203103, 61.899608, 415.9],
          [8.20392, 61.899616, 415.1],
          [8.20427, 61.899604, 415.7],
          [8.204641, 61.899572, 415.6],
          [8.204923, 61.899534, 415.7],
          [8.205642, 61.899412, 415.6],
          [8.206015, 61.899337, 415.7],
          [8.206666, 61.899194, 415.4],
          [8.206999, 61.899098, 415.5],
          [8.207835, 61.898803, 415.4],
          [8.208341, 61.898588, 415.2],
          [8.208685, 61.89846, 415.1],
          [8.209061, 61.898301, 414.9],
          [8.209225, 61.89825, 414.9],
          [8.209768, 61.898027, 415],
          [8.210153, 61.897882, 415],
          [8.210647, 61.897725, 414.9],
          [8.211128, 61.897604, 415],
          [8.211515, 61.89753, 415.1],
          [8.212142, 61.897442, 415.1],
          [8.21292, 61.897356, 415.2],
          [8.213689, 61.897289, 415],
          [8.214132, 61.897262, 414.9],
          [8.215078, 61.897234, 414.7],
          [8.217439, 61.89721, 414.6],
          [8.218192, 61.897179, 414.5],
          [8.219044, 61.897112, 414.4],
          [8.219814, 61.897025, 414.1],
          [8.220413, 61.896943, 413.9],
          [8.223523, 61.896448, 413.6],
          [8.224633, 61.896291, 413.5],
          [8.225274, 61.896216, 414.5],
          [8.226487, 61.896093, 414.9],
          [8.227575, 61.895992, 414.7],
          [8.228712, 61.895918, 413.7],
          [8.229231, 61.895902, 414.4],
          [8.230538, 61.895819, 416.6],
          [8.230876, 61.895788, 416.9],
          [8.231651, 61.895691, 417.3],
          [8.232322, 61.895575, 417],
          [8.234182, 61.895213, 415.7],
          [8.23593, 61.894896, 415.9],
          [8.236672, 61.894777, 415.6],
          [8.23746, 61.894698, 415],
          [8.237866, 61.894679, 414.7],
          [8.238566, 61.89468, 414.5],
          [8.238981, 61.894694, 414.6],
          [8.240156, 61.894754, 415.4],
          [8.240588, 61.894764, 415.7],
          [8.240993, 61.894757, 415.9],
          [8.241538, 61.894715, 416],
          [8.241986, 61.894639, 415.9],
          [8.242429, 61.894533, 415.7],
          [8.24276, 61.89443, 415.4],
          [8.243152, 61.894283, 415.2],
          [8.243741, 61.894019, 415.1],
          [8.244273, 61.893766, 415.6],
          [8.246426, 61.892715, 415.8],
          [8.246862, 61.892535, 415.1],
          [8.247472, 61.892317, 415.6],
          [8.248023, 61.89212, 416.7],
          [8.248305, 61.891993, 416.8],
          [8.248477, 61.891899, 416.4],
          [8.2486, 61.891823, 416.1],
          [8.24876, 61.891705, 415.6],
          [8.249298, 61.891246, 413],
          [8.249486, 61.891126, 411.9],
          [8.249637, 61.891055, 411.2],
          [8.249891, 61.890965, 410.5],
          [8.250227, 61.89088, 409.5],
          [8.250365, 61.890859, 408.9],
          [8.250645, 61.890831, 408.3],
          [8.251041, 61.890833, 408.5],
          [8.251291, 61.890846, 408.6],
          [8.252147, 61.890913, 406.9],
          [8.252414, 61.890932, 406.9],
          [8.25265, 61.890934, 407],
          [8.252949, 61.890914, 407.8],
          [8.253179, 61.890884, 407.9],
          [8.2536, 61.890789, 407.4],
          [8.25388, 61.890704, 406.9],
          [8.254317, 61.890537, 406.1],
          [8.254668, 61.890365, 405.3],
          [8.255003, 61.890156, 404.4],
          [8.255135, 61.890061, 404.2],
          [8.255405, 61.889841, 403.8],
          [8.256776, 61.888661, 404.2],
          [8.25706, 61.888438, 404.5],
          [8.257379, 61.888236, 404.9],
          [8.257587, 61.888123, 405],
          [8.25783, 61.888, 404.9],
          [8.258344, 61.887764, 405],
          [8.259441, 61.887274, 405],
          [8.260798, 61.886698, 405.1],
          [8.264181, 61.885219, 405],
          [8.268251, 61.883421, 404.4],
          [8.268653, 61.883267, 404.8],
          [8.268938, 61.883177, 405],
          [8.269284, 61.883091, 405.1],
          [8.2696, 61.883033, 405],
          [8.270153, 61.882964, 404.5],
          [8.276353, 61.882364, 402.2],
          [8.277152, 61.882289, 402.7],
          [8.278907, 61.882123, 401.7],
          [8.279668, 61.882032, 401.7],
          [8.28035, 61.881927, 400.7],
          [8.280867, 61.881862, 400.2],
          [8.281217, 61.881837, 399.9],
          [8.281587, 61.881825, 399.6],
          [8.281901, 61.881828, 399.3],
          [8.282215, 61.881845, 399.2],
          [8.28254, 61.881873, 399],
          [8.283042, 61.881935, 399],
          [8.283663, 61.882065, 398.6],
          [8.283857, 61.882116, 398.5],
          [8.284518, 61.882332, 398.1],
          [8.2848, 61.882417, 397.9],
          [8.285271, 61.882528, 397.7],
          [8.285665, 61.882601, 397.6],
          [8.286224, 61.882675, 397.5],
          [8.286627, 61.882706, 397.5],
          [8.28695, 61.882716, 397.6],
          [8.287427, 61.882704, 397.6],
          [8.287847, 61.882667, 397.9],
          [8.289612, 61.88244, 397.9],
          [8.289896, 61.882408, 397.8],
          [8.290302, 61.882375, 397.4],
          [8.290843, 61.882351, 397.2],
          [8.29178, 61.882334, 397.2],
          [8.292446, 61.882313, 397.2],
          [8.293238, 61.882265, 397],
          [8.29479, 61.882138, 396.9],
          [8.295635, 61.882076, 396.8],
          [8.296209, 61.882048, 396.7],
          [8.296786, 61.882037, 396.6],
          [8.297271, 61.882042, 396.7],
          [8.299259, 61.882101, 396.9],
          [8.300932, 61.882122, 396.9],
          [8.301494, 61.882143, 396.8],
          [8.302407, 61.882194, 396.7],
          [8.302896, 61.88223, 396.6],
          [8.303706, 61.882303, 396.5],
          [8.304263, 61.882373, 396.7],
          [8.30475, 61.882462, 396.2],
          [8.305868, 61.882718, 395.9],
          [8.306188, 61.882773, 396],
          [8.306617, 61.882831, 396.3],
          [8.306907, 61.882858, 396.4],
          [8.307249, 61.882878, 396.5],
          [8.308467, 61.882925, 397],
          [8.309847, 61.883041, 395.9],
          [8.310215, 61.883064, 395.7],
          [8.310612, 61.88307, 395.4],
          [8.312067, 61.883037, 394.4],
          [8.312466, 61.883035, 394.1],
          [8.312863, 61.883045, 393.9],
          [8.313628, 61.883086, 393.3],
          [8.314353, 61.883164, 392.1],
          [8.316867, 61.883519, 390.8],
          [8.317225, 61.883564, 390.8],
          [8.317553, 61.883594, 390.8],
          [8.318003, 61.883615, 390.8],
          [8.31837, 61.883621, 390.8],
          [8.318668, 61.883614, 390.8],
          [8.319184, 61.883583, 390.8],
          [8.319514, 61.883542, 390.8],
          [8.319838, 61.883492, 390.8],
          [8.320226, 61.88342, 390.8],
          [8.320862, 61.883281, 390.8],
          [8.321991, 61.882986, 390.9],
          [8.322565, 61.882801, 391.4],
          [8.32284, 61.882695, 390.6],
          [8.323315, 61.882486, 390.4],
          [8.323745, 61.882257, 390.9],
          [8.323976, 61.882109, 390.3],
          [8.324104, 61.882014, 388.4],
          [8.324255, 61.881906, 388],
          [8.324927, 61.881306, 386],
          [8.325271, 61.880997, 387.5],
          [8.325523, 61.880795, 388],
          [8.325693, 61.880673, 388.2],
          [8.325995, 61.880491, 388.6],
          [8.32654, 61.880221, 388.9],
          [8.327217, 61.879962, 389.2],
          [8.327559, 61.879859, 389.3],
          [8.328098, 61.879714, 389.7],
          [8.328508, 61.879624, 390],
          [8.329079, 61.879517, 390],
          [8.329475, 61.879456, 390.1],
          [8.329966, 61.879391, 390],
          [8.33054, 61.879332, 389.9],
          [8.331392, 61.879272, 387.6],
          [8.333281, 61.879155, 384.1],
          [8.333838, 61.879127, 382.2],
          [8.334648, 61.8791, 381.8],
          [8.335318, 61.879099, 382.1],
          [8.335659, 61.879108, 382.3],
          [8.336608, 61.879157, 383.3],
          [8.338736, 61.879314, 386.3],
          [8.339288, 61.879335, 387.2],
          [8.339724, 61.879332, 387.8],
          [8.33998, 61.879318, 388.1],
          [8.340252, 61.879293, 388.3],
          [8.340809, 61.879211, 388.7],
          [8.341549, 61.879059, 388.7],
          [8.343178, 61.878687, 387.3],
          [8.343925, 61.878528, 386.5],
          [8.344425, 61.878438, 385.9],
          [8.344794, 61.87839, 385.6],
          [8.345208, 61.878355, 385.2],
          [8.345708, 61.878341, 384.7],
          [8.347066, 61.878371, 383.8],
          [8.348028, 61.878368, 383.1],
          [8.348907, 61.878342, 382.3],
          [8.350144, 61.878289, 381],
          [8.354001, 61.87817, 380.3],
          [8.354729, 61.87814, 380.2],
          [8.356134, 61.878056, 379.9],
          [8.361555, 61.877696, 377],
          [8.361778, 61.877672, 376.7],
          [8.365732, 61.877426, 374.4],
          [8.366311, 61.877403, 374.8],
          [8.367153, 61.877402, 375],
          [8.36995, 61.877491, 376.7],
          [8.370575, 61.877511, 377.9],
          [8.371119, 61.877518, 378.6],
          [8.371588, 61.877513, 379],
          [8.372384, 61.877478, 379.5],
          [8.373078, 61.877431, 379.6],
          [8.373898, 61.877358, 379.8],
          [8.374599, 61.877284, 379.7],
          [8.375309, 61.877195, 379.6],
          [8.375865, 61.877113, 379.4],
          [8.376539, 61.876994, 379.1],
          [8.377047, 61.876889, 378.9],
          [8.377941, 61.876682, 378.7],
          [8.379446, 61.87631, 377.4],
          [8.380232, 61.87613, 377.4],
          [8.380859, 61.876002, 377.8],
          [8.38138, 61.875908, 378.1],
          [8.381968, 61.875826, 379],
          [8.382608, 61.875763, 379],
          [8.383743, 61.875681, 378.1],
          [8.386264, 61.87552, 374.6],
          [8.388077, 61.875422, 373.1],
          [8.389146, 61.875347, 371.6],
          [8.391725, 61.875136, 367.8],
          [8.392559, 61.875076, 367.6],
          [8.393161, 61.875055, 367.6],
          [8.393892, 61.875049, 367.7],
          [8.394551, 61.875067, 368.3],
          [8.395129, 61.875103, 368.1],
          [8.395567, 61.875141, 368.5],
          [8.396021, 61.875189, 368.8],
          [8.397519, 61.875368, 371.3],
          [8.397996, 61.875399, 371.6],
          [8.398315, 61.875406, 372],
          [8.398679, 61.875401, 372.3],
          [8.399485, 61.875358, 372.9],
          [8.400835, 61.87527, 374.3],
          [8.401511, 61.875247, 374.8],
          [8.402296, 61.87524, 375.6],
          [8.402955, 61.875244, 376.3],
          [8.403944, 61.875265, 377.8],
          [8.40634, 61.875356, 380.7],
          [8.407163, 61.875373, 381.8],
          [8.40833, 61.875357, 381.7],
          [8.410603, 61.875285, 382.3],
          [8.411273, 61.875277, 382.4],
          [8.412809, 61.875321, 383.6],
          [8.413507, 61.875326, 384.3],
          [8.414004, 61.875317, 384.5],
          [8.41698, 61.875195, 385.1],
          [8.41769, 61.875182, 385.9],
          [8.418515, 61.87518, 386.2],
          [8.419519, 61.875137, 386.9],
          [8.420781, 61.875043, 386.6],
          [8.42106, 61.875033, 386.6],
          [8.422406, 61.874933, 387.4],
          [8.423141, 61.874897, 387.3],
          [8.423996, 61.874872, 388.2],
          [8.425044, 61.87487, 389.2],
          [8.425317, 61.874861, 389.2],
          [8.426659, 61.874865, 388.9],
          [8.427135, 61.874871, 388.6],
          [8.428484, 61.87493, 389.8],
          [8.428852, 61.874932, 390.3],
          [8.429383, 61.874913, 390.9],
          [8.429816, 61.874872, 391.4],
          [8.430068, 61.874838, 391.6],
          [8.430686, 61.874732, 392.1],
          [8.43141, 61.874586, 391.8],
          [8.432062, 61.874459, 390.8],
          [8.440384, 61.872749, 381.3],
          [8.44491, 61.871831, 378.6],
          [8.445648, 61.871697, 378],
          [8.446533, 61.871553, 377.8],
          [8.447111, 61.87145, 377.7],
          [8.447567, 61.87135, 377.5],
          [8.448161, 61.871196, 377.3],
          [8.449111, 61.870916, 376.8],
          [8.450475, 61.870566, 377.7],
          [8.450973, 61.870425, 378.7],
          [8.451272, 61.870331, 378.3],
          [8.452566, 61.869887, 377.9],
          [8.453032, 61.86975, 377.3],
          [8.453307, 61.869679, 377],
          [8.453804, 61.869572, 376.5],
          [8.454234, 61.869505, 376.8],
          [8.454873, 61.869433, 376.9],
          [8.456061, 61.86933, 377.7],
          [8.456513, 61.869275, 377.9],
          [8.45694, 61.869201, 378.1],
          [8.457223, 61.869139, 378.2],
          [8.458081, 61.868926, 378],
          [8.458108, 61.868919, 378],
          [8.458496, 61.868822, 377.7],
          [8.459264, 61.86865, 378.2],
          [8.460787, 61.868346, 378.9],
          [8.461329, 61.868227, 379.1],
          [8.46595, 61.867018, 384.1],
          [8.467962, 61.866438, 386.4],
          [8.468688, 61.866254, 387.8],
          [8.469426, 61.866089, 387.8],
          [8.470927, 61.865792, 389.9],
          [8.471451, 61.865675, 390.6],
          [8.471877, 61.865568, 391],
          [8.472572, 61.865366, 391.6],
          [8.474407, 61.864769, 393.3],
          [8.475081, 61.864565, 394.1],
          [8.48223, 61.862692, 402.3],
          [8.482279, 61.862679, 402.3],
          [8.485797, 61.861763, 406.2],
          [8.487985, 61.861205, 406.9],
          [8.488439, 61.861099, 406.7],
          [8.489186, 61.860961, 405.6],
          [8.492306, 61.8605, 403.3],
          [8.492957, 61.860381, 403.1],
          [8.493171, 61.860323, 403],
          [8.493761, 61.860118, 402.6],
          [8.49444, 61.859869, 402.1],
          [8.494878, 61.859737, 401.5],
          [8.496524, 61.859334, 401.8],
          [8.498565, 61.858798, 401],
          [8.49902, 61.858699, 400.4],
          [8.499434, 61.858625, 400.2],
          [8.49989, 61.858574, 401],
          [8.501621, 61.858486, 402.6],
          [8.502258, 61.858423, 402.7],
          [8.503002, 61.858308, 402.7],
          [8.503905, 61.858136, 402.7],
          [8.504489, 61.858002, 403],
          [8.50558, 61.857699, 402.5],
          [8.506163, 61.857555, 402.3],
          [8.506583, 61.857463, 402.2],
          [8.507094, 61.857359, 402.2],
          [8.507994, 61.857192, 402],
          [8.5096, 61.856914, 402.6],
          [8.510074, 61.856799, 402.9],
          [8.510423, 61.856698, 403.1],
          [8.510642, 61.856623, 403.5],
          [8.511041, 61.856432, 403.9],
          [8.511411, 61.856223, 404.3],
          [8.512402, 61.855637, 404.7],
          [8.514567, 61.854324, 401.2],
          [8.51502, 61.854081, 400.6],
          [8.517545, 61.852948, 397.5],
          [8.51851, 61.852524, 395.3],
          [8.518872, 61.852387, 395],
          [8.519816, 61.852085, 394],
          [8.520275, 61.851916, 393.3],
          [8.520748, 61.851706, 392.5],
          [8.521285, 61.851431, 391.1],
          [8.521824, 61.851175, 390.9],
          [8.522446, 61.850911, 390.4],
          [8.523176, 61.850633, 390.2],
          [8.524116, 61.850257, 389.8],
          [8.5243, 61.850175, 389.7],
          [8.524867, 61.849884, 389.3],
          [8.525347, 61.849662, 388.9],
          [8.525952, 61.849422, 388.7],
          [8.526611, 61.849178, 388.8],
          [8.52714, 61.849008, 389],
          [8.527448, 61.848929, 389.1],
          [8.528051, 61.848791, 388.9],
          [8.532926, 61.847789, 389.3],
          [8.534093, 61.847559, 389.1],
          [8.536568, 61.847046, 390.3],
          [8.537178, 61.846909, 389.9],
          [8.539923, 61.846182, 393.3],
          [8.540331, 61.846055, 392.7],
          [8.541431, 61.845645, 391.4],
          [8.541864, 61.845493, 392.1],
          [8.54233, 61.845344, 392.4],
          [8.54333, 61.84506, 393.4],
          [8.546618, 61.844114, 391.5],
          [8.547459, 61.843883, 390.8],
          [8.548261, 61.843694, 390.4],
          [8.548676, 61.843608, 390.4],
          [8.549721, 61.843419, 390.1],
          [8.550477, 61.843249, 389.7],
          [8.550705, 61.843208, 389.5],
          [8.551407, 61.843048, 389],
          [8.55203, 61.842869, 388.6],
          [8.552621, 61.842664, 388.2],
          [8.552882, 61.842589, 388.1],
          [8.553577, 61.842367, 387.3],
          [8.554014, 61.842256, 386.7],
          [8.554528, 61.842168, 386.2],
          [8.555631, 61.841942, 385],
          [8.556153, 61.841809, 384.6],
          [8.556895, 61.84162, 384.3],
          [8.557534, 61.841488, 384.1],
          [8.558353, 61.841358, 383.1],
          [8.559711, 61.841165, 383],
          [8.559952, 61.84111, 383.1],
          [8.560198, 61.841031, 383.2],
          [8.560451, 61.840907, 383.3],
          [8.560633, 61.840766, 383.3],
          [8.560712, 61.840677, 383.4],
          [8.560844, 61.840467, 383.5],
          [8.561078, 61.83993, 382.8],
          [8.561192, 61.839703, 383.1],
          [8.561295, 61.839566, 383.1],
          [8.561415, 61.839407, 382.7],
          [8.561651, 61.839192, 381.6],
          [8.561822, 61.839056, 381.4],
          [8.56199, 61.838951, 381.4],
          [8.562164, 61.838859, 381.2],
          [8.562363, 61.838768, 381.1],
          [8.562756, 61.838632, 381],
          [8.563196, 61.838521, 381.1],
          [8.563617, 61.838434, 381.1],
          [8.564029, 61.838371, 380.9],
          [8.564435, 61.838326, 380.6],
          [8.564826, 61.838312, 380.7],
          [8.565319, 61.838325, 380.6],
          [8.566051, 61.838356, 379.1],
          [8.566234, 61.838357, 378.6],
          [8.566632, 61.838335, 376.8],
          [8.566794, 61.838306, 375.6],
          [8.566965, 61.838254, 372.5],
          [8.567611, 61.83803, 372.4],
          [8.567909, 61.837929, 376.1],
          [8.568038, 61.837859, 376.5],
          [8.568255, 61.837721, 377.5],
          [8.568277, 61.837674, 377.8],
          [8.568334, 61.837647, 377.9],
          [8.568427, 61.837637, 378],
          [8.568508, 61.83765, 377.9],
          [8.56855, 61.837671, 377.8],
          [8.568572, 61.837694, 377.7],
          [8.569116, 61.837853, 377],
          [8.570374, 61.838117, 376.6],
          [8.570717, 61.838199, 376.9],
          [8.573438, 61.83896, 380.7],
          [8.573802, 61.83905, 380.9],
          [8.575606, 61.839458, 379],
          [8.577342, 61.839856, 379.5],
          [8.57919, 61.840278, 381.1],
          [8.579738, 61.840394, 380.7],
          [8.581051, 61.840624, 381.3],
          [8.583118, 61.840944, 380.5],
          [8.583861, 61.84107, 379.8],
          [8.584267, 61.84116, 379.6],
          [8.584676, 61.841274, 379.3],
          [8.585137, 61.841434, 379.3],
          [8.586789, 61.842085, 382.9],
          [8.587345, 61.842285, 383.8],
          [8.587677, 61.842393, 383.9],
          [8.588386, 61.842608, 384.3],
          [8.589737, 61.842947, 385.3],
          [8.591403, 61.843345, 386],
          [8.591875, 61.843495, 386.5],
          [8.592167, 61.843603, 386.7],
          [8.592482, 61.843736, 386.9],
          [8.592761, 61.843873, 387.2],
          [8.595193, 61.845223, 392.2],
          [8.595607, 61.845433, 392.9],
          [8.597812, 61.846402, 397.3],
          [8.598491, 61.846686, 399.3],
          [8.598925, 61.846853, 399.7],
          [8.599831, 61.847164, 400.2],
          [8.603879, 61.84846, 404.1],
          [8.605301, 61.848881, 406.2],
          [8.607396, 61.849447, 409.3],
          [8.612949, 61.850981, 417.1],
          [8.61352, 61.851106, 418.9],
          [8.614761, 61.851331, 421.4],
          [8.615175, 61.851429, 421.6],
          [8.616695, 61.851863, 422.8],
          [8.616924, 61.851915, 423.1],
          [8.617531, 61.852019, 424.4],
          [8.619627, 61.852307, 427.2],
          [8.620331, 61.852429, 429.7],
          [8.620845, 61.852543, 430.8],
          [8.621273, 61.852668, 431.6],
          [8.621612, 61.852791, 431.8],
          [8.622459, 61.853167, 430.6],
          [8.622639, 61.853235, 430.1],
          [8.622849, 61.853301, 429.5],
          [8.623274, 61.8534, 428.2],
          [8.623496, 61.853435, 427.5],
          [8.623884, 61.853472, 426.4],
          [8.624316, 61.853483, 425.2],
          [8.624703, 61.853474, 423.8],
          [8.6257, 61.853407, 421.7],
          [8.628331, 61.853201, 425.7],
          [8.628952, 61.853123, 425.9],
          [8.631196, 61.852724, 423.5],
          [8.631642, 61.852654, 423.2],
          [8.631787, 61.852635, 423],
          [8.632156, 61.852605, 423.3],
          [8.632481, 61.852594, 423.5],
          [8.633041, 61.852597, 423.2],
          [8.635339, 61.852656, 421.5],
          [8.635698, 61.852673, 420.3],
          [8.636172, 61.8527, 419.9],
          [8.637075, 61.852773, 420.1],
          [8.638972, 61.852984, 421.6],
          [8.639641, 61.853039, 421.6],
          [8.640501, 61.853074, 420.9],
          [8.641102, 61.853081, 420.1],
          [8.643727, 61.853076, 417.4],
          [8.64446, 61.85309, 416.7],
          [8.645032, 61.853109, 416.2],
          [8.651251, 61.853391, 411],
          [8.653396, 61.853471, 408.9],
          [8.653945, 61.853481, 408.2],
          [8.654855, 61.853481, 407.3],
          [8.65832, 61.853427, 404.6],
          [8.658772, 61.853432, 404.1],
          [8.659106, 61.853447, 403.4],
          [8.659625, 61.853499, 402.2],
          [8.659924, 61.853543, 401.8],
          [8.660401, 61.853642, 402],
          [8.660406, 61.853643, 402],
          [8.660752, 61.853738, 402.3],
          [8.660928, 61.853795, 402.8],
          [8.66241, 61.854361, 408.7],
          [8.662788, 61.854476, 410],
          [8.663105, 61.854558, 411],
          [8.66343, 61.854628, 411.9],
          [8.663735, 61.854681, 412.8],
          [8.664318, 61.854752, 414.1],
          [8.664675, 61.85478, 414.8],
          [8.665415, 61.854817, 415.9],
          [8.667735, 61.854901, 419.8],
          [8.66798, 61.854918, 420.4],
          [8.669307, 61.855041, 424.1],
          [8.669745, 61.855057, 425.3],
          [8.670267, 61.855062, 426.5],
          [8.671363, 61.855056, 429.3],
          [8.671747, 61.855073, 430.2],
          [8.672112, 61.855104, 431.1],
          [8.672559, 61.855155, 431.9],
          [8.674919, 61.855446, 440.8],
          [8.675622, 61.855505, 442.4],
          [8.676003, 61.855526, 443.4],
          [8.6765, 61.855542, 444.7],
          [8.676946, 61.855543, 446],
          [8.677303, 61.855534, 447.2],
          [8.67949, 61.855395, 452.3],
          [8.679737, 61.855388, 452.7],
          [8.682172, 61.855376, 458.7],
          [8.682728, 61.855343, 460.4],
          [8.683091, 61.855303, 461.5],
          [8.684662, 61.855082, 466.3],
          [8.684944, 61.855056, 467.1],
          [8.685223, 61.85504, 467.9],
          [8.686426, 61.855002, 470.8],
          [8.686903, 61.854956, 471.9],
          [8.687166, 61.854912, 472.5],
          [8.687437, 61.854855, 473.2],
          [8.688413, 61.854587, 476.1],
          [8.688923, 61.854465, 477.5],
          [8.689331, 61.854381, 478.7],
          [8.689759, 61.854307, 480],
          [8.690124, 61.854263, 481],
          [8.690498, 61.854233, 482],
          [8.691259, 61.854186, 483.8],
          [8.691867, 61.854119, 485.4],
          [8.692527, 61.854006, 486.9],
          [8.693737, 61.853749, 490.3],
          [8.69408, 61.853684, 491.4],
          [8.69437, 61.853642, 492.3],
          [8.694642, 61.853616, 493],
          [8.694886, 61.853607, 493.7],
          [8.695837, 61.853613, 496.2],
          [8.696079, 61.853603, 496.7],
          [8.696285, 61.853583, 497.1],
          [8.696666, 61.853521, 497.9],
          [8.696958, 61.853446, 498.6],
          [8.697352, 61.85331, 499.8],
          [8.697697, 61.853152, 500.1],
          [8.697878, 61.853052, 500.1],
          [8.698403, 61.85272, 500.4],
          [8.699019, 61.852302, 502.8],
          [8.699555, 61.851904, 501.9],
          [8.699724, 61.85179, 501.4],
          [8.699873, 61.851704, 500.9],
          [8.700058, 61.851615, 500.3],
          [8.700264, 61.851537, 499.7],
          [8.700497, 61.851466, 499.1],
          [8.700719, 61.851415, 498.6],
          [8.701076, 61.851354, 497.7],
          [8.701456, 61.851315, 496.5],
          [8.701903, 61.851297, 495.3],
          [8.702355, 61.851304, 494.1],
          [8.702962, 61.851342, 493],
          [8.718964, 61.852573, 456.8],
          [8.726102, 61.853129, 446],
          [8.727185, 61.853206, 444.6],
          [8.727829, 61.853223, 444],
          [8.728102, 61.853219, 443.7],
          [8.72847, 61.853203, 443.3],
          [8.728878, 61.853167, 442.8],
          [8.72937, 61.853094, 442.2],
          [8.732289, 61.852492, 438.9],
          [8.733179, 61.852315, 438.5],
          [8.733945, 61.852176, 438.4],
          [8.734521, 61.852096, 438.4],
          [8.734896, 61.852057, 437.9],
          [8.73711, 61.851918, 435.7],
          [8.737489, 61.851882, 435.7],
          [8.737962, 61.851825, 435.8],
          [8.740762, 61.851447, 437.3],
          [8.742057, 61.851263, 435.6],
          [8.742923, 61.851118, 434.1],
          [8.74503, 61.850731, 434],
          [8.745402, 61.850673, 434.7],
          [8.74581, 61.85062, 435.6],
          [8.746425, 61.850558, 437.3],
          [8.74671, 61.85054, 438.2],
          [8.747293, 61.850517, 439.8],
          [8.748894, 61.850476, 443.5],
          [8.749351, 61.850449, 444.1],
          [8.750939, 61.850311, 445.8],
          [8.755398, 61.849846, 441.5],
          [8.756096, 61.849779, 438.6],
          [8.756398, 61.849763, 438.1],
          [8.756692, 61.849759, 437.9],
          [8.757019, 61.849769, 437.2],
          [8.757255, 61.849784, 437],
          [8.758083, 61.849859, 436.3],
          [8.758669, 61.849894, 433.1],
          [8.759428, 61.849909, 432.1],
          [8.760073, 61.849912, 431.2],
          [8.767163, 61.849888, 437.3],
          [8.768215, 61.849859, 437.6],
          [8.770235, 61.849782, 433.8],
          [8.771908, 61.849713, 431.2],
          [8.774006, 61.849612, 428.6],
          [8.77634, 61.849441, 427.1],
          [8.777497, 61.84937, 422.9],
          [8.778464, 61.849328, 421],
          [8.783599, 61.84926, 409.9],
          [8.784227, 61.849257, 409.8],
          [8.784756, 61.849266, 409.7],
          [8.785157, 61.849282, 409.6],
          [8.785456, 61.849302, 409.5],
          [8.787422, 61.849487, 408.4],
          [8.787918, 61.849527, 408.2],
          [8.788548, 61.84956, 407.7],
          [8.78905, 61.849566, 408.3],
          [8.789505, 61.849553, 407.7],
          [8.790016, 61.849517, 407.8],
          [8.79049, 61.849464, 406.6],
          [8.79106, 61.84939, 405],
          [8.792402, 61.849206, 401.4],
          [8.792862, 61.84915, 400.1],
          [8.793362, 61.849104, 398.9],
          [8.793583, 61.849091, 398.4],
          [8.79385, 61.849077, 397.5],
          [8.794163, 61.849072, 396.6],
          [8.796777, 61.849092, 389.5],
          [8.797199, 61.849087, 388.5],
          [8.797818, 61.849068, 387],
          [8.798729, 61.84902, 384.9],
          [8.800894, 61.848885, 379.5],
          [8.810106, 61.848299, 368.4],
          [8.810376, 61.848282, 369.9],
          [8.814106, 61.848042, 373.8],
          [8.815745, 61.847922, 377],
          [8.821962, 61.847431, 387.9],
          [8.822474, 61.847368, 388.6],
          [8.822899, 61.847298, 388.7],
          [8.823298, 61.847218, 389.4],
          [8.825512, 61.846731, 392.9],
          [8.826027, 61.846643, 394.1],
          [8.826417, 61.846595, 395.4],
          [8.826916, 61.846556, 396.4],
          [8.827797, 61.846504, 398.2],
          [8.828266, 61.846467, 398.7],
          [8.829115, 61.846383, 399.2],
          [8.829818, 61.846291, 399.1],
          [8.830258, 61.846224, 398.6],
          [8.831731, 61.845971, 396.1],
          [8.832131, 61.845911, 396.3],
          [8.832553, 61.845859, 396.9],
          [8.833252, 61.845809, 396.3],
          [8.835885, 61.845734, 390.8],
          [8.837899, 61.845692, 390.2],
          [8.839451, 61.845691, 390.6],
          [8.841645, 61.845706, 392],
          [8.842803, 61.845715, 390.9],
          [8.843546, 61.845732, 390.1],
          [8.844638, 61.845789, 389.2],
          [8.846389, 61.845894, 388.9],
          [8.847294, 61.845921, 389.3],
          [8.848837, 61.845942, 389.9],
          [8.849354, 61.845961, 390],
          [8.849844, 61.845994, 390],
          [8.850221, 61.846032, 389.8],
          [8.850602, 61.84608, 389.8],
          [8.852362, 61.846345, 390.1],
          [8.852901, 61.846404, 391.1],
          [8.853475, 61.846449, 391.9],
          [8.853846, 61.846463, 392.4],
          [8.854258, 61.846469, 391.8],
          [8.854706, 61.846463, 391],
          [8.85529, 61.846439, 390.6],
          [8.856046, 61.846382, 390],
          [8.856602, 61.846327, 390.1],
          [8.857206, 61.846255, 390.5],
          [8.860723, 61.845792, 393.9],
          [8.861473, 61.845705, 394.5],
          [8.862201, 61.84564, 395.3],
          [8.862798, 61.845601, 396],
          [8.863204, 61.845583, 396.5],
          [8.86392, 61.845566, 397.1],
          [8.86448, 61.845566, 397.6],
          [8.8652, 61.845581, 398.2],
          [8.866467, 61.845626, 399.7],
          [8.867133, 61.845642, 400.9],
          [8.867731, 61.845644, 401.9],
          [8.868362, 61.845628, 408.8],
          [8.869731, 61.845595, 409.1],
          [8.870478, 61.845593, 409.3],
          [8.871267, 61.845608, 409.4],
          [8.87198, 61.845639, 409.6],
          [8.872828, 61.845692, 409.8],
          [8.873735, 61.845778, 410],
          [8.874925, 61.845925, 410.3],
          [8.876017, 61.846102, 410.5],
          [8.876662, 61.846224, 410.7],
          [8.878029, 61.846503, 411],
          [8.878852, 61.846662, 404.7],
          [8.879601, 61.846786, 401.2],
          [8.880105, 61.846853, 400.9],
          [8.880771, 61.846929, 400.2],
          [8.881369, 61.846984, 399.6],
          [8.883162, 61.847103, 398.6],
          [8.887444, 61.847353, 397.1],
          [8.888237, 61.847384, 397.2],
          [8.888761, 61.847391, 397.3],
          [8.889803, 61.847369, 397.2],
          [8.891187, 61.847324, 395.5],
          [8.891492, 61.847324, 395],
          [8.891981, 61.84734, 394.4],
          [8.892268, 61.84736, 394.5],
          [8.89256, 61.847386, 394.1],
          [8.893136, 61.847453, 395.2],
          [8.898146, 61.848117, 397.6],
          [8.898883, 61.848195, 397.1],
          [8.899178, 61.848217, 397.1],
          [8.899758, 61.848236, 397.7],
          [8.900363, 61.848225, 397.9],
          [8.900767, 61.8482, 398.1],
          [8.901485, 61.848124, 398.2],
          [8.903008, 61.847905, 399.3],
          [8.903751, 61.84781, 399.7],
          [8.904413, 61.847755, 400.2],
          [8.904923, 61.847735, 400.5],
          [8.905326, 61.847731, 400.6],
          [8.90658, 61.847747, 401.1],
          [8.91164, 61.847847, 402.5],
          [8.912646, 61.847891, 402.9],
          [8.914931, 61.848021, 401.4],
          [8.915716, 61.848049, 400.6],
          [8.916209, 61.848046, 400.5],
          [8.91655, 61.848036, 400.6],
          [8.918633, 61.847928, 399.7],
          [8.919058, 61.84792, 399.4],
          [8.919518, 61.847925, 399],
          [8.921037, 61.847997, 397.5],
          [8.922706, 61.848093, 393.6],
          [8.923551, 61.848163, 391.5],
          [8.924748, 61.848296, 388.4],
          [8.925374, 61.848336, 387.1],
          [8.92581, 61.848341, 386.2],
          [8.926098, 61.848332, 385.5],
          [8.926432, 61.848311, 384.8],
          [8.926707, 61.848284, 384.3],
          [8.927063, 61.848237, 383.8],
          [8.927633, 61.848136, 383.1],
          [8.928923, 61.847855, 381],
          [8.929267, 61.847789, 380.4],
          [8.929695, 61.847722, 379.5],
          [8.930244, 61.847662, 377.8],
          [8.930695, 61.847635, 376.1],
          [8.931152, 61.847626, 374.7],
          [8.93212, 61.847643, 371.6],
          [8.933526, 61.847684, 368.4],
          [8.935296, 61.84774, 366.3],
          [8.935992, 61.847772, 365.7],
          [8.937103, 61.847854, 365.6],
          [8.941008, 61.848209, 366],
          [8.941981, 61.848281, 366.1],
          [8.942716, 61.848319, 366.1],
          [8.943672, 61.848344, 366.3],
          [8.944713, 61.848344, 366.5],
          [8.945406, 61.848326, 366.6],
          [8.953254, 61.847978, 368.2],
          [8.953968, 61.847956, 366.7],
          [8.954485, 61.847956, 366.6],
          [8.955139, 61.847982, 366.4],
          [8.955808, 61.848038, 366.6],
          [8.956245, 61.848092, 366.8],
          [8.956796, 61.848176, 366.9],
          [8.960327, 61.848813, 365.7],
          [8.960782, 61.848898, 365.6],
          [8.961608, 61.849042, 365.6],
          [8.962201, 61.849124, 365.5],
          [8.962786, 61.849185, 365.5],
          [8.963091, 61.849209, 365.4],
          [8.963575, 61.849235, 365.4],
          [8.964017, 61.849245, 365.4],
          [8.964553, 61.849242, 365.3],
          [8.964956, 61.849229, 365.4],
          [8.965671, 61.84918, 365.3],
          [8.966039, 61.849144, 365.3],
          [8.966547, 61.849078, 365.3],
          [8.967684, 61.84889, 365.9],
          [8.969746, 61.848526, 368.6],
          [8.970217, 61.84845, 369.3],
          [8.970794, 61.848379, 370.4],
          [8.971103, 61.848352, 370.9],
          [8.971511, 61.84833, 371.6],
          [8.972133, 61.848323, 372.8],
          [8.972705, 61.848342, 373.7],
          [8.975111, 61.848489, 375.4],
          [8.97556, 61.848524, 375.6],
          [8.976126, 61.848581, 375.8],
          [8.976622, 61.84865, 375.9],
          [8.976938, 61.848705, 375.9],
          [8.977402, 61.848798, 375.8],
          [8.977948, 61.848928, 375.5],
          [8.978748, 61.849155, 375.8],
          [8.981389, 61.849942, 380.4],
          [8.98212, 61.850135, 380.2],
          [8.982569, 61.850234, 379.9],
          [8.983175, 61.850348, 379.6],
          [8.984925, 61.850643, 378.5],
          [8.985177, 61.850692, 378.4],
          [8.985529, 61.850774, 378.5],
          [8.985768, 61.85084, 378.7],
          [8.986061, 61.850933, 379.1],
          [8.987121, 61.851327, 380.7],
          [8.987599, 61.851465, 380.7],
          [8.988088, 61.851565, 380.1],
          [8.988489, 61.851621, 378.9],
          [8.988877, 61.85165, 377],
          [8.989374, 61.851662, 374.1],
          [8.989722, 61.851649, 372.4],
          [8.989986, 61.851628, 370.8],
          [8.990596, 61.851546, 368.4],
          [8.991188, 61.851429, 366.8],
          [8.994435, 61.850695, 364.9],
          [8.995253, 61.85052, 364.8],
          [8.995863, 61.850412, 364.8],
          [8.996268, 61.850359, 364.9],
          [8.996604, 61.850326, 365.4],
          [8.997008, 61.8503, 365.8],
          [8.997521, 61.850288, 365.7],
          [8.997902, 61.850289, 365.8],
          [8.998845, 61.850314, 365.6],
          [9.001641, 61.850411, 366.3],
          [9.002342, 61.850415, 366.6],
          [9.002962, 61.850387, 366.8],
          [9.003508, 61.850334, 366.8],
          [9.003929, 61.850277, 366.7],
          [9.005226, 61.85008, 366.8],
          [9.005512, 61.850046, 366.7],
          [9.005893, 61.850011, 366.4],
          [9.006195, 61.849992, 366.1],
          [9.006649, 61.849977, 365.8],
          [9.00705, 61.849977, 365.5],
          [9.007674, 61.849995, 365.7],
          [9.0078, 61.849982, 365.9],
          [9.008805, 61.850038, 365.1],
          [9.010282, 61.85014, 365.5],
          [9.012074, 61.850279, 369.1],
          [9.012641, 61.850333, 369.6],
          [9.013414, 61.85043, 370.2],
          [9.013628, 61.850463, 370],
          [9.013831, 61.850513, 370.3],
          [9.014425, 61.850608, 370.4],
          [9.014895, 61.850703, 370.9],
          [9.015482, 61.850843, 371.5],
          [9.017141, 61.851287, 372.9],
          [9.017863, 61.851468, 372.8],
          [9.018808, 61.851679, 372],
          [9.021593, 61.852273, 367.3],
          [9.022307, 61.852434, 367.5],
          [9.022917, 61.852585, 367.5],
          [9.023514, 61.852747, 367.3],
          [9.024106, 61.852925, 366.8],
          [9.025815, 61.853479, 365.8],
          [9.026443, 61.853658, 365.1],
          [9.026917, 61.853777, 365.2],
          [9.027278, 61.853857, 365.7],
          [9.027717, 61.853941, 365.5],
          [9.028203, 61.85402, 365.9],
          [9.033594, 61.85477, 369.9],
          [9.034574, 61.854925, 370.7],
          [9.035354, 61.855061, 371.7],
          [9.036315, 61.855246, 371],
          [9.038505, 61.855702, 366.7],
          [9.044934, 61.857063, 365.4],
          [9.045668, 61.857212, 364.9],
          [9.046349, 61.857333, 364.6],
          [9.047118, 61.857439, 364.2],
          [9.047618, 61.857491, 364.1],
          [9.048435, 61.857549, 363.6],
          [9.049165, 61.857574, 364.1],
          [9.052665, 61.857631, 363.8],
          [9.053371, 61.857667, 363.6],
          [9.053805, 61.857701, 363.7],
          [9.054276, 61.857752, 363.8],
          [9.05479, 61.857819, 363.8],
          [9.055226, 61.857889, 363.8],
          [9.055749, 61.85799, 363.9],
          [9.056165, 61.858086, 363.9],
          [9.056585, 61.858196, 363.7],
          [9.057046, 61.858334, 363.6],
          [9.058932, 61.858979, 365.2],
          [9.059237, 61.859074, 365.2],
          [9.059757, 61.859218, 364.8],
          [9.060287, 61.859344, 364.6],
          [9.060898, 61.859468, 364.4],
          [9.061539, 61.859577, 364.2],
          [9.062032, 61.859649, 364.1],
          [9.062824, 61.859745, 364],
          [9.063527, 61.859813, 363.8],
          [9.064396, 61.859879, 363.9],
          [9.065019, 61.85991, 363.9],
          [9.065983, 61.859938, 364],
          [9.066634, 61.859941, 364.1],
          [9.067298, 61.859932, 364.2],
          [9.070144, 61.859828, 363.8],
          [9.070839, 61.859822, 363.4],
          [9.071356, 61.859833, 363.6],
          [9.071765, 61.859853, 363.6],
          [9.072277, 61.859891, 363.6],
          [9.072748, 61.859939, 363.7],
          [9.073632, 61.860057, 363.9],
          [9.077712, 61.860667, 364.6],
          [9.078337, 61.86078, 364.4],
          [9.078798, 61.860884, 364.2],
          [9.079142, 61.860978, 363.8],
          [9.079594, 61.861131, 363.9],
          [9.079982, 61.861289, 363.9],
          [9.080304, 61.86144, 363.8],
          [9.08239, 61.862531, 365.3],
          [9.082496, 61.862583, 365.4],
          [9.082761, 61.862706, 366.2],
          [9.083051, 61.862824, 366.3],
          [9.083463, 61.862964, 366.4],
          [9.083915, 61.863088, 366.2],
          [9.084225, 61.863159, 366.2],
          [9.084653, 61.863238, 366],
          [9.084925, 61.863279, 365.8],
          [9.085299, 61.863323, 365.6],
          [9.085999, 61.863378, 365.1],
          [9.086618, 61.863393, 364.5],
          [9.089309, 61.863364, 363.6],
          [9.090022, 61.863379, 363.4],
          [9.090326, 61.863392, 363.4],
          [9.090687, 61.863412, 363.5],
          [9.091332, 61.863464, 363.5],
          [9.092205, 61.863556, 363.6],
          [9.094584, 61.863831, 363.7],
          [9.095619, 61.863966, 363.8],
          [9.096285, 61.86408, 363.7],
          [9.096811, 61.864195, 363.7],
          [9.09746, 61.864376, 363.7],
          [9.097966, 61.864551, 363.6],
          [9.098185, 61.864638, 363.7],
          [9.098599, 61.864826, 363.9],
          [9.09898, 61.865036, 364.4],
          [9.099469, 61.865377, 365],
          [9.099911, 61.865748, 365.7],
          [9.100215, 61.866052, 365.6],
          [9.101036, 61.866947, 365.8],
          [9.101326, 61.867224, 365.9],
          [9.101615, 61.867474, 365.9],
          [9.101899, 61.867691, 366],
          [9.102169, 61.867869, 366],
          [9.102394, 61.868002, 366.1],
          [9.102979, 61.868316, 366.6],
          [9.103117, 61.868347, 366.7],
          [9.103488, 61.868473, 367],
          [9.103634, 61.86847, 366.9],
          [9.103752, 61.868495, 366.9],
          [9.103813, 61.868523, 366.9],
          [9.103856, 61.868557, 366.9],
          [9.103878, 61.86862, 367],
          [9.104291, 61.868774, 365.6],
          [9.104355, 61.868818, 365.4],
          [9.105631, 61.869157, 365],
          [9.107944, 61.869763, 365],
          [9.108704, 61.86995, 365.7],
          [9.109502, 61.870134, 365.1],
          [9.110592, 61.870366, 365.4],
          [9.111508, 61.870545, 365.8],
          [9.112272, 61.870675, 365.8],
          [9.11349, 61.870861, 365.8],
          [9.114384, 61.870981, 365.2],
          [9.114487, 61.870994, 365],
          [9.116366, 61.871237, 364.3],
          [9.117746, 61.871448, 363.8],
          [9.118465, 61.871572, 363.6],
          [9.118933, 61.87166, 363.4],
          [9.11951, 61.871772, 363.4],
          [9.120258, 61.871931, 363.5],
          [9.120884, 61.872073, 363.3],
          [9.121406, 61.872203, 363.3],
          [9.121736, 61.872294, 363.4],
          [9.12224, 61.872451, 363.4],
          [9.122581, 61.872569, 363.3],
          [9.122997, 61.872729, 363.4],
          [9.123482, 61.872938, 363.4],
          [9.123796, 61.873089, 363.3],
          [9.124382, 61.873419, 363.2],
          [9.125049, 61.87385, 362.9],
          [9.127395, 61.875451, 363.1],
          [9.128268, 61.876047, 362.4],
          [9.128414, 61.876094, 363],
          [9.128705, 61.876237, 364.2],
          [9.128854, 61.876241, 364.6],
          [9.128959, 61.876268, 364.7],
          [9.129035, 61.876312, 364.7],
          [9.129069, 61.876367, 364.6],
          [9.129411, 61.87644, 363.9],
          [9.129528, 61.876456, 363.8],
          [9.129643, 61.876491, 363.6],
          [9.130086, 61.876522, 363.3],
          [9.130399, 61.876536, 363.5],
          [9.131155, 61.876548, 363.8],
          [9.132012, 61.876539, 363.5],
          [9.136786, 61.876391, 364.4],
          [9.13805, 61.876324, 364],
          [9.146375, 61.875749, 364.9],
          [9.147046, 61.875709, 364.6],
          [9.148307, 61.875667, 363.6],
          [9.150299, 61.875624, 362.6],
          [9.15094, 61.875603, 362.6],
          [9.151492, 61.875572, 362.6],
          [9.152237, 61.875511, 362.8],
          [9.153343, 61.875388, 363.6],
          [9.161396, 61.874424, 366.2],
          [9.162081, 61.874358, 368.4],
          [9.162467, 61.874335, 370.4],
          [9.163224, 61.874312, 368.4],
          [9.163949, 61.87432, 366.9],
          [9.166063, 61.874414, 365.8],
          [9.167512, 61.874466, 365.4],
          [9.168078, 61.874474, 364.9],
          [9.168681, 61.874472, 364.2],
          [9.169473, 61.874451, 363.6],
          [9.170589, 61.874403, 362.8],
          [9.17814, 61.874037, 364.1],
          [9.17896, 61.874004, 365.4],
          [9.1796, 61.873991, 366.4],
          [9.180154, 61.87399, 367.2],
          [9.181047, 61.874009, 368.6],
          [9.18181, 61.874039, 369.7],
          [9.182052, 61.874027, 369.8],
          [9.182932, 61.874039, 370.2],
          [9.183835, 61.874041, 370.6],
          [9.184297, 61.874032, 370],
          [9.185326, 61.873973, 369.8],
          [9.185175, 61.874011, 370],
          [9.185038, 61.874029, 370.1],
          [9.184413, 61.874085, 370],
          [9.184428, 61.874182, 370.4],
          [9.184464, 61.874246, 370.7],
          [9.184562, 61.874284, 371.1],
          [9.1848, 61.874321, 372.1],
          [9.185296, 61.87418, 370.5],
          [9.185434, 61.874149, 370.8],
          [9.185595, 61.874115, 372],
          [9.185918, 61.874062, 373.8],
          [9.186687, 61.873961, 377.4],
          [9.187112, 61.873896, 379.2],
          [9.187473, 61.873826, 380.7],
          [9.18782, 61.873744, 382.1],
          [9.188154, 61.873648, 383.6],
          [9.188503, 61.873532, 385],
          [9.189702, 61.873082, 390.6],
          [9.190173, 61.872924, 393.1],
          [9.190576, 61.872803, 394.4],
          [9.192237, 61.872342, 402.8],
          [9.192911, 61.872166, 406.4],
          [9.193379, 61.872057, 408.7],
          [9.193782, 61.871977, 410.6],
          [9.19417, 61.871916, 412.5],
          [9.194566, 61.871868, 414.2],
          [9.194976, 61.871833, 415.7],
          [9.195401, 61.87181, 417.1],
          [9.196199, 61.871794, 419.7],
          [9.196702, 61.871797, 421.3],
          [9.198431, 61.871828, 427.9],
          [9.199438, 61.871822, 432.6],
          [9.20048, 61.871787, 435.9],
          [9.200932, 61.871758, 436.8],
          [9.201332, 61.871719, 437.6],
          [9.201724, 61.871667, 438.1],
          [9.202108, 61.871601, 438.4],
          [9.202482, 61.871523, 438.5],
          [9.202911, 61.871416, 438.4],
          [9.203922, 61.87113, 438.3],
          [9.204371, 61.871013, 438.3],
          [9.204749, 61.87093, 438.5],
          [9.205131, 61.87086, 438.9],
          [9.205521, 61.870804, 439.3],
          [9.205929, 61.870761, 439.9],
          [9.207856, 61.870624, 445],
          [9.208356, 61.87057, 446.7],
          [9.208849, 61.870503, 448.3],
          [9.210044, 61.870296, 450.4],
          [9.210227, 61.870262, 450.7],
          [9.211992, 61.869938, 453.2],
          [9.21255, 61.869851, 453.7],
          [9.213092, 61.869782, 454.1],
          [9.21364, 61.869725, 454.4],
          [9.214194, 61.869684, 454.5],
          [9.21475, 61.869656, 454.4],
          [9.21531, 61.869642, 454.2],
          [9.215871, 61.869642, 454.2],
          [9.217767, 61.869702, 455.6],
          [9.218411, 61.869695, 456.7],
          [9.218798, 61.869671, 457.4],
          [9.219179, 61.869635, 458.3],
          [9.219554, 61.869584, 459.2],
          [9.219856, 61.869531, 460.3],
          [9.220274, 61.869443, 462.1],
          [9.220614, 61.869354, 463.7],
          [9.220972, 61.869243, 465.6],
          [9.221388, 61.869095, 467.8],
          [9.223718, 61.86818, 480.2],
          [9.224076, 61.868019, 482.3],
          [9.224361, 61.867875, 484.1],
          [9.224617, 61.867724, 485.7],
          [9.224851, 61.867566, 487.4],
          [9.225083, 61.867381, 489.2],
          [9.225801, 61.866718, 495.9],
          [9.22607, 61.866496, 498.3],
          [9.226955, 61.865856, 504.9],
          [9.227189, 61.865666, 506.6],
          [9.227369, 61.865493, 508.2],
          [9.227535, 61.865299, 509.5],
          [9.22791, 61.864784, 515],
          [9.228101, 61.864545, 517.5],
          [9.228286, 61.864353, 519.6],
          [9.228496, 61.864167, 521.6],
          [9.228792, 61.863942, 524],
          [9.230203, 61.862947, 534.6],
          [9.230526, 61.862741, 537],
          [9.231612, 61.862118, 543.9],
          [9.231971, 61.861897, 546.3],
          [9.232329, 61.861649, 549],
          [9.234371, 61.860114, 564.9],
          [9.234699, 61.859889, 567.2],
          [9.234985, 61.859716, 569.4],
          [9.235287, 61.859554, 571.5],
          [9.235611, 61.859403, 573.5],
          [9.235955, 61.859262, 575.5],
          [9.236356, 61.859118, 577.7],
          [9.236958, 61.858922, 580.7],
          [9.237576, 61.858738, 583.3],
          [9.238868, 61.858403, 588.3],
          [9.239648, 61.858228, 591.3],
          [9.240441, 61.858066, 594.7],
          [9.241247, 61.857917, 598.6],
          [9.242062, 61.857781, 602.6],
          [9.242886, 61.857659, 606.4],
          [9.243719, 61.857551, 609.9],
          [9.24441, 61.857474, 611.9],
          [9.245407, 61.857376, 613.8],
          [9.249712, 61.857047, 613.5],
          [9.250686, 61.85697, 613],
          [9.251431, 61.856898, 612.4],
          [9.252168, 61.856813, 611.6],
          [9.252898, 61.856713, 610.9],
          [9.254568, 61.856456, 609],
          [9.255083, 61.856394, 608.8],
          [9.255604, 61.856344, 608.2],
          [9.257155, 61.856236, 605.6],
          [9.2576, 61.856192, 605.2],
          [9.257994, 61.856139, 604.3],
          [9.258431, 61.856065, 603.1],
          [9.259774, 61.855791, 598.3],
          [9.260295, 61.855694, 596.1],
          [9.260828, 61.855612, 594],
          [9.265596, 61.854986, 574.9],
          [9.268404, 61.854678, 564.3],
          [9.269831, 61.854501, 558.2],
          [9.272198, 61.854168, 550.3],
          [9.272715, 61.854109, 548.8],
          [9.273155, 61.854073, 547.7],
          [9.273598, 61.85405, 546.4],
          [9.274306, 61.854042, 545],
          [9.275525, 61.854062, 542.1],
          [9.276684, 61.854065, 537.4],
          [9.277289, 61.854054, 534.3],
          [9.27811, 61.854027, 532],
          [9.279078, 61.85398, 528.3],
          [9.279736, 61.853936, 525.3],
          [9.28025, 61.85389, 523],
          [9.2807, 61.853836, 520.7],
          [9.281107, 61.853773, 518.1],
          [9.281475, 61.853702, 515.5],
          [9.281815, 61.853621, 512.9],
          [9.282141, 61.853528, 510.3],
          [9.282449, 61.853425, 507.7],
          [9.28274, 61.853309, 505.2],
          [9.283068, 61.85316, 502.3],
          [9.284107, 61.852624, 495.5],
          [9.284562, 61.852401, 493.5],
          [9.28495, 61.85223, 492.2],
          [9.285358, 61.852068, 491.1],
          [9.285785, 61.851918, 490],
          [9.286229, 61.85178, 488.6],
          [9.286686, 61.851653, 487.1],
          [9.287162, 61.851539, 485.2],
          [9.287724, 61.85142, 482.7],
          [9.293598, 61.850312, 457.1],
          [9.294412, 61.850174, 453.8],
          [9.295038, 61.850083, 450.8],
          [9.295673, 61.850007, 447.8],
          [9.296314, 61.849945, 444.8],
          [9.296962, 61.849897, 441.8],
          [9.297603, 61.849862, 439],
          [9.298265, 61.84984, 436.1],
          [9.307118, 61.849676, 408.5],
          [9.307524, 61.849659, 407.1],
          [9.307899, 61.849631, 405.8],
          [9.308268, 61.849588, 404.6],
          [9.30863, 61.849532, 403.5],
          [9.309844, 61.849283, 399.1],
          [9.310106, 61.849246, 398.4],
          [9.310572, 61.84921, 397.2],
          [9.311063, 61.849204, 396.1],
          [9.312464, 61.849295, 393.6],
          [9.313135, 61.849319, 391.3],
          [9.313455, 61.84931, 389.9],
          [9.313889, 61.849271, 388.1],
          [9.314184, 61.849226, 387.1],
          [9.314384, 61.849184, 386.6],
          [9.314675, 61.84911, 385.6],
          [9.315138, 61.848969, 384.2],
          [9.315588, 61.84878, 382.8],
          [9.315832, 61.848664, 382.2],
          [9.3162, 61.848463, 381.2],
          [9.316881, 61.848066, 380.2],
          [9.31713, 61.84795, 380],
          [9.317285, 61.84789, 379.9],
          [9.317598, 61.847798, 379.7],
          [9.318, 61.847715, 379.6],
          [9.318192, 61.847683, 379.5],
          [9.318431, 61.847656, 379.5],
          [9.318916, 61.847621, 379.5],
          [9.324174, 61.8473, 377.5],
          [9.325986, 61.847197, 376.6],
          [9.326563, 61.847155, 376.2],
          [9.327125, 61.847094, 375.9],
          [9.331752, 61.846393, 374.2],
          [9.332259, 61.84629, 374.1],
          [9.332615, 61.846202, 374.1],
          [9.333035, 61.846066, 374],
          [9.3334, 61.845924, 374],
          [9.333661, 61.845799, 374.1],
          [9.333975, 61.845663, 374.2],
          [9.334142, 61.8456, 374.2],
          [9.334368, 61.845534, 374.3],
          [9.334635, 61.845476, 374.4],
          [9.335055, 61.845417, 374.6],
          [9.338053, 61.845099, 375],
          [9.338289, 61.845084, 375.1],
          [9.338599, 61.845079, 375.2],
          [9.33891, 61.845089, 375.2],
          [9.339169, 61.845107, 375.3],
          [9.340838, 61.845284, 376.2],
          [9.341341, 61.845324, 376.5],
          [9.34186, 61.845356, 376.8],
          [9.342358, 61.845374, 377],
          [9.34281, 61.845374, 377.1],
          [9.343212, 61.845353, 377],
          [9.343724, 61.845313, 376.8],
          [9.345335, 61.845127, 376.1],
          [9.346862, 61.844967, 376.3],
          [9.348481, 61.84482, 376.6],
          [9.352832, 61.844402, 375.6],
          [9.353209, 61.844382, 375.7],
          [9.353589, 61.844375, 375.8],
          [9.356533, 61.84438, 374.9],
          [9.357099, 61.844411, 374.3],
          [9.357571, 61.844468, 374],
          [9.358006, 61.844542, 374.4],
          [9.359949, 61.844904, 374.2],
          [9.36065, 61.84502, 374],
          [9.360991, 61.845059, 374],
          [9.36153, 61.8451, 373.8],
          [9.361912, 61.845107, 373.3],
          [9.362433, 61.845094, 372.7],
          [9.36274, 61.845077, 372.6],
          [9.363558, 61.844995, 372.1],
          [9.364715, 61.844833, 371.9],
          [9.367051, 61.844458, 370.1],
          [9.367795, 61.844347, 369.9],
          [9.368563, 61.844247, 368.7],
          [9.37248, 61.843908, 367],
          [9.373793, 61.843802, 366.8],
          [9.376643, 61.843551, 366.4],
          [9.377834, 61.843459, 365.8],
          [9.378773, 61.843423, 365.6],
          [9.379466, 61.843426, 365.7],
          [9.380305, 61.843459, 365.8],
          [9.381119, 61.843522, 366],
          [9.382998, 61.843694, 365.7],
          [9.383584, 61.843737, 365.5],
          [9.384013, 61.843744, 365.4],
          [9.38417, 61.843737, 365.4],
          [9.384444, 61.843708, 365.2],
          [9.384667, 61.843673, 365],
          [9.384963, 61.843613, 364.6],
          [9.385167, 61.84356, 364.3],
          [9.385389, 61.84349, 363.8],
          [9.385648, 61.843389, 363.3],
          [9.385789, 61.843322, 362.9],
          [9.386075, 61.843174, 362.1],
          [9.386398, 61.842986, 360.8],
          [9.386635, 61.842862, 359.9],
          [9.386905, 61.842755, 359],
          [9.387117, 61.842686, 358.1],
          [9.387477, 61.842593, 356.4],
          [9.387893, 61.842523, 355],
          [9.388264, 61.842484, 353.8],
          [9.389819, 61.842364, 348.2],
          [9.390892, 61.842295, 344.6],
          [9.391902, 61.842247, 342.6],
          [9.392943, 61.842208, 341.2],
          [9.394392, 61.842175, 339.3],
          [9.395654, 61.842171, 336.7],
          [9.396459, 61.842132, 334.9],
          [9.397258, 61.842037, 332.9],
          [9.397637, 61.841974, 332],
          [9.398523, 61.841783, 330],
          [9.399027, 61.841683, 329],
          [9.399826, 61.84157, 327.5],
          [9.400201, 61.841539, 326.7],
          [9.40058, 61.841521, 325.9],
          [9.400938, 61.84152, 325.3],
          [9.401543, 61.841544, 323.1],
          [9.401936, 61.841581, 322],
          [9.402402, 61.841639, 320.9],
          [9.403902, 61.841867, 317.3],
          [9.404379, 61.841928, 316.1],
          [9.404779, 61.841968, 315.1],
          [9.405156, 61.84199, 314.2],
          [9.405496, 61.841997, 313.3],
          [9.405761, 61.841996, 312.5],
          [9.406486, 61.841953, 311.2],
          [9.407905, 61.841787, 308.9],
          [9.408436, 61.841737, 308.3],
          [9.409056, 61.841695, 310.3],
          [9.409506, 61.841673, 310.1],
          [9.41206, 61.84155, 300],
          [9.412269, 61.84152, 299.9],
          [9.412395, 61.841509, 299.9],
          [9.412649, 61.841507, 299.9],
          [9.412623, 61.841949, 299],
          [9.412627, 61.842529, 298.3],
          [9.412661, 61.8427, 298.1],
          [9.412723, 61.842868, 298],
          [9.412831, 61.843065, 298],
          [9.412931, 61.843204, 298],
          [9.413456, 61.843808, 298],
          [9.414695, 61.845222, 298],
          [9.414802, 61.845337, 298],
          [9.414978, 61.845498, 298],
          [9.415155, 61.845629, 298],
          [9.415397, 61.845775, 298],
          [9.416259, 61.846199, 298],
          [9.417354, 61.846685, 297.9],
          [9.418423, 61.847252, 298.1],
          [9.420372, 61.848201, 300.3],
          [9.421692, 61.848842, 304],
          [9.421872, 61.848907, 304],
          [9.422256, 61.84901, 303.3],
          [9.422799, 61.849109, 302.1],
          [9.424818, 61.849383, 302.5],
          [9.425689, 61.849505, 302.3],
          [9.425941, 61.849535, 302],
          [9.426042, 61.849535, 302.7],
          [9.426167, 61.849514, 303.1],
          [9.426698, 61.849333, 303.4],
          [9.427038, 61.84925, 303.1],
          [9.427293, 61.849203, 303],
          [9.427521, 61.849174, 302.9],
          [9.42778, 61.84915, 302.7],
          [9.428592, 61.849091, 302],
          [9.429092, 61.849042, 301.6],
          [9.429383, 61.849001, 301.4],
          [9.430026, 61.848875, 301],
          [9.43047, 61.848748, 300.6],
          [9.430841, 61.848601, 300.4],
          [9.431634, 61.848173, 301.1],
          [9.431776, 61.848111, 301.2],
          [9.431973, 61.848056, 301.3],
          [9.43217, 61.848038, 302.1],
          [9.432343, 61.848031, 302.6],
          [9.432434, 61.848034, 302.7],
          [9.432584, 61.848059, 302.9],
          [9.432723, 61.848096, 303.2],
          [9.432796, 61.848125, 303.6],
          [9.432843, 61.848203, 304.6],
          [9.432319, 61.848438, 306.3],
          [9.430964, 61.848995, 309.4],
          [9.43046, 61.849175, 309.8],
          [9.429542, 61.84952, 313],
          [9.428474, 61.8499, 316],
          [9.427887, 61.850134, 317.4],
          [9.427571, 61.850276, 318.1],
          [9.4273, 61.850411, 318.7],
          [9.426891, 61.850639, 319.4],
          [9.426088, 61.851137, 320.5],
          [9.425468, 61.851506, 322],
          [9.424753, 61.851876, 323.1],
          [9.424041, 61.852197, 323.9],
          [9.422745, 61.85273, 327],
          [9.422216, 61.852958, 328.9],
          [9.4216, 61.853249, 331.4],
          [9.42101, 61.853566, 334],
          [9.420504, 61.853877, 336.4],
          [9.420003, 61.854228, 338.4],
          [9.41867, 61.855303, 342.9],
          [9.418418, 61.855498, 343.7],
          [9.417829, 61.85591, 345.7],
          [9.417321, 61.856233, 347.7],
          [9.416921, 61.856465, 349.2],
          [9.416423, 61.856734, 350.8],
          [9.415939, 61.856968, 352],
          [9.415357, 61.857219, 353.2],
          [9.41503, 61.857345, 353.8],
          [9.41443, 61.857552, 354.7],
          [9.413757, 61.857755, 355.4],
          [9.412577, 61.858044, 355.8],
          [9.410265, 61.858567, 354.2],
          [9.408791, 61.858924, 353.3],
          [9.407738, 61.859223, 353.7],
          [9.407044, 61.859446, 354.4],
          [9.406233, 61.859732, 355.6],
          [9.405268, 61.860119, 357],
          [9.404305, 61.860561, 358.3],
          [9.403719, 61.860851, 359.1],
          [9.40314, 61.861153, 360.1],
          [9.402346, 61.861597, 361.3],
          [9.40156, 61.862072, 363.5],
          [9.400844, 61.862565, 366.2],
          [9.400491, 61.862845, 367.4],
          [9.400172, 61.863137, 368.5],
          [9.399978, 61.863347, 369],
          [9.399884, 61.863466, 369.2],
          [9.399724, 61.863718, 369.6],
          [9.399651, 61.863883, 369.8],
          [9.399589, 61.864083, 369.8],
          [9.39955, 61.864299, 369.8],
          [9.399544, 61.864429, 370.4],
          [9.399567, 61.864677, 371.3],
          [9.399653, 61.864955, 372.4],
          [9.399724, 61.865102, 373],
          [9.399842, 61.865294, 373.4],
          [9.40005, 61.865543, 373.6],
          [9.400241, 61.865722, 373.4],
          [9.400401, 61.865852, 373.1],
          [9.400701, 61.866059, 372.1],
          [9.400926, 61.866194, 371.1],
          [9.401138, 61.866302, 370.9],
          [9.401489, 61.866459, 370.2],
          [9.40171, 61.866545, 369.9],
          [9.401941, 61.866622, 369.8],
          [9.402429, 61.866767, 369.7],
          [9.402928, 61.866884, 369.8],
          [9.403089, 61.866918, 369.8],
          [9.403598, 61.867004, 370],
          [9.405927, 61.86735, 370.9],
          [9.406615, 61.867461, 371.7],
          [9.407734, 61.867675, 373.4],
          [9.408907, 61.867935, 375.5],
          [9.41143, 61.86854, 378.2],
          [9.412424, 61.868785, 375.7],
          [9.413159, 61.868988, 376.3],
          [9.4139, 61.86924, 376.9],
          [9.414323, 61.869402, 376.7],
          [9.414775, 61.86959, 376.3],
          [9.415126, 61.869755, 376],
          [9.415443, 61.869918, 375.6],
          [9.415913, 61.87018, 375.1],
          [9.416185, 61.87035, 375.1],
          [9.41643, 61.870516, 375.1],
          [9.416756, 61.87076, 375],
          [9.417276, 61.8712, 374.6],
          [9.41926, 61.87297, 374.2],
          [9.419888, 61.873544, 375.4],
          [9.420176, 61.873863, 376.1],
          [9.420391, 61.874169, 376.9],
          [9.42053, 61.874442, 378.1],
          [9.42063, 61.874761, 379.7],
          [9.420693, 61.875106, 380.8],
          [9.420708, 61.875398, 382],
          [9.420692, 61.875587, 382.8],
          [9.420622, 61.875862, 383.2],
          [9.42047, 61.876159, 384.9],
          [9.420347, 61.876332, 385.1],
          [9.420218, 61.876492, 384.9],
          [9.419905, 61.876781, 386],
          [9.419559, 61.877032, 386.8],
          [9.419291, 61.877196, 387.1],
          [9.418747, 61.877467, 387.9],
          [9.418194, 61.877688, 388.5],
          [9.417781, 61.877825, 388.4],
          [9.417485, 61.877911, 388.3],
          [9.416885, 61.878068, 388.3],
          [9.413531, 61.878808, 388.6],
          [9.411932, 61.879204, 386.1],
          [9.411161, 61.879418, 383],
          [9.410497, 61.879623, 383],
          [9.409887, 61.879836, 382.9],
          [9.409311, 61.880082, 384.9],
          [9.408862, 61.880307, 385.9],
          [9.408512, 61.880497, 386.7],
          [9.406711, 61.881522, 390.5],
          [9.406331, 61.881725, 391.1],
          [9.405097, 61.882343, 392.7],
          [9.404752, 61.882538, 393.1],
          [9.404429, 61.882756, 393.7],
          [9.40416, 61.882981, 394.6],
          [9.403939, 61.883213, 395.6],
          [9.403795, 61.883412, 396.4],
          [9.403688, 61.883607, 397.2],
          [9.403603, 61.883826, 398.2],
          [9.403557, 61.884023, 399.1],
          [9.403531, 61.884223, 400],
          [9.403511, 61.884736, 401.8],
          [9.403517, 61.884982, 402.6],
          [9.403553, 61.885256, 403.5],
          [9.403615, 61.885494, 404.2],
          [9.403719, 61.885745, 405],
          [9.403908, 61.886029, 406.1],
          [9.40417, 61.886314, 407.4],
          [9.404781, 61.886884, 409.9],
          [9.404998, 61.887101, 410.8],
          [9.405266, 61.887419, 412],
          [9.405443, 61.887683, 412.7],
          [9.405591, 61.887988, 413.5],
          [9.405701, 61.888364, 414.4],
          [9.405732, 61.888712, 414.8],
          [9.405716, 61.888947, 415.2],
          [9.405679, 61.889159, 415.5],
          [9.405628, 61.889341, 415.8],
          [9.405518, 61.889627, 416.1],
          [9.405437, 61.889792, 416.4],
          [9.405284, 61.89005, 416.9],
          [9.404943, 61.890504, 417.6],
          [9.404611, 61.890869, 418.5],
          [9.404101, 61.891345, 419.4],
          [9.403808, 61.891591, 419.9],
          [9.403394, 61.891911, 420.4],
          [9.403117, 61.89211, 420.7],
          [9.40248, 61.892532, 421.9],
          [9.401937, 61.892854, 423.1],
          [9.40153, 61.893079, 424.2],
          [9.400624, 61.893541, 425.1],
          [9.39998, 61.893838, 425.7],
          [9.399058, 61.894227, 426.3],
          [9.397681, 61.894763, 426.7],
          [9.396565, 61.895162, 426.9],
          [9.395553, 61.895496, 427],
          [9.393522, 61.896118, 426.9],
          [9.39226, 61.896494, 425.8],
          [9.39136, 61.896739, 425],
          [9.390969, 61.896836, 425.7],
          [9.390296, 61.896993, 425.5],
          [9.389298, 61.897209, 425.6],
          [9.382283, 61.898636, 434.3],
          [9.38098, 61.898913, 435.6],
          [9.379953, 61.899143, 436],
          [9.378918, 61.899396, 435.9],
          [9.378265, 61.899571, 435.8],
          [9.377624, 61.899761, 435.6],
          [9.376775, 61.900031, 435.5],
          [9.37587, 61.900351, 435.4],
          [9.375159, 61.900626, 435.7],
          [9.374387, 61.900948, 435.8],
          [9.373697, 61.901261, 435.8],
          [9.373032, 61.901593, 435.8],
          [9.372399, 61.901937, 435.9],
          [9.371861, 61.902252, 436.2],
          [9.371201, 61.902677, 436.7],
          [9.370466, 61.903193, 437.1],
          [9.369566, 61.903898, 436.8],
          [9.36125, 61.910704, 444.3],
          [9.360132, 61.911634, 447.4],
          [9.359667, 61.912041, 448.4],
          [9.359114, 61.912562, 449.6],
          [9.358729, 61.912953, 450.1],
          [9.358199, 61.913541, 449.9],
          [9.357815, 61.914001, 449.4],
          [9.356511, 61.9157, 446.1],
          [9.356303, 61.915937, 445.4],
          [9.3558, 61.916428, 444.3],
          [9.355487, 61.916682, 443.3],
          [9.355146, 61.916932, 443],
          [9.354807, 61.917152, 442.8],
          [9.354373, 61.91741, 442.1],
          [9.3539, 61.91766, 441.2],
          [9.353354, 61.917916, 440.1],
          [9.352755, 61.918165, 437.8],
          [9.352491, 61.918263, 437.2],
          [9.351951, 61.918447, 438.4],
          [9.351577, 61.918564, 438.6],
          [9.350727, 61.918796, 438.7],
          [9.349934, 61.918977, 438.4],
          [9.349083, 61.919138, 437.9],
          [9.348552, 61.919224, 437.5],
          [9.347365, 61.919395, 436.6],
          [9.338692, 61.920608, 439.5],
          [9.337733, 61.920748, 441.1],
          [9.337308, 61.920817, 441.7],
          [9.336688, 61.920938, 442.5],
          [9.336276, 61.921026, 442.9],
          [9.335858, 61.921127, 443.9],
          [9.335031, 61.921354, 443.8],
          [9.33457, 61.921496, 444.2],
          [9.332271, 61.922323, 442.7],
          [9.331174, 61.922736, 442.3],
          [9.328252, 61.92387, 442],
          [9.327565, 61.924108, 442.2],
          [9.326783, 61.924348, 442.2],
          [9.326047, 61.924544, 442.2],
          [9.314115, 61.927613, 443.5],
          [9.31427, 61.927769, 441.3],
          [9.314737, 61.928244, 437.1],
          [9.315324, 61.928825, 438.5],
          [9.315682, 61.929201, 438.8],
          [9.31587, 61.929473, 439.3],
          [9.315866, 61.92957, 439.9],
          [9.31594, 61.930378, 447.9],
          [9.315962, 61.93081, 452],
          [9.315998, 61.931011, 453.4],
          [9.316149, 61.931461, 455.4],
          [9.316253, 61.931669, 456],
          [9.316302, 61.931881, 456.4],
          [9.316316, 61.932103, 456.6],
          [9.316262, 61.932351, 456.8],
          [9.316234, 61.932409, 457],
          [9.316115, 61.932565, 457],
          [9.315811, 61.932861, 456.4],
          [9.315165, 61.933379, 458.2],
          [9.314969, 61.933566, 458.3],
          [9.314418, 61.934032, 458.4],
          [9.314083, 61.934351, 458.2],
          [9.313903, 61.934569, 458.6],
          [9.313773, 61.934778, 459.2],
          [9.313598, 61.935213, 460.4],
          [9.313558, 61.935421, 461],
          [9.313566, 61.93573, 461.9],
          [9.313727, 61.936436, 465.3],
          [9.313798, 61.936934, 469.9],
          [9.31376, 61.937233, 472.9],
          [9.313702, 61.937499, 474.5],
          [9.313504, 61.938175, 478.5],
          [9.313241, 61.939235, 488.5],
          [9.313224, 61.939473, 491.2],
          [9.313244, 61.939526, 491.9],
          [9.312389, 61.93983, 489.4],
          [9.311959, 61.939993, 487.5],
          [9.311589, 61.940147, 485.8],
          [9.311262, 61.940299, 484.1],
          [9.311015, 61.940426, 482.5],
          [9.31071, 61.940607, 480.4],
          [9.309819, 61.941195, 473.2],
          [9.307722, 61.942536, 458.1],
          [9.306526, 61.94329, 453.4],
          [9.306228, 61.943489, 452.9],
          [9.305915, 61.943737, 452.6],
          [9.305767, 61.943868, 452.7],
          [9.305058, 61.944578, 453.4],
          [9.304742, 61.944869, 453.9],
          [9.304255, 61.945253, 454.3],
          [9.301673, 61.947049, 452.1],
          [9.300643, 61.947787, 452.6],
          [9.30008, 61.948156, 453.5],
          [9.297607, 61.949875, 463.6],
          [9.296969, 61.950296, 466.3],
          [9.295644, 61.951017, 471.1],
          [9.292995, 61.952342, 481.6],
          [9.291823, 61.952869, 488.9],
          [9.291396, 61.953038, 491.5],
          [9.287658, 61.954385, 513.7],
          [9.286763, 61.954719, 518.2],
          [9.286337, 61.954901, 520.1],
          [9.285592, 61.955271, 521.6],
          [9.284516, 61.955858, 522.7],
          [9.282785, 61.956782, 523.2],
          [9.281877, 61.957255, 524.1],
          [9.281184, 61.957631, 524.9],
          [9.280656, 61.957933, 525.9],
          [9.280357, 61.958122, 526.7],
          [9.2802, 61.95824, 526.9],
          [9.27987, 61.958552, 522.6],
          [9.279622, 61.958794, 526.5],
          [9.279338, 61.959068, 532],
          [9.278919, 61.959434, 535.4],
          [9.278748, 61.959562, 536.7],
          [9.278138, 61.959957, 541.1],
          [9.277215, 61.960584, 548.1],
          [9.276793, 61.960935, 551],
          [9.27646, 61.961236, 553.2],
          [9.276041, 61.961643, 555.7],
          [9.275213, 61.96235, 558.4],
          [9.272698, 61.964297, 559.2],
          [9.271413, 61.965318, 564],
          [9.271033, 61.965663, 564.2],
          [9.270353, 61.966384, 563.7],
          [9.269769, 61.966946, 563.5],
          [9.26924, 61.967477, 565],
          [9.268649, 61.968115, 568.7],
          [9.268329, 61.968547, 571.4],
          [9.267586, 61.969736, 571.5],
          [9.267285, 61.970251, 573.7],
          [9.267216, 61.9704, 574],
          [9.267176, 61.970588, 574.2],
          [9.267225, 61.970831, 574.3],
          [9.267343, 61.971069, 573.9],
          [9.267431, 61.971183, 573.5],
          [9.268128, 61.971969, 569.5],
          [9.268287, 61.972219, 568],
          [9.268318, 61.972329, 566.6],
          [9.268338, 61.97252, 565.1],
          [9.268332, 61.97283, 564.3],
          [9.268229, 61.973913, 563.7],
          [9.268173, 61.974778, 567.8],
          [9.268035, 61.97635, 567.3],
          [9.268012, 61.976977, 567.8],
          [9.267781, 61.979721, 564.7],
          [9.267787, 61.97983, 565.1],
          [9.267812, 61.97993, 565.3],
          [9.267907, 61.980141, 566],
          [9.268069, 61.980564, 565.4],
          [9.268093, 61.98084, 565.1],
          [9.268071, 61.980954, 565],
          [9.267976, 61.98116, 564.7],
          [9.267753, 61.981435, 564],
          [9.267637, 61.981549, 562.8],
          [9.26749, 61.981654, 561.1],
          [9.267345, 61.981741, 559.7],
          [9.266673, 61.982072, 554.1],
          [9.266081, 61.982341, 550.5],
          [9.265488, 61.982593, 545.9],
          [9.265102, 61.982784, 542.7],
          [9.264874, 61.982912, 540.8],
          [9.264532, 61.983125, 538.1],
          [9.264079, 61.983486, 534.1],
          [9.263276, 61.984209, 525.6],
          [9.263079, 61.984374, 523.8],
          [9.262711, 61.984616, 520.5],
          [9.262454, 61.98474, 518.7],
          [9.262314, 61.984795, 517.8],
          [9.260916, 61.985213, 510],
          [9.260495, 61.985365, 508.5],
          [9.260319, 61.985452, 507.6],
          [9.260159, 61.985569, 507],
          [9.260073, 61.985666, 506.2],
          [9.259866, 61.985983, 503.6],
          [9.259776, 61.986069, 502.8],
          [9.259595, 61.986179, 501.7],
          [9.259368, 61.986248, 500.6],
          [9.259241, 61.986274, 500],
          [9.259041, 61.9863, 499.1],
          [9.258559, 61.98634, 496.7],
          [9.258598, 61.986485, 496.1],
          [9.258613, 61.98665, 495.9],
          [9.258581, 61.98677, 495.6],
          [9.258543, 61.986837, 495.3],
          [9.258426, 61.986946, 494.9],
          [9.257958, 61.987289, 493.9],
          [9.257621, 61.987564, 493.2],
          [9.257307, 61.987848, 492.9],
          [9.257023, 61.988136, 493.2],
          [9.256772, 61.988433, 493.6],
          [9.256539, 61.988732, 494.2],
          [9.256335, 61.989034, 494.4],
          [9.256159, 61.989349, 494.4],
          [9.255627, 61.990473, 493.7],
          [9.255278, 61.991028, 494.8],
          [9.254937, 61.991489, 496.4],
          [9.254649, 61.991822, 497.4],
          [9.254333, 61.992148, 498],
          [9.253961, 61.992492, 498.5],
          [9.253466, 61.992917, 499.1],
          [9.252862, 61.993406, 500.1],
          [9.252231, 61.993887, 501],
          [9.251575, 61.99436, 501.7],
          [9.250894, 61.994827, 502.5],
          [9.250189, 61.995285, 503.6],
          [9.249459, 61.995733, 504.8],
          [9.247939, 61.996606, 508.2],
          [9.245897, 61.99773, 508.6],
          [9.245438, 61.998016, 508.4],
          [9.245247, 61.998153, 509],
          [9.245096, 61.998287, 509.8],
          [9.244966, 61.998428, 510.3],
          [9.244824, 61.998612, 511.7],
          [9.244609, 61.999, 514.5],
          [9.244503, 61.999159, 515.8],
          [9.244377, 61.999311, 517.2],
          [9.243475, 62.000152, 526.5],
          [9.243191, 62.00038, 529.3],
          [9.242855, 62.000601, 532.3],
          [9.242381, 62.000844, 535.7],
          [9.242276, 62.000923, 536.8],
          [9.242244, 62.000965, 537.4],
          [9.24224, 62.001, 538.1],
          [9.242256, 62.001029, 538.9],
          [9.242117, 62.001061, 538.1],
          [9.241998, 62.001078, 536.5],
          [9.24103, 62.001174, 536.1],
          [9.240455, 62.001205, 541.4],
          [9.240037, 62.001256, 543.6],
          [9.239709, 62.00132, 545],
          [9.239421, 62.001404, 546.7],
          [9.239193, 62.001499, 548],
          [9.239, 62.001599, 549.2],
          [9.238701, 62.00179, 551.3],
          [9.238125, 62.002189, 555.7],
          [9.237651, 62.002541, 559.5],
          [9.237405, 62.002768, 561.9],
          [9.237244, 62.002955, 563.9],
          [9.237169, 62.003084, 565.1],
          [9.237074, 62.003346, 567.8],
          [9.236803, 62.004371, 576.5],
          [9.236715, 62.004549, 577.3],
          [9.23662, 62.004687, 579],
          [9.236472, 62.00484, 580.4],
          [9.235201, 62.005868, 591.2],
          [9.23487, 62.006094, 592.7],
          [9.234299, 62.006417, 593.7],
          [9.234002, 62.006621, 593.6],
          [9.233837, 62.006764, 593.3],
          [9.232621, 62.008046, 592.3],
          [9.231865, 62.00888, 595.8],
          [9.231139, 62.009613, 592.8],
          [9.230844, 62.009841, 592.1],
          [9.230672, 62.009956, 592],
          [9.230266, 62.010181, 591.6],
          [9.229754, 62.010415, 592],
          [9.229431, 62.010601, 592.4],
          [9.228886, 62.010981, 593.3],
          [9.228611, 62.011202, 593.6],
          [9.228558, 62.011244, 593.9],
          [9.228414, 62.011344, 594.9],
          [9.228209, 62.011463, 596.3],
          [9.228231, 62.011546, 597.3],
          [9.228192, 62.01162, 597.9],
          [9.227995, 62.011822, 599.5],
          [9.227918, 62.011981, 602],
          [9.227862, 62.012048, 602.7],
          [9.227722, 62.012166, 604.3],
          [9.227349, 62.01241, 608],
          [9.227166, 62.012576, 610.3],
          [9.226936, 62.012825, 613.8],
          [9.226572, 62.013087, 617.8],
          [9.226472, 62.01318, 619],
          [9.226194, 62.013514, 623.1],
          [9.22607, 62.013636, 624.6],
          [9.226, 62.01373, 625.5],
          [9.225939, 62.013902, 627],
          [9.225892, 62.014413, 630],
          [9.22582, 62.014545, 630.7],
          [9.225623, 62.014836, 632.5],
          [9.225409, 62.015078, 634],
          [9.225258, 62.015268, 636.4],
          [9.225241, 62.015318, 637.1],
          [9.22525, 62.015359, 637.6],
          [9.225299, 62.015412, 638.7],
          [9.225293, 62.015417, 638.6],
          [9.225299, 62.015412, 638.7],
          [9.22525, 62.015359, 637.6],
          [9.225241, 62.015318, 637.1],
          [9.225258, 62.015268, 636.4],
          [9.225409, 62.015078, 634],
          [9.225623, 62.014836, 632.5],
          [9.22582, 62.014545, 630.7],
          [9.225892, 62.014413, 630],
          [9.225939, 62.013902, 627],
          [9.226, 62.01373, 625.5],
          [9.22607, 62.013636, 624.6],
          [9.226194, 62.013514, 623.1],
          [9.226472, 62.01318, 619],
          [9.226572, 62.013087, 617.8],
          [9.226936, 62.012825, 613.8],
          [9.227166, 62.012576, 610.3],
          [9.227349, 62.01241, 608],
          [9.227722, 62.012166, 604.3],
          [9.227862, 62.012048, 602.7],
          [9.227918, 62.011981, 602],
          [9.227995, 62.011822, 599.5],
          [9.228192, 62.01162, 597.9],
          [9.228231, 62.011546, 597.3],
          [9.228209, 62.011463, 596.3],
          [9.227072, 62.012095, 594.9],
          [9.226417, 62.012424, 594.1],
          [9.225903, 62.012662, 593.6],
          [9.223911, 62.013546, 589.1],
          [9.223551, 62.013745, 588.3],
          [9.223074, 62.01406, 587.8],
          [9.221555, 62.015259, 591.6],
          [9.220721, 62.01594, 593.1],
          [9.220152, 62.016383, 592.8],
          [9.220046, 62.016465, 592.9],
          [9.219179, 62.017102, 596.8],
          [9.217831, 62.018169, 603.7],
          [9.217714, 62.01828, 604.6],
          [9.217621, 62.018402, 605.6],
          [9.217581, 62.01848, 606.2],
          [9.217515, 62.018669, 607.6],
          [9.217504, 62.018814, 608.6],
          [9.217548, 62.01925, 611.4],
          [9.217511, 62.01947, 611.9],
          [9.217474, 62.019542, 611.3],
          [9.217341, 62.019674, 612.6],
          [9.217183, 62.019783, 614.2],
          [9.217003, 62.019878, 615.4],
          [9.216618, 62.020041, 618],
          [9.216083, 62.020229, 621.1],
          [9.215716, 62.020372, 623.2],
          [9.214849, 62.020778, 627.5],
          [9.214373, 62.020986, 628.6],
          [9.213983, 62.02118, 629.9],
          [9.213598, 62.021402, 632.9],
          [9.213194, 62.02166, 637.3],
          [9.212342, 62.022212, 642.2],
          [9.21146, 62.022806, 646.2],
          [9.21072, 62.023289, 648.5],
          [9.210162, 62.023623, 649.9],
          [9.209462, 62.024003, 651.5],
          [9.208677, 62.024399, 653],
          [9.207951, 62.024738, 653.4],
          [9.206677, 62.025271, 652],
          [9.206356, 62.025393, 651.5],
          [9.205575, 62.025648, 650.5],
          [9.20378, 62.026166, 648.2],
          [9.203415, 62.026281, 648.2],
          [9.203081, 62.026407, 648.3],
          [9.202831, 62.026528, 648.4],
          [9.202635, 62.026655, 648.5],
          [9.201751, 62.027318, 648.7],
          [9.200521, 62.028288, 652.5],
          [9.200352, 62.028394, 652.9],
          [9.200078, 62.028529, 652.7],
          [9.198765, 62.028979, 649.4],
          [9.197883, 62.029327, 646.9],
          [9.19525, 62.030497, 645],
          [9.194527, 62.030796, 644.3],
          [9.194173, 62.030924, 644.2],
          [9.191975, 62.031805, 642.1],
          [9.189875, 62.032722, 644.1],
          [9.188893, 62.033135, 644.9],
          [9.183287, 62.035411, 652.2],
          [9.183203, 62.035452, 652.6],
          [9.18267, 62.035659, 652.6],
          [9.182129, 62.035856, 652.1],
          [9.175515, 62.038185, 646.3],
          [9.175065, 62.038338, 646.4],
          [9.174051, 62.038659, 646.7],
          [9.173591, 62.038814, 646.7],
          [9.173241, 62.038951, 646.5],
          [9.172673, 62.039246, 646.2],
          [9.172278, 62.039412, 646],
          [9.171891, 62.039539, 645.7],
          [9.171299, 62.039713, 645.4],
          [9.170661, 62.039915, 645.1],
          [9.170024, 62.040137, 645.1],
          [9.169658, 62.040287, 645.4],
          [9.16796, 62.041054, 645.1],
          [9.167619, 62.041194, 644.5],
          [9.166524, 62.041718, 642.2],
          [9.166063, 62.041957, 641],
          [9.16418, 62.04304, 637],
          [9.163513, 62.043435, 637.8],
          [9.162626, 62.043994, 640.4],
          [9.162343, 62.044188, 641.4],
          [9.161894, 62.044507, 643.2],
          [9.161511, 62.044825, 644.2],
          [9.161019, 62.045276, 647],
          [9.160038, 62.046251, 655.3],
          [9.159856, 62.046418, 657.1],
          [9.158984, 62.04719, 663.7],
          [9.158621, 62.047475, 664.6],
          [9.158238, 62.047693, 664.5],
          [9.157666, 62.047944, 663.3],
          [9.157189, 62.048172, 661.8],
          [9.156451, 62.048575, 659],
          [9.15587, 62.048873, 657],
          [9.155481, 62.049058, 655.4],
          [9.155054, 62.049242, 653.4],
          [9.154762, 62.049363, 652.5],
          [9.154142, 62.04958, 650],
          [9.153534, 62.04974, 646],
          [9.1532, 62.049841, 644.1],
          [9.152971, 62.049915, 642.7],
          [9.152699, 62.050023, 640.8],
          [9.151308, 62.050799, 628.4],
          [9.151042, 62.050926, 627.1],
          [9.150831, 62.051016, 626.4],
          [9.14969, 62.051423, 628.2],
          [9.149459, 62.051485, 629.9],
          [9.149377, 62.051496, 630.4],
          [9.149242, 62.051499, 630.6],
          [9.148909, 62.051446, 630],
          [9.148256, 62.051317, 629.8],
          [9.147991, 62.05129, 630],
          [9.147865, 62.051294, 630.1],
          [9.147659, 62.051324, 630.1],
          [9.147366, 62.051398, 630.3],
          [9.146975, 62.051542, 630.6],
          [9.146639, 62.051655, 631],
          [9.146422, 62.051706, 631],
          [9.145701, 62.051839, 631.2],
          [9.143803, 62.052279, 630.4],
          [9.143313, 62.052385, 628.8],
          [9.141899, 62.052664, 623.3],
          [9.1413, 62.052736, 620.6],
          [9.140594, 62.0528, 615],
          [9.140001, 62.052877, 611.8],
          [9.139776, 62.052917, 610.5],
          [9.139558, 62.052982, 609.3],
          [9.139153, 62.053154, 607.4],
          [9.138493, 62.053461, 604.4],
          [9.137961, 62.053695, 603],
          [9.136365, 62.054361, 599.2],
          [9.133413, 62.055571, 591.2],
          [9.132674, 62.055861, 589.1],
          [9.132199, 62.056021, 587.4],
          [9.130767, 62.056415, 579.9],
          [9.130128, 62.056604, 576.7],
          [9.129719, 62.056742, 575.1],
          [9.129416, 62.056863, 575.4],
          [9.129339, 62.056879, 575.6],
          [9.129238, 62.056879, 575.5],
          [9.129039, 62.056831, 575.4],
          [9.128884, 62.056778, 574.8],
          [9.128074, 62.057119, 577.3],
          [9.127875, 62.057209, 578.1],
          [9.127539, 62.057384, 579.9],
          [9.127252, 62.057561, 580],
          [9.127121, 62.057656, 580.4],
          [9.126915, 62.057836, 581.1],
          [9.12681, 62.057942, 581.5],
          [9.126642, 62.058144, 582.2],
          [9.126254, 62.058716, 584.6],
          [9.12614, 62.058865, 585.3],
          [9.125943, 62.059074, 586.6],
          [9.125836, 62.059168, 587],
          [9.125583, 62.059356, 587.9],
          [9.124657, 62.059971, 592.4],
          [9.124398, 62.060173, 594.2],
          [9.124186, 62.060379, 595.1],
          [9.124107, 62.060476, 594.8],
          [9.123973, 62.060681, 594.3],
          [9.123869, 62.060867, 594.3],
          [9.123484, 62.061654, 595.4],
          [9.123302, 62.061953, 596.1],
          [9.123074, 62.062236, 596.3],
          [9.122908, 62.062402, 596.8],
          [9.122712, 62.06257, 597.5],
          [9.122407, 62.062787, 598.4],
          [9.121534, 62.063336, 601.1],
          [9.121249, 62.063542, 602.1],
          [9.121132, 62.063643, 602.6],
          [9.120924, 62.06386, 603.6],
          [9.12077, 62.064067, 604.5],
          [9.120721, 62.064161, 605],
          [9.120634, 62.064423, 606.2],
          [9.120623, 62.064506, 606.5],
          [9.120627, 62.064679, 607.3],
          [9.120645, 62.064771, 607.7],
          [9.120791, 62.065132, 609.3],
          [9.121226, 62.066062, 613.7],
          [9.121388, 62.066394, 616.5],
          [9.121535, 62.066653, 617.5],
          [9.122139, 62.067579, 621.6],
          [9.122397, 62.068101, 624.2],
          [9.122625, 62.068651, 624],
          [9.122764, 62.069056, 623.8],
          [9.123125, 62.070391, 627],
          [9.123243, 62.070656, 627.7],
          [9.123557, 62.071133, 628.8],
          [9.123339, 62.071157, 628.5],
          [9.123216, 62.071158, 628.3],
          [9.123085, 62.071149, 628],
          [9.123008, 62.071128, 627.7],
          [9.122887, 62.071125, 627.2],
          [9.122721, 62.071098, 626.4],
          [9.122576, 62.07132, 628.2],
          [9.12263, 62.071466, 629.5],
          [9.1231, 62.072271, 636.8],
          [9.123174, 62.072466, 638],
          [9.123192, 62.072654, 639.3],
          [9.123169, 62.072822, 640],
          [9.123025, 62.073133, 641.2],
          [9.121161, 62.07291, 643.4],
          [9.120821, 62.072905, 644.4],
          [9.120855, 62.072846, 644.1],
          [9.120822, 62.072703, 643.2],
          [9.120762, 62.072608, 642.5],
          [9.12068, 62.072555, 642.4],
          [9.12057, 62.072516, 642.3],
          [9.120464, 62.072497, 642.1]
        ]
      }
    }
  ]
}
