{
  "type": "FeatureCollection",
  "features": [
    {
      "type": "Feature",
      "properties": {
        "type": "walk",
        "_gpxType": "trk",
        "name": "2026-04-03 08:34:41",
        "time": "2026-04-02T11:38:04Z",
        "gpxx_TrackExtension": "Cyan",
        "coordinateProperties": {
          "times": [
            "2026-04-02T11:38:04Z",
            "2026-04-02T11:38:08Z",
            "2026-04-02T11:38:15Z",
            "2026-04-02T11:38:19Z",
            "2026-04-02T11:38:32Z",
            "2026-04-02T11:38:34Z",
            "2026-04-02T11:38:46Z",
            "2026-04-02T11:38:52Z",
            "2026-04-02T11:38:53Z",
            "2026-04-02T11:38:54Z",
            "2026-04-02T11:38:55Z",
            "2026-04-02T11:38:56Z",
            "2026-04-02T11:39:18Z",
            "2026-04-02T11:39:26Z",
            "2026-04-02T11:39:27Z",
            "2026-04-02T11:39:28Z",
            "2026-04-02T11:39:29Z",
            "2026-04-02T11:39:30Z",
            "2026-04-02T11:39:32Z",
            "2026-04-02T11:39:37Z",
            "2026-04-02T11:39:38Z",
            "2026-04-02T11:39:39Z",
            "2026-04-02T11:39:57Z",
            "2026-04-02T11:40:09Z",
            "2026-04-02T11:40:32Z",
            "2026-04-02T11:40:40Z",
            "2026-04-02T11:40:41Z",
            "2026-04-02T11:40:42Z",
            "2026-04-02T11:40:43Z",
            "2026-04-02T11:40:44Z",
            "2026-04-02T11:41:00Z",
            "2026-04-02T11:41:01Z",
            "2026-04-02T11:41:16Z",
            "2026-04-02T11:41:28Z",
            "2026-04-02T11:41:29Z",
            "2026-04-02T11:41:32Z",
            "2026-04-02T11:41:52Z",
            "2026-04-02T11:42:17Z",
            "2026-04-02T11:42:40Z",
            "2026-04-02T11:42:43Z",
            "2026-04-02T11:42:48Z",
            "2026-04-02T11:43:16Z",
            "2026-04-02T11:43:37Z",
            "2026-04-02T11:43:56Z",
            "2026-04-02T11:44:13Z",
            "2026-04-02T11:44:36Z",
            "2026-04-02T11:44:45Z",
            "2026-04-02T11:44:50Z",
            "2026-04-02T11:44:55Z",
            "2026-04-02T11:45:08Z",
            "2026-04-02T11:45:24Z",
            "2026-04-02T11:45:38Z",
            "2026-04-02T11:45:39Z",
            "2026-04-02T11:45:52Z",
            "2026-04-02T11:46:02Z",
            "2026-04-02T11:46:07Z",
            "2026-04-02T11:46:21Z",
            "2026-04-02T11:46:41Z",
            "2026-04-02T11:47:00Z",
            "2026-04-02T11:47:20Z",
            "2026-04-02T11:47:46Z",
            "2026-04-02T11:48:12Z",
            "2026-04-02T11:48:38Z",
            "2026-04-02T11:49:02Z",
            "2026-04-02T11:49:22Z",
            "2026-04-02T11:49:33Z",
            "2026-04-02T11:49:46Z",
            "2026-04-02T11:50:02Z",
            "2026-04-02T11:50:20Z",
            "2026-04-02T11:50:35Z",
            "2026-04-02T11:50:43Z",
            "2026-04-02T11:50:49Z",
            "2026-04-02T11:51:04Z",
            "2026-04-02T11:51:07Z",
            "2026-04-02T11:51:33Z",
            "2026-04-02T11:51:47Z",
            "2026-04-02T11:52:12Z",
            "2026-04-02T11:52:33Z",
            "2026-04-02T11:52:52Z",
            "2026-04-02T11:52:54Z",
            "2026-04-02T11:53:00Z",
            "2026-04-02T11:53:12Z",
            "2026-04-02T11:53:19Z",
            "2026-04-02T11:53:26Z",
            "2026-04-02T11:53:30Z",
            "2026-04-02T11:53:39Z",
            "2026-04-02T11:53:41Z",
            "2026-04-02T11:53:47Z",
            "2026-04-02T11:53:50Z",
            "2026-04-02T11:54:05Z",
            "2026-04-02T11:54:07Z",
            "2026-04-02T11:54:14Z",
            "2026-04-02T11:54:20Z",
            "2026-04-02T11:54:24Z",
            "2026-04-02T11:54:42Z",
            "2026-04-02T11:55:05Z",
            "2026-04-02T11:55:26Z",
            "2026-04-02T11:55:40Z",
            "2026-04-02T11:55:44Z",
            "2026-04-02T11:55:51Z",
            "2026-04-02T11:56:06Z",
            "2026-04-02T11:56:21Z",
            "2026-04-02T11:56:23Z",
            "2026-04-02T11:56:38Z",
            "2026-04-02T11:56:57Z",
            "2026-04-02T11:57:16Z",
            "2026-04-02T11:57:34Z",
            "2026-04-02T11:57:53Z",
            "2026-04-02T11:58:11Z",
            "2026-04-02T11:58:30Z",
            "2026-04-02T11:58:51Z",
            "2026-04-02T11:59:04Z",
            "2026-04-02T11:59:08Z",
            "2026-04-02T11:59:17Z",
            "2026-04-02T11:59:19Z",
            "2026-04-02T11:59:41Z",
            "2026-04-02T12:00:03Z",
            "2026-04-02T12:00:22Z",
            "2026-04-02T12:00:29Z",
            "2026-04-02T12:00:44Z",
            "2026-04-02T12:00:51Z",
            "2026-04-02T12:01:10Z",
            "2026-04-02T12:01:27Z",
            "2026-04-02T12:01:50Z",
            "2026-04-02T12:02:07Z",
            "2026-04-02T12:02:31Z",
            "2026-04-02T12:02:54Z",
            "2026-04-02T12:03:17Z",
            "2026-04-02T12:03:23Z",
            "2026-04-02T12:03:37Z",
            "2026-04-02T12:03:38Z",
            "2026-04-02T12:03:42Z",
            "2026-04-02T12:03:44Z",
            "2026-04-02T12:03:51Z",
            "2026-04-02T12:04:02Z",
            "2026-04-02T12:04:06Z",
            "2026-04-02T12:04:10Z",
            "2026-04-02T12:04:25Z",
            "2026-04-02T12:04:26Z",
            "2026-04-02T12:04:30Z",
            "2026-04-02T12:04:41Z",
            "2026-04-02T12:04:44Z",
            "2026-04-02T12:04:48Z",
            "2026-04-02T12:04:50Z",
            "2026-04-02T12:05:01Z",
            "2026-04-02T12:05:19Z",
            "2026-04-02T12:05:39Z",
            "2026-04-02T12:06:00Z",
            "2026-04-02T12:06:17Z",
            "2026-04-02T12:06:39Z",
            "2026-04-02T12:06:57Z",
            "2026-04-02T12:07:15Z",
            "2026-04-02T12:07:35Z",
            "2026-04-02T12:07:38Z",
            "2026-04-02T12:07:58Z",
            "2026-04-02T12:08:13Z",
            "2026-04-02T12:08:27Z",
            "2026-04-02T12:08:41Z",
            "2026-04-02T12:08:57Z",
            "2026-04-02T12:09:15Z",
            "2026-04-02T12:09:27Z",
            "2026-04-02T12:09:44Z",
            "2026-04-02T12:10:30Z",
            "2026-04-02T12:10:32Z",
            "2026-04-02T12:10:38Z",
            "2026-04-02T12:10:56Z",
            "2026-04-02T12:11:13Z",
            "2026-04-02T12:11:16Z",
            "2026-04-02T12:11:18Z",
            "2026-04-02T12:11:28Z",
            "2026-04-02T12:11:38Z",
            "2026-04-02T12:11:54Z",
            "2026-04-02T12:12:11Z",
            "2026-04-02T12:12:27Z",
            "2026-04-02T12:12:43Z",
            "2026-04-02T12:12:45Z",
            "2026-04-02T12:12:58Z",
            "2026-04-02T12:13:07Z",
            "2026-04-02T12:13:13Z",
            "2026-04-02T12:13:20Z",
            "2026-04-02T12:13:31Z",
            "2026-04-02T12:13:43Z",
            "2026-04-02T12:14:04Z",
            "2026-04-02T12:14:21Z",
            "2026-04-02T12:14:37Z",
            "2026-04-02T12:14:52Z",
            "2026-04-02T12:15:07Z",
            "2026-04-02T12:15:22Z",
            "2026-04-02T12:15:38Z",
            "2026-04-02T12:15:53Z",
            "2026-04-02T12:16:01Z",
            "2026-04-02T12:16:16Z",
            "2026-04-02T12:16:29Z",
            "2026-04-02T12:16:50Z",
            "2026-04-02T12:17:02Z",
            "2026-04-02T12:17:16Z",
            "2026-04-02T12:17:21Z",
            "2026-04-02T12:17:28Z",
            "2026-04-02T12:17:43Z",
            "2026-04-02T12:17:51Z",
            "2026-04-02T12:18:02Z",
            "2026-04-02T12:18:08Z",
            "2026-04-02T12:18:24Z",
            "2026-04-02T12:18:42Z",
            "2026-04-02T12:18:51Z",
            "2026-04-02T12:19:07Z",
            "2026-04-02T12:19:14Z",
            "2026-04-02T12:19:31Z",
            "2026-04-02T12:19:47Z",
            "2026-04-02T12:20:07Z",
            "2026-04-02T12:20:23Z",
            "2026-04-02T12:20:27Z",
            "2026-04-02T12:20:37Z",
            "2026-04-02T12:20:40Z",
            "2026-04-02T12:20:47Z",
            "2026-04-02T12:21:03Z",
            "2026-04-02T12:21:18Z",
            "2026-04-02T12:21:25Z",
            "2026-04-02T12:21:29Z",
            "2026-04-02T12:21:35Z",
            "2026-04-02T12:21:37Z",
            "2026-04-02T12:21:42Z",
            "2026-04-02T12:21:48Z",
            "2026-04-02T12:21:50Z",
            "2026-04-02T12:21:55Z",
            "2026-04-02T12:22:12Z",
            "2026-04-02T12:22:28Z",
            "2026-04-02T12:22:30Z",
            "2026-04-02T12:22:47Z",
            "2026-04-02T12:23:03Z",
            "2026-04-02T12:23:04Z",
            "2026-04-02T12:23:18Z",
            "2026-04-02T12:23:37Z",
            "2026-04-02T12:23:44Z",
            "2026-04-02T12:23:49Z",
            "2026-04-02T12:24:04Z",
            "2026-04-02T12:24:14Z",
            "2026-04-02T12:24:19Z",
            "2026-04-02T12:24:22Z",
            "2026-04-02T12:24:38Z",
            "2026-04-02T12:24:47Z",
            "2026-04-02T12:24:56Z",
            "2026-04-02T12:25:00Z",
            "2026-04-02T12:25:18Z",
            "2026-04-02T12:25:33Z",
            "2026-04-02T12:25:47Z",
            "2026-04-02T12:25:59Z",
            "2026-04-02T12:26:05Z",
            "2026-04-02T12:26:10Z",
            "2026-04-02T12:26:26Z",
            "2026-04-02T12:26:29Z",
            "2026-04-02T12:26:44Z",
            "2026-04-02T12:26:47Z",
            "2026-04-02T12:27:05Z",
            "2026-04-02T12:27:21Z",
            "2026-04-02T12:27:39Z",
            "2026-04-02T12:27:46Z",
            "2026-04-02T12:28:02Z",
            "2026-04-02T12:28:18Z",
            "2026-04-02T12:28:30Z",
            "2026-04-02T12:28:40Z",
            "2026-04-02T12:28:45Z",
            "2026-04-02T12:29:06Z",
            "2026-04-02T12:29:20Z",
            "2026-04-02T12:29:37Z",
            "2026-04-02T12:29:50Z",
            "2026-04-02T12:29:55Z",
            "2026-04-02T12:30:06Z",
            "2026-04-02T12:30:08Z",
            "2026-04-02T12:30:13Z",
            "2026-04-02T12:30:30Z",
            "2026-04-02T12:30:33Z",
            "2026-04-02T12:30:37Z",
            "2026-04-02T12:30:43Z",
            "2026-04-02T12:30:51Z",
            "2026-04-02T12:30:58Z",
            "2026-04-02T12:31:03Z",
            "2026-04-02T12:31:10Z",
            "2026-04-02T12:31:22Z",
            "2026-04-02T12:31:37Z",
            "2026-04-02T12:31:50Z",
            "2026-04-02T12:32:25Z",
            "2026-04-02T12:33:28Z",
            "2026-04-02T12:34:18Z",
            "2026-04-02T12:34:59Z",
            "2026-04-02T12:35:48Z",
            "2026-04-02T12:36:06Z",
            "2026-04-02T12:36:15Z",
            "2026-04-02T12:36:18Z",
            "2026-04-02T12:36:37Z",
            "2026-04-02T12:36:52Z",
            "2026-04-02T12:36:56Z",
            "2026-04-02T12:37:03Z",
            "2026-04-02T12:37:19Z",
            "2026-04-02T12:37:38Z",
            "2026-04-02T12:37:51Z",
            "2026-04-02T12:37:57Z",
            "2026-04-02T12:38:10Z",
            "2026-04-02T12:38:19Z",
            "2026-04-02T12:38:23Z",
            "2026-04-02T12:38:38Z",
            "2026-04-02T12:38:44Z",
            "2026-04-02T12:39:00Z",
            "2026-04-02T12:39:22Z",
            "2026-04-02T12:39:35Z",
            "2026-04-02T12:39:36Z",
            "2026-04-02T12:39:40Z",
            "2026-04-02T12:39:44Z",
            "2026-04-02T12:39:58Z",
            "2026-04-02T12:40:07Z",
            "2026-04-02T12:40:25Z",
            "2026-04-02T12:40:34Z",
            "2026-04-02T12:40:43Z",
            "2026-04-02T12:40:50Z",
            "2026-04-02T12:40:55Z",
            "2026-04-02T12:40:57Z",
            "2026-04-02T12:41:01Z",
            "2026-04-02T12:41:15Z",
            "2026-04-02T12:41:25Z",
            "2026-04-02T12:41:30Z",
            "2026-04-02T12:41:46Z",
            "2026-04-02T12:42:01Z",
            "2026-04-02T12:42:03Z",
            "2026-04-02T12:42:10Z",
            "2026-04-02T12:42:15Z",
            "2026-04-02T12:42:32Z",
            "2026-04-02T12:42:45Z",
            "2026-04-02T12:42:52Z",
            "2026-04-02T12:42:55Z",
            "2026-04-02T12:43:02Z",
            "2026-04-02T12:43:08Z",
            "2026-04-02T12:43:22Z",
            "2026-04-02T12:43:37Z",
            "2026-04-02T12:43:42Z",
            "2026-04-02T12:43:50Z",
            "2026-04-02T12:44:06Z",
            "2026-04-02T12:44:20Z",
            "2026-04-02T12:44:36Z",
            "2026-04-02T12:44:49Z",
            "2026-04-02T12:45:04Z",
            "2026-04-02T12:45:19Z",
            "2026-04-02T12:45:33Z",
            "2026-04-02T12:45:49Z",
            "2026-04-02T12:46:49Z",
            "2026-04-02T12:47:57Z",
            "2026-04-02T12:48:30Z",
            "2026-04-02T12:49:05Z",
            "2026-04-02T12:49:53Z",
            "2026-04-02T12:50:00Z",
            "2026-04-02T12:50:31Z",
            "2026-04-02T12:51:00Z",
            "2026-04-02T12:51:29Z",
            "2026-04-02T12:52:01Z",
            "2026-04-02T12:52:36Z",
            "2026-04-02T12:53:09Z",
            "2026-04-02T12:53:40Z",
            "2026-04-02T12:54:10Z",
            "2026-04-02T12:54:37Z",
            "2026-04-02T12:55:06Z",
            "2026-04-02T12:55:40Z",
            "2026-04-02T12:56:13Z",
            "2026-04-02T12:56:32Z",
            "2026-04-02T12:56:58Z",
            "2026-04-02T12:57:29Z",
            "2026-04-02T12:57:59Z",
            "2026-04-02T12:58:19Z",
            "2026-04-02T12:58:27Z",
            "2026-04-02T12:58:31Z",
            "2026-04-02T12:58:48Z",
            "2026-04-02T12:59:05Z",
            "2026-04-02T12:59:09Z",
            "2026-04-02T12:59:24Z",
            "2026-04-02T12:59:28Z",
            "2026-04-02T12:59:30Z",
            "2026-04-02T12:59:35Z",
            "2026-04-02T12:59:39Z",
            "2026-04-02T12:59:44Z",
            "2026-04-02T12:59:48Z",
            "2026-04-02T12:59:50Z",
            "2026-04-02T12:59:54Z",
            "2026-04-02T12:59:56Z",
            "2026-04-02T13:00:02Z",
            "2026-04-02T13:00:06Z",
            "2026-04-02T13:00:11Z",
            "2026-04-02T13:00:28Z",
            "2026-04-02T13:00:45Z",
            "2026-04-02T13:00:46Z",
            "2026-04-02T13:00:51Z",
            "2026-04-02T13:01:04Z",
            "2026-04-02T13:01:06Z",
            "2026-04-02T13:01:16Z",
            "2026-04-02T13:01:34Z",
            "2026-04-02T13:01:49Z",
            "2026-04-02T13:02:05Z",
            "2026-04-02T13:02:06Z",
            "2026-04-02T13:02:23Z",
            "2026-04-02T13:02:40Z",
            "2026-04-02T13:02:58Z",
            "2026-04-02T13:03:15Z",
            "2026-04-02T13:03:21Z",
            "2026-04-02T13:03:25Z",
            "2026-04-02T13:03:42Z",
            "2026-04-02T13:03:58Z",
            "2026-04-02T13:04:14Z",
            "2026-04-02T13:04:23Z",
            "2026-04-02T13:04:40Z",
            "2026-04-02T13:04:57Z",
            "2026-04-02T13:05:13Z",
            "2026-04-02T13:05:26Z",
            "2026-04-02T13:05:30Z",
            "2026-04-02T13:05:43Z",
            "2026-04-02T13:05:58Z",
            "2026-04-02T13:06:09Z",
            "2026-04-02T13:06:11Z",
            "2026-04-02T13:06:21Z",
            "2026-04-02T13:06:32Z",
            "2026-04-02T13:06:36Z",
            "2026-04-02T13:06:43Z",
            "2026-04-02T13:06:48Z",
            "2026-04-02T13:06:51Z",
            "2026-04-02T13:07:06Z",
            "2026-04-02T13:07:14Z",
            "2026-04-02T13:07:28Z",
            "2026-04-02T13:07:42Z",
            "2026-04-02T13:08:00Z",
            "2026-04-02T13:08:13Z",
            "2026-04-02T13:08:17Z",
            "2026-04-02T13:08:21Z",
            "2026-04-02T13:08:23Z",
            "2026-04-02T13:08:38Z",
            "2026-04-02T13:08:42Z",
            "2026-04-02T13:08:44Z",
            "2026-04-02T13:08:48Z",
            "2026-04-02T13:09:05Z",
            "2026-04-02T13:09:15Z",
            "2026-04-02T13:09:31Z",
            "2026-04-02T13:09:40Z",
            "2026-04-02T13:09:52Z",
            "2026-04-02T13:09:56Z",
            "2026-04-02T13:10:14Z",
            "2026-04-02T13:10:32Z",
            "2026-04-02T13:10:39Z",
            "2026-04-02T13:10:42Z",
            "2026-04-02T13:10:58Z",
            "2026-04-02T13:11:15Z",
            "2026-04-02T13:11:30Z",
            "2026-04-02T13:11:35Z",
            "2026-04-02T13:11:42Z",
            "2026-04-02T13:12:01Z",
            "2026-04-02T13:12:22Z",
            "2026-04-02T13:12:36Z",
            "2026-04-02T13:12:55Z",
            "2026-04-02T13:13:09Z",
            "2026-04-02T13:13:19Z",
            "2026-04-02T13:13:38Z",
            "2026-04-02T13:13:58Z",
            "2026-04-02T13:14:03Z",
            "2026-04-02T13:14:18Z",
            "2026-04-02T13:14:38Z",
            "2026-04-02T13:14:45Z",
            "2026-04-02T13:14:48Z",
            "2026-04-02T13:15:06Z",
            "2026-04-02T13:15:23Z",
            "2026-04-02T13:15:42Z",
            "2026-04-02T13:15:58Z",
            "2026-04-02T13:16:09Z",
            "2026-04-02T13:16:13Z",
            "2026-04-02T13:16:20Z",
            "2026-04-02T13:16:23Z",
            "2026-04-02T13:16:32Z",
            "2026-04-02T13:16:40Z",
            "2026-04-02T13:16:55Z",
            "2026-04-02T13:17:08Z",
            "2026-04-02T13:17:21Z",
            "2026-04-02T13:17:25Z",
            "2026-04-02T13:17:29Z",
            "2026-04-02T13:17:31Z",
            "2026-04-02T13:17:45Z",
            "2026-04-02T13:18:08Z",
            "2026-04-02T13:18:22Z",
            "2026-04-02T13:18:39Z",
            "2026-04-02T13:18:53Z",
            "2026-04-02T13:19:09Z",
            "2026-04-02T13:19:13Z",
            "2026-04-02T13:19:16Z",
            "2026-04-02T13:19:30Z",
            "2026-04-02T13:19:46Z",
            "2026-04-02T13:20:00Z",
            "2026-04-02T13:20:15Z",
            "2026-04-02T13:20:29Z",
            "2026-04-02T13:20:35Z",
            "2026-04-02T13:20:49Z",
            "2026-04-02T13:20:51Z",
            "2026-04-02T13:21:06Z",
            "2026-04-02T13:21:24Z",
            "2026-04-02T13:21:35Z",
            "2026-04-02T13:21:50Z",
            "2026-04-02T13:22:03Z",
            "2026-04-02T13:22:20Z",
            "2026-04-02T13:22:22Z",
            "2026-04-02T13:22:35Z",
            "2026-04-02T13:22:54Z",
            "2026-04-02T13:23:11Z",
            "2026-04-02T13:23:30Z",
            "2026-04-02T13:23:46Z",
            "2026-04-02T13:24:05Z",
            "2026-04-02T13:24:22Z",
            "2026-04-02T13:24:45Z",
            "2026-04-02T13:25:03Z",
            "2026-04-02T13:25:20Z",
            "2026-04-02T13:25:32Z",
            "2026-04-02T13:25:50Z",
            "2026-04-02T13:26:04Z",
            "2026-04-02T13:26:28Z",
            "2026-04-02T13:26:33Z",
            "2026-04-02T13:26:37Z",
            "2026-04-02T13:26:54Z",
            "2026-04-02T13:27:12Z",
            "2026-04-02T13:27:31Z",
            "2026-04-02T13:27:47Z",
            "2026-04-02T13:27:59Z",
            "2026-04-02T13:28:15Z",
            "2026-04-02T13:28:31Z",
            "2026-04-02T13:28:45Z",
            "2026-04-02T13:28:56Z",
            "2026-04-02T13:28:57Z",
            "2026-04-02T13:29:11Z",
            "2026-04-02T13:29:25Z",
            "2026-04-02T13:29:42Z",
            "2026-04-02T13:30:01Z",
            "2026-04-02T13:30:22Z",
            "2026-04-02T13:30:32Z",
            "2026-04-02T13:30:34Z",
            "2026-04-02T13:30:45Z",
            "2026-04-02T13:30:59Z",
            "2026-04-02T13:31:12Z",
            "2026-04-02T13:31:25Z",
            "2026-04-02T13:31:38Z",
            "2026-04-02T13:31:54Z",
            "2026-04-02T13:32:09Z",
            "2026-04-02T13:32:31Z",
            "2026-04-02T13:32:50Z",
            "2026-04-02T13:33:08Z",
            "2026-04-02T13:33:27Z",
            "2026-04-02T13:33:45Z",
            "2026-04-02T13:34:01Z",
            "2026-04-02T13:34:21Z",
            "2026-04-02T13:34:40Z",
            "2026-04-02T13:34:56Z",
            "2026-04-02T13:35:10Z",
            "2026-04-02T13:35:11Z",
            "2026-04-02T13:35:26Z",
            "2026-04-02T13:35:41Z",
            "2026-04-02T13:35:47Z",
            "2026-04-02T13:36:02Z",
            "2026-04-02T13:36:16Z",
            "2026-04-02T13:36:30Z",
            "2026-04-02T13:36:42Z",
            "2026-04-02T13:36:56Z",
            "2026-04-02T13:37:10Z",
            "2026-04-02T13:37:14Z",
            "2026-04-02T13:37:30Z",
            "2026-04-02T13:37:48Z",
            "2026-04-02T13:38:00Z",
            "2026-04-02T13:38:19Z",
            "2026-04-02T13:38:42Z",
            "2026-04-02T13:38:54Z",
            "2026-04-02T13:39:09Z",
            "2026-04-02T13:39:27Z",
            "2026-04-02T13:39:48Z",
            "2026-04-02T13:40:07Z",
            "2026-04-02T13:40:29Z",
            "2026-04-02T13:40:46Z",
            "2026-04-02T13:40:54Z",
            "2026-04-02T13:41:19Z",
            "2026-04-02T13:41:43Z",
            "2026-04-02T13:41:59Z",
            "2026-04-02T13:42:21Z",
            "2026-04-02T13:42:41Z",
            "2026-04-02T13:42:59Z",
            "2026-04-02T13:43:13Z",
            "2026-04-02T13:43:21Z",
            "2026-04-02T13:43:39Z",
            "2026-04-02T13:43:58Z",
            "2026-04-02T13:44:01Z",
            "2026-04-02T13:44:17Z",
            "2026-04-02T13:44:33Z",
            "2026-04-02T13:44:51Z",
            "2026-04-02T13:45:08Z",
            "2026-04-02T13:45:20Z",
            "2026-04-02T13:45:39Z",
            "2026-04-02T13:45:41Z",
            "2026-04-02T13:45:44Z",
            "2026-04-02T13:46:00Z",
            "2026-04-02T13:46:16Z",
            "2026-04-02T13:46:33Z",
            "2026-04-02T13:46:52Z",
            "2026-04-02T13:46:53Z",
            "2026-04-02T13:46:58Z",
            "2026-04-02T13:47:12Z",
            "2026-04-02T13:47:15Z",
            "2026-04-02T13:47:31Z",
            "2026-04-02T13:47:43Z",
            "2026-04-02T13:47:49Z",
            "2026-04-02T13:48:05Z",
            "2026-04-02T13:48:07Z",
            "2026-04-02T13:48:09Z",
            "2026-04-02T13:48:26Z",
            "2026-04-02T13:48:42Z",
            "2026-04-02T13:48:48Z",
            "2026-04-02T13:49:03Z",
            "2026-04-02T13:49:20Z",
            "2026-04-02T13:49:39Z",
            "2026-04-02T13:50:00Z",
            "2026-04-02T13:50:14Z",
            "2026-04-02T13:50:30Z",
            "2026-04-02T13:50:51Z",
            "2026-04-02T13:50:59Z",
            "2026-04-02T13:51:01Z",
            "2026-04-02T13:51:18Z",
            "2026-04-02T13:51:35Z",
            "2026-04-02T13:51:53Z",
            "2026-04-02T13:52:10Z",
            "2026-04-02T13:52:30Z",
            "2026-04-02T13:52:49Z",
            "2026-04-02T13:53:08Z",
            "2026-04-02T13:53:27Z",
            "2026-04-02T13:53:46Z",
            "2026-04-02T13:54:03Z",
            "2026-04-02T13:54:07Z",
            "2026-04-02T13:54:26Z",
            "2026-04-02T13:54:39Z",
            "2026-04-02T13:54:56Z",
            "2026-04-02T13:55:11Z",
            "2026-04-02T13:55:28Z",
            "2026-04-02T13:55:42Z",
            "2026-04-02T13:56:00Z",
            "2026-04-02T13:56:17Z",
            "2026-04-02T13:56:24Z",
            "2026-04-02T13:56:39Z",
            "2026-04-02T13:56:54Z",
            "2026-04-02T13:56:57Z",
            "2026-04-02T13:57:05Z",
            "2026-04-02T13:57:21Z",
            "2026-04-02T13:57:35Z",
            "2026-04-02T13:57:51Z",
            "2026-04-02T13:57:55Z",
            "2026-04-02T13:58:00Z",
            "2026-04-02T13:58:15Z",
            "2026-04-02T13:58:24Z",
            "2026-04-02T13:58:29Z",
            "2026-04-02T13:58:45Z",
            "2026-04-02T13:58:55Z",
            "2026-04-02T13:59:00Z",
            "2026-04-02T13:59:18Z",
            "2026-04-02T13:59:32Z",
            "2026-04-02T13:59:44Z",
            "2026-04-02T13:59:55Z",
            "2026-04-02T14:00:18Z",
            "2026-04-02T14:01:24Z",
            "2026-04-02T14:02:29Z",
            "2026-04-02T14:03:37Z",
            "2026-04-02T14:04:29Z",
            "2026-04-02T14:05:08Z",
            "2026-04-02T14:05:50Z",
            "2026-04-02T14:07:03Z",
            "2026-04-02T14:08:01Z",
            "2026-04-02T14:08:13Z",
            "2026-04-02T14:08:15Z",
            "2026-04-02T14:08:18Z",
            "2026-04-02T14:08:26Z",
            "2026-04-02T14:08:42Z",
            "2026-04-02T14:08:58Z",
            "2026-04-02T14:09:11Z",
            "2026-04-02T14:09:25Z",
            "2026-04-02T14:09:38Z",
            "2026-04-02T14:09:42Z",
            "2026-04-02T14:09:46Z",
            "2026-04-02T14:09:57Z",
            "2026-04-02T14:10:07Z",
            "2026-04-02T14:10:17Z",
            "2026-04-02T14:10:19Z",
            "2026-04-02T14:10:33Z",
            "2026-04-02T14:10:46Z",
            "2026-04-02T14:10:50Z",
            "2026-04-02T14:11:08Z",
            "2026-04-02T14:11:16Z",
            "2026-04-02T14:11:20Z",
            "2026-04-02T14:11:34Z",
            "2026-04-02T14:11:45Z",
            "2026-04-02T14:11:51Z",
            "2026-04-02T14:11:58Z",
            "2026-04-02T14:12:11Z",
            "2026-04-02T14:12:27Z",
            "2026-04-02T14:12:43Z",
            "2026-04-02T14:12:52Z",
            "2026-04-02T14:12:55Z",
            "2026-04-02T14:13:04Z",
            "2026-04-02T14:13:12Z",
            "2026-04-02T14:13:15Z",
            "2026-04-02T14:13:26Z",
            "2026-04-02T14:13:37Z",
            "2026-04-02T14:13:41Z",
            "2026-04-02T14:13:44Z",
            "2026-04-02T14:13:50Z",
            "2026-04-02T14:13:52Z",
            "2026-04-02T14:14:07Z",
            "2026-04-02T14:14:11Z",
            "2026-04-02T14:14:27Z",
            "2026-04-02T14:14:42Z",
            "2026-04-02T14:14:48Z",
            "2026-04-02T14:14:58Z",
            "2026-04-02T14:15:13Z",
            "2026-04-02T14:15:20Z",
            "2026-04-02T14:15:36Z",
            "2026-04-02T14:15:50Z",
            "2026-04-02T14:15:53Z",
            "2026-04-02T14:16:11Z",
            "2026-04-02T14:16:15Z",
            "2026-04-02T14:16:18Z",
            "2026-04-02T14:16:22Z",
            "2026-04-02T14:16:24Z",
            "2026-04-02T14:16:33Z",
            "2026-04-02T14:16:39Z",
            "2026-04-02T14:16:56Z",
            "2026-04-02T14:17:10Z",
            "2026-04-02T14:17:25Z",
            "2026-04-02T14:17:27Z",
            "2026-04-02T14:17:41Z",
            "2026-04-02T14:18:03Z",
            "2026-04-02T14:18:25Z",
            "2026-04-02T14:18:27Z",
            "2026-04-02T14:18:43Z",
            "2026-04-02T14:19:04Z",
            "2026-04-02T14:19:21Z",
            "2026-04-02T14:19:30Z",
            "2026-04-02T14:19:47Z",
            "2026-04-02T14:19:53Z",
            "2026-04-02T14:20:07Z",
            "2026-04-02T14:20:25Z",
            "2026-04-02T14:20:40Z",
            "2026-04-02T14:20:53Z",
            "2026-04-02T14:20:57Z",
            "2026-04-02T14:21:03Z",
            "2026-04-02T14:21:17Z",
            "2026-04-02T14:21:21Z",
            "2026-04-02T14:21:37Z",
            "2026-04-02T14:21:41Z",
            "2026-04-02T14:21:56Z",
            "2026-04-02T14:22:15Z",
            "2026-04-02T14:22:30Z",
            "2026-04-02T14:22:45Z",
            "2026-04-02T14:22:48Z",
            "2026-04-02T14:23:01Z",
            "2026-04-02T14:23:13Z",
            "2026-04-02T14:23:18Z",
            "2026-04-02T14:23:26Z",
            "2026-04-02T14:23:33Z",
            "2026-04-02T14:23:37Z",
            "2026-04-02T14:23:56Z",
            "2026-04-02T14:24:18Z",
            "2026-04-02T14:24:34Z",
            "2026-04-02T14:24:38Z",
            "2026-04-02T14:24:41Z",
            "2026-04-02T14:24:51Z",
            "2026-04-02T14:25:10Z",
            "2026-04-02T14:25:30Z",
            "2026-04-02T14:25:56Z",
            "2026-04-02T14:26:12Z",
            "2026-04-02T14:26:26Z",
            "2026-04-02T14:26:46Z",
            "2026-04-02T14:27:11Z",
            "2026-04-02T14:27:34Z",
            "2026-04-02T14:28:00Z",
            "2026-04-02T14:28:24Z",
            "2026-04-02T14:28:51Z",
            "2026-04-02T14:29:17Z",
            "2026-04-02T14:29:39Z",
            "2026-04-02T14:29:43Z",
            "2026-04-02T14:30:03Z",
            "2026-04-02T14:30:23Z",
            "2026-04-02T14:30:45Z",
            "2026-04-02T14:31:07Z",
            "2026-04-02T14:31:28Z",
            "2026-04-02T14:31:47Z",
            "2026-04-02T14:32:11Z",
            "2026-04-02T14:32:32Z",
            "2026-04-02T14:32:54Z",
            "2026-04-02T14:33:10Z",
            "2026-04-02T14:33:17Z",
            "2026-04-02T14:33:19Z",
            "2026-04-02T14:33:39Z",
            "2026-04-02T14:34:02Z",
            "2026-04-02T14:34:28Z",
            "2026-04-02T14:34:48Z",
            "2026-04-02T14:35:10Z",
            "2026-04-02T14:35:31Z",
            "2026-04-02T14:35:49Z",
            "2026-04-02T14:35:59Z",
            "2026-04-02T14:36:05Z",
            "2026-04-02T14:36:11Z",
            "2026-04-02T14:36:20Z",
            "2026-04-02T14:36:30Z",
            "2026-04-02T14:36:49Z",
            "2026-04-02T14:37:08Z",
            "2026-04-02T14:37:27Z",
            "2026-04-02T14:37:45Z",
            "2026-04-02T14:37:46Z",
            "2026-04-02T14:37:53Z",
            "2026-04-02T14:38:12Z",
            "2026-04-02T14:38:32Z",
            "2026-04-02T14:38:51Z",
            "2026-04-02T14:38:52Z",
            "2026-04-02T14:39:07Z",
            "2026-04-02T14:39:15Z",
            "2026-04-02T14:39:24Z",
            "2026-04-02T14:39:48Z",
            "2026-04-02T14:40:11Z",
            "2026-04-02T14:40:34Z",
            "2026-04-02T14:40:59Z",
            "2026-04-02T14:41:21Z",
            "2026-04-02T14:41:41Z",
            "2026-04-02T14:42:02Z",
            "2026-04-02T14:42:21Z",
            "2026-04-02T14:42:39Z",
            "2026-04-02T14:42:58Z",
            "2026-04-02T14:43:17Z",
            "2026-04-02T14:43:34Z",
            "2026-04-02T14:43:43Z",
            "2026-04-02T14:44:01Z",
            "2026-04-02T14:44:18Z",
            "2026-04-02T14:44:29Z",
            "2026-04-02T14:44:33Z",
            "2026-04-02T14:44:51Z",
            "2026-04-02T14:44:53Z",
            "2026-04-02T14:44:57Z",
            "2026-04-02T14:45:15Z",
            "2026-04-02T14:45:28Z",
            "2026-04-02T14:45:32Z",
            "2026-04-02T14:45:48Z",
            "2026-04-02T14:46:06Z",
            "2026-04-02T14:46:24Z",
            "2026-04-02T14:46:40Z",
            "2026-04-02T14:46:57Z",
            "2026-04-02T14:47:16Z",
            "2026-04-02T14:47:34Z",
            "2026-04-02T14:47:51Z",
            "2026-04-02T14:48:10Z",
            "2026-04-02T14:48:28Z",
            "2026-04-02T14:48:44Z",
            "2026-04-02T14:48:55Z",
            "2026-04-02T14:49:00Z",
            "2026-04-02T14:49:20Z",
            "2026-04-02T14:49:37Z",
            "2026-04-02T14:49:52Z",
            "2026-04-02T14:50:06Z",
            "2026-04-02T14:50:11Z",
            "2026-04-02T14:50:20Z",
            "2026-04-02T14:50:38Z",
            "2026-04-02T14:50:56Z",
            "2026-04-02T14:51:11Z",
            "2026-04-02T14:51:26Z",
            "2026-04-02T14:51:45Z",
            "2026-04-02T14:51:59Z",
            "2026-04-02T14:52:16Z",
            "2026-04-02T14:52:32Z",
            "2026-04-02T14:52:43Z",
            "2026-04-02T14:53:01Z",
            "2026-04-02T14:53:19Z",
            "2026-04-02T14:53:43Z",
            "2026-04-02T14:54:04Z",
            "2026-04-02T14:54:21Z",
            "2026-04-02T14:54:37Z",
            "2026-04-02T14:54:45Z",
            "2026-04-02T14:54:56Z",
            "2026-04-02T14:55:10Z",
            "2026-04-02T14:55:19Z",
            "2026-04-02T14:55:21Z",
            "2026-04-02T14:55:33Z",
            "2026-04-02T14:55:36Z",
            "2026-04-02T14:55:50Z",
            "2026-04-02T14:56:06Z",
            "2026-04-02T14:56:19Z",
            "2026-04-02T14:56:20Z",
            "2026-04-02T14:56:25Z",
            "2026-04-02T14:56:41Z",
            "2026-04-02T14:56:56Z",
            "2026-04-02T14:56:59Z",
            "2026-04-02T14:57:17Z",
            "2026-04-02T14:57:32Z",
            "2026-04-02T14:57:44Z",
            "2026-04-02T14:58:03Z",
            "2026-04-02T14:58:04Z",
            "2026-04-02T14:58:21Z",
            "2026-04-02T14:58:36Z",
            "2026-04-02T14:58:52Z",
            "2026-04-02T14:59:10Z",
            "2026-04-02T14:59:28Z",
            "2026-04-02T14:59:45Z",
            "2026-04-02T15:00:00Z",
            "2026-04-02T15:00:13Z",
            "2026-04-02T15:00:28Z",
            "2026-04-02T15:00:39Z",
            "2026-04-02T15:00:44Z",
            "2026-04-02T15:01:03Z",
            "2026-04-02T15:01:19Z",
            "2026-04-02T15:01:28Z",
            "2026-04-02T15:01:48Z",
            "2026-04-02T15:01:49Z",
            "2026-04-02T15:02:06Z",
            "2026-04-02T15:02:26Z",
            "2026-04-02T15:02:42Z",
            "2026-04-02T15:03:01Z",
            "2026-04-02T15:03:17Z",
            "2026-04-02T15:03:34Z",
            "2026-04-02T15:03:52Z",
            "2026-04-02T15:04:05Z",
            "2026-04-02T15:04:21Z",
            "2026-04-02T15:04:34Z",
            "2026-04-02T15:04:50Z",
            "2026-04-02T15:04:54Z",
            "2026-04-02T15:05:00Z",
            "2026-04-02T15:05:04Z",
            "2026-04-02T15:05:26Z",
            "2026-04-02T15:05:46Z",
            "2026-04-02T15:06:06Z",
            "2026-04-02T15:06:32Z",
            "2026-04-02T15:06:36Z",
            "2026-04-02T15:06:55Z",
            "2026-04-02T15:07:04Z",
            "2026-04-02T15:07:08Z",
            "2026-04-02T15:07:16Z",
            "2026-04-02T15:07:19Z",
            "2026-04-02T15:07:29Z",
            "2026-04-02T15:07:46Z",
            "2026-04-02T15:08:03Z",
            "2026-04-02T15:08:18Z",
            "2026-04-02T15:08:24Z",
            "2026-04-02T15:08:38Z",
            "2026-04-02T15:08:45Z",
            "2026-04-02T15:08:47Z",
            "2026-04-02T15:08:50Z",
            "2026-04-02T15:08:57Z",
            "2026-04-02T15:09:00Z",
            "2026-04-02T15:09:10Z",
            "2026-04-02T15:09:21Z",
            "2026-04-02T15:09:29Z",
            "2026-04-02T15:09:30Z",
            "2026-04-02T15:09:39Z",
            "2026-04-02T15:09:44Z",
            "2026-04-02T15:09:48Z",
            "2026-04-02T15:09:52Z",
            "2026-04-02T15:09:59Z",
            "2026-04-02T15:10:03Z",
            "2026-04-02T15:10:10Z",
            "2026-04-02T15:10:32Z",
            "2026-04-02T15:10:52Z",
            "2026-04-02T15:11:11Z",
            "2026-04-02T15:11:30Z",
            "2026-04-02T15:11:57Z",
            "2026-04-02T15:12:18Z",
            "2026-04-02T15:12:38Z",
            "2026-04-02T15:12:49Z",
            "2026-04-02T15:13:09Z",
            "2026-04-02T15:13:37Z",
            "2026-04-02T15:14:00Z",
            "2026-04-02T15:14:21Z",
            "2026-04-02T15:14:41Z",
            "2026-04-02T15:14:57Z",
            "2026-04-02T15:15:04Z",
            "2026-04-02T15:18:32Z",
            "2026-04-02T15:18:35Z",
            "2026-04-02T15:19:00Z",
            "2026-04-02T15:19:22Z",
            "2026-04-02T15:19:40Z",
            "2026-04-02T15:20:00Z",
            "2026-04-02T15:20:17Z",
            "2026-04-02T15:20:35Z",
            "2026-04-02T15:20:59Z",
            "2026-04-02T15:21:16Z",
            "2026-04-02T15:21:17Z",
            "2026-04-02T15:21:18Z",
            "2026-04-02T15:21:46Z",
            "2026-04-02T15:22:14Z",
            "2026-04-02T15:22:24Z",
            "2026-04-02T15:22:46Z",
            "2026-04-02T15:23:06Z",
            "2026-04-02T15:23:30Z",
            "2026-04-02T15:23:47Z",
            "2026-04-02T15:23:59Z",
            "2026-04-02T15:24:00Z",
            "2026-04-02T15:24:01Z",
            "2026-04-02T15:24:02Z",
            "2026-04-02T15:24:03Z",
            "2026-04-02T15:24:04Z",
            "2026-04-02T15:24:05Z",
            "2026-04-02T15:24:06Z",
            "2026-04-02T15:24:21Z",
            "2026-04-02T15:24:37Z",
            "2026-04-02T15:24:52Z",
            "2026-04-02T15:25:06Z",
            "2026-04-02T15:25:19Z",
            "2026-04-02T15:25:20Z",
            "2026-04-02T15:25:21Z",
            "2026-04-02T15:25:22Z",
            "2026-04-02T15:25:23Z",
            "2026-04-02T15:25:24Z",
            "2026-04-02T15:25:25Z",
            "2026-04-02T15:25:26Z",
            "2026-04-02T15:25:27Z",
            "2026-04-02T15:25:28Z",
            "2026-04-02T15:25:29Z",
            "2026-04-02T15:25:30Z",
            "2026-04-02T15:25:48Z",
            "2026-04-02T15:25:59Z",
            "2026-04-02T15:26:00Z",
            "2026-04-02T15:26:01Z",
            "2026-04-02T15:26:02Z",
            "2026-04-02T15:26:03Z",
            "2026-04-02T15:26:04Z",
            "2026-04-02T15:26:05Z",
            "2026-04-02T15:26:06Z",
            "2026-04-02T15:26:07Z",
            "2026-04-02T15:26:08Z",
            "2026-04-02T15:26:28Z",
            "2026-04-02T15:26:45Z",
            "2026-04-02T15:27:27Z",
            "2026-04-02T15:27:52Z",
            "2026-04-02T15:27:58Z",
            "2026-04-02T15:28:06Z",
            "2026-04-02T15:28:08Z",
            "2026-04-02T15:28:09Z",
            "2026-04-02T15:28:10Z",
            "2026-04-02T15:28:26Z",
            "2026-04-02T15:28:27Z",
            "2026-04-02T15:28:38Z",
            "2026-04-02T15:28:39Z",
            "2026-04-02T15:28:40Z",
            "2026-04-02T15:28:41Z",
            "2026-04-02T15:28:42Z",
            "2026-04-02T15:29:01Z",
            "2026-04-02T15:29:18Z",
            "2026-04-02T15:29:32Z",
            "2026-04-02T15:29:43Z",
            "2026-04-02T15:30:01Z",
            "2026-04-02T15:30:09Z",
            "2026-04-02T15:30:24Z",
            "2026-04-02T15:30:37Z",
            "2026-04-02T15:30:40Z",
            "2026-04-02T15:30:47Z",
            "2026-04-02T15:31:01Z",
            "2026-04-02T15:31:08Z",
            "2026-04-02T15:31:21Z",
            "2026-04-02T15:31:23Z",
            "2026-04-02T15:31:34Z",
            "2026-04-02T15:31:47Z",
            "2026-04-02T15:31:56Z",
            "2026-04-02T15:32:15Z",
            "2026-04-02T15:32:28Z",
            "2026-04-02T15:32:46Z",
            "2026-04-02T15:33:02Z",
            "2026-04-02T15:33:33Z",
            "2026-04-02T15:33:34Z",
            "2026-04-02T15:33:41Z",
            "2026-04-02T15:33:52Z",
            "2026-04-02T15:34:05Z",
            "2026-04-02T15:34:06Z",
            "2026-04-02T15:34:17Z",
            "2026-04-02T15:34:21Z",
            "2026-04-02T15:34:25Z",
            "2026-04-02T15:34:38Z",
            "2026-04-02T15:34:44Z",
            "2026-04-02T15:34:46Z",
            "2026-04-02T15:34:59Z",
            "2026-04-02T15:35:09Z",
            "2026-04-02T15:35:22Z",
            "2026-04-02T15:35:55Z",
            "2026-04-02T15:35:59Z",
            "2026-04-02T15:36:01Z",
            "2026-04-02T15:36:10Z",
            "2026-04-02T15:36:33Z",
            "2026-04-02T15:36:51Z",
            "2026-04-02T15:37:11Z",
            "2026-04-02T15:37:17Z",
            "2026-04-02T15:37:42Z",
            "2026-04-02T15:38:06Z",
            "2026-04-02T15:38:30Z",
            "2026-04-02T15:38:56Z",
            "2026-04-02T15:39:31Z",
            "2026-04-02T15:40:19Z",
            "2026-04-02T15:40:21Z",
            "2026-04-02T15:40:25Z",
            "2026-04-02T15:40:52Z",
            "2026-04-02T15:41:15Z",
            "2026-04-02T15:41:40Z",
            "2026-04-02T15:42:01Z",
            "2026-04-02T15:42:26Z",
            "2026-04-02T15:42:42Z",
            "2026-04-02T15:43:04Z",
            "2026-04-02T15:43:26Z",
            "2026-04-02T15:43:28Z",
            "2026-04-02T15:43:33Z",
            "2026-04-02T15:43:51Z",
            "2026-04-02T15:44:07Z",
            "2026-04-02T15:44:27Z",
            "2026-04-02T15:44:41Z",
            "2026-04-02T15:45:01Z",
            "2026-04-02T15:45:21Z",
            "2026-04-02T15:45:41Z",
            "2026-04-02T15:45:47Z",
            "2026-04-02T15:46:04Z",
            "2026-04-02T15:46:18Z",
            "2026-04-02T15:46:23Z",
            "2026-04-02T15:46:37Z",
            "2026-04-02T15:46:54Z",
            "2026-04-02T15:46:57Z",
            "2026-04-02T15:47:15Z",
            "2026-04-02T15:47:29Z",
            "2026-04-02T15:47:31Z",
            "2026-04-02T15:47:35Z",
            "2026-04-02T15:47:52Z",
            "2026-04-02T15:48:09Z",
            "2026-04-02T15:48:14Z",
            "2026-04-02T15:48:20Z",
            "2026-04-02T15:48:35Z",
            "2026-04-02T15:48:51Z",
            "2026-04-02T15:48:57Z",
            "2026-04-02T15:49:14Z",
            "2026-04-02T15:49:22Z",
            "2026-04-02T15:49:27Z",
            "2026-04-02T15:49:30Z",
            "2026-04-02T15:49:50Z",
            "2026-04-02T15:50:09Z",
            "2026-04-02T15:50:22Z",
            "2026-04-02T15:50:24Z",
            "2026-04-02T15:50:44Z",
            "2026-04-02T15:51:04Z",
            "2026-04-02T15:51:25Z",
            "2026-04-02T15:51:28Z",
            "2026-04-02T15:51:47Z",
            "2026-04-02T15:52:01Z",
            "2026-04-02T15:52:16Z",
            "2026-04-02T15:52:29Z",
            "2026-04-02T15:52:35Z",
            "2026-04-02T15:52:46Z",
            "2026-04-02T15:52:51Z",
            "2026-04-02T15:53:01Z",
            "2026-04-02T15:53:06Z",
            "2026-04-02T15:53:09Z",
            "2026-04-02T15:53:16Z",
            "2026-04-02T15:53:27Z",
            "2026-04-02T15:53:39Z",
            "2026-04-02T15:53:45Z",
            "2026-04-02T15:53:50Z",
            "2026-04-02T15:54:04Z",
            "2026-04-02T15:54:18Z",
            "2026-04-02T15:54:20Z",
            "2026-04-02T15:54:28Z",
            "2026-04-02T15:54:30Z",
            "2026-04-02T15:54:43Z",
            "2026-04-02T15:54:49Z",
            "2026-04-02T15:54:53Z",
            "2026-04-02T15:54:57Z",
            "2026-04-02T15:55:04Z",
            "2026-04-02T15:55:08Z",
            "2026-04-02T15:55:19Z",
            "2026-04-02T15:55:27Z",
            "2026-04-02T15:55:31Z",
            "2026-04-02T15:55:46Z",
            "2026-04-02T15:55:57Z",
            "2026-04-02T15:56:02Z",
            "2026-04-02T15:56:08Z",
            "2026-04-02T15:56:11Z",
            "2026-04-02T15:56:22Z",
            "2026-04-02T15:56:26Z",
            "2026-04-02T15:56:29Z",
            "2026-04-02T15:56:31Z",
            "2026-04-02T15:56:35Z",
            "2026-04-02T15:56:38Z",
            "2026-04-02T15:56:51Z",
            "2026-04-02T15:56:54Z",
            "2026-04-02T15:56:57Z",
            "2026-04-02T15:57:10Z",
            "2026-04-02T15:57:21Z",
            "2026-04-02T15:57:27Z",
            "2026-04-02T15:57:42Z",
            "2026-04-02T15:57:44Z",
            "2026-04-02T15:57:58Z",
            "2026-04-02T15:58:04Z",
            "2026-04-02T15:58:07Z",
            "2026-04-02T15:58:22Z",
            "2026-04-02T15:58:39Z",
            "2026-04-02T15:59:07Z",
            "2026-04-02T15:59:22Z",
            "2026-04-02T15:59:35Z",
            "2026-04-02T15:59:49Z",
            "2026-04-02T16:00:04Z",
            "2026-04-02T16:00:19Z",
            "2026-04-02T16:00:21Z",
            "2026-04-02T16:00:30Z",
            "2026-04-02T16:00:33Z",
            "2026-04-02T16:00:48Z",
            "2026-04-02T16:00:54Z",
            "2026-04-02T16:01:07Z",
            "2026-04-02T16:01:17Z",
            "2026-04-02T16:01:19Z",
            "2026-04-02T16:01:29Z",
            "2026-04-02T16:01:42Z",
            "2026-04-02T16:01:48Z",
            "2026-04-02T16:01:52Z",
            "2026-04-02T16:02:07Z",
            "2026-04-02T16:02:21Z",
            "2026-04-02T16:02:36Z",
            "2026-04-02T16:02:55Z",
            "2026-04-02T16:03:00Z",
            "2026-04-02T16:03:04Z",
            "2026-04-02T16:03:20Z",
            "2026-04-02T16:03:33Z",
            "2026-04-02T16:03:34Z",
            "2026-04-02T16:03:48Z",
            "2026-04-02T16:04:01Z",
            "2026-04-02T16:04:11Z",
            "2026-04-02T16:04:14Z",
            "2026-04-02T16:04:24Z",
            "2026-04-02T16:04:34Z",
            "2026-04-02T16:04:48Z",
            "2026-04-02T16:05:04Z",
            "2026-04-02T16:05:07Z",
            "2026-04-02T16:05:19Z",
            "2026-04-02T16:05:37Z",
            "2026-04-02T16:05:39Z",
            "2026-04-02T16:05:46Z",
            "2026-04-02T16:06:06Z",
            "2026-04-02T16:06:22Z",
            "2026-04-02T16:06:24Z",
            "2026-04-02T16:07:32Z",
            "2026-04-02T16:08:45Z",
            "2026-04-02T16:09:28Z"
          ]
        }
      },
      "geometry": {
        "type": "LineString",
        "coordinates": [
          [17.4270116072, 62.0306692086, 9.99],
          [17.4268793408, 62.030665772, 10.33],
          [17.4268196616, 62.0306121279, 9.95],
          [17.4266793486, 62.0305917598, 9.79],
          [17.4265936855, 62.0304603316, 10.8],
          [17.4265754968, 62.0304294862, 11.7],
          [17.4265250377, 62.030242905, 14.78],
          [17.4265247025, 62.0301604271, 15.81],
          [17.4265255406, 62.0301463455, 15.38],
          [17.4265217688, 62.0301341917, 15.59],
          [17.426521685, 62.0301190205, 16.05],
          [17.4265166558, 62.0301049389, 15.54],
          [17.4266167358, 62.0298052859, 16.73],
          [17.42665831, 62.0297798049, 16.67],
          [17.4266728945, 62.0297696628, 16.42],
          [17.4266873952, 62.029759353, 16.03],
          [17.4266984593, 62.0297480375, 16.07],
          [17.4267073441, 62.0297368057, 16.46],
          [17.4267207552, 62.0297234785, 16.14],
          [17.4267723877, 62.0296928845, 15.71],
          [17.4267911632, 62.0296813175, 15.51],
          [17.4268096872, 62.0296695828, 15.35],
          [17.4271336477, 62.0294885337, 15.4],
          [17.4273623899, 62.0293560158, 15.02],
          [17.4276764598, 62.0290742163, 14.59],
          [17.4275968317, 62.0289852004, 15.16],
          [17.4275697581, 62.0289775729, 15.25],
          [17.4275475461, 62.028968269, 15.49],
          [17.4275257532, 62.0289602224, 15.33],
          [17.4275047146, 62.0289551094, 15.18],
          [17.4271164648, 62.0288829412, 14.47],
          [17.4271157943, 62.02887238, 14.57],
          [17.4271980207, 62.028776994, 14.74],
          [17.4271941651, 62.02876308, 14.79],
          [17.4271948356, 62.028751513, 14.88],
          [17.4271971826, 62.028716309, 14.58],
          [17.4269957654, 62.0284798555, 12.46],
          [17.4264173303, 62.0282665361, 12.95],
          [17.425960768, 62.0281051006, 12.04],
          [17.4259270728, 62.0280983951, 12.88],
          [17.4258183595, 62.028060928, 12.39],
          [17.4253461231, 62.0277440082, 12.48],
          [17.4251872022, 62.0274942275, 11.67],
          [17.4247328192, 62.0274387393, 11.6],
          [17.4242774304, 62.0274068881, 11.83],
          [17.4237480294, 62.0272303652, 11.54],
          [17.4235604424, 62.027144786, 11.6],
          [17.4234803114, 62.0270871185, 12.07],
          [17.4233964924, 62.0270351507, 11.85],
          [17.4231802393, 62.0269164629, 11.32],
          [17.4229970109, 62.0267676841, 10.84],
          [17.4228610564, 62.026684368, 11.23],
          [17.4228566978, 62.0266807638, 11.26],
          [17.4227363337, 62.0265316498, 11.02],
          [17.4226176459, 62.0264088549, 11.47],
          [17.4225604814, 62.026358312, 10.93],
          [17.4224215094, 62.0262118801, 11.87],
          [17.4222421367, 62.0260081161, 10.77],
          [17.4220213573, 62.0258053578, 11.36],
          [17.4217488617, 62.0255699102, 11.29],
          [17.4214054551, 62.0252477098, 10.04],
          [17.4210904632, 62.0249210671, 11.41],
          [17.4207719509, 62.0245949272, 10.08],
          [17.4205579609, 62.0242790133, 10.63],
          [17.4203862995, 62.0240277238, 10.83],
          [17.4203564599, 62.0239110477, 10.45],
          [17.4201506842, 62.0238280669, 11.56],
          [17.4198890012, 62.0237014163, 11.46],
          [17.4197455868, 62.0235376339, 10.81],
          [17.4197304156, 62.0235245582, 10.86],
          [17.4197942857, 62.0235998277, 11.5],
          [17.4197256379, 62.0235321019, 11.04],
          [17.4194866698, 62.0234387275, 11.06],
          [17.4194341153, 62.0234188624, 10.47],
          [17.4190375675, 62.0232451893, 10.22],
          [17.4188972544, 62.0231968258, 9.74],
          [17.4183796719, 62.0230243262, 9.33],
          [17.4181247782, 62.0227879565, 9.38],
          [17.4180945195, 62.0225925744, 9.76],
          [17.4181010574, 62.0225757267, 9.63],
          [17.418176746, 62.0225168858, 9.23],
          [17.418170711, 62.0224095974, 9.16],
          [17.4181648437, 62.0223336574, 9.19],
          [17.4181460682, 62.0222598128, 9.57],
          [17.418126706, 62.0222188253, 9.48],
          [17.4180452339, 62.0221769158, 9.16],
          [17.4180185795, 62.0221628342, 9.05],
          [17.4179237802, 62.0221158117, 9.53],
          [17.4178598262, 62.0221141353, 9.51],
          [17.4175382126, 62.0221892372, 9.97],
          [17.4174872506, 62.0221974514, 10.41],
          [17.4173238873, 62.022183286, 10.36],
          [17.4173378013, 62.0221178234, 9.93],
          [17.417264292, 62.022088822, 9.5],
          [17.4168005213, 62.0221408736, 10.06],
          [17.41625553, 62.022266183, 9.54],
          [17.4157935195, 62.0223470684, 9.81],
          [17.4155442417, 62.0222583041, 9.61],
          [17.4154818803, 62.0222749002, 9.5],
          [17.4153374601, 62.0223126188, 9.55],
          [17.4149531499, 62.0223085955, 10.38],
          [17.4145703483, 62.0222936757, 11.23],
          [17.4145193864, 62.0222946815, 11.52],
          [17.4142671749, 62.0221367665, 11.88],
          [17.4141034763, 62.0218929369, 12.33],
          [17.4140091799, 62.02162195, 12.72],
          [17.413996188, 62.0213689841, 13],
          [17.413941538, 62.0211245678, 12.61],
          [17.4138167314, 62.0208923053, 13.28],
          [17.4136079382, 62.0206433628, 15],
          [17.4133703951, 62.0203849487, 16.45],
          [17.4133113865, 62.0203309692, 15.87],
          [17.4132737517, 62.0202874672, 15.46],
          [17.413209714, 62.0202322304, 16.29],
          [17.4131871667, 62.0202156343, 15.91],
          [17.4129853304, 62.0199632552, 15.32],
          [17.4127315264, 62.0196882449, 13.51],
          [17.4126067199, 62.0194764342, 13.21],
          [17.4125535786, 62.019387586, 13.4],
          [17.4128762819, 62.0192492846, 11.34],
          [17.4129641242, 62.019179631, 10.92],
          [17.4133838061, 62.01902356, 9.86],
          [17.4135729857, 62.0188437682, 8.8],
          [17.4138370156, 62.0185887907, 9.35],
          [17.4140770733, 62.0184080768, 7.68],
          [17.4143219925, 62.0181157999, 8.05],
          [17.4146505632, 62.0178603195, 7.59],
          [17.4149375595, 62.0176274702, 7.2],
          [17.41498366, 62.0176318288, 7.06],
          [17.4151161779, 62.0176388696, 7.25],
          [17.4151211232, 62.0176381152, 7],
          [17.415192537, 62.0175628457, 6.86],
          [17.4152292497, 62.0175459143, 7.68],
          [17.4153690599, 62.0174958743, 7.76],
          [17.4155772664, 62.0174121391, 7.05],
          [17.4156455789, 62.0173767675, 8.26],
          [17.4157472514, 62.0173706487, 7.43],
          [17.4160513468, 62.0173127297, 7.16],
          [17.4160570465, 62.0173106343, 6.77],
          [17.4161046557, 62.0172877517, 6.69],
          [17.4161602277, 62.0172696467, 7.85],
          [17.4162127823, 62.0172531344, 7.17],
          [17.4162742216, 62.0172370411, 7.46],
          [17.4162945058, 62.0172180142, 7.46],
          [17.416389389, 62.0170942135, 7.91],
          [17.4166805763, 62.0169288386, 8.22],
          [17.417193884, 62.0168248191, 9.61],
          [17.4177720677, 62.0167939737, 9.47],
          [17.4182008859, 62.0167950634, 8.87],
          [17.4187294487, 62.0166786388, 9.9],
          [17.4191536568, 62.016629437, 10.28],
          [17.4196080398, 62.0166958217, 11.35],
          [17.4200713076, 62.0167874359, 10.87],
          [17.4201116245, 62.0167907886, 11.94],
          [17.4205826037, 62.0167838316, 11.66],
          [17.420940008, 62.0167955663, 11.04],
          [17.4212601967, 62.0167694986, 10.91],
          [17.4215367157, 62.0166526549, 9.77],
          [17.42185615, 62.016549306, 9.85],
          [17.4222485069, 62.0164503995, 8.14],
          [17.4223303143, 62.0164499804, 7.12],
          [17.4225896504, 62.016467331, 7.07],
          [17.4226111919, 62.0164372399, 7.05],
          [17.4226293806, 62.0164259244, 6.45],
          [17.4227401055, 62.0164099149, 6.7],
          [17.4231343903, 62.0163944084, 6.31],
          [17.4233674072, 62.0163049735, 6.52],
          [17.4234034494, 62.0162938256, 6.49],
          [17.4234409165, 62.0162794925, 7.45],
          [17.4236858357, 62.0162312128, 6.37],
          [17.4238430802, 62.0162175503, 7.15],
          [17.4240818806, 62.0163211506, 7.97],
          [17.4240846466, 62.0165549219, 9.32],
          [17.4239549786, 62.0167404134, 9.04],
          [17.4239109736, 62.0169326942, 9.01],
          [17.4239190202, 62.0169558283, 8.86],
          [17.4240245484, 62.0170918666, 8.48],
          [17.4240215309, 62.0171247236, 8.14],
          [17.42402195, 62.0170786232, 8.33],
          [17.4239784479, 62.0170034375, 7.76],
          [17.4238460977, 62.0168855879, 7.88],
          [17.4239210319, 62.0167566743, 7.67],
          [17.4240346067, 62.0165220648, 7.52],
          [17.4240154959, 62.0163093321, 7.19],
          [17.4240845628, 62.016137084, 5.81],
          [17.4243205972, 62.0160054881, 5.42],
          [17.4246665183, 62.0159037318, 6.1],
          [17.4250406027, 62.0158407837, 5.39],
          [17.4253967497, 62.0158111118, 5.09],
          [17.4257140048, 62.0157048292, 5.03],
          [17.4259029329, 62.0156715531, 5.16],
          [17.4261981435, 62.0156402886, 5.26],
          [17.426291015, 62.0155925117, 4.79],
          [17.4262883328, 62.0155634265, 4.26],
          [17.4263151549, 62.0155281387, 4.54],
          [17.4263695534, 62.0154628437, 4.23],
          [17.4264190905, 62.0154236164, 4.19],
          [17.4265169911, 62.0153735764, 4.24],
          [17.4266505148, 62.0152132306, 4.48],
          [17.426684713, 62.0151315909, 4.67],
          [17.426759731, 62.0150151663, 5.41],
          [17.4267819431, 62.0149410702, 5.06],
          [17.4269280396, 62.0148150064, 4.74],
          [17.4271054845, 62.0147030242, 5.32],
          [17.4272252619, 62.0146560017, 5.32],
          [17.4274757132, 62.0145714283, 5.45],
          [17.4276168644, 62.0145481266, 5.64],
          [17.427924145, 62.0144829992, 4.93],
          [17.4282335211, 62.0144265052, 4.88],
          [17.4285955355, 62.0144027844, 6.15],
          [17.4288318213, 62.0143929776, 6.3],
          [17.4289083481, 62.0143821649, 6.45],
          [17.4291231763, 62.0143651497, 6.46],
          [17.4291830231, 62.0143514872, 6.21],
          [17.4293288682, 62.0143444464, 6.02],
          [17.4296739511, 62.0142932329, 6.47],
          [17.4299026933, 62.0142653212, 6.66],
          [17.4300096463, 62.0142318774, 6.22],
          [17.4300868437, 62.0142290276, 5.45],
          [17.430244172, 62.014225591, 5.31],
          [17.430292787, 62.0142139401, 5.18],
          [17.4303690623, 62.0141726173, 5],
          [17.4304212816, 62.0141082443, 5.19],
          [17.4304503668, 62.0140918996, 5.38],
          [17.4305224512, 62.0140542649, 5.81],
          [17.4307804462, 62.0139048155, 5.42],
          [17.4310426321, 62.0137728844, 5],
          [17.4310748186, 62.0137591381, 5.43],
          [17.4314028863, 62.0136455633, 4.67],
          [17.4316621386, 62.0135384426, 4.48],
          [17.431678148, 62.0135297254, 4.42],
          [17.4319932237, 62.0134737343, 4.2],
          [17.4322813097, 62.0134295616, 3.13],
          [17.4323098082, 62.0134238619, 4.41],
          [17.4324175995, 62.0134164859, 3.87],
          [17.432645252, 62.0133458264, 3.1],
          [17.4328558054, 62.0133174956, 3.37],
          [17.4329408817, 62.0133084431, 3.35],
          [17.4330156483, 62.0132932719, 3.33],
          [17.4333049916, 62.0131903421, 3.2],
          [17.4335074984, 62.0131563954, 3.41],
          [17.4336669222, 62.0130948722, 3.37],
          [17.4337333068, 62.013056986, 3.4],
          [17.4341169465, 62.0129682217, 3.99],
          [17.4344179407, 62.0128601789, 3.85],
          [17.43468876, 62.0128024276, 3.23],
          [17.4349610042, 62.0128351171, 3.93],
          [17.4351184163, 62.0128107257, 3.57],
          [17.4352373555, 62.0128067024, 4.04],
          [17.4355474021, 62.0127356239, 2.8],
          [17.4355695304, 62.0127210394, 2.69],
          [17.4355998728, 62.012699917, 1.29],
          [17.4356230069, 62.0126859192, 2.82],
          [17.4356814288, 62.0126163494, 3.07],
          [17.4359216541, 62.012481736, 3.63],
          [17.4363712594, 62.0124171115, 4.19],
          [17.436525235, 62.0123771299, 3.72],
          [17.4368389696, 62.012251066, 2.91],
          [17.4370840564, 62.012076471, 2.85],
          [17.4370910134, 62.0120446198, 3.17],
          [17.4370918516, 62.0120398421, 3.52],
          [17.4371877406, 62.0119991899, 3.31],
          [17.4374712165, 62.0117930789, 3.79],
          [17.4376913253, 62.0116691105, 3.48],
          [17.4380162079, 62.0115360897, 2.86],
          [17.4382545054, 62.0114728063, 3.12],
          [17.4383586086, 62.0114401169, 3.32],
          [17.438561786, 62.0113842934, 3.58],
          [17.4386069644, 62.0113852154, 3.81],
          [17.4387228861, 62.0113653503, 3.71],
          [17.4391069449, 62.0112845488, 3.99],
          [17.4391719047, 62.0112827886, 4.04],
          [17.4392542988, 62.0112965349, 4.36],
          [17.4394003954, 62.0113007259, 4],
          [17.4396179896, 62.0112808608, 4.1],
          [17.4397945963, 62.0112618338, 3.97],
          [17.4399213307, 62.0112438966, 3.7],
          [17.4400843587, 62.0112464949, 3.87],
          [17.4404061399, 62.0112150628, 4.03],
          [17.4407658074, 62.011168208, 4.04],
          [17.4409670569, 62.0111274719, 4.21],
          [17.4409870058, 62.0111076906, 4.74],
          [17.4410407338, 62.0111071039, 4.94],
          [17.4410399795, 62.011109367, 3.67],
          [17.4409746006, 62.0110991411, 3.91],
          [17.440950796, 62.0111019909, 4.14],
          [17.440982312, 62.0110745821, 4.45],
          [17.4410014227, 62.011070475, 3.99],
          [17.4410486128, 62.0110524539, 4.1],
          [17.4414056819, 62.0110142324, 4.16],
          [17.4417333305, 62.010956062, 4.84],
          [17.4418170657, 62.010942148, 4.64],
          [17.4419650901, 62.0109410584, 4.36],
          [17.4423343968, 62.0108779427, 2.62],
          [17.4425941519, 62.010720782, 2.92],
          [17.4427598622, 62.0105926227, 2.68],
          [17.4427875225, 62.0105197001, 2.38],
          [17.4427825771, 62.010394223, 1.92],
          [17.4429781269, 62.0103342086, 1.14],
          [17.4430770334, 62.0103078894, 0.42],
          [17.4434371199, 62.0102587715, -0.69],
          [17.4435807019, 62.0102623757, -1.01],
          [17.4437275529, 62.0103295986, -0.65],
          [17.4436912593, 62.0103074703, -0.39],
          [17.4435323384, 62.0102461148, -0.5],
          [17.4435094558, 62.0102448575, -0.7],
          [17.4434073642, 62.0102420077, -0.58],
          [17.4432915263, 62.0102450252, -0.85],
          [17.4429716729, 62.0102252439, -0.02],
          [17.4427630473, 62.0102042053, 1.23],
          [17.4426179565, 62.010020474, 0.74],
          [17.4425552599, 62.009928273, 0.77],
          [17.4423490651, 62.0098530035, 1.28],
          [17.442176817, 62.0098236669, 1.12],
          [17.4420936685, 62.0098185539, 1.85],
          [17.4420629069, 62.0097972639, 1.26],
          [17.441995265, 62.0097727887, 1.12],
          [17.441953104, 62.0096632373, 0.29],
          [17.4419073388, 62.0095757302, 0.25],
          [17.4419075903, 62.0095168892, 0.33],
          [17.4419721309, 62.0093457308, 0.43],
          [17.4419227615, 62.0091738179, -0.03],
          [17.4419278745, 62.0091594011, -0.04],
          [17.4419678561, 62.0090875681, -0.2],
          [17.4420151301, 62.0090423897, -0.49],
          [17.4421271123, 62.0088439062, -0.9],
          [17.4422514997, 62.0087246317, -1.2],
          [17.442362057, 62.0086661261, -1.97],
          [17.4423804134, 62.0086288266, -2.09],
          [17.4424177967, 62.008561939, -2.14],
          [17.4424467981, 62.0084988233, -1.62],
          [17.4426240753, 62.0083728433, -1.66],
          [17.4427098222, 62.0082028583, -1.38],
          [17.4427644722, 62.0081373956, -1.99],
          [17.4428531528, 62.0080682449, -1.7],
          [17.4430564139, 62.0079482999, -1.94],
          [17.4431269057, 62.0078923926, -2.81],
          [17.443160098, 62.0078672469, -2.6],
          [17.4431909434, 62.007866241, -2.45],
          [17.443355564, 62.0078198053, -3.73],
          [17.4435082823, 62.0076870359, -3.77],
          [17.4435292371, 62.0076029655, -3.1],
          [17.4435425643, 62.0076299552, -4.53],
          [17.443600148, 62.0076110121, -4.66],
          [17.4435969628, 62.0076231658, -4.77],
          [17.4435369484, 62.0076203998, -3.86],
          [17.4435223639, 62.0076372474, -4.89],
          [17.4434989784, 62.0076344814, -5.23],
          [17.4435071088, 62.00763884, -4.77],
          [17.4435756728, 62.0076314639, -5.27],
          [17.4435829651, 62.00763884, -5.32],
          [17.4435423128, 62.0076792408, -5.4],
          [17.4435368646, 62.0076666679, -5.52],
          [17.4435775168, 62.0076306257, -5.67],
          [17.4435789417, 62.0076723676, -5.81],
          [17.4435610045, 62.0076750498, -5.9],
          [17.4435666203, 62.0076355711, -5.98],
          [17.4435775168, 62.0076673385, -6.05],
          [17.4435679615, 62.0076825935, -6.12],
          [17.4435006548, 62.0077188034, -6.15],
          [17.4435026664, 62.0076938253, -6.13],
          [17.4435468391, 62.0076940767, -4.58],
          [17.4435738288, 62.0076554362, -5.1],
          [17.4436313286, 62.0076426957, -4.75],
          [17.4436162412, 62.0076343976, -3.92],
          [17.4436755013, 62.0076209866, -4.55],
          [17.4437310733, 62.0076116826, -5.07],
          [17.443796536, 62.0075962599, -5.11],
          [17.4440096039, 62.0074742194, -5.3],
          [17.4442747235, 62.0073101856, -5.4],
          [17.4442997016, 62.0072667673, -5.67],
          [17.4443793297, 62.0072085969, -5.46],
          [17.4443864543, 62.0072037354, -4.79],
          [17.4444207363, 62.0071927551, -4.79],
          [17.4445038009, 62.0071558747, -4.7],
          [17.4445958342, 62.0071548689, -4.95],
          [17.4447122589, 62.0071848761, -6.06],
          [17.4448091537, 62.0071793441, -6.1],
          [17.4448444415, 62.0071675256, -6.19],
          [17.4449094012, 62.0071630832, -5.99],
          [17.4449389894, 62.0071489178, -5.97],
          [17.4450360518, 62.0071011409, -5.87],
          [17.4450380635, 62.0070560463, -6],
          [17.4450427573, 62.0069985464, -4.87],
          [17.4452000856, 62.0068390388, -5.58],
          [17.4452531431, 62.0067714807, -5.76],
          [17.4452453479, 62.0067630149, -5.95],
          [17.4453130737, 62.0067269728, -5.66],
          [17.4455341883, 62.0067182556, -5.59],
          [17.4455258902, 62.0067108795, -5.5],
          [17.4456990603, 62.0066252165, -4],
          [17.4458964542, 62.0064621046, -2.02],
          [17.4461190775, 62.0063352026, -1.89],
          [17.446400458, 62.0062102284, -1.09],
          [17.4464119412, 62.0061986614, -0.23],
          [17.4466330558, 62.006027922, 0.58],
          [17.4469158612, 62.0058594458, 2.94],
          [17.4471059628, 62.0056467131, 3.5],
          [17.4472843297, 62.0054519176, 4.9],
          [17.4473174382, 62.0053799171, 5.19],
          [17.4473701604, 62.0053355768, 5.97],
          [17.44745465, 62.0051750634, 5.32],
          [17.4475849885, 62.0050076768, 4.74],
          [17.4478489347, 62.0048633404, 4.7],
          [17.4479687121, 62.004773654, 4.87],
          [17.448220253, 62.004631497, 4.9],
          [17.448325865, 62.0044631884, 3.86],
          [17.4483538605, 62.0043184329, 4.43],
          [17.448455533, 62.0041999966, 5.22],
          [17.4484982807, 62.0041497052, 4.93],
          [17.4484707043, 62.0040024351, 4.07],
          [17.4483578838, 62.0038444363, 3.09],
          [17.4483297206, 62.0037284307, 3.6],
          [17.4483205844, 62.0037021954, 3.23],
          [17.448309185, 62.0035834238, 3.15],
          [17.4482127931, 62.0034554321, 3.19],
          [17.4481510185, 62.0033901371, 3.54],
          [17.4480241165, 62.0033109281, 3.58],
          [17.4480127171, 62.0032537635, 2.89],
          [17.4480232783, 62.0032208227, 3.54],
          [17.448104918, 62.0030336548, 2.36],
          [17.4481521919, 62.0029327367, 2.02],
          [17.448129477, 62.0028177369, 2.35],
          [17.4480805267, 62.0027340855, 1.14],
          [17.4479831289, 62.0025408827, 0.82],
          [17.4477374554, 62.0024663676, 0.74],
          [17.4476947077, 62.0024287328, 0.02],
          [17.4476453383, 62.0023908466, -0.27],
          [17.4476081226, 62.0023791119, -0.54],
          [17.4473845772, 62.0022451691, -0.43],
          [17.4473315198, 62.0022088755, -0.63],
          [17.4473003391, 62.0021913573, -0.52],
          [17.4472922925, 62.0021426585, -0.88],
          [17.4473715015, 62.0019601006, -1.88],
          [17.4474573322, 62.0018509682, -2.18],
          [17.4476099666, 62.0017156843, -2.77],
          [17.4477434903, 62.0016273391, -3.54],
          [17.4479185045, 62.0015415922, -3.31],
          [17.4479867332, 62.0014992636, -3.6],
          [17.4482339155, 62.0013529155, -4.33],
          [17.4485667609, 62.0012278575, -5.27],
          [17.4487086665, 62.001198018, -5.46],
          [17.4487905577, 62.0011810027, -5.39],
          [17.4492088147, 62.0011207368, -6.02],
          [17.4496280774, 62.0010950882, -6.36],
          [17.4499045964, 62.0010832697, -7.13],
          [17.4499967974, 62.0010949206, -6.93],
          [17.4501533713, 62.0010851976, -6.76],
          [17.4505558703, 62.0010662545, -6.81],
          [17.4509115983, 62.0009610616, -7.64],
          [17.4511000235, 62.0009135362, -7.24],
          [17.4513258319, 62.0008583833, -8.21],
          [17.4515988305, 62.0008209161, -8.82],
          [17.4518327694, 62.0007787552, -7.83],
          [17.4520933628, 62.0006816927, -8.35],
          [17.4521897547, 62.0004956145, -8.42],
          [17.4522746634, 62.0004334208, -9.07],
          [17.452406846, 62.0002147369, -9.88],
          [17.4527168088, 62.0000548102, -10.87],
          [17.452802388, 62.0000015851, -10.45],
          [17.4528321438, 61.9999795407, -10.91],
          [17.4529376719, 61.9999424089, -10.55],
          [17.4528567027, 61.9999393914, -10.87],
          [17.4526743125, 61.9999513775, -11.01],
          [17.4523282237, 61.9999874197, -11.48],
          [17.4521410558, 62.0000049379, -11.84],
          [17.4520302471, 61.9999994896, -11.82],
          [17.4518611841, 62.0000018366, -11.79],
          [17.4518037681, 62.0000164211, -11.77],
          [17.451584246, 62.0000139065, -11.67],
          [17.4514575955, 61.9999870844, -12.34],
          [17.4511955772, 62.0000536367, -11.92],
          [17.4509582017, 62.0000248868, -12.08],
          [17.4507525098, 61.9999768585, -12.76],
          [17.4506774079, 61.9999757688, -12.93],
          [17.4506016355, 61.9999648724, -13.14],
          [17.4505573791, 61.9999544788, -13.34],
          [17.4503179081, 61.9998974819, -13.2],
          [17.4499136489, 61.9998229668, -13.11],
          [17.4496540613, 61.9997424167, -12.68],
          [17.4492969923, 61.9997123256, -12.23],
          [17.4490074813, 61.9996706676, -12.55],
          [17.4486706965, 61.9995705038, -11.71],
          [17.4486108497, 61.9995377306, -11.98],
          [17.4485411122, 61.9995166082, -11.73],
          [17.4482715502, 61.999475034, -11.07],
          [17.4479282275, 61.9994003512, -11.04],
          [17.447641734, 61.9993349724, -11.03],
          [17.4473743513, 61.999308737, -11.84],
          [17.4470199645, 61.9992509857, -12.49],
          [17.4469137657, 61.9992065616, -11.98],
          [17.446634816, 61.9991768058, -12.73],
          [17.4465951696, 61.9991643168, -12.9],
          [17.4462904036, 61.9991487265, -13.52],
          [17.4458884913, 61.9990665, -14.04],
          [17.4456175044, 61.9990411866, -14.17],
          [17.4453441706, 61.9989759754, -13.93],
          [17.4451741856, 61.9989515841, -14.64],
          [17.4451872613, 61.9988754764, -14.84],
          [17.4451495428, 61.9988729618, -14.9],
          [17.4449270871, 61.9988325611, -14.56],
          [17.444747882, 61.9988155458, -14.62],
          [17.44468024, 61.9987911545, -15.11],
          [17.4445304554, 61.9987531006, -15.2],
          [17.444599187, 61.9986589719, -16.02],
          [17.4446775578, 61.9985206705, -15.04],
          [17.4447141867, 61.9984775875, -14.83],
          [17.4447707646, 61.9984370191, -14.71],
          [17.4447531626, 61.9984153099, -16.01],
          [17.4447486363, 61.9983693771, -16.01],
          [17.4447559286, 61.9983181637, -16.19],
          [17.4446218181, 61.9982762542, -16.22],
          [17.4445781484, 61.9982257951, -16.62],
          [17.4444158748, 61.9982371945, -16.78],
          [17.4443185609, 61.9982325844, -16.5],
          [17.444242537, 61.9982213527, -15.9],
          [17.4441011343, 61.9982060976, -16.36],
          [17.4439486675, 61.9981382042, -16.02],
          [17.4438439775, 61.9980034232, -16.66],
          [17.4436757527, 61.9979119767, -16.05],
          [17.4436577316, 61.9978818018, -16.15],
          [17.4437846337, 61.9978142437, -17.26],
          [17.4438537844, 61.9977185223, -17.45],
          [17.4437180813, 61.997639481, -17.73],
          [17.4437177461, 61.9975755271, -17.18],
          [17.4437079392, 61.9975676481, -17.08],
          [17.4436482601, 61.9974887744, -17.27],
          [17.4435706437, 61.9974322803, -16.83],
          [17.4435603339, 61.9973484613, -16.79],
          [17.4434030056, 61.9972736947, -16.12],
          [17.4434587453, 61.9971252512, -15.85],
          [17.4434433226, 61.9970602915, -16.29],
          [17.4434506148, 61.9970362354, -16.27],
          [17.4434447475, 61.9969338086, -16.2],
          [17.4432591721, 61.9968342315, -16.34],
          [17.4430518039, 61.9967090897, -16],
          [17.4429030251, 61.9965935871, -16.19],
          [17.4428273365, 61.9964609016, -16.14],
          [17.4426475447, 61.9963122904, -16.52],
          [17.442550566, 61.9961982965, -16.35],
          [17.4425364845, 61.9960117154, -17.31],
          [17.4423136096, 61.9959203526, -16.58],
          [17.4421293754, 61.9958087895, -17.48],
          [17.4419226777, 61.9956749305, -17.75],
          [17.4416614138, 61.9955579191, -17.14],
          [17.4414451607, 61.9954622816, -18.25],
          [17.4411830585, 61.9953414146, -17.49],
          [17.4409211241, 61.9953094795, -17.43],
          [17.4407010153, 61.9952338748, -18.34],
          [17.4405216426, 61.9951440208, -17.52],
          [17.4405101594, 61.9951342978, -17.74],
          [17.4402904697, 61.9950396661, -18.57],
          [17.4400661699, 61.9950088207, -18.42],
          [17.4399625696, 61.9949870277, -18.92],
          [17.4396889005, 61.9949959125, -18.76],
          [17.4394097831, 61.9949881174, -17.59],
          [17.4391507823, 61.9949291088, -18.65],
          [17.43892489, 61.9948928151, -18.63],
          [17.4386633746, 61.9948581979, -18.89],
          [17.4383871909, 61.994884517, -18.92],
          [17.4383174535, 61.994891474, -19.09],
          [17.4380634818, 61.9949213136, -18.31],
          [17.4379597139, 61.9949498121, -17.38],
          [17.4378659204, 61.9949276, -17.62],
          [17.4376546964, 61.9949758798, -17.25],
          [17.4375473242, 61.9950065576, -17.29],
          [17.437630808, 61.9950539991, -17.77],
          [17.4375773314, 61.995107308, -18.31],
          [17.4374907464, 61.9951338787, -17.78],
          [17.4374686182, 61.9951285142, -18.65],
          [17.4374539498, 61.9951239042, -18.54],
          [17.4373803567, 61.9951138459, -17.43],
          [17.4373372737, 61.9951081462, -17.08],
          [17.4373192526, 61.9950831681, -17.43],
          [17.4373175763, 61.9950951543, -15.85],
          [17.4373089429, 61.9950716011, -17.61],
          [17.4372970406, 61.9950659014, -17.43],
          [17.4373028241, 61.9951076433, -17.11],
          [17.437276924, 61.9951159414, -16.38],
          [17.4372110423, 61.9951185398, -16.82],
          [17.4370418116, 61.9950792287, -16.63],
          [17.4369101319, 61.9950105809, -16.5],
          [17.4365135003, 61.9949536677, -17.06],
          [17.4361168686, 61.9948983472, -16.91],
          [17.4360522442, 61.9949105009, -17.21],
          [17.4357966799, 61.9949536677, -16.1],
          [17.4356204085, 61.9948821701, -17.6],
          [17.4355067499, 61.9947059825, -18.28],
          [17.4355096836, 61.9945750572, -17.64],
          [17.4354996253, 61.9945162162, -17.83],
          [17.435390912, 61.9944119453, -18.3],
          [17.4353775848, 61.9943993725, -18.33],
          [17.4353780039, 61.9943759032, -17.83],
          [17.4354104418, 61.9942533597, -17.43],
          [17.4352411274, 61.9941163156, -17.1],
          [17.4349341821, 61.9940061774, -17.2],
          [17.4347985629, 61.9938232005, -17.51],
          [17.434794791, 61.9938102085, -17.96],
          [17.4348029215, 61.9937320054, -18.06],
          [17.4349165801, 61.9935688097, -17.94],
          [17.4349510297, 61.9935289957, -18.2],
          [17.4351415504, 61.9933370501, -18.38],
          [17.4352266267, 61.9932404906, -18.48],
          [17.4352511857, 61.9931755308, -18.46],
          [17.4354976136, 61.9930262491, -18.27],
          [17.4355082586, 61.993010072, -18.54],
          [17.4355189037, 61.9929874409, -18.43],
          [17.4356212467, 61.9928123429, -17.95],
          [17.4355736375, 61.9926567748, -18.28],
          [17.4354566261, 61.9926135242, -18.76],
          [17.4352072645, 61.992579326, -19.81],
          [17.4348242953, 61.9925702736, -20.01],
          [17.4345364608, 61.9925763085, -20.08],
          [17.4342030287, 61.9924831856, -19.74],
          [17.4340150226, 61.9924362469, -20.25],
          [17.4337770604, 61.9923857879, -20.83],
          [17.433490064, 61.9923091773, -20.75],
          [17.433335837, 61.9923501648, -20.65],
          [17.4333054107, 61.9923606422, -20.32],
          [17.4329654407, 61.9924236741, -20.27],
          [17.4326877482, 61.9924175553, -21.14],
          [17.4324132409, 61.9924713671, -21.26],
          [17.4321798887, 61.9925035536, -20.68],
          [17.4318461213, 61.9924355764, -21],
          [17.4316823389, 61.9923689403, -22.21],
          [17.4313675147, 61.9923209958, -22.26],
          [17.4310228508, 61.992234746, -22.54],
          [17.430850016, 61.9921844546, -22.85],
          [17.430859236, 61.9920784235, -22.71],
          [17.4308559671, 61.9920520205, -22.75],
          [17.4308375269, 61.9919966161, -22.82],
          [17.4308770895, 61.9919824507, -22.49],
          [17.4309319071, 61.9919359311, -22.91],
          [17.4308835436, 61.9918641821, -23.53],
          [17.4307921808, 61.9917967077, -23.29],
          [17.4307484273, 61.9917157385, -23.31],
          [17.4308065977, 61.9915554766, -23.09],
          [17.4310105294, 61.9914513733, -22.89],
          [17.4311308097, 61.9914344419, -23.02],
          [17.4313470628, 61.9913528021, -23.83],
          [17.4315845221, 61.991244005, -23.92],
          [17.4316421896, 61.9912212063, -24.11],
          [17.4317949079, 61.9911857508, -23.71],
          [17.4319457822, 61.991067566, -23.27],
          [17.4320886098, 61.9909603614, -22.58],
          [17.4323136639, 61.9908361416, -22.88],
          [17.4323791265, 61.9908065535, -22.77],
          [17.4324889295, 61.9907837547, -22.64],
          [17.432625303, 61.9906464592, -22.04],
          [17.4327126425, 61.9905637298, -22.36],
          [17.4327791948, 61.9905134384, -22.41],
          [17.4330054224, 61.9903647434, -22.27],
          [17.4332014751, 61.9902960956, -21.88],
          [17.4333238509, 61.9903050642, -22.38],
          [17.4337185547, 61.9902323931, -21.97],
          [17.4338896293, 61.9901996199, -22.39],
          [17.4339591991, 61.9901960995, -22.78],
          [17.434016699, 61.9902669266, -22.11],
          [17.4339764658, 61.9902567845, -23.1],
          [17.4339299463, 61.9902354106, -22.37],
          [17.4339669943, 61.9902577065, -21.67],
          [17.4340053834, 61.9902775716, -21.75],
          [17.4340142682, 61.9902862888, -20.18],
          [17.4340192135, 61.9902872108, -20.77],
          [17.4340269249, 61.9902969338, -19.95],
          [17.4340243265, 61.9902944192, -19.76],
          [17.4340573512, 61.9902793318, -18.09],
          [17.4340169504, 61.9902292918, -18.22],
          [17.4340492208, 61.9902189821, -19.48],
          [17.4340911303, 61.9902012963, -20.65],
          [17.4341543298, 61.9901390187, -19.88],
          [17.4340617936, 61.9900840335, -19.72],
          [17.4337632302, 61.9900444709, -18.94],
          [17.4335645791, 61.9900415372, -18.96],
          [17.4332912453, 61.99006157, -19.05],
          [17.4329899158, 61.9900460634, -18.5],
          [17.43286754, 61.9900304731, -17.98],
          [17.4327829666, 61.9900427945, -17.58],
          [17.4325569905, 61.9900243543, -16.55],
          [17.4323409889, 61.9900200795, -17.79],
          [17.4321171921, 61.989999963, -18],
          [17.4320607819, 61.9899861328, -18.08],
          [17.4317285232, 61.9899674412, -17.08],
          [17.4314330611, 61.9899865519, -16.78],
          [17.4313218333, 61.9899826124, -16.77],
          [17.4309350085, 61.9900611509, -16.53],
          [17.430695286, 61.9900801778, -17.19],
          [17.4306095392, 61.9901005458, -16.62],
          [17.4303686433, 61.9900969416, -17.17],
          [17.4301652983, 61.9901450537, -16.97],
          [17.4300160166, 61.9901725464, -16.74],
          [17.4298472889, 61.9901670981, -17.04],
          [17.4296248332, 61.9902434573, -16.69],
          [17.4294594582, 61.9903281983, -17.37],
          [17.4293163791, 61.9903827645, -15.92],
          [17.4293255154, 61.9903525896, -17.07],
          [17.4293717835, 61.9903475605, -16.93],
          [17.4293103442, 61.9902809244, -16.59],
          [17.4291426223, 61.9902990293, -16.53],
          [17.4290766567, 61.9903220795, -15.78],
          [17.4287971202, 61.9903341495, -16.29],
          [17.4285135604, 61.9903548528, -16.81],
          [17.4284235388, 61.9903464708, -16.08],
          [17.4283472635, 61.9903442077, -16.29],
          [17.428224301, 61.9903343171, -15.79],
          [17.4281896837, 61.9903271087, -16.47],
          [17.4278745241, 61.9903100096, -16.12],
          [17.427786598, 61.9903067406, -17.24],
          [17.4274616316, 61.9903242588, -17.21],
          [17.4271828495, 61.9904110953, -17.37],
          [17.4270738009, 61.9904649071, -16.85],
          [17.4269274529, 61.9905711059, -17.18],
          [17.4265970383, 61.9906665757, -17.57],
          [17.426379947, 61.9906698447, -16.81],
          [17.4259994086, 61.9907339662, -16.15],
          [17.425611997, 61.990777133, -17],
          [17.4255399965, 61.9907808211, -17.35],
          [17.4250773154, 61.9907787256, -18.95],
          [17.4249795824, 61.9907738641, -18.67],
          [17.4249013793, 61.9907737803, -18.74],
          [17.4247970246, 61.9907746185, -18.64],
          [17.4247526005, 61.9907680806, -18.94],
          [17.424551351, 61.9906885363, -19.19],
          [17.4244117923, 61.990686357, -18.8],
          [17.423991859, 61.9907501433, -19.35],
          [17.4236611929, 61.9907988422, -19.17],
          [17.4232718535, 61.9908381533, -18.94],
          [17.4232263397, 61.9908477925, -18.73],
          [17.4228956737, 61.9908755366, -18.7],
          [17.4223472457, 61.9909462798, -18.62],
          [17.4217973929, 61.9908972457, -18.77],
          [17.4217526335, 61.9908842538, -19],
          [17.4213920441, 61.9908251613, -19.68],
          [17.4208787363, 61.9908636343, -19.34],
          [17.4204746448, 61.9908699207, -19.58],
          [17.4202400353, 61.990900347, -19.58],
          [17.4197606742, 61.9909233134, -19.48],
          [17.4195948802, 61.9909141771, -19.35],
          [17.4192855041, 61.9909399934, -20.04],
          [17.4188549258, 61.9909916259, -18.74],
          [17.4185544346, 61.9910838269, -18.23],
          [17.4183445517, 61.9912015926, -19.09],
          [17.4182892311, 61.9912318513, -18.49],
          [17.4181894865, 61.9912770297, -18.4],
          [17.4179059267, 61.9913571607, -19.52],
          [17.4178109597, 61.9913867489, -19.55],
          [17.417382393, 61.9914401416, -19.68],
          [17.4172912817, 61.9914558157, -20.55],
          [17.416941924, 61.9914944563, -20.59],
          [17.4165028799, 61.9915972184, -20.96],
          [17.4161004648, 61.9916340988, -20.09],
          [17.4157557171, 61.9916736614, -20.56],
          [17.4156776816, 61.9916698057, -20.25],
          [17.4154115561, 61.9916872401, -20.09],
          [17.4151354562, 61.9917386211, -20.05],
          [17.4150151759, 61.9917553011, -20.03],
          [17.4147925526, 61.9917885773, -20],
          [17.4146431871, 61.9918212667, -19.98],
          [17.414568672, 61.9918584824, -19.96],
          [17.4141947553, 61.9919645973, -19.29],
          [17.4137098622, 61.9920201693, -18.68],
          [17.4133582413, 61.9920524396, -18.1],
          [17.4132649507, 61.9920714665, -18.33],
          [17.4131921958, 61.9920967799, -17.51],
          [17.4129393976, 61.9921398629, -17.94],
          [17.4124422669, 61.9920650963, -16.86],
          [17.4119432084, 61.9919439778, -17.01],
          [17.4112656154, 61.991855884, -18.17],
          [17.4109083787, 61.9918661937, -17.71],
          [17.4106262438, 61.9919007272, -18.02],
          [17.4102048017, 61.9920406211, -17.72],
          [17.4096989539, 61.9922660105, -17.92],
          [17.4092975445, 61.9924870413, -17.29],
          [17.4090533797, 61.9927877001, -17.52],
          [17.4086549878, 61.993018873, -16.16],
          [17.4081503134, 61.9932461902, -15.42],
          [17.4077391811, 61.9934986532, -16.46],
          [17.4073801842, 61.9936916884, -16.84],
          [17.4073299766, 61.9937227853, -17.2],
          [17.4070371967, 61.9939142279, -15.21],
          [17.4067257252, 61.9941059221, -13.73],
          [17.4062541593, 61.994291665, -13.72],
          [17.4057639856, 61.9944501668, -14.19],
          [17.4052581377, 61.9945710339, -15.18],
          [17.4047805369, 61.9946551044, -15.98],
          [17.4041979946, 61.9947456289, -16.58],
          [17.4036942422, 61.9948442001, -16.1],
          [17.4031593092, 61.9949421007, -15.36],
          [17.402794864, 61.9950026181, -15.21],
          [17.4026475102, 61.9950282667, -14.64],
          [17.4026035052, 61.9950349722, -16.03],
          [17.4022272415, 61.9951731898, -15.33],
          [17.4020066299, 61.9954028539, -16.24],
          [17.4018377345, 61.9956910238, -16.35],
          [17.4015575275, 61.9958782755, -15.08],
          [17.4011692777, 61.9960651919, -14.02],
          [17.4007753283, 61.9962166529, -13.78],
          [17.4005057663, 61.9962995499, -13.95],
          [17.4004025012, 61.9963171519, -14.28],
          [17.4002771918, 61.9962863903, -14.21],
          [17.4002153333, 61.9962309022, -14.23],
          [17.3999955598, 61.996224951, -15.43],
          [17.3997394089, 61.9962519407, -14.37],
          [17.3992267717, 61.996236518, -16.32],
          [17.3987150565, 61.9962205924, -15.55],
          [17.3982365336, 61.9961986318, -15.56],
          [17.3978481162, 61.9961594883, -15.45],
          [17.3978273291, 61.9961599074, -15.59],
          [17.3976731021, 61.9961726479, -15.36],
          [17.397231292, 61.9961859751, -15.1],
          [17.3967646714, 61.996118417, -14.43],
          [17.3963937722, 61.996066533, -14.44],
          [17.3963976279, 61.9960592408, -14.53],
          [17.3964580614, 61.9959397987, -14.97],
          [17.3964032438, 61.9959195144, -15.11],
          [17.3962619249, 61.9958809577, -14.54],
          [17.3957099766, 61.9958074484, -14.04],
          [17.395120142, 61.9957590848, -13.24],
          [17.394537013, 61.9957656227, -12.88],
          [17.3939038441, 61.9957657903, -12.33],
          [17.3933704197, 61.9957493618, -12.94],
          [17.3929046374, 61.9957305025, -12.18],
          [17.3924977798, 61.9955803826, -12.3],
          [17.392208185, 61.9954110682, -12.32],
          [17.3919359408, 61.995241167, -11.66],
          [17.3916393891, 61.9950750377, -11.91],
          [17.3913955595, 61.9948685914, -11.44],
          [17.3913219664, 61.9946831837, -12.3],
          [17.3912957311, 61.9945837744, -12.12],
          [17.391142929, 61.994420914, -13.26],
          [17.3911138438, 61.9943987858, -13.19],
          [17.3909364827, 61.9943318982, -13.74],
          [17.3908628896, 61.9943031482, -12.89],
          [17.3905094247, 61.994215725, -11.31],
          [17.3904660903, 61.9942089356, -11.17],
          [17.3903641663, 61.9942056667, -10.98],
          [17.3899646848, 61.9941041619, -9.41],
          [17.389695039, 61.9940444827, -9],
          [17.3896688037, 61.9939995557, -8.43],
          [17.3896713182, 61.9938198477, -8.83],
          [17.3896883335, 61.9936193526, -9.43],
          [17.3898045067, 61.9934370462, -10.04],
          [17.3899516929, 61.993252812, -10.56],
          [17.3900922574, 61.9930672366, -10.82],
          [17.3902157228, 61.9928427693, -11.2],
          [17.3902320676, 61.9926280249, -11.81],
          [17.3901161458, 61.9924561959, -11.45],
          [17.3898408841, 61.9922753982, -10.56],
          [17.38950653, 61.9921222609, -10.9],
          [17.3892222159, 61.9919910002, -10.52],
          [17.3891064618, 61.9918785989, -10.45],
          [17.3890866805, 61.9918133039, -10.15],
          [17.3888807371, 61.9915562309, -9.48],
          [17.3884395137, 61.9914819673, -8.47],
          [17.3879989609, 61.9914252218, -7.94],
          [17.3876055982, 61.9913670514, -7.88],
          [17.387450533, 61.991355652, -8.03],
          [17.387216175, 61.9913146645, -8.25],
          [17.38676087, 61.9912536442, -7.16],
          [17.3863315489, 61.9911851641, -7.67],
          [17.3860157188, 61.9910525624, -8.54],
          [17.3856966197, 61.9909572601, -8.88],
          [17.3852991499, 61.9908221439, -10.44],
          [17.3850038555, 61.9907151908, -9.25],
          [17.3846681602, 61.9905839302, -10.59],
          [17.3843456246, 61.9904742949, -10.26],
          [17.3841122724, 61.9903952535, -9.98],
          [17.3837660998, 61.9902856182, -8.99],
          [17.3834002297, 61.9901603926, -9.42],
          [17.3829422425, 61.9899843726, -8.89],
          [17.3825563397, 61.9898412935, -9.11],
          [17.3822296131, 61.9897172414, -8.57],
          [17.3818989471, 61.9896153174, -6.85],
          [17.3817894794, 61.9895552192, -7.7],
          [17.3816881422, 61.9894325081, -7.17],
          [17.3815382738, 61.9892988168, -6.51],
          [17.3814625014, 61.9892165065, -7.48],
          [17.381460825, 61.9891922828, -7.22],
          [17.381412629, 61.9890666381, -7.61],
          [17.3814315721, 61.9890331104, -7.84],
          [17.3815175705, 61.9888727646, -8.69],
          [17.3818877153, 61.9887812342, -9.46],
          [17.382193068, 61.9887058809, -9.63],
          [17.3822101671, 61.9886949006, -9.46],
          [17.3822512385, 61.9886249956, -10.16],
          [17.382125929, 61.9884153642, -10.07],
          [17.3820656631, 61.9882389251, -9.67],
          [17.3820570298, 61.988210259, -9.52],
          [17.3818124458, 61.9880601391, -9.65],
          [17.3815699574, 61.9879612327, -10.31],
          [17.381379772, 61.9878440537, -9.49],
          [17.3812734894, 61.9875894953, -8.77],
          [17.3812684603, 61.9875757489, -8.84],
          [17.3813719768, 61.987365447, -8.81],
          [17.3815608211, 61.9872067776, -8.08],
          [17.381772045, 61.9870272372, -7.63],
          [17.3820217419, 61.9868493732, -8.92],
          [17.3823306151, 61.9866843335, -9.75],
          [17.3826805595, 61.9865651429, -10.26],
          [17.3830424901, 61.9864896219, -10.54],
          [17.3833206017, 61.986407144, -10.88],
          [17.3834317457, 61.9862483069, -10.74],
          [17.3834249564, 61.9861184712, -10.67],
          [17.3833903391, 61.9860476442, -10.78],
          [17.3832791112, 61.9858023897, -10.77],
          [17.3834539577, 61.9856237713, -10.27],
          [17.3837129585, 61.9855819456, -9.88],
          [17.3841074947, 61.9854198396, -9.54],
          [17.3841239233, 61.9854124635, -9.03],
          [17.384460289, 61.985270055, -9.28],
          [17.3847459443, 61.9851532951, -9.74],
          [17.3849252332, 61.985076433, -9.7],
          [17.385152299, 61.9849131536, -8.76],
          [17.3851970583, 61.9847430848, -8.72],
          [17.3850541469, 61.9845893607, -7.83],
          [17.3848568369, 61.984375203, -7.53],
          [17.3846291844, 61.9842259213, -7.04],
          [17.384488536, 61.9840311259, -5.84],
          [17.3843952455, 61.9839076605, -6.55],
          [17.3843353987, 61.983740693, -4.86],
          [17.3843136057, 61.9836836122, -5.15],
          [17.384335231, 61.9836091809, -4.65],
          [17.3843141086, 61.9835550338, -4.92],
          [17.3842302896, 61.9832537882, -4.22],
          [17.384120822, 61.983059328, -4.16],
          [17.3840783257, 61.9830624294, -4.53],
          [17.3840302136, 61.9829657022, -4.45],
          [17.38403189, 61.9829184283, -3.52],
          [17.3842327204, 61.9827061985, -3.57],
          [17.3843281902, 61.9826209545, -3.09],
          [17.384363981, 61.9825787935, -3.1],
          [17.3844212294, 61.9825052004, -3.4],
          [17.3844193015, 61.9824640453, -4.2],
          [17.3844793998, 61.9823442679, -4.84],
          [17.3846487142, 61.9821425993, -5.06],
          [17.3847869318, 61.981937997, -6.01],
          [17.3848566692, 61.9817843568, -6.15],
          [17.3849168513, 61.9817239232, -5.64],
          [17.3849305976, 61.9815379288, -5.56],
          [17.3849186115, 61.9814505056, -5.97],
          [17.3849066254, 61.9814254437, -6.13],
          [17.384900758, 61.9813831989, -6.11],
          [17.3848716728, 61.9813133776, -5.49],
          [17.3848303501, 61.9812608231, -5.11],
          [17.3847614508, 61.981130233, -4.97],
          [17.3846912105, 61.9810319133, -4.93],
          [17.384653911, 61.9809540454, -3.93],
          [17.3846474569, 61.9809462503, -4.01],
          [17.3845821619, 61.9808398839, -3.56],
          [17.3845532443, 61.9807904307, -3.47],
          [17.384520052, 61.9807086233, -3.56],
          [17.384474203, 61.9806498662, -3.64],
          [17.384405639, 61.980558252, -3.89],
          [17.3843679205, 61.9805114809, -4.26],
          [17.3843091633, 61.9804327749, -4.08],
          [17.3841264378, 61.9800992589, -4.45],
          [17.3839391861, 61.9798597042, -6.23],
          [17.383785462, 61.9796368293, -4.98],
          [17.383628469, 61.9794120267, -4.3],
          [17.3833958711, 61.9790944364, -3.99],
          [17.383218091, 61.9788432308, -4.19],
          [17.3830652889, 61.9786008261, -3],
          [17.3829990719, 61.9784643687, -1.79],
          [17.3829119001, 61.9782110676, -0.64],
          [17.3828903586, 61.9778742827, -0.28],
          [17.3829552345, 61.9775859453, 0.18],
          [17.3829946294, 61.977340607, 0.5],
          [17.383062439, 61.9771044888, 1.41],
          [17.3832288198, 61.9769452326, 0.97],
          [17.38324265, 61.9768636767, 0.97],
          [17.3839873821, 61.9743752573, 2.57],
          [17.383976737, 61.9743392989, 2.07],
          [17.383995261, 61.974021541, 3.12],
          [17.3840449657, 61.973749632, 3.1],
          [17.3840616457, 61.973529188, 3.2],
          [17.3840693571, 61.9732919801, 3.28],
          [17.3840246815, 61.9730923232, 2.59],
          [17.383923009, 61.9728608988, 4.06],
          [17.3837744817, 61.9725854695, 3.84],
          [17.3836510163, 61.9723946974, 3.43],
          [17.3836262058, 61.9723801129, 3.45],
          [17.3836204223, 61.9723693002, 3.21],
          [17.3834607471, 61.972053051, 3.8],
          [17.3832750879, 61.9717303477, 3.78],
          [17.3832128942, 61.9716234785, 4.41],
          [17.383074509, 61.9713770505, 4.07],
          [17.3829632811, 61.971154511, 3.75],
          [17.3828071263, 61.9708678499, 4.29],
          [17.3827083874, 61.970630642, 4.09],
          [17.3826102354, 61.9705017284, 3.64],
          [17.3826035298, 61.9704907481, 3.73],
          [17.3825990036, 61.9704765826, 4.44],
          [17.3825948127, 61.9704624172, 3.36],
          [17.3825942259, 61.9704495929, 3.96],
          [17.3825882748, 61.9704377744, 4.05],
          [17.3825789709, 61.9704265427, 3.52],
          [17.3825694155, 61.9704160653, 3.42],
          [17.3824558407, 61.9702498522, 3.98],
          [17.3823650647, 61.9700767659, 3.26],
          [17.3822441977, 61.9699203596, 3.01],
          [17.3821215704, 61.9697653782, 3.7],
          [17.3819992784, 61.9696102291, 3.27],
          [17.3819840234, 61.969595477, 3.88],
          [17.3819691036, 61.9695805572, 3.9],
          [17.3819542676, 61.9695685711, 4.01],
          [17.3819397669, 61.9695581775, 3.68],
          [17.3819254339, 61.9695458561, 3.51],
          [17.3819129448, 61.9695314392, 3.99],
          [17.3819027189, 61.9695183635, 3.45],
          [17.381890649, 61.9695053715, 3.59],
          [17.3818774056, 61.969493553, 3.63],
          [17.3818644974, 61.9694833271, 3.72],
          [17.381852679, 61.9694730174, 3.64],
          [17.3816173151, 61.9692640565, 5.34],
          [17.3814614955, 61.9691419322, 5.93],
          [17.3814474139, 61.9691306166, 6.17],
          [17.3814407922, 61.9691167027, 5.33],
          [17.3814271297, 61.9691056386, 6.39],
          [17.3814136349, 61.9690944068, 6.34],
          [17.3813997209, 61.9690829236, 6.34],
          [17.3813857231, 61.9690715242, 6.44],
          [17.3813741561, 61.9690602925, 6.4],
          [17.3813594878, 61.9690477196, 6.96],
          [17.3813439813, 61.9690363202, 6.98],
          [17.3811478447, 61.9688408542, 8.74],
          [17.3811600823, 61.9688340649, 8.19],
          [17.3811760917, 61.9688311312, 8.1],
          [17.3811573163, 61.9687933289, 8.34],
          [17.3811241239, 61.968776565, 8.95],
          [17.3810245469, 61.9687427022, 8.45],
          [17.3809981439, 61.9687262736, 8.69],
          [17.3809863254, 61.9687172212, 8.69],
          [17.3809728306, 61.9687081687, 8.69],
          [17.3807595111, 61.9685911573, 10.02],
          [17.3807395622, 61.9685861282, 10.24],
          [17.3805022705, 61.9685636647, 11.47],
          [17.3804831598, 61.9685565401, 11.58],
          [17.3804637976, 61.9685493317, 11.7],
          [17.3804446869, 61.968541285, 11.96],
          [17.3804268334, 61.9685325678, 12.01],
          [17.3800840136, 61.9683872256, 13.36],
          [17.3798654974, 61.9683338329, 14.66],
          [17.3798232526, 61.9683213439, 15.21],
          [17.3797198199, 61.9683005568, 16.51],
          [17.3794969451, 61.9682516064, 17],
          [17.3793130461, 61.9682297297, 16.63],
          [17.3791422229, 61.9683270436, 19.34],
          [17.3791332543, 61.9684264529, 22.23],
          [17.3791377805, 61.9684446417, 20.91],
          [17.3791459948, 61.9685115293, 22.83],
          [17.3790900875, 61.9686239306, 25.23],
          [17.3790490162, 61.9686893933, 25.11],
          [17.3789624311, 61.968756197, 27.14],
          [17.3789394647, 61.9687635731, 27.29],
          [17.3788260575, 61.9688152894, 28.45],
          [17.3786913604, 61.9688720349, 30.82],
          [17.3786367103, 61.9688882958, 32.69],
          [17.3786642868, 61.9689233322, 33.11],
          [17.3786762729, 61.9689791556, 33.73],
          [17.3786768597, 61.9689723663, 33.95],
          [17.378686415, 61.9689706899, 33.66],
          [17.3787750956, 61.9689661637, 31.94],
          [17.3787838127, 61.9689654093, 31.7],
          [17.378785992, 61.9689216558, 31.54],
          [17.3787978943, 61.9688523374, 30.3],
          [17.3789492715, 61.9687758107, 27.36],
          [17.3789609224, 61.9687713683, 27.36],
          [17.3790656123, 61.9687704463, 27.16],
          [17.3790732399, 61.9687426183, 26.36],
          [17.3791022412, 61.9687111024, 25.84],
          [17.3791327514, 61.9686166383, 25.04],
          [17.3791559692, 61.9685790036, 24.2],
          [17.379166279, 61.9685563724, 23.38],
          [17.3791454919, 61.9684277941, 21.71],
          [17.3791536223, 61.9683780894, 19.58],
          [17.3791263811, 61.968332408, 19.03],
          [17.3791780137, 61.968322685, 18.84],
          [17.3792211805, 61.9682820328, 17.56],
          [17.3792375252, 61.9682609104, 17.07],
          [17.3794280458, 61.9682395365, 17.09],
          [17.379879076, 61.9683479983, 14.07],
          [17.3802249134, 61.9684536941, 12.81],
          [17.3805409949, 61.9685787521, 10.47],
          [17.3806735128, 61.9685466494, 11.22],
          [17.380365897, 61.9682703819, 12.56],
          [17.3800223228, 61.9679866545, 14.52],
          [17.3796743061, 61.9677295815, 14.86],
          [17.3794167303, 61.9674675632, 13.65],
          [17.3794344999, 61.9674773701, 13.35],
          [17.3793625832, 61.9674583431, 14.44],
          [17.3793253675, 61.9674492069, 14.38],
          [17.3792469129, 61.9674137514, 13.91],
          [17.3787636962, 61.9671651442, 13.02],
          [17.3783011828, 61.9669884536, 12.14],
          [17.3777280282, 61.9668366574, 10.84],
          [17.3771946039, 61.9667364098, 8.95],
          [17.3766068649, 61.9666120224, 7.84],
          [17.3762058746, 61.9665249344, 7.81],
          [17.3757010326, 61.9664158858, 7.44],
          [17.3752733041, 61.9663192425, 7.45],
          [17.3753073346, 61.9663168117, 7.43],
          [17.3754154611, 61.9662873074, 7.04],
          [17.3755179718, 61.9661909156, 6.15],
          [17.3755598813, 61.966182366, 6.68],
          [17.3757646512, 61.9659658615, 4.15],
          [17.3758317903, 61.9658008218, 2.93],
          [17.3759679962, 61.9655687269, 1.71],
          [17.3760213051, 61.9653382245, 0.4],
          [17.3759814072, 61.965122642, 0.04],
          [17.375909742, 61.9650731888, 0.22],
          [17.3758117575, 61.9649779703, 0.07],
          [17.3758225702, 61.9649486337, -0.18],
          [17.3758321255, 61.9649154413, -0.99],
          [17.3760785535, 61.9648073986, -0.78],
          [17.3760745302, 61.96463909, -1.12],
          [17.3760837503, 61.9646089152, -1.2],
          [17.3759681638, 61.964416299, -1.18],
          [17.3758537509, 61.9643366709, -0.69],
          [17.375812931, 61.964338012, -0.91],
          [17.3757208977, 61.9643435441, -0.3],
          [17.3753406946, 61.9642836135, 0.3],
          [17.3750619963, 61.9641593937, -0.04],
          [17.3750210088, 61.9641400315, 0.01],
          [17.3749667779, 61.9640872255, 0.59],
          [17.3748009838, 61.9639473315, -0.07],
          [17.374609625, 61.9638252072, -0.44],
          [17.3745552264, 61.9637745805, 0.05],
          [17.374465121, 61.9636089541, -0.26],
          [17.3744926974, 61.9635196868, 0.12],
          [17.3745588306, 61.9634665456, -0.85],
          [17.3745987285, 61.9634374604, -0.52],
          [17.3747081123, 61.9633786194, -0.79],
          [17.3749378603, 61.9634125661, -0.58],
          [17.3749788478, 61.9634660427, -1.63],
          [17.3749713879, 61.9634875841, -2.21],
          [17.3749620002, 61.9636553898, -1.07],
          [17.374969041, 61.9636334293, -1.65],
          [17.3752463982, 61.9634296652, -2.32],
          [17.3752759863, 61.9634027593, -2.31],
          [17.3755554389, 61.9632428326, -2.52],
          [17.3757364042, 61.9631320238, -2.28],
          [17.375883339, 61.9629926328, -2.02],
          [17.3760057148, 61.9628656469, -2.09],
          [17.3760848399, 61.9628161937, -1.82],
          [17.3761406634, 61.9627153594, -1.53],
          [17.3761508893, 61.9626619667, -1.42],
          [17.3762238119, 61.9625705201, -1.37],
          [17.3762862571, 61.9625237491, -1.48],
          [17.3763367999, 61.9625094999, -0.45],
          [17.3763979878, 61.962476559, -1.06],
          [17.3763800506, 61.9624002837, -1.02],
          [17.3764210381, 61.9623132795, -0.91],
          [17.3763336148, 61.9623085018, -0.4],
          [17.3762567528, 61.9623299595, 0.04],
          [17.3760266695, 61.9623324741, 0.89],
          [17.3759156093, 61.9622927438, 1.19],
          [17.3759301938, 61.962301461, 0.93],
          [17.3760632146, 61.9623166323, 0.42],
          [17.3761078063, 61.9623064063, 0.29],
          [17.3763317708, 61.9622969348, -0.59],
          [17.3763902765, 61.9622632395, -0.65],
          [17.3764417414, 61.9622409437, -0.73],
          [17.3764939606, 61.9622085895, -1.26],
          [17.3765258119, 61.9621406123, 0.03],
          [17.3765407316, 61.9621070847, -0.57],
          [17.3765518796, 61.9620432984, -0.78],
          [17.3765518796, 61.9619701244, 0.12],
          [17.3765549809, 61.9619352557, -0.04],
          [17.3765990697, 61.9617941882, -0.51],
          [17.3765307572, 61.9617004786, -0.42],
          [17.3764940444, 61.9616857264, -0.94],
          [17.3764694016, 61.9616357703, -0.27],
          [17.3764439207, 61.9616024941, 0.03],
          [17.376383068, 61.9615390431, 0.28],
          [17.3764461838, 61.9615148194, -0.73],
          [17.3764776997, 61.9614855666, -0.74],
          [17.376501672, 61.9614664558, -0.88],
          [17.376513239, 61.9614266418, -1.26],
          [17.3765570763, 61.9614035077, -1.14],
          [17.3765871674, 61.9612742588, -1.69],
          [17.3765766062, 61.9612467661, -1.9],
          [17.3765690625, 61.961216256, -2.07],
          [17.3765580822, 61.9611213729, -1.83],
          [17.3765274044, 61.9610647112, -1.09],
          [17.3765422404, 61.9610020984, -0.53],
          [17.3764259834, 61.9609480351, -0.98],
          [17.376386337, 61.9609434251, -1.17],
          [17.3762442637, 61.9608495478, -0.95],
          [17.3761906195, 61.9608154334, -0.24],
          [17.3761236481, 61.9608185347, 0.1],
          [17.3758450337, 61.9608563371, 0.54],
          [17.3757369071, 61.960884165, 1.28],
          [17.3758347239, 61.9609180279, 0.52],
          [17.3758956604, 61.9609126635, 0.65],
          [17.37593472, 61.9609211292, 1.15],
          [17.3758145235, 61.9608482067, 1.27],
          [17.3756970931, 61.9607612863, 2.06],
          [17.3756037187, 61.9606562611, 4.09],
          [17.375613777, 61.9606499746, 4.28],
          [17.3757635616, 61.9605858531, 2.97],
          [17.3758194689, 61.9605726097, 2.5],
          [17.3759257514, 61.960447384, 3.54],
          [17.3759925552, 61.9603993557, 3.21],
          [17.3760415893, 61.9602744654, 3.73],
          [17.3760791402, 61.9602157082, 3.39],
          [17.3760788888, 61.9601959269, 3.46],
          [17.3760787211, 61.9600869622, 3],
          [17.3761289287, 61.9599806797, 2.96],
          [17.3761961516, 61.959936088, 2.88],
          [17.3762238119, 61.9599087629, 3.39],
          [17.3760570958, 61.9598269556, 5.03],
          [17.3759520706, 61.9598206691, 5.93],
          [17.3760065529, 61.9597827829, 5.72],
          [17.3760515638, 61.9597993791, 5.07],
          [17.3761187866, 61.9598297216, 4.83],
          [17.3760955688, 61.9598738104, 4.17],
          [17.3760697525, 61.9600589667, 2.55],
          [17.3760089837, 61.9601879641, 2.9],
          [17.3759960756, 61.9601975195, 2.87],
          [17.3759649787, 61.9603592064, 2.56],
          [17.375778649, 61.9604657404, 3.55],
          [17.3756884597, 61.960559031, 3.39],
          [17.3756491486, 61.9605850149, 3.39],
          [17.3755755555, 61.9606732763, 2.8],
          [17.3755857814, 61.9607627112, 2.32],
          [17.3757897131, 61.9608587679, 0.34],
          [17.3757391702, 61.9609338697, 1.32],
          [17.3757177126, 61.9609613623, 0.78],
          [17.3756058142, 61.9610476959, 0.84],
          [17.3754390143, 61.9611873385, 1.48],
          [17.3754183948, 61.9612007495, 1.42],
          [17.3754928261, 61.9611922838, 0.97],
          [17.3757274356, 61.9609999191, 0.94],
          [17.3758348916, 61.9608866796, 0.45],
          [17.3758348078, 61.9608846679, -0.25],
          [17.3756880406, 61.9608583488, -0.25],
          [17.3757268488, 61.9608561695, -0.1],
          [17.375765238, 61.9608702511, 0.27]
        ]
      }
    },
    {
      "type": "Feature",
      "properties": {
        "type": "walk",
        "_gpxType": "trk",
        "name": "Current Track: 03 APR 2026 08:35 001",
        "time": "2026-04-03T06:35:33Z",
        "gpxx_TrackExtension": "\n        Cyan\n      ",
        "coordinateProperties": {
          "times": [
            "2026-04-03T06:35:33Z",
            "2026-04-03T06:35:40Z",
            "2026-04-03T06:35:45Z",
            "2026-04-03T06:35:51Z",
            "2026-04-03T06:35:58Z",
            "2026-04-03T06:36:09Z",
            "2026-04-03T06:36:20Z",
            "2026-04-03T06:36:28Z",
            "2026-04-03T06:36:29Z",
            "2026-04-03T06:36:43Z",
            "2026-04-03T06:36:45Z",
            "2026-04-03T06:36:49Z",
            "2026-04-03T06:37:04Z",
            "2026-04-03T06:37:21Z",
            "2026-04-03T06:37:38Z",
            "2026-04-03T06:37:42Z",
            "2026-04-03T06:37:54Z",
            "2026-04-03T06:37:58Z",
            "2026-04-03T06:38:10Z",
            "2026-04-03T06:38:14Z",
            "2026-04-03T06:38:24Z",
            "2026-04-03T06:38:30Z",
            "2026-04-03T06:38:39Z",
            "2026-04-03T06:38:48Z",
            "2026-04-03T06:38:52Z",
            "2026-04-03T06:39:00Z",
            "2026-04-03T06:39:14Z",
            "2026-04-03T06:39:27Z",
            "2026-04-03T06:39:43Z",
            "2026-04-03T06:39:57Z",
            "2026-04-03T06:40:01Z",
            "2026-04-03T06:40:17Z",
            "2026-04-03T06:40:20Z",
            "2026-04-03T06:40:25Z",
            "2026-04-03T06:40:28Z",
            "2026-04-03T06:40:38Z",
            "2026-04-03T06:40:41Z",
            "2026-04-03T06:40:55Z",
            "2026-04-03T06:41:10Z",
            "2026-04-03T06:41:17Z",
            "2026-04-03T06:41:33Z",
            "2026-04-03T06:41:36Z",
            "2026-04-03T06:41:43Z",
            "2026-04-03T06:41:49Z",
            "2026-04-03T06:41:58Z",
            "2026-04-03T06:42:13Z",
            "2026-04-03T06:42:28Z",
            "2026-04-03T06:42:29Z",
            "2026-04-03T06:42:34Z",
            "2026-04-03T06:42:50Z",
            "2026-04-03T06:42:55Z",
            "2026-04-03T06:43:10Z",
            "2026-04-03T06:43:14Z",
            "2026-04-03T06:43:21Z",
            "2026-04-03T06:43:40Z",
            "2026-04-03T06:43:55Z",
            "2026-04-03T06:44:13Z",
            "2026-04-03T06:44:22Z",
            "2026-04-03T06:44:28Z",
            "2026-04-03T06:44:40Z",
            "2026-04-03T06:44:58Z",
            "2026-04-03T06:45:21Z",
            "2026-04-03T06:45:42Z",
            "2026-04-03T06:46:03Z",
            "2026-04-03T06:46:24Z",
            "2026-04-03T06:46:44Z",
            "2026-04-03T06:47:10Z",
            "2026-04-03T06:47:36Z",
            "2026-04-03T06:47:58Z",
            "2026-04-03T06:48:28Z",
            "2026-04-03T06:48:59Z",
            "2026-04-03T06:49:21Z",
            "2026-04-03T06:49:40Z",
            "2026-04-03T06:50:03Z",
            "2026-04-03T06:50:31Z",
            "2026-04-03T06:50:54Z",
            "2026-04-03T06:51:13Z",
            "2026-04-03T06:51:37Z",
            "2026-04-03T06:52:02Z",
            "2026-04-03T06:52:18Z",
            "2026-04-03T06:52:24Z",
            "2026-04-03T06:52:45Z",
            "2026-04-03T06:53:09Z",
            "2026-04-03T06:53:35Z",
            "2026-04-03T06:54:03Z",
            "2026-04-03T06:54:30Z",
            "2026-04-03T06:54:52Z",
            "2026-04-03T06:54:57Z",
            "2026-04-03T06:55:19Z",
            "2026-04-03T06:55:41Z",
            "2026-04-03T06:56:04Z",
            "2026-04-03T06:56:24Z",
            "2026-04-03T06:56:41Z",
            "2026-04-03T06:56:48Z",
            "2026-04-03T06:56:50Z",
            "2026-04-03T06:56:55Z",
            "2026-04-03T06:57:12Z",
            "2026-04-03T06:57:24Z",
            "2026-04-03T06:57:51Z",
            "2026-04-03T06:58:20Z",
            "2026-04-03T06:58:51Z",
            "2026-04-03T06:59:22Z",
            "2026-04-03T06:59:55Z",
            "2026-04-03T07:00:28Z",
            "2026-04-03T07:01:14Z",
            "2026-04-03T07:01:49Z",
            "2026-04-03T07:02:21Z",
            "2026-04-03T07:02:53Z",
            "2026-04-03T07:03:42Z",
            "2026-04-03T07:04:20Z",
            "2026-04-03T07:05:23Z",
            "2026-04-03T07:06:28Z",
            "2026-04-03T07:07:37Z",
            "2026-04-03T07:08:33Z",
            "2026-04-03T07:09:09Z",
            "2026-04-03T07:10:21Z",
            "2026-04-03T07:10:42Z",
            "2026-04-03T07:10:59Z",
            "2026-04-03T07:11:01Z",
            "2026-04-03T07:11:02Z",
            "2026-04-03T07:11:06Z",
            "2026-04-03T07:11:08Z",
            "2026-04-03T07:11:14Z",
            "2026-04-03T07:11:38Z",
            "2026-04-03T07:12:11Z",
            "2026-04-03T07:12:47Z",
            "2026-04-03T07:13:19Z",
            "2026-04-03T07:14:00Z",
            "2026-04-03T07:14:21Z",
            "2026-04-03T07:14:25Z",
            "2026-04-03T07:14:34Z",
            "2026-04-03T07:14:48Z",
            "2026-04-03T07:14:59Z",
            "2026-04-03T07:15:01Z",
            "2026-04-03T07:15:02Z",
            "2026-04-03T07:15:03Z",
            "2026-04-03T07:15:04Z",
            "2026-04-03T07:15:05Z",
            "2026-04-03T07:15:06Z",
            "2026-04-03T07:15:24Z",
            "2026-04-03T07:15:45Z",
            "2026-04-03T07:15:46Z",
            "2026-04-03T07:15:47Z",
            "2026-04-03T07:15:48Z",
            "2026-04-03T07:15:49Z",
            "2026-04-03T07:16:03Z",
            "2026-04-03T07:16:18Z",
            "2026-04-03T07:16:40Z",
            "2026-04-03T07:16:53Z",
            "2026-04-03T07:17:04Z",
            "2026-04-03T07:17:13Z",
            "2026-04-03T07:17:30Z",
            "2026-04-03T07:17:44Z",
            "2026-04-03T07:18:00Z",
            "2026-04-03T07:18:08Z",
            "2026-04-03T07:18:09Z",
            "2026-04-03T07:18:10Z",
            "2026-04-03T07:18:11Z",
            "2026-04-03T07:18:12Z",
            "2026-04-03T07:18:28Z",
            "2026-04-03T07:18:39Z",
            "2026-04-03T07:18:54Z",
            "2026-04-03T07:19:12Z",
            "2026-04-03T07:19:26Z",
            "2026-04-03T07:19:39Z",
            "2026-04-03T07:20:14Z",
            "2026-04-03T07:20:46Z",
            "2026-04-03T07:21:18Z",
            "2026-04-03T07:21:54Z",
            "2026-04-03T07:22:27Z",
            "2026-04-03T07:22:58Z",
            "2026-04-03T07:23:29Z",
            "2026-04-03T07:24:04Z",
            "2026-04-03T07:24:38Z",
            "2026-04-03T07:25:11Z",
            "2026-04-03T07:25:44Z",
            "2026-04-03T07:26:21Z",
            "2026-04-03T07:26:54Z",
            "2026-04-03T07:27:22Z",
            "2026-04-03T07:27:53Z",
            "2026-04-03T07:28:23Z",
            "2026-04-03T07:28:52Z",
            "2026-04-03T07:29:25Z",
            "2026-04-03T07:29:58Z",
            "2026-04-03T07:30:27Z",
            "2026-04-03T07:31:00Z",
            "2026-04-03T07:31:31Z",
            "2026-04-03T07:32:02Z",
            "2026-04-03T07:32:28Z",
            "2026-04-03T07:32:57Z",
            "2026-04-03T07:33:14Z",
            "2026-04-03T07:33:28Z",
            "2026-04-03T07:34:08Z",
            "2026-04-03T07:34:16Z",
            "2026-04-03T07:34:20Z",
            "2026-04-03T07:34:23Z",
            "2026-04-03T07:34:40Z",
            "2026-04-03T07:35:11Z",
            "2026-04-03T07:35:41Z",
            "2026-04-03T07:35:46Z",
            "2026-04-03T07:35:53Z",
            "2026-04-03T07:36:11Z",
            "2026-04-03T07:36:27Z",
            "2026-04-03T07:36:45Z",
            "2026-04-03T07:37:09Z",
            "2026-04-03T07:37:34Z",
            "2026-04-03T07:37:54Z",
            "2026-04-03T07:38:12Z",
            "2026-04-03T07:38:34Z",
            "2026-04-03T07:38:52Z",
            "2026-04-03T07:39:06Z",
            "2026-04-03T07:39:10Z",
            "2026-04-03T07:39:27Z",
            "2026-04-03T07:39:49Z",
            "2026-04-03T07:40:09Z",
            "2026-04-03T07:40:21Z",
            "2026-04-03T07:40:23Z",
            "2026-04-03T07:40:45Z",
            "2026-04-03T07:41:07Z",
            "2026-04-03T07:41:17Z",
            "2026-04-03T07:41:42Z",
            "2026-04-03T07:41:57Z",
            "2026-04-03T07:42:20Z",
            "2026-04-03T07:42:44Z",
            "2026-04-03T07:43:07Z",
            "2026-04-03T07:43:36Z",
            "2026-04-03T07:44:00Z",
            "2026-04-03T07:44:21Z",
            "2026-04-03T07:44:40Z",
            "2026-04-03T07:44:57Z",
            "2026-04-03T07:45:21Z",
            "2026-04-03T07:45:47Z",
            "2026-04-03T07:46:15Z",
            "2026-04-03T07:46:39Z",
            "2026-04-03T07:47:01Z",
            "2026-04-03T07:47:30Z",
            "2026-04-03T07:47:49Z",
            "2026-04-03T07:47:53Z",
            "2026-04-03T07:48:12Z",
            "2026-04-03T07:48:54Z",
            "2026-04-03T07:49:30Z",
            "2026-04-03T07:50:26Z",
            "2026-04-03T07:50:58Z",
            "2026-04-03T07:51:16Z",
            "2026-04-03T07:51:33Z",
            "2026-04-03T07:51:54Z",
            "2026-04-03T07:52:13Z",
            "2026-04-03T07:52:28Z",
            "2026-04-03T07:52:34Z",
            "2026-04-03T07:52:39Z",
            "2026-04-03T07:52:58Z",
            "2026-04-03T07:53:04Z",
            "2026-04-03T07:53:08Z",
            "2026-04-03T07:53:26Z",
            "2026-04-03T07:53:40Z",
            "2026-04-03T07:53:56Z",
            "2026-04-03T07:54:13Z",
            "2026-04-03T07:54:17Z",
            "2026-04-03T07:54:24Z",
            "2026-04-03T07:54:42Z",
            "2026-04-03T07:55:00Z",
            "2026-04-03T07:55:16Z",
            "2026-04-03T07:55:21Z",
            "2026-04-03T07:55:25Z",
            "2026-04-03T07:55:39Z",
            "2026-04-03T07:55:56Z",
            "2026-04-03T07:56:13Z",
            "2026-04-03T07:56:28Z",
            "2026-04-03T07:56:29Z",
            "2026-04-03T07:56:45Z",
            "2026-04-03T07:57:00Z",
            "2026-04-03T07:57:02Z",
            "2026-04-03T07:57:21Z",
            "2026-04-03T07:57:37Z",
            "2026-04-03T07:57:53Z",
            "2026-04-03T07:57:57Z",
            "2026-04-03T07:58:12Z",
            "2026-04-03T07:58:27Z",
            "2026-04-03T07:58:49Z",
            "2026-04-03T07:59:05Z",
            "2026-04-03T07:59:19Z",
            "2026-04-03T07:59:36Z",
            "2026-04-03T07:59:59Z",
            "2026-04-03T08:00:30Z",
            "2026-04-03T08:01:14Z",
            "2026-04-03T08:01:47Z",
            "2026-04-03T08:02:17Z",
            "2026-04-03T08:03:00Z",
            "2026-04-03T08:03:56Z",
            "2026-04-03T08:04:34Z",
            "2026-04-03T08:05:22Z",
            "2026-04-03T08:05:54Z",
            "2026-04-03T08:06:29Z",
            "2026-04-03T08:07:01Z",
            "2026-04-03T08:07:34Z",
            "2026-04-03T08:08:06Z",
            "2026-04-03T08:09:04Z",
            "2026-04-03T08:09:37Z",
            "2026-04-03T08:10:09Z",
            "2026-04-03T08:11:19Z",
            "2026-04-03T08:12:32Z",
            "2026-04-03T08:13:18Z",
            "2026-04-03T08:13:46Z",
            "2026-04-03T08:14:03Z",
            "2026-04-03T08:14:06Z",
            "2026-04-03T08:14:11Z",
            "2026-04-03T08:14:16Z",
            "2026-04-03T08:14:22Z",
            "2026-04-03T08:14:39Z",
            "2026-04-03T08:14:54Z",
            "2026-04-03T08:14:58Z",
            "2026-04-03T08:15:13Z",
            "2026-04-03T08:15:24Z",
            "2026-04-03T08:15:30Z",
            "2026-04-03T08:15:42Z",
            "2026-04-03T08:15:44Z",
            "2026-04-03T08:15:57Z",
            "2026-04-03T08:16:06Z",
            "2026-04-03T08:16:10Z",
            "2026-04-03T08:16:27Z",
            "2026-04-03T08:16:49Z",
            "2026-04-03T08:17:02Z",
            "2026-04-03T08:17:15Z",
            "2026-04-03T08:17:18Z",
            "2026-04-03T08:17:27Z",
            "2026-04-03T08:17:38Z",
            "2026-04-03T08:17:46Z",
            "2026-04-03T08:17:49Z",
            "2026-04-03T08:17:59Z",
            "2026-04-03T08:18:13Z",
            "2026-04-03T08:18:16Z",
            "2026-04-03T08:18:19Z",
            "2026-04-03T08:18:26Z",
            "2026-04-03T08:18:48Z",
            "2026-04-03T08:19:00Z",
            "2026-04-03T08:19:20Z",
            "2026-04-03T08:19:36Z",
            "2026-04-03T08:19:43Z",
            "2026-04-03T08:19:58Z",
            "2026-04-03T08:20:10Z",
            "2026-04-03T08:20:20Z",
            "2026-04-03T08:20:25Z",
            "2026-04-03T08:20:39Z",
            "2026-04-03T08:20:43Z",
            "2026-04-03T08:20:54Z",
            "2026-04-03T08:21:06Z",
            "2026-04-03T08:21:09Z",
            "2026-04-03T08:21:26Z",
            "2026-04-03T08:21:45Z",
            "2026-04-03T08:21:49Z",
            "2026-04-03T08:22:03Z",
            "2026-04-03T08:22:22Z",
            "2026-04-03T08:22:26Z",
            "2026-04-03T08:22:32Z",
            "2026-04-03T08:22:50Z",
            "2026-04-03T08:23:33Z",
            "2026-04-03T08:24:23Z",
            "2026-04-03T08:24:48Z",
            "2026-04-03T08:25:03Z",
            "2026-04-03T08:26:28Z",
            "2026-04-03T08:27:50Z",
            "2026-04-03T08:28:45Z",
            "2026-04-03T08:30:00Z",
            "2026-04-03T08:31:23Z",
            "2026-04-03T08:32:33Z",
            "2026-04-03T08:33:38Z",
            "2026-04-03T08:34:14Z",
            "2026-04-03T08:34:36Z",
            "2026-04-03T08:34:51Z",
            "2026-04-03T08:35:05Z",
            "2026-04-03T08:35:20Z",
            "2026-04-03T08:35:35Z",
            "2026-04-03T08:35:48Z",
            "2026-04-03T08:36:00Z",
            "2026-04-03T08:36:14Z",
            "2026-04-03T08:36:31Z",
            "2026-04-03T08:36:42Z",
            "2026-04-03T08:36:49Z",
            "2026-04-03T08:37:02Z",
            "2026-04-03T08:37:17Z",
            "2026-04-03T08:37:33Z",
            "2026-04-03T08:37:46Z",
            "2026-04-03T08:38:02Z",
            "2026-04-03T08:38:03Z",
            "2026-04-03T08:38:18Z",
            "2026-04-03T08:38:33Z",
            "2026-04-03T08:38:52Z",
            "2026-04-03T08:39:11Z",
            "2026-04-03T08:39:33Z",
            "2026-04-03T08:39:53Z",
            "2026-04-03T08:40:10Z",
            "2026-04-03T08:40:18Z",
            "2026-04-03T08:40:37Z",
            "2026-04-03T08:40:47Z",
            "2026-04-03T08:41:06Z",
            "2026-04-03T08:41:25Z",
            "2026-04-03T08:41:41Z",
            "2026-04-03T08:41:58Z",
            "2026-04-03T08:42:13Z",
            "2026-04-03T08:42:29Z",
            "2026-04-03T08:42:43Z",
            "2026-04-03T08:43:00Z",
            "2026-04-03T08:43:16Z",
            "2026-04-03T08:43:30Z",
            "2026-04-03T08:43:48Z",
            "2026-04-03T08:44:04Z",
            "2026-04-03T08:44:24Z",
            "2026-04-03T08:44:43Z",
            "2026-04-03T08:45:00Z",
            "2026-04-03T08:45:15Z",
            "2026-04-03T08:45:31Z",
            "2026-04-03T08:45:46Z",
            "2026-04-03T08:46:05Z",
            "2026-04-03T08:46:24Z",
            "2026-04-03T08:46:43Z",
            "2026-04-03T08:47:01Z",
            "2026-04-03T08:47:20Z",
            "2026-04-03T08:47:34Z",
            "2026-04-03T08:47:50Z",
            "2026-04-03T08:48:08Z",
            "2026-04-03T08:48:27Z",
            "2026-04-03T08:48:41Z",
            "2026-04-03T08:48:57Z",
            "2026-04-03T08:49:00Z",
            "2026-04-03T08:49:14Z",
            "2026-04-03T08:49:36Z",
            "2026-04-03T08:49:55Z",
            "2026-04-03T08:50:14Z",
            "2026-04-03T08:50:34Z",
            "2026-04-03T08:50:52Z",
            "2026-04-03T08:51:10Z",
            "2026-04-03T08:51:12Z",
            "2026-04-03T08:51:29Z",
            "2026-04-03T08:51:45Z",
            "2026-04-03T08:51:59Z",
            "2026-04-03T08:52:03Z",
            "2026-04-03T08:52:11Z",
            "2026-04-03T08:52:30Z",
            "2026-04-03T08:52:50Z",
            "2026-04-03T08:53:07Z",
            "2026-04-03T08:53:24Z",
            "2026-04-03T08:53:42Z",
            "2026-04-03T08:53:58Z",
            "2026-04-03T08:54:19Z",
            "2026-04-03T08:54:42Z",
            "2026-04-03T08:55:02Z",
            "2026-04-03T08:55:21Z",
            "2026-04-03T08:55:42Z",
            "2026-04-03T08:55:58Z",
            "2026-04-03T08:56:18Z",
            "2026-04-03T08:56:34Z",
            "2026-04-03T08:56:54Z",
            "2026-04-03T08:57:02Z",
            "2026-04-03T08:57:07Z",
            "2026-04-03T08:57:26Z",
            "2026-04-03T08:57:45Z",
            "2026-04-03T08:57:57Z",
            "2026-04-03T08:58:04Z",
            "2026-04-03T08:58:11Z",
            "2026-04-03T08:58:14Z",
            "2026-04-03T08:58:32Z",
            "2026-04-03T08:58:46Z",
            "2026-04-03T08:58:47Z",
            "2026-04-03T08:59:05Z",
            "2026-04-03T08:59:23Z",
            "2026-04-03T08:59:37Z",
            "2026-04-03T08:59:42Z",
            "2026-04-03T09:00:01Z",
            "2026-04-03T09:00:18Z",
            "2026-04-03T09:00:39Z",
            "2026-04-03T09:01:00Z",
            "2026-04-03T09:01:21Z",
            "2026-04-03T09:01:41Z",
            "2026-04-03T09:01:56Z",
            "2026-04-03T09:02:02Z",
            "2026-04-03T09:02:07Z",
            "2026-04-03T09:02:22Z",
            "2026-04-03T09:02:27Z",
            "2026-04-03T09:02:41Z",
            "2026-04-03T09:02:42Z",
            "2026-04-03T09:02:54Z",
            "2026-04-03T09:03:09Z",
            "2026-04-03T09:03:21Z",
            "2026-04-03T09:03:37Z",
            "2026-04-03T09:03:39Z",
            "2026-04-03T09:03:59Z",
            "2026-04-03T09:04:03Z",
            "2026-04-03T09:04:13Z",
            "2026-04-03T09:04:33Z",
            "2026-04-03T09:04:50Z",
            "2026-04-03T09:05:18Z",
            "2026-04-03T09:05:41Z",
            "2026-04-03T09:05:56Z",
            "2026-04-03T09:05:59Z",
            "2026-04-03T09:06:05Z",
            "2026-04-03T09:06:18Z",
            "2026-04-03T09:06:34Z",
            "2026-04-03T09:06:38Z",
            "2026-04-03T09:06:56Z",
            "2026-04-03T09:07:16Z",
            "2026-04-03T09:07:26Z",
            "2026-04-03T09:07:45Z",
            "2026-04-03T09:08:06Z",
            "2026-04-03T09:08:26Z",
            "2026-04-03T09:08:46Z",
            "2026-04-03T09:08:59Z",
            "2026-04-03T09:09:14Z",
            "2026-04-03T09:09:15Z",
            "2026-04-03T09:09:29Z",
            "2026-04-03T09:09:48Z",
            "2026-04-03T09:09:59Z",
            "2026-04-03T09:10:12Z",
            "2026-04-03T09:10:26Z",
            "2026-04-03T09:10:35Z",
            "2026-04-03T09:10:37Z",
            "2026-04-03T09:10:54Z",
            "2026-04-03T09:11:04Z",
            "2026-04-03T09:11:08Z",
            "2026-04-03T09:11:25Z",
            "2026-04-03T09:11:41Z",
            "2026-04-03T09:12:01Z",
            "2026-04-03T09:12:17Z",
            "2026-04-03T09:12:22Z",
            "2026-04-03T09:12:40Z",
            "2026-04-03T09:13:02Z",
            "2026-04-03T09:13:12Z",
            "2026-04-03T09:13:38Z",
            "2026-04-03T09:13:55Z",
            "2026-04-03T09:14:11Z",
            "2026-04-03T09:14:36Z",
            "2026-04-03T09:14:53Z",
            "2026-04-03T09:15:16Z",
            "2026-04-03T09:15:20Z",
            "2026-04-03T09:15:27Z",
            "2026-04-03T09:15:43Z",
            "2026-04-03T09:15:53Z",
            "2026-04-03T09:16:08Z",
            "2026-04-03T09:16:22Z",
            "2026-04-03T09:16:42Z",
            "2026-04-03T09:16:58Z",
            "2026-04-03T09:17:08Z",
            "2026-04-03T09:17:18Z",
            "2026-04-03T09:17:32Z",
            "2026-04-03T09:17:44Z",
            "2026-04-03T09:17:50Z",
            "2026-04-03T09:17:55Z",
            "2026-04-03T09:18:03Z",
            "2026-04-03T09:18:20Z",
            "2026-04-03T09:18:25Z",
            "2026-04-03T09:18:44Z",
            "2026-04-03T09:18:47Z",
            "2026-04-03T09:19:06Z",
            "2026-04-03T09:19:29Z",
            "2026-04-03T09:19:53Z",
            "2026-04-03T09:20:11Z",
            "2026-04-03T09:20:31Z",
            "2026-04-03T09:20:32Z",
            "2026-04-03T09:20:51Z",
            "2026-04-03T09:21:08Z",
            "2026-04-03T09:21:28Z",
            "2026-04-03T09:21:54Z",
            "2026-04-03T09:22:23Z",
            "2026-04-03T09:22:49Z",
            "2026-04-03T09:23:17Z",
            "2026-04-03T09:23:43Z",
            "2026-04-03T09:24:10Z",
            "2026-04-03T09:24:36Z",
            "2026-04-03T09:24:53Z",
            "2026-04-03T09:25:14Z",
            "2026-04-03T09:25:34Z",
            "2026-04-03T09:25:39Z",
            "2026-04-03T09:25:57Z",
            "2026-04-03T09:26:15Z",
            "2026-04-03T09:26:34Z",
            "2026-04-03T09:26:50Z",
            "2026-04-03T09:27:05Z",
            "2026-04-03T09:27:19Z",
            "2026-04-03T09:27:31Z",
            "2026-04-03T09:27:47Z",
            "2026-04-03T09:28:05Z",
            "2026-04-03T09:28:24Z",
            "2026-04-03T09:28:42Z",
            "2026-04-03T09:28:57Z",
            "2026-04-03T09:29:14Z",
            "2026-04-03T09:29:36Z",
            "2026-04-03T09:30:01Z",
            "2026-04-03T09:30:26Z",
            "2026-04-03T09:30:47Z",
            "2026-04-03T09:31:12Z",
            "2026-04-03T09:31:36Z",
            "2026-04-03T09:31:55Z",
            "2026-04-03T09:32:12Z",
            "2026-04-03T09:32:29Z",
            "2026-04-03T09:32:47Z",
            "2026-04-03T09:33:05Z",
            "2026-04-03T09:33:27Z",
            "2026-04-03T09:33:43Z",
            "2026-04-03T09:33:50Z",
            "2026-04-03T09:34:07Z",
            "2026-04-03T09:34:22Z",
            "2026-04-03T09:34:38Z",
            "2026-04-03T09:34:54Z",
            "2026-04-03T09:35:13Z",
            "2026-04-03T09:35:31Z",
            "2026-04-03T09:35:54Z",
            "2026-04-03T09:36:11Z",
            "2026-04-03T09:36:34Z",
            "2026-04-03T09:36:58Z",
            "2026-04-03T09:37:22Z",
            "2026-04-03T09:37:46Z",
            "2026-04-03T09:38:09Z",
            "2026-04-03T09:38:28Z",
            "2026-04-03T09:38:48Z",
            "2026-04-03T09:39:01Z",
            "2026-04-03T09:39:09Z",
            "2026-04-03T09:39:24Z",
            "2026-04-03T09:40:15Z",
            "2026-04-03T09:41:42Z",
            "2026-04-03T09:42:37Z",
            "2026-04-03T09:42:57Z",
            "2026-04-03T09:43:00Z",
            "2026-04-03T09:43:18Z",
            "2026-04-03T09:43:32Z",
            "2026-04-03T09:43:48Z",
            "2026-04-03T09:44:03Z",
            "2026-04-03T09:44:07Z",
            "2026-04-03T09:44:23Z",
            "2026-04-03T09:44:38Z",
            "2026-04-03T09:45:01Z",
            "2026-04-03T09:45:21Z",
            "2026-04-03T09:45:36Z",
            "2026-04-03T09:45:53Z",
            "2026-04-03T09:46:07Z",
            "2026-04-03T09:46:24Z",
            "2026-04-03T09:46:42Z",
            "2026-04-03T09:46:50Z",
            "2026-04-03T09:47:07Z",
            "2026-04-03T09:47:27Z",
            "2026-04-03T09:47:45Z",
            "2026-04-03T09:48:06Z",
            "2026-04-03T09:48:22Z",
            "2026-04-03T09:48:36Z",
            "2026-04-03T09:48:48Z",
            "2026-04-03T09:49:06Z",
            "2026-04-03T09:49:22Z",
            "2026-04-03T09:49:23Z",
            "2026-04-03T09:49:24Z",
            "2026-04-03T09:49:25Z",
            "2026-04-03T09:49:26Z",
            "2026-04-03T09:49:27Z",
            "2026-04-03T09:49:28Z",
            "2026-04-03T09:49:29Z",
            "2026-04-03T09:49:30Z",
            "2026-04-03T09:49:31Z",
            "2026-04-03T09:49:32Z",
            "2026-04-03T09:49:33Z",
            "2026-04-03T09:49:47Z",
            "2026-04-03T09:50:04Z",
            "2026-04-03T09:50:08Z",
            "2026-04-03T09:50:23Z",
            "2026-04-03T09:50:37Z",
            "2026-04-03T09:50:40Z",
            "2026-04-03T09:50:56Z",
            "2026-04-03T09:51:05Z",
            "2026-04-03T09:51:06Z",
            "2026-04-03T09:51:24Z",
            "2026-04-03T09:51:39Z",
            "2026-04-03T09:51:55Z",
            "2026-04-03T09:52:08Z",
            "2026-04-03T09:52:12Z",
            "2026-04-03T09:52:13Z",
            "2026-04-03T09:52:30Z",
            "2026-04-03T09:52:37Z",
            "2026-04-03T09:52:38Z",
            "2026-04-03T09:52:39Z",
            "2026-04-03T09:52:58Z",
            "2026-04-03T09:53:12Z",
            "2026-04-03T09:53:13Z",
            "2026-04-03T09:53:16Z",
            "2026-04-03T09:53:17Z",
            "2026-04-03T09:53:21Z",
            "2026-04-03T09:53:22Z",
            "2026-04-03T09:53:23Z",
            "2026-04-03T09:53:26Z",
            "2026-04-03T09:53:31Z",
            "2026-04-03T09:53:42Z",
            "2026-04-03T09:53:52Z",
            "2026-04-03T09:53:53Z",
            "2026-04-03T09:53:56Z",
            "2026-04-03T09:54:10Z",
            "2026-04-03T09:54:27Z",
            "2026-04-03T09:54:36Z",
            "2026-04-03T09:54:37Z",
            "2026-04-03T09:54:38Z",
            "2026-04-03T09:54:43Z",
            "2026-04-03T09:54:44Z",
            "2026-04-03T09:54:45Z",
            "2026-04-03T09:54:46Z",
            "2026-04-03T09:54:47Z",
            "2026-04-03T09:54:48Z",
            "2026-04-03T09:54:49Z",
            "2026-04-03T09:54:50Z",
            "2026-04-03T09:54:51Z",
            "2026-04-03T09:54:52Z",
            "2026-04-03T09:54:53Z",
            "2026-04-03T09:54:54Z",
            "2026-04-03T09:54:55Z",
            "2026-04-03T09:55:13Z",
            "2026-04-03T09:55:27Z",
            "2026-04-03T09:55:44Z",
            "2026-04-03T09:56:00Z",
            "2026-04-03T09:56:11Z",
            "2026-04-03T09:56:12Z",
            "2026-04-03T09:56:34Z",
            "2026-04-03T09:56:49Z",
            "2026-04-03T09:57:13Z",
            "2026-04-03T09:57:36Z",
            "2026-04-03T09:58:00Z",
            "2026-04-03T09:58:24Z",
            "2026-04-03T09:58:27Z",
            "2026-04-03T09:58:28Z",
            "2026-04-03T09:58:29Z",
            "2026-04-03T09:58:30Z",
            "2026-04-03T09:58:35Z",
            "2026-04-03T09:58:51Z",
            "2026-04-03T09:58:55Z",
            "2026-04-03T09:59:11Z",
            "2026-04-03T09:59:19Z",
            "2026-04-03T09:59:33Z",
            "2026-04-03T09:59:43Z",
            "2026-04-03T09:59:44Z",
            "2026-04-03T09:59:45Z",
            "2026-04-03T09:59:46Z",
            "2026-04-03T09:59:47Z",
            "2026-04-03T09:59:57Z",
            "2026-04-03T10:00:10Z",
            "2026-04-03T10:00:13Z",
            "2026-04-03T10:00:14Z",
            "2026-04-03T10:00:17Z",
            "2026-04-03T10:00:33Z",
            "2026-04-03T10:00:37Z",
            "2026-04-03T10:00:51Z",
            "2026-04-03T10:00:55Z",
            "2026-04-03T10:01:14Z",
            "2026-04-03T10:01:33Z",
            "2026-04-03T10:01:48Z",
            "2026-04-03T10:02:03Z",
            "2026-04-03T10:02:04Z",
            "2026-04-03T10:02:05Z",
            "2026-04-03T10:02:06Z",
            "2026-04-03T10:02:07Z",
            "2026-04-03T10:02:22Z",
            "2026-04-03T10:02:31Z",
            "2026-04-03T10:02:32Z",
            "2026-04-03T10:02:33Z",
            "2026-04-03T10:02:44Z",
            "2026-04-03T10:02:58Z",
            "2026-04-03T10:02:59Z",
            "2026-04-03T10:03:00Z",
            "2026-04-03T10:03:01Z",
            "2026-04-03T10:03:02Z",
            "2026-04-03T10:03:03Z",
            "2026-04-03T10:03:10Z",
            "2026-04-03T10:03:20Z",
            "2026-04-03T10:03:21Z",
            "2026-04-03T10:03:22Z",
            "2026-04-03T10:03:23Z",
            "2026-04-03T10:03:39Z",
            "2026-04-03T10:03:48Z",
            "2026-04-03T10:04:02Z",
            "2026-04-03T10:04:05Z",
            "2026-04-03T10:04:08Z",
            "2026-04-03T10:04:09Z",
            "2026-04-03T10:04:10Z",
            "2026-04-03T10:04:11Z",
            "2026-04-03T10:04:12Z",
            "2026-04-03T10:04:14Z",
            "2026-04-03T10:04:15Z",
            "2026-04-03T10:04:16Z",
            "2026-04-03T10:04:17Z",
            "2026-04-03T10:04:19Z",
            "2026-04-03T10:04:20Z",
            "2026-04-03T10:04:25Z",
            "2026-04-03T10:04:26Z",
            "2026-04-03T10:04:27Z",
            "2026-04-03T10:04:42Z",
            "2026-04-03T10:04:48Z",
            "2026-04-03T10:04:49Z",
            "2026-04-03T10:04:50Z",
            "2026-04-03T10:04:51Z",
            "2026-04-03T10:04:52Z",
            "2026-04-03T10:04:53Z",
            "2026-04-03T10:04:54Z",
            "2026-04-03T10:04:55Z",
            "2026-04-03T10:04:56Z",
            "2026-04-03T10:05:01Z",
            "2026-04-03T10:05:02Z",
            "2026-04-03T10:05:03Z",
            "2026-04-03T10:05:04Z",
            "2026-04-03T10:05:05Z",
            "2026-04-03T10:05:06Z",
            "2026-04-03T10:05:07Z",
            "2026-04-03T10:05:08Z",
            "2026-04-03T10:05:09Z",
            "2026-04-03T10:05:10Z",
            "2026-04-03T10:05:11Z",
            "2026-04-03T10:05:16Z",
            "2026-04-03T10:05:31Z",
            "2026-04-03T10:05:36Z",
            "2026-04-03T10:05:38Z",
            "2026-04-03T10:05:40Z",
            "2026-04-03T10:05:54Z",
            "2026-04-03T10:05:55Z",
            "2026-04-03T10:05:56Z",
            "2026-04-03T10:05:57Z",
            "2026-04-03T10:05:58Z",
            "2026-04-03T10:05:59Z",
            "2026-04-03T10:06:00Z",
            "2026-04-03T10:06:01Z",
            "2026-04-03T10:06:02Z",
            "2026-04-03T10:06:03Z",
            "2026-04-03T10:06:04Z",
            "2026-04-03T10:06:20Z",
            "2026-04-03T10:06:21Z",
            "2026-04-03T10:06:22Z",
            "2026-04-03T10:06:32Z",
            "2026-04-03T10:06:33Z",
            "2026-04-03T10:06:34Z",
            "2026-04-03T10:06:35Z",
            "2026-04-03T10:06:43Z",
            "2026-04-03T10:06:47Z",
            "2026-04-03T10:07:00Z",
            "2026-04-03T10:07:17Z",
            "2026-04-03T10:07:38Z",
            "2026-04-03T10:07:42Z",
            "2026-04-03T10:08:01Z",
            "2026-04-03T10:08:16Z",
            "2026-04-03T10:08:19Z",
            "2026-04-03T10:08:33Z",
            "2026-04-03T10:08:49Z",
            "2026-04-03T10:08:54Z",
            "2026-04-03T10:08:55Z",
            "2026-04-03T10:08:58Z",
            "2026-04-03T10:09:14Z",
            "2026-04-03T10:09:17Z",
            "2026-04-03T10:09:25Z",
            "2026-04-03T10:09:26Z",
            "2026-04-03T10:09:31Z",
            "2026-04-03T10:09:32Z",
            "2026-04-03T10:09:33Z",
            "2026-04-03T10:09:34Z",
            "2026-04-03T10:09:35Z",
            "2026-04-03T10:09:36Z",
            "2026-04-03T10:09:43Z",
            "2026-04-03T10:09:46Z",
            "2026-04-03T10:09:55Z",
            "2026-04-03T10:09:56Z",
            "2026-04-03T10:09:57Z",
            "2026-04-03T10:09:58Z",
            "2026-04-03T10:09:59Z",
            "2026-04-03T10:10:06Z",
            "2026-04-03T10:10:12Z",
            "2026-04-03T10:10:25Z",
            "2026-04-03T10:10:42Z",
            "2026-04-03T10:10:43Z",
            "2026-04-03T10:10:58Z",
            "2026-04-03T10:11:13Z",
            "2026-04-03T10:11:29Z",
            "2026-04-03T10:11:47Z",
            "2026-04-03T10:12:06Z",
            "2026-04-03T10:12:27Z",
            "2026-04-03T10:12:34Z",
            "2026-04-03T10:12:54Z",
            "2026-04-03T10:12:59Z",
            "2026-04-03T10:13:00Z",
            "2026-04-03T10:13:16Z",
            "2026-04-03T10:13:35Z",
            "2026-04-03T10:13:58Z",
            "2026-04-03T10:14:17Z",
            "2026-04-03T10:14:37Z",
            "2026-04-03T10:14:50Z",
            "2026-04-03T10:15:09Z",
            "2026-04-03T10:15:15Z",
            "2026-04-03T10:15:34Z",
            "2026-04-03T10:15:42Z",
            "2026-04-03T10:15:43Z",
            "2026-04-03T10:16:00Z",
            "2026-04-03T10:16:21Z",
            "2026-04-03T10:16:42Z",
            "2026-04-03T10:16:43Z",
            "2026-04-03T10:16:44Z",
            "2026-04-03T10:17:01Z",
            "2026-04-03T10:17:21Z",
            "2026-04-03T10:17:39Z",
            "2026-04-03T10:18:00Z",
            "2026-04-03T10:18:20Z",
            "2026-04-03T10:18:41Z",
            "2026-04-03T10:18:58Z",
            "2026-04-03T10:19:12Z",
            "2026-04-03T10:19:13Z",
            "2026-04-03T10:19:33Z",
            "2026-04-03T10:19:53Z",
            "2026-04-03T10:20:13Z",
            "2026-04-03T10:20:27Z",
            "2026-04-03T10:20:42Z",
            "2026-04-03T10:20:54Z",
            "2026-04-03T10:21:07Z",
            "2026-04-03T10:21:19Z",
            "2026-04-03T10:21:33Z",
            "2026-04-03T10:21:34Z",
            "2026-04-03T10:21:52Z",
            "2026-04-03T10:22:11Z",
            "2026-04-03T10:22:27Z",
            "2026-04-03T10:22:39Z",
            "2026-04-03T10:22:42Z",
            "2026-04-03T10:22:56Z",
            "2026-04-03T10:23:10Z",
            "2026-04-03T10:23:23Z",
            "2026-04-03T10:23:35Z",
            "2026-04-03T10:23:48Z",
            "2026-04-03T10:23:57Z",
            "2026-04-03T10:24:09Z",
            "2026-04-03T10:24:14Z",
            "2026-04-03T10:24:30Z",
            "2026-04-03T10:24:34Z",
            "2026-04-03T10:24:45Z",
            "2026-04-03T10:24:50Z",
            "2026-04-03T10:25:06Z",
            "2026-04-03T10:25:22Z",
            "2026-04-03T10:25:26Z",
            "2026-04-03T10:25:34Z",
            "2026-04-03T10:25:48Z",
            "2026-04-03T10:26:00Z",
            "2026-04-03T10:26:10Z",
            "2026-04-03T10:26:15Z",
            "2026-04-03T10:26:23Z",
            "2026-04-03T10:26:25Z",
            "2026-04-03T10:26:29Z",
            "2026-04-03T10:26:39Z",
            "2026-04-03T10:26:55Z",
            "2026-04-03T10:27:06Z",
            "2026-04-03T10:27:12Z",
            "2026-04-03T10:27:17Z",
            "2026-04-03T10:27:26Z",
            "2026-04-03T10:27:43Z",
            "2026-04-03T10:28:00Z",
            "2026-04-03T10:28:37Z",
            "2026-04-03T10:29:13Z",
            "2026-04-03T10:30:07Z",
            "2026-04-03T10:30:59Z",
            "2026-04-03T10:31:45Z",
            "2026-04-03T10:32:38Z",
            "2026-04-03T10:33:20Z",
            "2026-04-03T10:34:10Z",
            "2026-04-03T10:35:10Z",
            "2026-04-03T10:36:11Z",
            "2026-04-03T10:37:16Z",
            "2026-04-03T10:38:19Z",
            "2026-04-03T10:39:42Z",
            "2026-04-03T10:40:45Z",
            "2026-04-03T10:41:59Z",
            "2026-04-03T10:43:11Z",
            "2026-04-03T10:44:27Z",
            "2026-04-03T10:45:45Z",
            "2026-04-03T10:46:51Z",
            "2026-04-03T10:47:59Z",
            "2026-04-03T10:49:02Z",
            "2026-04-03T11:12:31Z",
            "2026-04-03T11:12:44Z",
            "2026-04-03T11:12:57Z",
            "2026-04-03T11:14:09Z",
            "2026-04-03T11:15:20Z",
            "2026-04-03T11:15:45Z",
            "2026-04-03T11:16:56Z",
            "2026-04-03T11:17:29Z",
            "2026-04-03T11:17:53Z",
            "2026-04-03T11:18:09Z",
            "2026-04-03T11:18:12Z",
            "2026-04-03T11:18:23Z",
            "2026-04-03T11:18:37Z",
            "2026-04-03T11:18:55Z",
            "2026-04-03T11:19:11Z",
            "2026-04-03T11:19:17Z",
            "2026-04-03T11:19:34Z",
            "2026-04-03T11:19:40Z",
            "2026-04-03T11:19:44Z",
            "2026-04-03T11:20:06Z",
            "2026-04-03T11:20:24Z",
            "2026-04-03T11:20:41Z",
            "2026-04-03T11:20:58Z",
            "2026-04-03T11:21:14Z",
            "2026-04-03T11:21:18Z",
            "2026-04-03T11:21:40Z",
            "2026-04-03T11:22:01Z",
            "2026-04-03T11:22:20Z",
            "2026-04-03T11:22:38Z",
            "2026-04-03T11:22:51Z",
            "2026-04-03T11:22:55Z",
            "2026-04-03T11:23:16Z",
            "2026-04-03T11:23:33Z",
            "2026-04-03T11:23:49Z",
            "2026-04-03T11:23:53Z",
            "2026-04-03T11:24:13Z",
            "2026-04-03T11:24:41Z",
            "2026-04-03T11:24:56Z",
            "2026-04-03T11:25:19Z",
            "2026-04-03T11:25:37Z",
            "2026-04-03T11:25:54Z",
            "2026-04-03T11:26:08Z",
            "2026-04-03T11:26:27Z",
            "2026-04-03T11:26:41Z",
            "2026-04-03T11:26:56Z",
            "2026-04-03T11:27:11Z",
            "2026-04-03T11:27:13Z",
            "2026-04-03T11:27:33Z",
            "2026-04-03T11:27:44Z",
            "2026-04-03T11:28:02Z",
            "2026-04-03T11:28:20Z",
            "2026-04-03T11:28:43Z",
            "2026-04-03T11:29:07Z",
            "2026-04-03T11:29:19Z",
            "2026-04-03T11:29:23Z",
            "2026-04-03T11:29:42Z",
            "2026-04-03T11:30:02Z",
            "2026-04-03T11:30:26Z",
            "2026-04-03T11:30:47Z",
            "2026-04-03T11:31:05Z",
            "2026-04-03T11:31:27Z",
            "2026-04-03T11:31:55Z",
            "2026-04-03T11:32:18Z",
            "2026-04-03T11:32:35Z",
            "2026-04-03T11:32:42Z",
            "2026-04-03T11:33:02Z",
            "2026-04-03T11:33:24Z",
            "2026-04-03T11:33:40Z",
            "2026-04-03T11:34:00Z",
            "2026-04-03T11:34:23Z",
            "2026-04-03T11:34:40Z",
            "2026-04-03T11:35:00Z",
            "2026-04-03T11:35:18Z",
            "2026-04-03T11:35:33Z",
            "2026-04-03T11:35:47Z",
            "2026-04-03T11:36:03Z",
            "2026-04-03T11:36:18Z",
            "2026-04-03T11:36:19Z",
            "2026-04-03T11:36:34Z",
            "2026-04-03T11:36:50Z",
            "2026-04-03T11:37:01Z",
            "2026-04-03T11:37:21Z",
            "2026-04-03T11:37:25Z",
            "2026-04-03T11:37:43Z",
            "2026-04-03T11:38:01Z",
            "2026-04-03T11:38:17Z",
            "2026-04-03T11:38:35Z",
            "2026-04-03T11:38:52Z",
            "2026-04-03T11:39:07Z",
            "2026-04-03T11:39:25Z",
            "2026-04-03T11:39:39Z",
            "2026-04-03T11:39:56Z",
            "2026-04-03T11:40:15Z",
            "2026-04-03T11:40:31Z",
            "2026-04-03T11:40:46Z",
            "2026-04-03T11:41:02Z",
            "2026-04-03T11:41:20Z",
            "2026-04-03T11:41:33Z",
            "2026-04-03T11:41:48Z",
            "2026-04-03T11:41:59Z",
            "2026-04-03T11:42:09Z",
            "2026-04-03T11:42:13Z",
            "2026-04-03T11:42:27Z",
            "2026-04-03T11:42:36Z",
            "2026-04-03T11:42:54Z",
            "2026-04-03T11:43:09Z",
            "2026-04-03T11:43:21Z",
            "2026-04-03T11:43:25Z",
            "2026-04-03T11:43:41Z",
            "2026-04-03T11:43:57Z",
            "2026-04-03T11:44:13Z",
            "2026-04-03T11:44:14Z",
            "2026-04-03T11:44:25Z",
            "2026-04-03T11:44:29Z",
            "2026-04-03T11:44:48Z",
            "2026-04-03T11:44:51Z",
            "2026-04-03T11:44:57Z",
            "2026-04-03T11:45:02Z",
            "2026-04-03T11:45:08Z",
            "2026-04-03T11:45:23Z",
            "2026-04-03T11:45:24Z",
            "2026-04-03T11:45:42Z",
            "2026-04-03T11:45:58Z",
            "2026-04-03T11:46:16Z",
            "2026-04-03T11:46:43Z",
            "2026-04-03T11:47:13Z",
            "2026-04-03T11:47:30Z",
            "2026-04-03T11:47:52Z",
            "2026-04-03T11:48:10Z",
            "2026-04-03T11:48:26Z",
            "2026-04-03T11:48:32Z",
            "2026-04-03T11:48:50Z",
            "2026-04-03T11:49:06Z",
            "2026-04-03T11:49:23Z",
            "2026-04-03T11:49:39Z",
            "2026-04-03T11:49:58Z",
            "2026-04-03T11:50:15Z",
            "2026-04-03T11:50:33Z",
            "2026-04-03T11:50:35Z",
            "2026-04-03T11:50:47Z",
            "2026-04-03T11:51:04Z",
            "2026-04-03T11:51:23Z",
            "2026-04-03T11:51:39Z",
            "2026-04-03T11:51:42Z",
            "2026-04-03T11:51:46Z",
            "2026-04-03T11:51:50Z",
            "2026-04-03T11:52:07Z",
            "2026-04-03T11:52:20Z",
            "2026-04-03T11:52:36Z",
            "2026-04-03T11:52:46Z",
            "2026-04-03T11:52:54Z",
            "2026-04-03T11:53:03Z",
            "2026-04-03T11:53:23Z",
            "2026-04-03T11:53:38Z",
            "2026-04-03T11:54:03Z",
            "2026-04-03T11:54:12Z",
            "2026-04-03T11:54:24Z",
            "2026-04-03T11:54:28Z",
            "2026-04-03T11:54:42Z",
            "2026-04-03T11:54:51Z",
            "2026-04-03T11:55:03Z",
            "2026-04-03T11:55:40Z",
            "2026-04-03T11:55:57Z",
            "2026-04-03T11:56:13Z",
            "2026-04-03T11:56:30Z",
            "2026-04-03T11:56:49Z",
            "2026-04-03T11:57:06Z",
            "2026-04-03T11:57:26Z",
            "2026-04-03T11:57:40Z",
            "2026-04-03T11:57:55Z",
            "2026-04-03T11:58:12Z",
            "2026-04-03T11:58:30Z",
            "2026-04-03T11:58:48Z",
            "2026-04-03T11:59:24Z",
            "2026-04-03T11:59:25Z",
            "2026-04-03T11:59:29Z",
            "2026-04-03T11:59:49Z",
            "2026-04-03T12:00:09Z",
            "2026-04-03T12:00:32Z",
            "2026-04-03T12:00:56Z",
            "2026-04-03T12:01:17Z",
            "2026-04-03T12:01:42Z",
            "2026-04-03T12:02:02Z",
            "2026-04-03T12:02:26Z",
            "2026-04-03T12:02:41Z",
            "2026-04-03T12:03:21Z",
            "2026-04-03T12:03:29Z",
            "2026-04-03T12:03:49Z",
            "2026-04-03T12:04:05Z",
            "2026-04-03T12:04:18Z",
            "2026-04-03T12:04:24Z",
            "2026-04-03T12:04:37Z",
            "2026-04-03T12:04:55Z",
            "2026-04-03T12:05:13Z",
            "2026-04-03T12:05:46Z",
            "2026-04-03T12:06:05Z",
            "2026-04-03T12:06:28Z",
            "2026-04-03T12:06:49Z",
            "2026-04-03T12:07:13Z",
            "2026-04-03T12:07:32Z",
            "2026-04-03T12:07:56Z",
            "2026-04-03T12:08:18Z",
            "2026-04-03T12:08:38Z",
            "2026-04-03T12:08:59Z",
            "2026-04-03T12:09:20Z",
            "2026-04-03T12:09:41Z",
            "2026-04-03T12:10:04Z",
            "2026-04-03T12:10:25Z",
            "2026-04-03T12:10:48Z",
            "2026-04-03T12:11:09Z",
            "2026-04-03T12:11:30Z",
            "2026-04-03T12:11:35Z",
            "2026-04-03T12:11:47Z",
            "2026-04-03T12:12:11Z",
            "2026-04-03T12:12:31Z",
            "2026-04-03T12:12:49Z",
            "2026-04-03T12:13:10Z",
            "2026-04-03T12:13:35Z",
            "2026-04-03T12:14:03Z",
            "2026-04-03T12:14:30Z",
            "2026-04-03T12:14:55Z",
            "2026-04-03T12:15:18Z",
            "2026-04-03T12:15:37Z",
            "2026-04-03T12:15:55Z",
            "2026-04-03T12:16:14Z",
            "2026-04-03T12:16:30Z",
            "2026-04-03T12:16:31Z",
            "2026-04-03T12:16:53Z",
            "2026-04-03T12:17:17Z",
            "2026-04-03T12:17:35Z",
            "2026-04-03T12:17:51Z",
            "2026-04-03T12:18:10Z",
            "2026-04-03T12:18:28Z",
            "2026-04-03T12:18:46Z",
            "2026-04-03T12:19:09Z",
            "2026-04-03T12:19:32Z",
            "2026-04-03T12:19:55Z",
            "2026-04-03T12:20:02Z",
            "2026-04-03T12:20:08Z",
            "2026-04-03T12:20:13Z",
            "2026-04-03T12:20:30Z",
            "2026-04-03T12:20:35Z",
            "2026-04-03T12:20:54Z",
            "2026-04-03T12:21:14Z",
            "2026-04-03T12:21:41Z",
            "2026-04-03T12:22:05Z",
            "2026-04-03T12:22:28Z",
            "2026-04-03T12:22:53Z",
            "2026-04-03T12:23:13Z",
            "2026-04-03T12:23:35Z",
            "2026-04-03T12:23:57Z",
            "2026-04-03T12:24:20Z",
            "2026-04-03T12:24:41Z",
            "2026-04-03T12:25:02Z",
            "2026-04-03T12:25:23Z",
            "2026-04-03T12:25:39Z",
            "2026-04-03T12:25:57Z",
            "2026-04-03T12:26:14Z",
            "2026-04-03T12:26:43Z",
            "2026-04-03T12:27:26Z",
            "2026-04-03T12:28:12Z",
            "2026-04-03T12:28:35Z",
            "2026-04-03T12:28:49Z",
            "2026-04-03T12:29:07Z",
            "2026-04-03T12:29:16Z",
            "2026-04-03T12:29:29Z",
            "2026-04-03T12:29:33Z",
            "2026-04-03T12:29:41Z",
            "2026-04-03T12:29:44Z",
            "2026-04-03T12:29:57Z",
            "2026-04-03T12:30:11Z",
            "2026-04-03T12:31:07Z",
            "2026-04-03T12:32:09Z",
            "2026-04-03T12:33:32Z",
            "2026-04-03T12:35:01Z",
            "2026-04-03T12:36:25Z",
            "2026-04-03T12:37:59Z",
            "2026-04-03T12:39:45Z",
            "2026-04-03T12:41:15Z",
            "2026-04-03T12:42:40Z",
            "2026-04-03T12:43:58Z",
            "2026-04-03T12:45:27Z",
            "2026-04-03T12:46:48Z",
            "2026-04-03T12:48:11Z",
            "2026-04-03T12:49:36Z",
            "2026-04-03T12:50:59Z",
            "2026-04-03T12:52:18Z",
            "2026-04-03T12:53:45Z",
            "2026-04-03T12:55:18Z",
            "2026-04-03T12:56:49Z",
            "2026-04-03T12:58:15Z",
            "2026-04-03T12:59:34Z",
            "2026-04-03T13:01:01Z",
            "2026-04-03T13:01:39Z",
            "2026-04-03T13:02:21Z",
            "2026-04-03T13:02:35Z",
            "2026-04-03T13:02:51Z",
            "2026-04-03T13:02:59Z",
            "2026-04-03T13:03:01Z",
            "2026-04-03T13:03:17Z",
            "2026-04-03T13:03:21Z",
            "2026-04-03T13:03:35Z",
            "2026-04-03T13:03:50Z",
            "2026-04-03T13:04:06Z",
            "2026-04-03T13:04:21Z",
            "2026-04-03T13:04:35Z",
            "2026-04-03T13:04:50Z",
            "2026-04-03T13:05:09Z",
            "2026-04-03T13:05:16Z",
            "2026-04-03T13:05:32Z",
            "2026-04-03T13:05:53Z",
            "2026-04-03T13:06:15Z",
            "2026-04-03T13:06:33Z",
            "2026-04-03T13:06:53Z",
            "2026-04-03T13:07:12Z",
            "2026-04-03T13:07:31Z",
            "2026-04-03T13:07:54Z",
            "2026-04-03T13:08:11Z",
            "2026-04-03T13:08:24Z",
            "2026-04-03T13:08:36Z",
            "2026-04-03T13:08:41Z",
            "2026-04-03T13:08:53Z",
            "2026-04-03T13:08:55Z",
            "2026-04-03T13:09:00Z",
            "2026-04-03T13:09:13Z",
            "2026-04-03T13:09:29Z",
            "2026-04-03T13:09:45Z",
            "2026-04-03T13:10:02Z",
            "2026-04-03T13:10:20Z",
            "2026-04-03T13:10:38Z",
            "2026-04-03T13:10:59Z",
            "2026-04-03T13:11:15Z",
            "2026-04-03T13:11:33Z",
            "2026-04-03T13:11:52Z",
            "2026-04-03T13:11:53Z",
            "2026-04-03T13:12:08Z",
            "2026-04-03T13:12:26Z",
            "2026-04-03T13:12:55Z",
            "2026-04-03T13:13:06Z",
            "2026-04-03T13:13:14Z",
            "2026-04-03T13:13:42Z",
            "2026-04-03T13:13:56Z",
            "2026-04-03T13:13:59Z",
            "2026-04-03T13:14:07Z",
            "2026-04-03T13:14:24Z",
            "2026-04-03T13:14:57Z",
            "2026-04-03T13:15:19Z",
            "2026-04-03T13:15:23Z",
            "2026-04-03T13:15:31Z",
            "2026-04-03T13:15:56Z",
            "2026-04-03T13:16:10Z",
            "2026-04-03T13:16:22Z",
            "2026-04-03T13:16:37Z",
            "2026-04-03T13:16:51Z",
            "2026-04-03T13:17:05Z",
            "2026-04-03T13:17:22Z",
            "2026-04-03T13:17:39Z",
            "2026-04-03T13:17:47Z",
            "2026-04-03T13:18:01Z",
            "2026-04-03T13:18:13Z",
            "2026-04-03T13:18:18Z",
            "2026-04-03T13:18:34Z",
            "2026-04-03T13:18:42Z",
            "2026-04-03T13:18:47Z",
            "2026-04-03T13:18:55Z",
            "2026-04-03T13:18:59Z",
            "2026-04-03T13:19:15Z",
            "2026-04-03T13:19:30Z",
            "2026-04-03T13:19:47Z",
            "2026-04-03T13:20:06Z",
            "2026-04-03T13:20:24Z",
            "2026-04-03T13:20:41Z",
            "2026-04-03T13:21:01Z",
            "2026-04-03T13:21:02Z",
            "2026-04-03T13:21:17Z",
            "2026-04-03T13:21:33Z",
            "2026-04-03T13:21:45Z",
            "2026-04-03T13:21:54Z",
            "2026-04-03T13:21:58Z",
            "2026-04-03T13:22:13Z",
            "2026-04-03T13:22:30Z",
            "2026-04-03T13:22:47Z",
            "2026-04-03T13:23:04Z",
            "2026-04-03T13:23:23Z",
            "2026-04-03T13:23:42Z",
            "2026-04-03T13:24:00Z",
            "2026-04-03T13:24:18Z",
            "2026-04-03T13:24:35Z",
            "2026-04-03T13:24:51Z",
            "2026-04-03T13:25:07Z",
            "2026-04-03T13:25:24Z",
            "2026-04-03T13:25:25Z",
            "2026-04-03T13:25:39Z",
            "2026-04-03T13:25:54Z",
            "2026-04-03T13:26:11Z",
            "2026-04-03T13:26:24Z",
            "2026-04-03T13:26:40Z",
            "2026-04-03T13:26:55Z",
            "2026-04-03T13:27:10Z",
            "2026-04-03T13:27:27Z",
            "2026-04-03T13:27:42Z",
            "2026-04-03T13:28:00Z",
            "2026-04-03T13:28:16Z",
            "2026-04-03T13:28:30Z",
            "2026-04-03T13:28:46Z",
            "2026-04-03T13:28:48Z",
            "2026-04-03T13:29:02Z",
            "2026-04-03T13:29:18Z",
            "2026-04-03T13:29:32Z",
            "2026-04-03T13:29:49Z",
            "2026-04-03T13:30:02Z",
            "2026-04-03T13:30:17Z",
            "2026-04-03T13:30:32Z",
            "2026-04-03T13:30:49Z",
            "2026-04-03T13:31:03Z",
            "2026-04-03T13:31:21Z",
            "2026-04-03T13:31:35Z",
            "2026-04-03T13:31:49Z",
            "2026-04-03T13:32:01Z",
            "2026-04-03T13:32:15Z",
            "2026-04-03T13:32:33Z",
            "2026-04-03T13:32:50Z",
            "2026-04-03T13:33:03Z",
            "2026-04-03T13:33:19Z",
            "2026-04-03T13:33:33Z",
            "2026-04-03T13:33:34Z",
            "2026-04-03T13:33:40Z",
            "2026-04-03T13:33:41Z",
            "2026-04-03T13:33:56Z",
            "2026-04-03T13:34:17Z",
            "2026-04-03T13:34:39Z",
            "2026-04-03T13:35:00Z",
            "2026-04-03T13:35:23Z",
            "2026-04-03T13:35:51Z",
            "2026-04-03T13:36:13Z",
            "2026-04-03T13:36:38Z",
            "2026-04-03T13:36:57Z",
            "2026-04-03T13:37:17Z",
            "2026-04-03T13:37:36Z",
            "2026-04-03T13:37:55Z",
            "2026-04-03T13:38:12Z",
            "2026-04-03T13:38:31Z",
            "2026-04-03T13:38:47Z",
            "2026-04-03T13:38:51Z",
            "2026-04-03T13:38:52Z",
            "2026-04-03T13:38:53Z",
            "2026-04-03T13:38:54Z",
            "2026-04-03T13:39:10Z",
            "2026-04-03T13:39:44Z",
            "2026-04-03T13:39:54Z",
            "2026-04-03T13:40:14Z",
            "2026-04-03T13:40:36Z",
            "2026-04-03T13:41:14Z",
            "2026-04-03T13:41:24Z",
            "2026-04-03T13:41:28Z",
            "2026-04-03T13:41:50Z",
            "2026-04-03T13:42:10Z",
            "2026-04-03T13:42:27Z",
            "2026-04-03T13:42:46Z",
            "2026-04-03T13:42:51Z",
            "2026-04-03T13:43:00Z",
            "2026-04-03T13:43:02Z",
            "2026-04-03T13:43:11Z",
            "2026-04-03T13:43:27Z",
            "2026-04-03T13:43:41Z",
            "2026-04-03T13:43:56Z",
            "2026-04-03T13:44:14Z",
            "2026-04-03T13:44:22Z",
            "2026-04-03T13:44:39Z",
            "2026-04-03T13:44:59Z",
            "2026-04-03T13:45:16Z",
            "2026-04-03T13:45:33Z",
            "2026-04-03T13:45:48Z",
            "2026-04-03T13:46:05Z",
            "2026-04-03T13:46:25Z",
            "2026-04-03T13:46:46Z",
            "2026-04-03T13:47:07Z",
            "2026-04-03T13:47:26Z",
            "2026-04-03T13:47:40Z",
            "2026-04-03T13:47:58Z",
            "2026-04-03T13:48:20Z",
            "2026-04-03T13:48:37Z",
            "2026-04-03T13:48:53Z",
            "2026-04-03T13:49:14Z",
            "2026-04-03T13:49:31Z",
            "2026-04-03T13:49:49Z",
            "2026-04-03T13:50:01Z",
            "2026-04-03T13:50:18Z",
            "2026-04-03T13:50:36Z",
            "2026-04-03T13:50:44Z",
            "2026-04-03T13:50:48Z",
            "2026-04-03T13:51:04Z",
            "2026-04-03T13:51:21Z",
            "2026-04-03T13:51:40Z",
            "2026-04-03T13:52:04Z",
            "2026-04-03T13:52:25Z",
            "2026-04-03T13:52:38Z",
            "2026-04-03T13:52:59Z",
            "2026-04-03T13:53:13Z",
            "2026-04-03T13:53:16Z",
            "2026-04-03T13:53:32Z",
            "2026-04-03T13:53:34Z",
            "2026-04-03T13:53:39Z",
            "2026-04-03T13:53:42Z",
            "2026-04-03T13:53:57Z",
            "2026-04-03T13:54:01Z",
            "2026-04-03T13:54:08Z",
            "2026-04-03T13:54:21Z",
            "2026-04-03T13:54:41Z",
            "2026-04-03T13:55:00Z",
            "2026-04-03T13:55:20Z",
            "2026-04-03T13:55:37Z",
            "2026-04-03T13:55:56Z",
            "2026-04-03T13:56:05Z",
            "2026-04-03T13:56:25Z",
            "2026-04-03T13:56:28Z",
            "2026-04-03T13:56:45Z",
            "2026-04-03T13:57:04Z",
            "2026-04-03T13:57:22Z",
            "2026-04-03T13:57:43Z",
            "2026-04-03T13:58:02Z",
            "2026-04-03T13:58:08Z",
            "2026-04-03T13:58:27Z",
            "2026-04-03T13:58:39Z",
            "2026-04-03T13:58:44Z",
            "2026-04-03T13:58:55Z",
            "2026-04-03T13:58:58Z",
            "2026-04-03T13:59:02Z",
            "2026-04-03T13:59:19Z",
            "2026-04-03T13:59:39Z",
            "2026-04-03T13:59:45Z",
            "2026-04-03T13:59:48Z",
            "2026-04-03T13:59:49Z",
            "2026-04-03T14:00:01Z",
            "2026-04-03T14:00:15Z",
            "2026-04-03T14:00:23Z",
            "2026-04-03T14:00:28Z",
            "2026-04-03T14:00:33Z",
            "2026-04-03T14:00:40Z",
            "2026-04-03T14:00:56Z",
            "2026-04-03T14:00:59Z",
            "2026-04-03T14:01:12Z",
            "2026-04-03T14:01:15Z",
            "2026-04-03T14:01:18Z",
            "2026-04-03T14:01:33Z",
            "2026-04-03T14:01:49Z",
            "2026-04-03T14:02:02Z",
            "2026-04-03T14:02:08Z",
            "2026-04-03T14:02:19Z",
            "2026-04-03T14:02:22Z",
            "2026-04-03T14:02:34Z",
            "2026-04-03T14:02:38Z",
            "2026-04-03T14:02:50Z",
            "2026-04-03T14:03:13Z",
            "2026-04-03T14:03:36Z",
            "2026-04-03T14:03:53Z",
            "2026-04-03T14:04:10Z",
            "2026-04-03T14:04:21Z",
            "2026-04-03T14:04:36Z",
            "2026-04-03T14:04:42Z",
            "2026-04-03T14:05:04Z",
            "2026-04-03T14:05:23Z",
            "2026-04-03T14:05:42Z",
            "2026-04-03T14:06:00Z",
            "2026-04-03T14:06:03Z",
            "2026-04-03T14:06:23Z",
            "2026-04-03T14:06:42Z",
            "2026-04-03T14:06:43Z",
            "2026-04-03T14:07:01Z",
            "2026-04-03T14:07:17Z",
            "2026-04-03T14:07:31Z",
            "2026-04-03T14:07:51Z",
            "2026-04-03T14:08:06Z",
            "2026-04-03T14:08:12Z",
            "2026-04-03T14:08:27Z",
            "2026-04-03T14:08:32Z",
            "2026-04-03T14:08:56Z",
            "2026-04-03T14:09:12Z",
            "2026-04-03T14:09:24Z",
            "2026-04-03T14:09:36Z",
            "2026-04-03T14:09:51Z",
            "2026-04-03T14:10:13Z",
            "2026-04-03T14:10:27Z",
            "2026-04-03T14:10:50Z",
            "2026-04-03T14:11:09Z",
            "2026-04-03T14:11:20Z",
            "2026-04-03T14:11:32Z",
            "2026-04-03T14:11:42Z",
            "2026-04-03T14:11:59Z",
            "2026-04-03T14:12:16Z",
            "2026-04-03T14:12:30Z",
            "2026-04-03T14:12:47Z",
            "2026-04-03T14:12:57Z",
            "2026-04-03T14:12:59Z",
            "2026-04-03T14:13:13Z",
            "2026-04-03T14:13:34Z",
            "2026-04-03T14:13:47Z",
            "2026-04-03T14:13:59Z",
            "2026-04-03T14:14:18Z",
            "2026-04-03T14:14:21Z",
            "2026-04-03T14:14:27Z",
            "2026-04-03T14:14:57Z",
            "2026-04-03T14:15:05Z",
            "2026-04-03T14:15:28Z",
            "2026-04-03T14:15:43Z",
            "2026-04-03T14:16:03Z",
            "2026-04-03T14:16:15Z",
            "2026-04-03T14:16:16Z",
            "2026-04-03T14:16:34Z",
            "2026-04-03T14:16:42Z",
            "2026-04-03T14:16:57Z",
            "2026-04-03T14:17:03Z",
            "2026-04-03T14:17:16Z",
            "2026-04-03T14:17:31Z",
            "2026-04-03T14:17:47Z",
            "2026-04-03T14:18:02Z",
            "2026-04-03T14:18:07Z",
            "2026-04-03T14:18:09Z",
            "2026-04-03T14:18:19Z",
            "2026-04-03T14:18:23Z",
            "2026-04-03T14:18:38Z",
            "2026-04-03T14:18:54Z",
            "2026-04-03T14:19:17Z",
            "2026-04-03T14:19:28Z",
            "2026-04-03T14:19:33Z",
            "2026-04-03T14:19:35Z",
            "2026-04-03T14:19:51Z",
            "2026-04-03T14:20:01Z",
            "2026-04-03T14:20:13Z",
            "2026-04-03T14:20:29Z",
            "2026-04-03T14:20:32Z",
            "2026-04-03T14:20:49Z",
            "2026-04-03T14:21:11Z",
            "2026-04-03T14:21:12Z",
            "2026-04-03T14:21:30Z",
            "2026-04-03T14:21:44Z",
            "2026-04-03T14:22:04Z",
            "2026-04-03T14:22:24Z",
            "2026-04-03T14:22:39Z",
            "2026-04-03T14:22:58Z",
            "2026-04-03T14:23:14Z",
            "2026-04-03T14:23:37Z",
            "2026-04-03T14:23:55Z",
            "2026-04-03T14:24:05Z",
            "2026-04-03T14:24:12Z",
            "2026-04-03T14:24:27Z",
            "2026-04-03T14:24:46Z",
            "2026-04-03T14:24:48Z",
            "2026-04-03T14:24:50Z",
            "2026-04-03T14:25:04Z",
            "2026-04-03T14:25:12Z",
            "2026-04-03T14:25:22Z",
            "2026-04-03T14:25:36Z",
            "2026-04-03T14:25:48Z",
            "2026-04-03T14:26:09Z",
            "2026-04-03T14:26:13Z",
            "2026-04-03T14:26:32Z",
            "2026-04-03T14:26:46Z",
            "2026-04-03T14:27:09Z",
            "2026-04-03T14:27:16Z",
            "2026-04-03T14:27:19Z",
            "2026-04-03T14:27:39Z",
            "2026-04-03T14:28:04Z",
            "2026-04-03T14:28:07Z",
            "2026-04-03T14:28:27Z",
            "2026-04-03T14:28:52Z",
            "2026-04-03T14:29:13Z",
            "2026-04-03T14:29:35Z",
            "2026-04-03T14:29:58Z",
            "2026-04-03T14:30:02Z",
            "2026-04-03T14:30:11Z",
            "2026-04-03T14:30:29Z",
            "2026-04-03T14:30:59Z",
            "2026-04-03T14:31:30Z",
            "2026-04-03T14:31:49Z",
            "2026-04-03T14:32:09Z",
            "2026-04-03T14:32:27Z",
            "2026-04-03T14:32:45Z",
            "2026-04-03T14:33:07Z",
            "2026-04-03T14:33:29Z",
            "2026-04-03T14:33:45Z",
            "2026-04-03T14:34:02Z",
            "2026-04-03T14:34:18Z",
            "2026-04-03T14:34:34Z",
            "2026-04-03T14:34:47Z",
            "2026-04-03T14:35:08Z",
            "2026-04-03T14:35:23Z",
            "2026-04-03T14:35:41Z",
            "2026-04-03T14:36:03Z",
            "2026-04-03T14:36:11Z",
            "2026-04-03T14:36:34Z",
            "2026-04-03T14:36:50Z",
            "2026-04-03T14:36:57Z",
            "2026-04-03T14:37:16Z",
            "2026-04-03T14:37:37Z",
            "2026-04-03T14:37:59Z",
            "2026-04-03T14:38:16Z",
            "2026-04-03T14:38:31Z",
            "2026-04-03T14:38:55Z",
            "2026-04-03T14:39:24Z",
            "2026-04-03T14:39:41Z",
            "2026-04-03T14:39:59Z",
            "2026-04-03T14:40:19Z",
            "2026-04-03T14:40:44Z",
            "2026-04-03T14:41:00Z",
            "2026-04-03T14:41:25Z",
            "2026-04-03T14:41:49Z",
            "2026-04-03T14:42:11Z",
            "2026-04-03T14:42:31Z",
            "2026-04-03T14:42:48Z",
            "2026-04-03T14:43:04Z",
            "2026-04-03T14:43:20Z",
            "2026-04-03T14:43:44Z",
            "2026-04-03T14:44:08Z",
            "2026-04-03T14:44:25Z",
            "2026-04-03T14:44:54Z",
            "2026-04-03T14:45:16Z",
            "2026-04-03T14:45:38Z",
            "2026-04-03T14:45:57Z",
            "2026-04-03T14:46:15Z",
            "2026-04-03T14:46:33Z",
            "2026-04-03T14:46:53Z",
            "2026-04-03T14:47:14Z",
            "2026-04-03T14:47:47Z",
            "2026-04-03T14:48:36Z",
            "2026-04-03T14:49:26Z",
            "2026-04-03T14:49:36Z",
            "2026-04-03T14:49:38Z",
            "2026-04-03T14:50:04Z",
            "2026-04-03T14:50:37Z"
          ]
        }
      },
      "geometry": {
        "type": "LineString",
        "coordinates": [
          [17.375149838626385, 61.961422031745315, 21.61],
          [17.375066857784986, 61.96143804118037, 20.02],
          [17.375000473111868, 61.9614658690989, 16.04],
          [17.374907936900854, 61.961510544642806, 12.97],
          [17.374766701832414, 61.96153971366584, 9.93],
          [17.37457442097366, 61.96163878776133, 6.87],
          [17.374351797625422, 61.961719673126936, 3.76],
          [17.37419874407351, 61.961772898212075, 0.41],
          [17.374186338856816, 61.96177759207785, 0.14],
          [17.37412347458303, 61.961787482723594, -2.98],
          [17.37410972826183, 61.96179033257067, -3.11],
          [17.374024484306574, 61.961802151054144, -3.37],
          [17.37363480962813, 61.96185369975865, -4.26],
          [17.373210852965713, 61.96186451241374, -3.17],
          [17.3727797716856, 61.961960485205054, -2.76],
          [17.372704250738025, 61.96200096979737, -2.35],
          [17.372401915490627, 61.96206676773727, -1.96],
          [17.372259004041553, 61.96208051405847, -1.14],
          [17.37200193107128, 61.96215729229152, -0.47],
          [17.37189481034875, 61.962192077189684, -0.83],
          [17.371569592505693, 61.962236166000366, -0.53],
          [17.371403547003865, 61.96225879713893, -0.83],
          [17.37113851122558, 61.96230322122574, -1.5],
          [17.370903315022588, 61.96238628588617, -1.59],
          [17.37080222927034, 61.962405145168304, -1.44],
          [17.370587401092052, 61.96238930337131, -1.67],
          [17.37038749270141, 61.96240648627281, -2.24],
          [17.37025598064065, 61.96238494478166, -2.32],
          [17.370159085839987, 61.96230657398701, -1.73],
          [17.36987150274217, 61.96226759813726, -1.97],
          [17.369754072278738, 61.96223692037165, -1.58],
          [17.369367498904467, 61.962133068591356, -2.05],
          [17.369290217757225, 61.96211286820471, -2.13],
          [17.369133895263076, 61.96208780631423, -2.67],
          [17.369073713198304, 61.96207221597433, -2.39],
          [17.368901129812002, 61.96199552156031, -2.72],
          [17.368874726817012, 61.96196224540472, -2.02],
          [17.36874128691852, 61.96180047467351, -1.54],
          [17.36862293444574, 61.96175361983478, -1.42],
          [17.36850868910551, 61.96175982244313, -1.57],
          [17.368129156529903, 61.96180374361575, -1.67],
          [17.36804399639368, 61.961826207116246, -1.67],
          [17.367882980033755, 61.961818747222424, -2.17],
          [17.367734285071492, 61.96182201616466, -1.82],
          [17.367431866005063, 61.961809694767, -2.51],
          [17.367048393934965, 61.9618184119463, -2.84],
          [17.366731641814113, 61.96186711080372, -2.09],
          [17.366710770875216, 61.96187281049788, -2.28],
          [17.36657557077706, 61.961895106360316, -1.71],
          [17.366123534739017, 61.96198856458068, -1.18],
          [17.365974001586437, 61.96200775913894, -1.59],
          [17.365572759881616, 61.96209358982742, -2.49],
          [17.3654596041888, 61.96210381574929, -2.48],
          [17.365261539816856, 61.96211462840438, -2.18],
          [17.36475460231304, 61.96217514574528, -2.19],
          [17.3643768299371, 61.96212510578334, -2.68],
          [17.36391255632043, 61.96204220876098, -3.07],
          [17.363646682351828, 61.961997617036104, -3.69],
          [17.363515673205256, 61.96197347715497, -3.69],
          [17.363225324079394, 61.96191136725247, -3.04],
          [17.3627121001482, 61.96181799285114, -3.03],
          [17.362076248973608, 61.961687402799726, -3.2],
          [17.361546009778976, 61.9615713134408, -3.5],
          [17.360975369811058, 61.96145949885249, -3.39],
          [17.36040380783379, 61.96133184246719, -3.02],
          [17.359865941107273, 61.96121357381344, -3.85],
          [17.35913336277008, 61.961046773940325, -3.61],
          [17.35841503366828, 61.96088399738073, -3.6],
          [17.357794102281332, 61.96073396131396, -3.64],
          [17.356962701305747, 61.96052759885788, -2.36],
          [17.3560999520123, 61.960325594991446, -2.86],
          [17.355520511046052, 61.96019978262484, -2.37],
          [17.354996893554926, 61.96008536964655, -1.05],
          [17.354365568608046, 61.95993675850332, 0],
          [17.353594349697232, 61.95975353009999, 2.4],
          [17.35297752544284, 61.959580443799496, 3.03],
          [17.3524908721447, 61.959436275064945, 4.28],
          [17.351869605481625, 61.95925505831838, 4.54],
          [17.351249679923058, 61.959078619256616, 3.23],
          [17.35087551176548, 61.95897904224694, 2.51],
          [17.350730001926422, 61.958934282884, 2.67],
          [17.35017579048872, 61.958766309544444, 0.89],
          [17.349569192156196, 61.958582578226924, -0.89],
          [17.348871733993292, 61.95840789936483, -1.32],
          [17.348082829266787, 61.95826314389706, -1.7],
          [17.347332062199712, 61.958141438663006, -2.61],
          [17.346734600141644, 61.95804102346301, -3.12],
          [17.346594957634807, 61.95801654830575, -2.7],
          [17.34597159549594, 61.95790180005133, -2.52],
          [17.34539357945323, 61.957806162536144, -2.59],
          [17.344802571460605, 61.95772787556052, -3.76],
          [17.344296975061297, 61.9576514326036, -6.03],
          [17.343872766941786, 61.957627879455686, -8.22],
          [17.34372155740857, 61.95763500407338, -8.6],
          [17.34366967342794, 61.95762821473181, -8.3],
          [17.343637822195888, 61.957578510046005, -7.79],
          [17.34378106892109, 61.95746686309576, -7.86],
          [17.34368534758687, 61.957481699064374, -9.16],
          [17.343682162463665, 61.957496367394924, -8.77],
          [17.343692556023598, 61.95748144760728, -8.78],
          [17.343716276809573, 61.95747038349509, -8.9],
          [17.34371652826667, 61.95740575902164, -8.64],
          [17.34372591599822, 61.95743761025369, -9.82],
          [17.34369993209839, 61.95742671377957, -9.26],
          [17.343715438619256, 61.95742906071246, -9.09],
          [17.34368878416717, 61.957478765398264, -9],
          [17.343682078644633, 61.95746962912381, -8.32],
          [17.343705464154482, 61.95748161524534, -7.88],
          [17.34369113110006, 61.957491589710116, -8.3],
          [17.343693897128105, 61.95747817866504, -8.17],
          [17.343714265152812, 61.957471473142505, -9.12],
          [17.343720300123096, 61.95745764300227, -8.47],
          [17.343708984553814, 61.957457307726145, -8.18],
          [17.34369750134647, 61.95744892582297, -7.92],
          [17.343705212697387, 61.95746200159192, -8.84],
          [17.343724826350808, 61.95743115618825, -7.18],
          [17.34371468424797, 61.9574302341789, -8.42],
          [17.343689957633615, 61.95753366686404, -7.72],
          [17.343694400042295, 61.957519920542836, -8.22],
          [17.343696327880025, 61.957514556124806, -8.02],
          [17.343707140535116, 61.95747415535152, -8.14],
          [17.34369616024196, 61.95749184116721, -7.98],
          [17.34367604367435, 61.957494523376226, -8.1],
          [17.343696746975183, 61.957479352131486, -7.64],
          [17.34368341974914, 61.957476921379566, -8.56],
          [17.34369850717485, 61.957472478970885, -7.4],
          [17.343671517446637, 61.957588735967875, -7.28],
          [17.34370194375515, 61.95757146924734, -7.14],
          [17.343697752803564, 61.95752788335085, -6.01],
          [17.343637151643634, 61.95753081701696, -6.32],
          [17.343605551868677, 61.957496870309114, -6.4],
          [17.343605300411582, 61.95744842290878, -6.23],
          [17.343562804162502, 61.95749276317656, -6.44],
          [17.343529779464006, 61.95750625804067, -6.49],
          [17.34350840561092, 61.957513047382236, -6.78],
          [17.34348594211042, 61.95752109400928, -6.99],
          [17.343466831371188, 61.95752587169409, -7],
          [17.3434507381171, 61.957531571388245, -6.91],
          [17.343436321243644, 61.95753861218691, -6.63],
          [17.34301144257188, 61.95761187002063, -5.52],
          [17.342524956911802, 61.95761723443866, -5.65],
          [17.342503499239683, 61.95761195383966, -6.03],
          [17.342484388500452, 61.957604913040996, -6.16],
          [17.34246661886573, 61.9575959444046, -6.14],
          [17.34244951978326, 61.95758689194918, -6.06],
          [17.342376010492444, 61.957561410963535, -6.18],
          [17.342353714630008, 61.957558477297425, -6.1],
          [17.34223167411983, 61.95751170627773, -5.81],
          [17.342256316915154, 61.95750625804067, -5.76],
          [17.342384308576584, 61.95750785060227, -4.76],
          [17.34237525612116, 61.95750583894551, -4.45],
          [17.34241339378059, 61.9574423879385, -5.73],
          [17.342461924999952, 61.95742084644735, -5.34],
          [17.342484639957547, 61.95739268325269, -4.52],
          [17.342381458729506, 61.95736879482865, -5.64],
          [17.342401323840022, 61.957359071820974, -6.39],
          [17.342423535883427, 61.95734960027039, -5.75],
          [17.34244323335588, 61.957340966910124, -6.28],
          [17.342462930828333, 61.95733233354986, -6.38],
          [17.34267147257924, 61.95719319395721, -6.85],
          [17.34277993440628, 61.95708313956857, -6.37],
          [17.34286098740995, 61.95704265497625, -6.89],
          [17.34295293688774, 61.9571125600487, -7.21],
          [17.342936005443335, 61.95711155422032, -7.39],
          [17.34295193105936, 61.9570797868073, -7.71],
          [17.343024518340826, 61.95704575628042, -7.81],
          [17.343037594109774, 61.95705623365939, -8.51],
          [17.343018148094416, 61.95705405436456, -8.16],
          [17.34301001764834, 61.95707056671381, -8.56],
          [17.34298654831946, 61.957081630825996, -8.41],
          [17.342975232750177, 61.95707442238927, -8.15],
          [17.342997696250677, 61.957046343013644, -6.93],
          [17.34299434348941, 61.957115828990936, -7.87],
          [17.342972718179226, 61.95713862776756, -8.48],
          [17.343020914122462, 61.957084480673075, -8.26],
          [17.34304916113615, 61.95705933496356, -8.97],
          [17.343047568574548, 61.9570486061275, -8.66],
          [17.34303055331111, 61.957052797079086, -8.6],
          [17.343031642958522, 61.95705933496356, -7.95],
          [17.343033235520124, 61.957057658582926, -8.25],
          [17.342997696250677, 61.957082552835345, -8.53],
          [17.342980513349175, 61.95710920728743, -8.38],
          [17.34297288581729, 61.957098729908466, -9.03],
          [17.34297833405435, 61.95710434578359, -8.05],
          [17.34295637346804, 61.957097221165895, -8.5],
          [17.34292795881629, 61.957094203680754, -9.04],
          [17.34295771457255, 61.95710426196456, -9.03],
          [17.342933993786573, 61.9571144040674, -9.17],
          [17.34290348365903, 61.95711549371481, -8.71],
          [17.342883367091417, 61.957097640261054, -8.11],
          [17.342734672129154, 61.95708422921598, -8.6],
          [17.34265487641096, 61.9571625161916, -8.35],
          [17.3428394459188, 61.957230158150196, -8.42],
          [17.342840787023306, 61.957181794568896, -8.02],
          [17.34282536432147, 61.95716477930546, -8.05],
          [17.34277842566371, 61.95716335438192, -8.86],
          [17.342638866975904, 61.95737206377089, -9.21],
          [17.34253074042499, 61.95739394053817, -8.83],
          [17.34246477484703, 61.957389414310455, -8.2],
          [17.342319348827004, 61.95738673210144, -8],
          [17.342158500105143, 61.95737348869443, -7.08],
          [17.341754408553243, 61.9572698045522, -8.15],
          [17.341441679745913, 61.95716871879995, -9.26],
          [17.341071953997016, 61.95730207487941, -8.37],
          [17.34059921465814, 61.95754540152848, -7.28],
          [17.340106274932623, 61.95780163630843, -6.62],
          [17.339702351018786, 61.957967430353165, -6.74],
          [17.33928811736405, 61.958074886351824, -6.76],
          [17.338915709406137, 61.9581866171211, -6.18],
          [17.338651763275266, 61.95821058936417, -6.17],
          [17.338307267054915, 61.958216121420264, -5.38],
          [17.33819419518113, 61.95820773951709, -6.49],
          [17.33770150691271, 61.958171697333455, -5.71],
          [17.337043024599552, 61.958107156679034, -5.69],
          [17.336489064618945, 61.958048986271024, -4.36],
          [17.3364688642323, 61.95802627131343, -4.48],
          [17.336445646360517, 61.95802979171276, -4.42],
          [17.335786409676075, 61.95795888081193, -3.58],
          [17.33508844859898, 61.95790221914649, -2.13],
          [17.3348181322217, 61.95783298462629, -1.67],
          [17.334076752886176, 61.957852682098746, -1.4],
          [17.333610886707902, 61.95787254720926, 0.24],
          [17.33293505385518, 61.957899536937475, 2.13],
          [17.332206834107637, 61.95799894630909, 3.08],
          [17.33152630738914, 61.95812945254147, 3.4],
          [17.330741174519062, 61.95834193378687, 3.76],
          [17.330151926726103, 61.958533711731434, 3.62],
          [17.329677511006594, 61.95873353630304, 2.73],
          [17.329267133027315, 61.95889170281589, 2.64],
          [17.32889791019261, 61.959060933440924, 2.93],
          [17.328389463946223, 61.95928020402789, 2.79],
          [17.327864840626717, 61.959513975307345, 3.37],
          [17.327280370518565, 61.9597686175257, 3.12],
          [17.326765805482864, 61.959960144013166, 4.13],
          [17.32623196206987, 61.96013079956174, 3.96],
          [17.32551514171064, 61.96032240986824, 5.05],
          [17.32504516839981, 61.96044193580747, 6.67],
          [17.324998984113336, 61.96048594079912, 7.41],
          [17.324890606105328, 61.96055995300412, 7.15],
          [17.324881553649902, 61.96057403460145, 7.9],
          [17.32490594498813, 61.96057981811464, 7.14],
          [17.32490007765591, 61.96058618836105, 7.71],
          [17.32490628026426, 61.96057587862015, 7.75],
          [17.32492094859481, 61.96057009510696, 7.75],
          [17.324930587783456, 61.96077913977206, 5.41],
          [17.32470117509365, 61.961039481684566, 3.4],
          [17.324341256171465, 61.961187003180385, 2.81],
          [17.324038418009877, 61.961306780576706, 3.4],
          [17.323958203196526, 61.961384899914265, 3.45],
          [17.32392710633576, 61.961441142484546, 2.86],
          [17.32362133450806, 61.96164800785482, 2.39],
          [17.323508514091372, 61.961699556559324, 3.08],
          [17.32344774529338, 61.96174657903612, 3.01],
          [17.323080701753497, 61.96189820766449, 2.1],
          [17.322832262143493, 61.96199342608452, 2.02],
          [17.322544511407614, 61.962197022512555, 1.12],
          [17.32235139235854, 61.96243381127715, 1.04],
          [17.32234979979694, 61.962498016655445, 1.02],
          [17.322326749563217, 61.96259558200836, 0.73],
          [17.32209230773151, 61.96284812875092, 0.21],
          [17.32175133191049, 61.9630341231823, 0.26],
          [17.321421084925532, 61.96315138600767, -0.29],
          [17.32132519595325, 61.96318097412586, 0.31],
          [17.321229809895158, 61.96319656446576, -0.18],
          [17.320893025025725, 61.96324911899865, -0.21],
          [17.320506619289517, 61.96332262828946, 1.15],
          [17.32019213028252, 61.9634329341352, 1.21],
          [17.320075957104564, 61.96349697187543, 1.4],
          [17.320059863850474, 61.963500743731856, 1.24],
          [17.319789128378034, 61.963544664904475, 1.91],
          [17.31964328326285, 61.96362697519362, 2.65],
          [17.31962232850492, 61.96363954804838, 3.03],
          [17.31920398771763, 61.96370668709278, 1.51],
          [17.318896623328328, 61.96380542591214, 2.47],
          [17.318574590608478, 61.96386778727174, 3.34],
          [17.318477360531688, 61.96387952193618, 3.57],
          [17.318300418555737, 61.96394070982933, 4.91],
          [17.318167565390468, 61.964001562446356, 4.03],
          [17.318175612017512, 61.96408370509744, 2.53],
          [17.31826043687761, 61.96416014805436, 2.76],
          [17.31825767084956, 61.964205326512456, 2.1],
          [17.318152142688632, 61.96424748748541, 1.83],
          [17.318129930645227, 61.96423809975386, 2.04],
          [17.318136552348733, 61.96422175504267, 1.57],
          [17.3181261587888, 61.964199962094426, 2.2],
          [17.318137725815177, 61.96416920050979, 1.62],
          [17.31810419820249, 61.96418018080294, 2.37],
          [17.31806555762887, 61.96414631791413, 2.35],
          [17.318067317828536, 61.96418076753616, 2.41],
          [17.318133870139718, 61.96413458324969, 1.4],
          [17.318188520148396, 61.96413609199226, 2.15],
          [17.318169493228197, 61.96412100456655, 2.25],
          [17.318118615075946, 61.96416090242565, 2.18],
          [17.318109227344394, 61.96417959406972, 2.36],
          [17.318089110776782, 61.964197950437665, 2.77],
          [17.318024905398488, 61.96422376669943, 2.23],
          [17.318058516830206, 61.964208176359534, 2.45],
          [17.318121045827866, 61.964210607111454, 1.93],
          [17.318152645602822, 61.964144222438335, 2.14],
          [17.318129846826196, 61.96421043947339, 1.97],
          [17.318120039999485, 61.96419727988541, 1.49],
          [17.31809489428997, 61.9642012193799, 2.03],
          [17.318096989765763, 61.96423156186938, 1.58],
          [17.318277787417173, 61.964237093925476, 2.38],
          [17.31837786734104, 61.964242374524474, 2.47],
          [17.31849948875606, 61.96424916386604, 2.96],
          [17.31847601942718, 61.96429283358157, 3.26],
          [17.31847166083753, 61.96437665261328, 4.29],
          [17.318590683862567, 61.96461075916886, 4.46],
          [17.318710293620825, 61.964761381968856, 4.42],
          [17.318693278357387, 61.964774960651994, 4.18],
          [17.318491777405143, 61.96489934809506, 3.13],
          [17.318308297544718, 61.96497520431876, 2.81],
          [17.31819648295641, 61.96501853875816, 1.97],
          [17.317944522947073, 61.965145440772176, 2.76],
          [17.317908564582467, 61.96516857482493, 2.22],
          [17.31773229315877, 61.96530067361891, 3.68],
          [17.317762468010187, 61.96538113988936, 4.84],
          [17.317848298698664, 61.9654031842947, 5.65],
          [17.31804016046226, 61.96541743353009, 5.64],
          [17.318582637235522, 61.96546236053109, 6.12],
          [17.318615410476923, 61.9655947946012, 7.2],
          [17.318678107112646, 61.965648271143436, 7.88],
          [17.318728985264897, 61.965667214244604, 8.23],
          [17.31871926225722, 61.96575245819986, 7.01],
          [17.318741977214813, 61.96580191142857, 6.82],
          [17.318715238943696, 61.965796714648604, 6.72],
          [17.31869679875672, 61.96577190421522, 6.44],
          [17.31873636133969, 61.96569973602891, 7.31],
          [17.318668719381094, 61.965573001652956, 7.02],
          [17.31863628141582, 61.965553387999535, 6.3],
          [17.318577356636524, 61.96553494781256, 6.79],
          [17.31844626367092, 61.965469820424914, 6.6],
          [17.317847460508347, 61.9654240552336, 5.56],
          [17.31751587241888, 61.965399915352464, 5.74],
          [17.316928720101714, 61.9653653819114, 6.75],
          [17.316472409293056, 61.965324310585856, 8.88],
          [17.316248109564185, 61.96530092507601, 9.76],
          [17.315812669694424, 61.965257842093706, 11.88],
          [17.31547093950212, 61.96524971164763, 12.49],
          [17.3151611443609, 61.965251890942454, 13.5],
          [17.314985878765583, 61.965240240097046, 13.36],
          [17.314635515213013, 61.96516388095915, 14.03],
          [17.314537279307842, 61.96513982489705, 14.02],
          [17.314240224659443, 61.96510151959956, 14.52],
          [17.313939817249775, 61.96506841108203, 16.77],
          [17.313864128664136, 61.96504854597151, 16.77],
          [17.313324753195047, 61.96502046659589, 19.27],
          [17.31279124505818, 61.96506296284497, 19.4],
          [17.312686555087566, 61.965073524042964, 19.02],
          [17.31249905191362, 61.96494687348604, 19.05],
          [17.31241405941546, 61.96493983268738, 19.06],
          [17.3123808670789, 61.96496548131108, 19.17],
          [17.312291599810123, 61.96500604972243, 19.32],
          [17.31211608275771, 61.96503949351609, 19.39],
          [17.312049949541688, 61.965057933703065, 20.02],
          [17.312048440799117, 61.96507268585265, 19.85],
          [17.312040394172072, 61.96506857872009, 19.64],
          [17.312000077217817, 61.96511384099722, 19.03],
          [17.31197476387024, 61.965092131868005, 20.17],
          [17.311996472999454, 61.965097412467, 20.6],
          [17.311972668394446, 61.96510068140924, 20.01],
          [17.312001334503293, 61.96510847657919, 19.48],
          [17.31199429370463, 61.9651098176837, 20.47],
          [17.31199144385755, 61.96509665809572, 19.83],
          [17.31200468726456, 61.96510126814246, 20],
          [17.311955066397786, 61.96508374996483, 21.41],
          [17.31166153214872, 61.96482349187136, 21.98],
          [17.31151702813804, 61.9646209012717, 23.35],
          [17.311431532725692, 61.96451084688306, 23.16],
          [17.311329524964094, 61.96430624462664, 25.27],
          [17.31125115416944, 61.96409367956221, 27.06],
          [17.311157947406173, 61.96390198543668, 28.09],
          [17.31106063351035, 61.96372965350747, 29.31],
          [17.310957619920373, 61.96350811980665, 29.58],
          [17.310973461717367, 61.96327895857394, 29.98],
          [17.311029704287648, 61.963157169520855, 29.22],
          [17.31117303483188, 61.963072679936886, 30.55],
          [17.31137520633638, 61.96292138658464, 30.97],
          [17.311534378677607, 61.962679820135236, 31.52],
          [17.31160051189363, 61.962449569255114, 30.83],
          [17.311557764187455, 61.96222309023142, 31.55],
          [17.311415607109666, 61.961980015039444, 31.08],
          [17.311403369531035, 61.9619666878134, 30.62],
          [17.311223996803164, 61.96175638586283, 31.33],
          [17.310972372069955, 61.961543234065175, 32.14],
          [17.310525365173817, 61.961299404501915, 31.93],
          [17.31021280400455, 61.96106982417405, 31.69],
          [17.310326797887683, 61.96077771484852, 33.21],
          [17.310388404875994, 61.960487281903625, 31.91],
          [17.310490161180496, 61.96024336852133, 31.45],
          [17.310586972162127, 61.96015234105289, 31.47],
          [17.310734409838915, 61.95990054868162, 30.17],
          [17.31073365546763, 61.959766102954745, 30.24],
          [17.31064623221755, 61.95950601249933, 30.86],
          [17.310650339350104, 61.959262769669294, 31.05],
          [17.31073466129601, 61.95907233282924, 32.04],
          [17.31101713143289, 61.958847949281335, 32.31],
          [17.311280826106668, 61.95869682356715, 33.62],
          [17.311474615707994, 61.95850093849003, 36.52],
          [17.31162205338478, 61.95832014083862, 37.53],
          [17.31178415939212, 61.95811461657286, 37.97],
          [17.311923131346703, 61.95788813754916, 35.78],
          [17.311937464401126, 61.957653695717454, 33.61],
          [17.311959257349372, 61.9573958683759, 31.65],
          [17.312027318403125, 61.957172490656376, 30.81],
          [17.312189675867558, 61.95686931721866, 29.74],
          [17.312337029725313, 61.95661869831383, 30.17],
          [17.312419340014458, 61.95638417266309, 30.31],
          [17.312494525685906, 61.95616892538965, 31.75],
          [17.312467535957694, 61.955957701429725, 34.15],
          [17.31256954371929, 61.95580112747848, 35.52],
          [17.31273709796369, 61.9555464014411, 34.67],
          [17.312873974442482, 61.95527331903577, 31.56],
          [17.31312300078571, 61.955022029578686, 32.14],
          [17.313216123729944, 61.95475146174431, 33.44],
          [17.31315736658871, 61.95446806959808, 32.52],
          [17.313169268891215, 61.95426179096103, 33.29],
          [17.31324277818203, 61.95403371937573, 33.73],
          [17.313374038785696, 61.95379517041147, 33.02],
          [17.313661705702543, 61.95355771109462, 34.48],
          [17.3137036152184, 61.95350448600948, 34.82],
          [17.313651898875833, 61.95354220457375, 34.56],
          [17.31368307955563, 61.953532230108976, 34.16],
          [17.313706716522574, 61.95347464643419, 33.86],
          [17.31377050280571, 61.95342686958611, 34.96],
          [17.313983738422394, 61.95321874693036, 35.78],
          [17.31423620134592, 61.95299486629665, 38.2],
          [17.314612213522196, 61.95278079248965, 36.39],
          [17.314978167414665, 61.952587673440576, 38.52],
          [17.315316209569573, 61.95238005369902, 39.07],
          [17.315345462411642, 61.952355494722724, 39.18],
          [17.315474543720484, 61.95213873870671, 38.74],
          [17.315537240356207, 61.95197604596615, 38.17],
          [17.315630447119474, 61.95182357914746, 37.47],
          [17.315706303343177, 61.95178317837417, 37.64],
          [17.315788194537163, 61.95169131271541, 37.38],
          [17.31612229719758, 61.95147807709873, 36.33],
          [17.31640770100057, 61.951257633045316, 35.63],
          [17.316366797313094, 61.95096795447171, 35.77],
          [17.31630502268672, 61.9507575687021, 36.21],
          [17.316362354904413, 61.95050208829343, 36.31],
          [17.316439300775528, 61.95023311302066, 36.36],
          [17.31634114868939, 61.94993647746742, 37.56],
          [17.316033951938152, 61.9496800750494, 38.23],
          [17.315570851787925, 61.94953138008714, 38.91],
          [17.315161395817995, 61.949392072856426, 40.98],
          [17.314712125808, 61.94926626048982, 42.57],
          [17.314423033967614, 61.94919736124575, 43.14],
          [17.313998322933912, 61.949058724567294, 44.84],
          [17.31378123164177, 61.94889879785478, 43.94],
          [17.313451739028096, 61.948678186163306, 45.26],
          [17.313310420140624, 61.948609706014395, 44.99],
          [17.3131856136024, 61.948567628860474, 44.92],
          [17.312750928103924, 61.94840175099671, 44.42],
          [17.312230160459876, 61.94827929139137, 42.62],
          [17.311907624825835, 61.94825682789087, 41.35],
          [17.311702268198133, 61.948252469301224, 40.05],
          [17.3114690836519, 61.94826152175665, 40.76],
          [17.311381325125694, 61.94826789200306, 40.77],
          [17.310864413157105, 61.94825364276767, 39.85],
          [17.310446659103036, 61.94826546125114, 40.31],
          [17.310416651889682, 61.94826210848987, 40.33],
          [17.309856405481696, 61.948310220614076, 40.79],
          [17.309362459927797, 61.94822103716433, 40.14],
          [17.308956859633327, 61.94816563278437, 41.27],
          [17.30880355462432, 61.94816127419472, 41.22],
          [17.308274991810322, 61.94818231277168, 40.63],
          [17.30779060162604, 61.94814920425415, 41.92],
          [17.3072175309062, 61.94806890562177, 42.99],
          [17.30666005052626, 61.9479669816792, 43.63],
          [17.30615428648889, 61.94780948571861, 42.52],
          [17.305706944316626, 61.94763086736202, 41.52],
          [17.30554291047156, 61.94747102446854, 39.86],
          [17.30550343170762, 61.947402376681566, 39.94],
          [17.30547451414168, 61.94733817130327, 39.44],
          [17.305454649031162, 61.94718318991363, 38.82],
          [17.305441489443183, 61.94713415578008, 39.02],
          [17.305453894659877, 61.947041200473905, 39.21],
          [17.305448865517974, 61.94704296067357, 39.1],
          [17.305494714528322, 61.94699116051197, 38.53],
          [17.305569564923644, 61.94686375558376, 39.06],
          [17.3057584092021, 61.94676769897342, 39.1],
          [17.305906265974045, 61.94660819135606, 39.04],
          [17.305924706161022, 61.9465839676559, 38.97],
          [17.305890256538987, 61.94631725549698, 39.29],
          [17.30584147386253, 61.94626294076443, 38.89],
          [17.30566863901913, 61.94618398323655, 38.43],
          [17.30523755773902, 61.94606311619282, 38.76],
          [17.30495416559279, 61.946022380143404, 39.16],
          [17.304989453405142, 61.94603277370334, 38.88],
          [17.30498199351132, 61.94603964686394, 39.75],
          [17.30492340400815, 61.94601844064891, 39.73],
          [17.30488669127226, 61.94600377231836, 39.72],
          [17.304786695167422, 61.94595800712705, 40.69],
          [17.304558707401156, 61.94584384560585, 43.69],
          [17.30432284064591, 61.94571677595377, 44.2],
          [17.3042646702379, 61.94568945094943, 44.15],
          [17.304077921435237, 61.94559171795845, 42.37],
          [17.303966861218214, 61.945521812886, 41.16],
          [17.303829984739423, 61.94542751647532, 38.07],
          [17.303496217355132, 61.94522467441857, 35.49],
          [17.303196731954813, 61.94500381127, 34.08],
          [17.302902694791555, 61.94485193118453, 32.39],
          [17.30261854827404, 61.944726118817925, 32.17],
          [17.302579740062356, 61.944676246494055, 31.82],
          [17.302552415058017, 61.944614136591554, 31.9],
          [17.302555013448, 61.944605419412255, 31.75],
          [17.302370695397258, 61.94451464340091, 32.21],
          [17.302274890244007, 61.944482289254665, 31.32],
          [17.30221780948341, 61.94441506639123, 31.92],
          [17.302063331007957, 61.94436050020158, 31.57],
          [17.30183769017458, 61.94431448355317, 31.26],
          [17.301656138151884, 61.94431892596185, 30.54],
          [17.30161439627409, 61.94430551491678, 30.93],
          [17.30123084038496, 61.944175343960524, 30.36],
          [17.30100804939866, 61.94413502700627, 29.81],
          [17.300921380519867, 61.94411055184901, 30.04],
          [17.3004965018481, 61.94398851133883, 29.16],
          [17.300176145508885, 61.94385649636388, 26.37],
          [17.29991446249187, 61.94365910254419, 26.14],
          [17.299752943217754, 61.94350537844002, 26.4],
          [17.299704579636455, 61.943467408418655, 25.92],
          [17.299495954066515, 61.9433374889195, 24.63],
          [17.299166545271873, 61.94317949004471, 22.66],
          [17.299014246091247, 61.94309877231717, 21.52],
          [17.29838451370597, 61.942952843382955, 19.66],
          [17.298075975850224, 61.94287866353989, 18.97],
          [17.297729551792145, 61.942843459546566, 19.47],
          [17.297182716429234, 61.942821415141225, 17.86],
          [17.296791533008218, 61.94281672127545, 17.54],
          [17.296123579144478, 61.94278637878597, 17.08],
          [17.296001370996237, 61.94281269796193, 16.15],
          [17.295709513127804, 61.94288226775825, 16.32],
          [17.295291842892766, 61.942915208637714, 15.75],
          [17.295035859569907, 61.94288813509047, 14.35],
          [17.29468658566475, 61.942789647728205, 13.9],
          [17.2943386528641, 61.942637683823705, 14.35],
          [17.293883599340916, 61.942479433491826, 12.43],
          [17.293554861098528, 61.94239477626979, 10.91],
          [17.293488644063473, 61.942350352182984, 11.13],
          [17.293539438396692, 61.94219034165144, 11.15],
          [17.293587969616055, 61.94201440550387, 11.96],
          [17.29346157051623, 61.941876942291856, 9.72],
          [17.293426366522908, 61.94179899059236, 9.25],
          [17.293389989063144, 61.941736210137606, 9.1],
          [17.29326903820038, 61.94167979992926, 9.04],
          [17.292828233912587, 61.941587598994374, 6.93],
          [17.292732847854495, 61.94155549630523, 6.07],
          [17.292549619451165, 61.941368663683534, 4.35],
          [17.29251081123948, 61.94134175777435, 4.24],
          [17.292532520368695, 61.94114679470658, 3.12],
          [17.2929725702852, 61.940956357866526, 4.25],
          [17.293428629636765, 61.94073465652764, 4.99],
          [17.29376315139234, 61.940596271306276, 5.61],
          [17.29412902146578, 61.94040742702782, 4.96],
          [17.29415408335626, 61.94040063768625, 5.26],
          [17.294575944542885, 61.94023140706122, 4.72],
          [17.29488699696958, 61.94006184116006, 4.22],
          [17.295230235904455, 61.93983578123152, 2.95],
          [17.295658383518457, 61.939529506489635, 3.14],
          [17.296018302440643, 61.939197247847915, 2.12],
          [17.296242685988545, 61.93888686597347, 3.07],
          [17.29642666876316, 61.93851454183459, 4.89],
          [17.296604197472334, 61.9381651841104, 6.44],
          [17.296783151105046, 61.937797302380204, 7.49],
          [17.296953722834587, 61.93743411451578, 8.04],
          [17.297070398926735, 61.9372240640223, 7.68],
          [17.29727491736412, 61.93698853254318, 7.73],
          [17.29753576219082, 61.93675543181598, 7.23],
          [17.297608517110348, 61.936696423217654, 6.94],
          [17.297851173207164, 61.936511266976595, 6.35],
          [17.298113275319338, 61.93630691617727, 4.6],
          [17.29845106601715, 61.9360913336277, 3.61],
          [17.298694225028157, 61.93591573275626, 2.3],
          [17.29896269738674, 61.93573887459934, 1.52],
          [17.29921666905284, 61.93559378385544, 0.89],
          [17.299465527758002, 61.935480209067464, 0.48],
          [17.29980885051191, 61.93532455712557, -0.65],
          [17.300174804404378, 61.93517519161105, 0.25],
          [17.30062197893858, 61.93498115055263, -0.28],
          [17.30092884041369, 61.93477604538202, 0.42],
          [17.301170909777284, 61.934613855555654, 1.84],
          [17.30147810652852, 61.934438003227115, 2.29],
          [17.30189627967775, 61.93418042734265, 2.27],
          [17.302328450605273, 61.93390466272831, 1.21],
          [17.302804039791226, 61.93363635800779, -0.71],
          [17.30330510996282, 61.93343720398843, -2.48],
          [17.303978176787496, 61.93325690925121, -4.02],
          [17.304657446220517, 61.933137802407146, -4.45],
          [17.30517595075071, 61.9330470263958, -5.12],
          [17.30563636869192, 61.932960357517004, -5.19],
          [17.30610877275467, 61.9328604452312, -4.73],
          [17.306597605347633, 61.93275198340416, -4.73],
          [17.307077469304204, 61.93263279274106, -5.55],
          [17.30775447562337, 61.93254570476711, -6.37],
          [17.308221850544214, 61.9325081538409, -6.39],
          [17.308415304869413, 61.93248342722654, -6],
          [17.30890237726271, 61.93240933120251, -6.41],
          [17.309222985059023, 61.93232836201787, -6.22],
          [17.30959958396852, 61.93218410946429, -6.39],
          [17.30997576378286, 61.93203357048333, -6.31],
          [17.31041455641389, 61.9318572152406, -6.39],
          [17.31086323969066, 61.931676836684346, -6.4],
          [17.311408817768097, 61.9314494356513, -5.45],
          [17.311824895441532, 61.93128548562527, -5.43],
          [17.31233987957239, 61.93106286227703, -5.46],
          [17.312827706336975, 61.93080956116319, -6.34],
          [17.313339756801724, 61.93057419732213, -8.16],
          [17.31389262713492, 61.93035081960261, -8.78],
          [17.31452445499599, 61.930260295048356, -9.14],
          [17.31509760953486, 61.930255349725485, -9.25],
          [17.315714601427317, 61.930253840982914, -8.5],
          [17.316098576411605, 61.93025526590645, -9.37],
          [17.316301334649324, 61.93027328699827, -8.98],
          [17.316403090953827, 61.93020774051547, -11.43],
          [17.316413400694728, 61.930150995031, -10.44],
          [17.316403929144144, 61.930151749402285, -10.39],
          [17.316414657980204, 61.930171865969896, -7.38],
          [17.316607274115086, 61.93024881184101, -7.15],
          [17.316677598282695, 61.93024965003133, -7.63],
          [17.317205658182502, 61.9302511587739, -7.99],
          [17.317629363387823, 61.93023548461497, -8.66],
          [17.317960783839226, 61.930112186819315, -9.24],
          [17.317975535988808, 61.92989601753652, -9.34],
          [17.317986097186804, 61.92985930480063, -9.11],
          [17.317959694191813, 61.92967180162668, -8.69],
          [17.318096067756414, 61.92946686409414, -7.08],
          [17.318638879805803, 61.92924415692687, -6.64],
          [17.319228211417794, 61.92911331541836, -7.47],
          [17.319665662944317, 61.9290666282177, -8.22],
          [17.320173271000385, 61.929013235494494, -8.69],
          [17.320602675899863, 61.92897241562605, -8.34],
          [17.32112344354391, 61.92889915779233, -8.59],
          [17.321619736030698, 61.9287817273289, -9.3],
          [17.32180405408144, 61.92871383391321, -8.36],
          [17.32220278121531, 61.92854695022106, -9.17],
          [17.322641741484404, 61.92835793830454, -8.45],
          [17.323049269616604, 61.928200693801045, -9.35],
          [17.323594093322754, 61.92804101854563, -9.57],
          [17.32404093258083, 61.927944207563996, -9.61],
          [17.324345698580146, 61.9278318900615, -9.1],
          [17.3246365506202, 61.92773658782244, -9.14],
          [17.324913991615176, 61.92758177407086, -8.99],
          [17.325222697108984, 61.927455039694905, -8.35],
          [17.325247675180435, 61.92745168693364, -8.44],
          [17.3252737428993, 61.927448166534305, -8.05],
          [17.325302911922336, 61.927444813773036, -7.93],
          [17.325329398736358, 61.92744053900242, -7.89],
          [17.3253564722836, 61.92743534222245, -7.71],
          [17.325385054573417, 61.92743089981377, -8.01],
          [17.325413301587105, 61.92742553539574, -8.38],
          [17.32544188387692, 61.927419416606426, -8.09],
          [17.325470969080925, 61.92741530947387, -8.08],
          [17.3255015630275, 61.92740969359875, -7.61],
          [17.325533414259553, 61.92740357480943, -7.81],
          [17.325881933793426, 61.92734305746853, -7.96],
          [17.32633019797504, 61.92726426757872, -7.8],
          [17.326431032270193, 61.92725203000009, -7.67],
          [17.32674116268754, 61.92716175690293, -7.35],
          [17.327103009447455, 61.92710509523749, -7],
          [17.327189426869154, 61.927097300067544, -7.64],
          [17.327608102932572, 61.92700518295169, -7.69],
          [17.32781077735126, 61.926948856562376, -7.21],
          [17.32783860526979, 61.92694466561079, -7.52],
          [17.328236745670438, 61.926811980083585, -7.37],
          [17.328576799482107, 61.92670242860913, -7.04],
          [17.32894920744002, 61.9265900272876, -6.24],
          [17.329224217683077, 61.926498245447874, -6.28],
          [17.329329662024975, 61.92647410556674, -6.88],
          [17.329344833269715, 61.92646438255906, -7.64],
          [17.32941976748407, 61.92642146721482, -7.38],
          [17.32952336780727, 61.92636304534972, -7.3],
          [17.329534264281392, 61.92635198123753, -7.1],
          [17.32954742386937, 61.926341000944376, -7.76],
          [17.329929806292057, 61.926192473620176, -7.91],
          [17.330243457108736, 61.92610404454172, -9.14],
          [17.33024655841291, 61.926094237715006, -9.15],
          [17.330221999436617, 61.92606506869197, -9.13],
          [17.330212779343128, 61.92605450749397, -9.13],
          [17.33018788509071, 61.92601771093905, -8.16],
          [17.330200374126434, 61.9260099157691, -8.15],
          [17.33021722175181, 61.92600212059915, -7.43],
          [17.33025141991675, 61.92597420886159, -7.87],
          [17.330290898680687, 61.92593707703054, -6.8],
          [17.33048502355814, 61.925916373729706, -6.22],
          [17.33074746094644, 61.925907572731376, -6.74],
          [17.330766739323735, 61.92589960992336, -6.24],
          [17.33081971295178, 61.92588033154607, -6.01],
          [17.33117745257914, 61.92583104595542, -6.78],
          [17.331607528030872, 61.92575820721686, -7.62],
          [17.331703081727028, 61.925659803673625, -7.32],
          [17.331722443923354, 61.92565158940852, -7.5],
          [17.33174281194806, 61.92564672790468, -7.98],
          [17.331824116408825, 61.925617307424545, -8.23],
          [17.331828642636538, 61.9256058242172, -8.05],
          [17.33182822354138, 61.92559375427663, -8.14],
          [17.33182822354138, 61.92558092996478, -7.98],
          [17.331833420321345, 61.92556877620518, -7.6],
          [17.331845490261912, 61.92555779591203, -7.38],
          [17.331857979297638, 61.925546480342746, -7.26],
          [17.331872144713998, 61.92553591914475, -7],
          [17.331887986510992, 61.92552602849901, -6.81],
          [17.331898966804147, 61.92551555112004, -6.69],
          [17.331911204382777, 61.92550482228398, -6.24],
          [17.33192461542785, 61.925492668524384, -6.81],
          [17.33193819411099, 61.92548118531704, -6.96],
          [17.33228227123618, 61.92535646259785, -7.47],
          [17.332643447443843, 61.925329975783825, -8.78],
          [17.332891803234816, 61.925158649683, -7.94],
          [17.333003031089902, 61.92498221062124, -5.62],
          [17.3330757021904, 61.924850111827254, -5.76],
          [17.333098836243153, 61.924842316657305, -5.7],
          [17.333602337166667, 61.92476788535714, -6.49],
          [17.33364751562476, 61.92475598305464, -7.22],
          [17.33364298939705, 61.9247579947114, -7.57],
          [17.333612479269505, 61.92476151511073, -7.85],
          [17.333648018538952, 61.92476109601557, -7.17],
          [17.333665369078517, 61.924736788496375, -7.05],
          [17.333702417090535, 61.92471910268068, -7.21],
          [17.333719432353973, 61.9247130677104, -7.3],
          [17.333738962188363, 61.92470678128302, -6.9],
          [17.33375731855631, 61.92470074631274, -7.75],
          [17.333858320489526, 61.924680126830935, -7.34],
          [17.334224358201027, 61.92465238273144, -7.71],
          [17.334322342649102, 61.92463595420122, -7.43],
          [17.33463389798999, 61.92462773993611, -7.95],
          [17.334773037582636, 61.924582812935114, -6.98],
          [17.335102278739214, 61.924546267837286, -7.16],
          [17.33536345884204, 61.92454006522894, -7],
          [17.335378881543875, 61.92453277297318, -7.31],
          [17.33539581298828, 61.924525648355484, -7.63],
          [17.33541877940297, 61.92452170886099, -7.26],
          [17.33544216491282, 61.92451944574714, -7.06],
          [17.33566738665104, 61.92448893561959, -8.17],
          [17.335977936163545, 61.92440033890307, -7.56],
          [17.336008362472057, 61.924368320032954, -7.33],
          [17.33601003885269, 61.92435524426401, -7.26],
          [17.3360129725188, 61.92431534640491, -7.57],
          [17.3358525428921, 61.92413362674415, -6.17],
          [17.335814237594604, 61.92409339360893, -5.61],
          [17.335697812959552, 61.92393405362964, -4.06],
          [17.335652383044362, 61.923898346722126, -3.69],
          [17.335653640329838, 61.923701371997595, -1.93],
          [17.335639307275414, 61.92365678027272, -1.85],
          [17.335630590096116, 61.92364487797022, -1.64],
          [17.335573257878423, 61.92363305948675, -1.9],
          [17.335547525435686, 61.92363423295319, -1.93],
          [17.335521122440696, 61.92363423295319, -1.55],
          [17.335495054721832, 61.92363481968641, -1.89],
          [17.335468232631683, 61.92363599315286, -1.73],
          [17.335139494389296, 61.923603722825646, -0.31],
          [17.33523404225707, 61.92354655824602, 1.15],
          [17.33525105752051, 61.923537673428655, 0.71],
          [17.335269581526518, 61.92352920770645, 1.12],
          [17.335311574861407, 61.92345988936722, 0.08],
          [17.335441578179598, 61.923362743109465, 0.25],
          [17.335464796051383, 61.923359809443355, 0.12],
          [17.33548960648477, 61.923356372863054, 0.18],
          [17.33551307581365, 61.92335117608309, 0.46],
          [17.335536126047373, 61.923345224931836, 0.81],
          [17.33555356040597, 61.9233385194093, 0.79],
          [17.33560980297625, 61.92327473312616, 0.2],
          [17.33572220429778, 61.92319544032216, 0.49],
          [17.335737459361553, 61.923187896609306, 0.61],
          [17.335757659748197, 61.923180520534515, 0.27],
          [17.335776099935174, 61.923173144459724, 0.16],
          [17.33603585511446, 61.92304582335055, -0.67],
          [17.3361823707819, 61.92297256551683, -1.21],
          [17.336408514529467, 61.92288380116224, -1.03],
          [17.336469534784555, 61.922871731221676, -1.15],
          [17.336545893922448, 61.922875167801976, -1.46],
          [17.336568608880043, 61.92287005484104, -1.78],
          [17.33658704906702, 61.922863852232695, -1.69],
          [17.336605824530125, 61.92285723052919, -1.39],
          [17.33662468381226, 61.92285035736859, -1.84],
          [17.336658630520105, 61.92283686250448, -1.72],
          [17.336683608591557, 61.9228324200958, -1.39],
          [17.336705150082707, 61.9228255469352, -1.48],
          [17.336730044335127, 61.92281967960298, -1.23],
          [17.336763571947813, 61.92280392162502, -1.17],
          [17.33678109012544, 61.922795036807656, -1.26],
          [17.336865160614252, 61.92277802154422, -1.07],
          [17.33688703738153, 61.92277525551617, -1.25],
          [17.33690807595849, 61.92277022637427, -1.33],
          [17.3371734470129, 61.922647934406996, -1.64],
          [17.337273778393865, 61.92260074429214, -1.37],
          [17.33728291466832, 61.922589261084795, -1.47],
          [17.33729464933276, 61.922579538077116, -2.17],
          [17.337308563292027, 61.92257031798363, -2.4],
          [17.33731945976615, 61.9225615169853, -1.58],
          [17.337329350411892, 61.92255145870149, -1.85],
          [17.337345276027918, 61.922543831169605, -2.13],
          [17.33736254274845, 61.922533605247736, -2.18],
          [17.337377797812223, 61.922524301335216, -2.23],
          [17.33742012642324, 61.922482727095485, -1.99],
          [17.337440829724073, 61.92247451283038, -1.76],
          [17.337459521368146, 61.92246344871819, -1.78],
          [17.337470585480332, 61.92245129495859, -1.79],
          [17.337482823058963, 61.92244056612253, -1.15],
          [17.337498413398862, 61.922431010752916, -1.76],
          [17.337516015395522, 61.92242086865008, -1.24],
          [17.33753009699285, 61.92241064272821, -1.8],
          [17.337543424218893, 61.922400165349245, -1.87],
          [17.337557086721063, 61.922390358522534, -1.77],
          [17.337570246309042, 61.922380551695824, -1.59],
          [17.337618190795183, 61.922333696857095, -1.31],
          [17.337830001488328, 61.92221098579466, -2.4],
          [17.33787056989968, 61.92217318341136, -2.9],
          [17.337904181331396, 61.922151893377304, -2.86],
          [17.3379316739738, 61.922132866457105, -2.82],
          [17.338085314258933, 61.92202071659267, -3.22],
          [17.338103586807847, 61.92201275378466, -3.3],
          [17.338121440261602, 61.922002946957946, -3.43],
          [17.338141473010182, 61.92199179902673, -3.14],
          [17.33815840445459, 61.92198031581938, -3.68],
          [17.338173994794488, 61.921969167888165, -3.64],
          [17.33818631619215, 61.92195961251855, -3.98],
          [17.33820391818881, 61.921950140967965, -4.01],
          [17.338224621489644, 61.92194201052189, -4.17],
          [17.338245660066605, 61.92193564027548, -4.4],
          [17.33826451934874, 61.921929102391005, -4.3],
          [17.338490830734372, 61.92182768136263, -4.17],
          [17.33851564116776, 61.92181561142206, -4.64],
          [17.338540786877275, 61.92180764861405, -4.54],
          [17.3386983666569, 61.921745957806706, -4.52],
          [17.338720075786114, 61.92174134775996, -4.55],
          [17.338741282001138, 61.921737575903535, -4.54],
          [17.338762069121003, 61.92173304967582, -4.64],
          [17.338917050510645, 61.92170010879636, -5.45],
          [17.33899894170463, 61.92168116569519, -5.72],
          [17.339225001633167, 61.92163020372391, -5.26],
          [17.339345533400774, 61.92152417264879, -6.13],
          [17.33950705267489, 61.921346643939614, -5.46],
          [17.33954510651529, 61.92130037583411, -5.08],
          [17.33954125083983, 61.921106753870845, -3.88],
          [17.33956027776003, 61.92093358375132, -3.63],
          [17.33958860859275, 61.92089586518705, -3.8],
          [17.33979589305818, 61.92076493985951, -4],
          [17.340014493092895, 61.920652873814106, -4.18],
          [17.34008858911693, 61.92060065455735, -3.8],
          [17.34010459855199, 61.92058967426419, -4.04],
          [17.340138209983706, 61.92056134343147, -4.31],
          [17.340189926326275, 61.920448020100594, -4.26],
          [17.34017550945282, 61.92041901871562, -4.45],
          [17.340238457545638, 61.92036763764918, -3.57],
          [17.34024935401976, 61.920354729518294, -3.98],
          [17.340217418968678, 61.92029572091997, -3.18],
          [17.34020534902811, 61.9202854949981, -3.88],
          [17.34019453637302, 61.92027191631496, -3.46],
          [17.340186070650816, 61.92026009783149, -3.52],
          [17.340181041508913, 61.92025003954768, -3.68],
          [17.340180035680532, 61.92023880779743, -3.51],
          [17.34015296213329, 61.92018658854067, -2.97],
          [17.340159500017762, 61.92015565931797, -2.96],
          [17.34012220054865, 61.920044515281916, -2.81],
          [17.34012756496668, 61.92003093659878, -3.09],
          [17.340132677927613, 61.9200177770108, -2.63],
          [17.340139467269182, 61.92000604234636, -2.81],
          [17.34014969319105, 61.919994140043855, -2.77],
          [17.340199649333954, 61.91993328742683, -3.33],
          [17.340308530256152, 61.9198814034462, -4.02],
          [17.340380614623427, 61.91983077675104, -3.09],
          [17.340467870235443, 61.9197394978255, -2.43],
          [17.340479772537947, 61.91973119974136, -2.9],
          [17.340701473876834, 61.91962877288461, -3.47],
          [17.340918984264135, 61.91959113813937, -5.1],
          [17.341140266507864, 61.91957646980882, -5.07],
          [17.341385269537568, 61.91951301880181, -5.46],
          [17.341521056368947, 61.91937832161784, -6.26],
          [17.341605043038726, 61.919252844527364, -6.43],
          [17.341679641976953, 61.91922325640917, -5.92],
          [17.341790618374944, 61.91907565109432, -7.3],
          [17.341776369139552, 61.91902351565659, -8.06],
          [17.34177234582603, 61.919012451544404, -8.29],
          [17.341825403273106, 61.918872725218534, -8.87],
          [17.341816099360585, 61.91868891008198, -8.59],
          [17.3417841643095, 61.91848204471171, -8.9],
          [17.34172934666276, 61.918309377506375, -9.19],
          [17.341617699712515, 61.91811617463827, -10.16],
          [17.341472189873457, 61.9180419947952, -10.38],
          [17.341200783848763, 61.917992709204555, -10.39],
          [17.341046892106533, 61.917974604293704, -10.72],
          [17.340591503307223, 61.91800461150706, -10.17],
          [17.340413387864828, 61.91800285130739, -10.21],
          [17.340388242155313, 61.91799983382225, -10.04],
          [17.33999127522111, 61.917918026447296, -10.29],
          [17.339519122615457, 61.917859353125095, -10.68],
          [17.338963989168406, 61.91789271309972, -9.82],
          [17.338939933106303, 61.917897909879684, -10.23],
          [17.338914619758725, 61.91790319047868, -10.06],
          [17.33843559399247, 61.9179507996887, -11.44],
          [17.3378814663738, 61.91789589822292, -10.44],
          [17.337615257129073, 61.91790536977351, -9.94],
          [17.33744015917182, 61.91776623018086, -9.62],
          [17.33737427741289, 61.91759926266968, -9.54],
          [17.33753051608801, 61.91743464209139, -10.23],
          [17.33753797598183, 61.917266165837646, -10.37],
          [17.33751693740487, 61.91717061214149, -10.6],
          [17.337500508874655, 61.91716214641929, -10.6],
          [17.337279645726085, 61.917028622701764, -10.56],
          [17.337278723716736, 61.91686282865703, -11.13],
          [17.336967838928103, 61.916822008788586, -11.25],
          [17.33678645454347, 61.91679133102298, -11.32],
          [17.336559891700745, 61.91677138209343, -11.63],
          [17.3364448081702, 61.91680474206805, -10.68],
          [17.33616728335619, 61.916738944128156, -12.17],
          [17.33596444129944, 61.916708182543516, -12.71],
          [17.33565079048276, 61.91669384948909, -12.61],
          [17.33563176356256, 61.916695358231664, -12.36],
          [17.335223061963916, 61.91657700575888, -11.12],
          [17.335090711712837, 61.91637399606407, -11.95],
          [17.335130525752902, 61.91621591337025, -12.4],
          [17.335258265957236, 61.91612832248211, -12.73],
          [17.335291961207986, 61.916105607524514, -12.35],
          [17.33548608608544, 61.91602757200599, -12.24],
          [17.33573192730546, 61.915879966691136, -12.02],
          [17.335933512076735, 61.915773348882794, -12.76],
          [17.33607198111713, 61.915662456303835, -12.44],
          [17.336196452379227, 61.915468415245414, -12.25],
          [17.33619276434183, 61.91535735502839, -11.63],
          [17.336131744086742, 61.91524336114526, -10.92],
          [17.33608078211546, 61.915190387517214, -10.71],
          [17.33604909852147, 61.91501294262707, -10.01],
          [17.336010206490755, 61.91497799009085, -9.62],
          [17.33579537831247, 61.9149252679199, -9.11],
          [17.335683731362224, 61.91492241807282, -9.07],
          [17.335250303149223, 61.914858631789684, -8.37],
          [17.334805727005005, 61.914858128875494, -8.68],
          [17.334713777527213, 61.91485192626715, -8.26],
          [17.334650913253427, 61.914767269045115, -7.91],
          [17.334855934605002, 61.91459007561207, -9.2],
          [17.33505031093955, 61.91445043310523, -10.15],
          [17.335144272074103, 61.914326548576355, -11.1],
          [17.335164723917842, 61.9142603315413, -11.42],
          [17.335158018395305, 61.914152540266514, -11.45],
          [17.33513287268579, 61.9141361117363, -12.01],
          [17.33511091209948, 61.914087161421776, -11.67],
          [17.334993984550238, 61.91397258080542, -11.61],
          [17.335193557664752, 61.9137922860682, -11.85],
          [17.33529900200665, 61.913741156458855, -12.24],
          [17.335345270112157, 61.91371559165418, -12.23],
          [17.335432609543204, 61.91367929801345, -12.34],
          [17.33551701530814, 61.913593132048845, -12.52],
          [17.335602175444365, 61.913467068225145, -12.68],
          [17.335587507113814, 61.913447538390756, -14.15],
          [17.335574012249708, 61.91345516592264, -13.53],
          [17.33556671999395, 61.91346723586321, -13.55],
          [17.33553403057158, 61.91347821615636, -13.16],
          [17.335538137704134, 61.913476875051856, -13.61],
          [17.335541741922498, 61.91346866078675, -12.96],
          [17.335538137704134, 61.91346254199743, -12.77],
          [17.335481392219663, 61.913461200892925, -13.29],
          [17.33552531339228, 61.91348198801279, -12.54],
          [17.33558583073318, 61.91349070519209, -12.29],
          [17.335533443838358, 61.91349313594401, -12.58],
          [17.335506454110146, 61.913480227813125, -12.67],
          [17.33554484322667, 61.91349129192531, -11.16],
          [17.335520116612315, 61.91349129192531, -11.77],
          [17.335518524050713, 61.913499841466546, -11.4],
          [17.335560601204634, 61.913494477048516, -11.08],
          [17.33555112965405, 61.913491543382406, -10.67],
          [17.335527995601296, 61.91348777152598, -10.3],
          [17.335539730265737, 61.91348693333566, -10.86],
          [17.335529336705804, 61.9135021045804, -10.19],
          [17.33552573248744, 61.91351224668324, -10.28],
          [17.335582058876753, 61.913501266390085, -9.8],
          [17.335572922602296, 61.91352314315736, 7.95],
          [17.33559027314186, 61.91347452811897, 6.12],
          [17.33557024039328, 61.91348777152598, 2.91],
          [17.33556336723268, 61.91352247260511, 1.32],
          [17.335560517385602, 61.91351040266454, 1.01],
          [17.335583986714482, 61.913508139550686, 1.19],
          [17.335606617853045, 61.91350839100778, 0.35],
          [17.335575688630342, 61.91352121531963, 1.04],
          [17.335581723600626, 61.9135245680809, 1.24],
          [17.335347700864077, 61.9135039485991, 1.87],
          [17.335285423323512, 61.91350193694234, 2.26],
          [17.33507621102035, 61.913527166470885, 2.23],
          [17.33491502702236, 61.913536973297596, 2.51],
          [17.334667341783643, 61.91362766548991, 2.92],
          [17.334397612139583, 61.91365314647555, 3.84],
          [17.334260400384665, 61.91362515091896, 3.93],
          [17.33415604569018, 61.91357469186187, 3.8],
          [17.33414045535028, 61.913562286645174, 4.03],
          [17.334079267457128, 61.91353286616504, 4.38],
          [17.333732172846794, 61.91332507878542, 3.98],
          [17.33373292721808, 61.91311846487224, 3.52],
          [17.33383510261774, 61.91293381154537, 3.38],
          [17.333932919427752, 61.91275586374104, 3.73],
          [17.334017995744944, 61.91256668418646, 3.18],
          [17.334047751501203, 61.912512201815844, 4.51],
          [17.33421379700303, 61.91221430897713, 4.96],
          [17.334364922717214, 61.911947848275304, 6.32],
          [17.334436671808362, 61.9117374625057, 6.29],
          [17.334453938528895, 61.91151341423392, 6.92],
          [17.334422590211034, 61.911348793655634, 6.9],
          [17.334409430623055, 61.91129732877016, 7.57],
          [17.334331730380654, 61.91103933379054, 8.38],
          [17.334327790886164, 61.91079902462661, 8.31],
          [17.33433499932289, 61.910650078207254, 7.89],
          [17.33431689441204, 61.91060649231076, 7.77],
          [17.334107011556625, 61.91045394167304, 8.06],
          [17.334108436480165, 61.910442961379886, 8.29],
          [17.33396410010755, 61.91037188284099, 7.91],
          [17.33360493555665, 61.91021589562297, 7.37],
          [17.33322087675333, 61.9100743252784, 7.01],
          [17.332835057750344, 61.90989780239761, 6.2],
          [17.332537919282913, 61.90978405997157, 5.51],
          [17.332120751962066, 61.9096514582634, 6.32],
          [17.33178128488362, 61.90955330617726, 7.22],
          [17.331356070935726, 61.90946688875556, 7.84],
          [17.330890204757452, 61.90939572639763, 7.23],
          [17.330822395160794, 61.90938784740865, 7.21],
          [17.33033901080489, 61.90929179079831, 7.04],
          [17.33006970025599, 61.9092093128711, 8.6],
          [17.329789912328124, 61.909013176336884, 9.22],
          [17.329778848215938, 61.908773286268115, 9.35],
          [17.330038771033287, 61.90844957716763, 8.87],
          [17.330491645261645, 61.90819837152958, 7.91],
          [17.330762716010213, 61.908100387081504, 7.59],
          [17.330870674923062, 61.90808898769319, 7.03],
          [17.3313020914793, 61.90795588307083, 5.04],
          [17.331839371472597, 61.907821940258145, 4.07],
          [17.332492908462882, 61.907673832029104, 2.89],
          [17.3329858481884, 61.90751985646784, 3.03],
          [17.33341676183045, 61.907367473468184, 2.53],
          [17.333967788144946, 61.90718223340809, 3.21],
          [17.334555946290493, 61.906900852918625, 3.33],
          [17.334922906011343, 61.90664688125253, 2.97],
          [17.335130693390965, 61.906461641192436, 3.45],
          [17.335190791636705, 61.906369272619486, 3.7],
          [17.335326662287116, 61.90610549412668, 3.88],
          [17.335441997274756, 61.9058592338115, 4.62],
          [17.33551550656557, 61.90585831180215, 4.44],
          [17.335563618689775, 61.905858144164085, 4.45],
          [17.33557895757258, 61.905817575752735, 4.44],
          [17.335498742759228, 61.90564448945224, 5.31],
          [17.335477955639362, 61.90541876479983, 5.23],
          [17.33548264950514, 61.90523000434041, 6.48],
          [17.33547057956457, 61.90506471320987, 6.86],
          [17.335491701960564, 61.90491635352373, 7.43],
          [17.335445350036025, 61.904700100421906, 7.57],
          [17.335421796888113, 61.90457479096949, 8.18],
          [17.335436213761568, 61.90457286313176, 8.03],
          [17.335676942020655, 61.90451854839921, 7.16],
          [17.335910042747855, 61.90460504963994, 6.66],
          [17.336120009422302, 61.90467596054077, 6.18],
          [17.336574476212263, 61.90469364635646, 8.27],
          [17.336679082363844, 61.9046900421381, 9.7],
          [17.33716263435781, 61.90472851507366, 9.01],
          [17.337657501921058, 61.904746452346444, 6.81],
          [17.33806603588164, 61.90473932772875, 5.96],
          [17.338493429124355, 61.90466623753309, 6.4],
          [17.338870782405138, 61.904570600017905, 5.87],
          [17.339188875630498, 61.90446515567601, 4.87],
          [17.339557679370046, 61.90434160642326, 5.41],
          [17.339826235547662, 61.9042478967458, 4.78],
          [17.34019068069756, 61.90415502525866, 4.8],
          [17.340555377304554, 61.9040285423398, 4.45],
          [17.340884618461132, 61.90394941717386, 3.92],
          [17.3412022087723, 61.90384799614549, 4.64],
          [17.341546285897493, 61.903743306174874, 3.55],
          [17.34192481264472, 61.90361950546503, 3.24],
          [17.342180460691452, 61.90353157930076, 1.92],
          [17.342426301911473, 61.90347198396921, 2.44],
          [17.342588994652033, 61.90351255238056, 3.34],
          [17.34276769682765, 61.90355513244867, 4.83],
          [17.342862747609615, 61.90357239916921, 4.72],
          [17.343171453103423, 61.903607016429305, 5.65],
          [17.343308916315436, 61.903659319505095, 5.61],
          [17.34360035508871, 61.90378865227103, 5.42],
          [17.34378500841558, 61.903898287564516, 4.23],
          [17.344030681997538, 61.90396995283663, 3.77],
          [17.344092540442944, 61.90399526618421, 3.89],
          [17.344366125762463, 61.90409702248871, 2.82],
          [17.344651697203517, 61.904155779629946, 2.47],
          [17.344856970012188, 61.90423029474914, 1.58],
          [17.344872811809182, 61.904231468215585, 1.23],
          [17.34501044265926, 61.90429659560323, 1.01],
          [17.345066433772445, 61.90432308241725, 0.68],
          [17.345389556139708, 61.90445275045931, -1.69],
          [17.345438674092293, 61.90446247346699, -1.9],
          [17.345543866977096, 61.904451325535774, -1.85],
          [17.34567889943719, 61.90445794723928, -3.05],
          [17.345823822543025, 61.90444621257484, -2.87],
          [17.346157673746347, 61.904483595862985, -3.86],
          [17.34617494046688, 61.90447739325464, -3.52],
          [17.346394546329975, 61.90427958033979, -4.11],
          [17.346536200493574, 61.90417489036918, -4.21],
          [17.34653209336102, 61.90418427810073, -4.12],
          [17.346528992056847, 61.90418813377619, -3.76],
          [17.346527483314276, 61.90419349819422, -4.24],
          [17.346490770578384, 61.9042135309428, -3.67],
          [17.346529494971037, 61.904150415211916, -4.36],
          [17.346770307049155, 61.903977412730455, -4.55],
          [17.34686770476401, 61.9038007222116, -3.81],
          [17.34697775915265, 61.90374062396586, -3.82],
          [17.347302976995707, 61.903601652011275, -4.38],
          [17.347468938678503, 61.90342890098691, -4.12],
          [17.347666835412383, 61.90324558876455, -4.84],
          [17.347915526479483, 61.90307845361531, -4.74],
          [17.348231775686145, 61.902902349829674, -4.14],
          [17.348482394590974, 61.902777375653386, -5.5],
          [17.348779533058405, 61.90264502540231, -5.18],
          [17.34878959134221, 61.90262708812952, -4.99],
          [17.34889855608344, 61.902489960193634, -4.65],
          [17.34914481639862, 61.90232450142503, -5.02],
          [17.34940566122532, 61.902168430387974, -4.87],
          [17.349586123600602, 61.902020992711186, -4.97],
          [17.349618477746844, 61.9019959308207, -4.83],
          [17.3496656678617, 61.901936922222376, -5.3],
          [17.349678659811616, 61.90188621170819, -4.66],
          [17.34987043775618, 61.90170323476195, -4.42],
          [17.350008320063353, 61.901571890339255, -4.9],
          [17.35018065199256, 61.9013951998204, -5.14],
          [17.350359773263335, 61.90128497779369, -5.32],
          [17.350483238697052, 61.90121012739837, -5.37],
          [17.35068490728736, 61.90115078352392, -5.33],
          [17.350882636383176, 61.90096227452159, -5.26],
          [17.350970394909382, 61.90087049268186, -5.54],
          [17.3510402161628, 61.90082363784313, -5.93],
          [17.351105930283666, 61.90076622180641, -6.31],
          [17.351317824795842, 61.90068583935499, -6.77],
          [17.351367864757776, 61.90064870752394, -7.15],
          [17.3513977881521, 61.90052733756602, -7.65],
          [17.35152351669967, 61.900494396686554, -8.77],
          [17.35161814838648, 61.90051635727286, -8.38],
          [17.35163331963122, 61.9005161896348, -7.61],
          [17.351611023768783, 61.90049112774432, -7.7],
          [17.35145067796111, 61.90048794262111, -7.23],
          [17.35129812732339, 61.90045332536101, -6.35],
          [17.350938208401203, 61.90034461207688, -6.93],
          [17.350725308060646, 61.90020941197872, -7.36],
          [17.350775934755802, 61.899979915469885, -6.6],
          [17.35085346736014, 61.899808840826154, -6.99],
          [17.350804768502712, 61.899605076760054, -6.48],
          [17.350890431553125, 61.89936501905322, -7.16],
          [17.35113635659218, 61.89914524555206, -6.54],
          [17.351151946932077, 61.899101911112666, -6.66],
          [17.351181535050273, 61.89910048618913, -7.59],
          [17.35119846649468, 61.8990983068943, -7.63],
          [17.35129469074309, 61.89909981563687, -7.23],
          [17.35182987526059, 61.89915396273136, -6.5],
          [17.35239129513502, 61.89917156472802, -7.38],
          [17.353001246228814, 61.89917089417577, -7.25],
          [17.353668361902237, 61.89917768351734, -5.65],
          [17.35422609373927, 61.899180952459574, -6.1],
          [17.354861944913864, 61.899110125377774, -6.19],
          [17.355209542438388, 61.89893066883087, -7.26],
          [17.355628218501806, 61.89875573851168, -7.22],
          [17.355672474950552, 61.89872598275542, -6.13],
          [17.35569049604237, 61.89872045069933, -5.94],
          [17.35583852045238, 61.89871902577579, -6.25],
          [17.356205815449357, 61.898777447640896, -4.97],
          [17.356471186503768, 61.89871315844357, -2.96],
          [17.356683500111103, 61.898614754900336, -3.36],
          [17.35683429054916, 61.89856211654842, -3.47],
          [17.357121454551816, 61.89849221147597, -3.88],
          [17.35747491940856, 61.89835022203624, -5.23],
          [17.357620429247618, 61.898256512358785, -6.03],
          [17.357617411762476, 61.89829180017114, -5.54],
          [17.357496293261647, 61.898483745753765, -4.49],
          [17.35764649696648, 61.89876336604357, -4.38],
          [17.357788821682334, 61.89900568686426, -3.86],
          [17.357884291559458, 61.899288492277265, -3.54],
          [17.357818242162466, 61.899514300748706, -3.72],
          [17.357684802263975, 61.89979995600879, -3.77],
          [17.357556307688355, 61.900081001222134, -3.4],
          [17.357300743460655, 61.900281412526965, -3.38],
          [17.356803193688393, 61.90039113163948, -4.29],
          [17.3562328889966, 61.90038970671594, -4.27],
          [17.3559860419482, 61.90016482025385, -5.31],
          [17.35583843663335, 61.89987153746188, -5.79],
          [17.35595578327775, 61.899604657664895, -5.95],
          [17.35638577491045, 61.89938605763018, -6.78],
          [17.35660864971578, 61.89915287308395, -6.34],
          [17.356340009719133, 61.8989032600075, -6.1],
          [17.356273038312793, 61.89885347150266, -6.48],
          [17.356032310053706, 61.89878256060183, -6.82],
          [17.355471812188625, 61.89889194443822, -5.94],
          [17.35510217025876, 61.89905807375908, -5.98],
          [17.354775946587324, 61.89916108734906, -6],
          [17.354294238612056, 61.89919235184789, -5.53],
          [17.353631062433124, 61.899192268028855, -6.53],
          [17.352861184626818, 61.89919545315206, -6.22],
          [17.35212936066091, 61.89919595606625, -6.08],
          [17.35143005847931, 61.89914055168629, -6.64],
          [17.350926557555795, 61.89902001991868, -6.48],
          [17.350533362478018, 61.89887492917478, -5.72],
          [17.350100185722113, 61.89873369410634, -5.7],
          [17.349585285410285, 61.89860972575843, -6.85],
          [17.349363835528493, 61.89856035634875, -6.86],
          [17.349345227703452, 61.89855448901653, -6.65],
          [17.34894742257893, 61.89847729168832, -5.92],
          [17.34828089363873, 61.89832189120352, -4.66],
          [17.34778988175094, 61.8982314504683, -3.98],
          [17.347367014735937, 61.89821535721421, -3.36],
          [17.346860663965344, 61.8982282653451, -3.82],
          [17.346399491652846, 61.8982298579067, -4.94],
          [17.345822732895613, 61.898126509040594, -5.45],
          [17.345231054350734, 61.898008659482, -4.93],
          [17.344597717747092, 61.89798954874277, -5.35],
          [17.34399070031941, 61.89799441024661, -3.12],
          [17.343838484957814, 61.89797379076481, -2.36],
          [17.343715354800224, 61.897952668368816, -2.05],
          [17.34359197318554, 61.89794638194144, -1.25],
          [17.343232138082385, 61.89794361591339, -1.33],
          [17.343134488910437, 61.897948645055294, -1.59],
          [17.342633586376905, 61.89793054014444, -2.41],
          [17.342156153172255, 61.89782090485096, -4.9],
          [17.34170252457261, 61.8975112773478, -5.53],
          [17.341071367263794, 61.897398959845304, -5.15],
          [17.340437611564994, 61.89742477610707, -3.4],
          [17.339731100946665, 61.89742905087769, -4.61],
          [17.33918208628893, 61.8973854649812, -5.69],
          [17.338568530976772, 61.89740113914013, -5.85],
          [17.337961932644248, 61.897452687844634, -5.94],
          [17.33740889467299, 61.897578751668334, -6.34],
          [17.336946967989206, 61.89775217324495, -6.01],
          [17.336472887545824, 61.897920314222574, -5.8],
          [17.336172563955188, 61.89812080934644, -4.93],
          [17.336018169298768, 61.8983057141304, -6.38],
          [17.3359352722764, 61.898490116000175, -5.31],
          [17.335790265351534, 61.89852607436478, -5.14],
          [17.33570259064436, 61.89857292920351, -5.12],
          [17.3356228787452, 61.898604445159435, -4.53],
          [17.335695968940854, 61.898565301671624, -5.3],
          [17.335624638944864, 61.898538898676634, -5.41],
          [17.335648024454713, 61.898531690239906, -4.88],
          [17.335695633664727, 61.89847234636545, -5.08],
          [17.335794372484088, 61.89852884039283, -6.04],
          [17.335897218436003, 61.89845474436879, -5.7],
          [17.335865199565887, 61.89842096529901, -5.62],
          [17.335705440491438, 61.898377211764455, -5.63],
          [17.335655065253377, 61.898355167359114, -5.59],
          [17.335547944530845, 61.8982988409698, -5.97],
          [17.335543166846037, 61.89830160699785, -6.55],
          [17.33552866615355, 61.89829490147531, -6.85],
          [17.335532270371914, 61.89830864779651, -6.28],
          [17.33553847298026, 61.89831200055778, -6.96],
          [17.335544927045703, 61.89832189120352, -6.41],
          [17.335538221523166, 61.89831845462322, -6.76],
          [17.335519613698125, 61.89832281321287, -6.96],
          [17.335536628961563, 61.898318538442254, -7.19],
          [17.33552866615355, 61.898305378854275, -6.66],
          [17.335541071370244, 61.89829967916012, -7.06],
          [17.335555404424667, 61.898302948102355, -7.22],
          [17.335526905953884, 61.89830948598683, -7.5],
          [17.335525816306472, 61.89831233583391, -7.56],
          [17.335509220138192, 61.898324405774474, -7.05],
          [17.335578873753548, 61.89832767471671, -7.36],
          [17.335535287857056, 61.89832381904125, -6.99],
          [17.335508968681097, 61.898316694423556, -6.81],
          [17.335496228188276, 61.898325914517045, -7.36],
          [17.335476027801633, 61.89834049902856, -6.66],
          [17.335474602878094, 61.898333290591836, -6.79],
          [17.33550720848143, 61.898322561755776, -6.88],
          [17.335525481030345, 61.898323399946094, -6.42],
          [17.33552531339228, 61.89832138828933, -7.21],
          [17.335511231794953, 61.898312671110034, -6.6],
          [17.33551491983235, 61.89828962087631, -6.35],
          [17.335456246510148, 61.89815936610103, -6.54],
          [17.33546948991716, 61.89803916960955, -7.11],
          [17.33540888875723, 61.897996589541435, -6.31],
          [17.33536211773753, 61.89798669889569, -6.9],
          [17.33498526737094, 61.89791293814778, -7.07],
          [17.334904046729207, 61.89788427203894, -6.56],
          [17.33461151830852, 61.89775879494846, -7.57],
          [17.334308680146933, 61.89762208610773, -7.12],
          [17.333964435383677, 61.89746601507068, -7.58],
          [17.333702920004725, 61.897331569343805, -7.74],
          [17.333403769880533, 61.89721413888037, -6.78],
          [17.333042258396745, 61.8970418907702, -6.16],
          [17.332691978663206, 61.89683477394283, -6.69],
          [17.332570608705282, 61.89676076173782, -5.79],
          [17.33231781050563, 61.89659119583666, -5],
          [17.33197239227593, 61.89636874012649, -5.55],
          [17.331623286008835, 61.896137818694115, -5.21],
          [17.33137719333172, 61.89596506766975, -5.36],
          [17.33117493800819, 61.89582240767777, -5.2],
          [17.330892216414213, 61.89554035663605, -5.66],
          [17.330793226137757, 61.895265094935894, -5.69],
          [17.33076699078083, 61.894921185448766, -5.9],
          [17.33078316785395, 61.89469646662474, -6.1],
          [17.330837985500693, 61.89450368285179, -6.18],
          [17.33085877262056, 61.894348952919245, -6.72],
          [17.330851396545768, 61.894279047846794, -6.61],
          [17.330868747085333, 61.89412255771458, -6.91],
          [17.33089154586196, 61.89410378225148, -6.96],
          [17.33092281036079, 61.894026920199394, -7.23],
          [17.33103915117681, 61.89389272592962, -6.67],
          [17.33154139481485, 61.89386162906885, -6.99],
          [17.332033747807145, 61.89388308674097, -8.11],
          [17.332542361691594, 61.893937988206744, -8.49],
          [17.333058351650834, 61.894024070352316, -9.21],
          [17.333540730178356, 61.89411903731525, -9.32],
          [17.334112878888845, 61.89420662820339, -9.41],
          [17.334493836387992, 61.894253734499216, -9.12],
          [17.33502097427845, 61.89429338090122, -8.52],
          [17.335586501285434, 61.89436244778335, -8.78],
          [17.335617011412978, 61.894363621249795, -8.67],
          [17.33605144545436, 61.894382145255804, -8.04],
          [17.336572967469692, 61.89435850828886, -8.72],
          [17.337399842217565, 61.894270246848464, -8.13],
          [17.337517775595188, 61.894287848845124, -7.75],
          [17.33771190047264, 61.89428918994963, -7.34],
          [17.338483622297645, 61.89427385106683, -9.53],
          [17.338568530976772, 61.894261026754975, -8.82],
          [17.33858755789697, 61.89425440505147, -8.75],
          [17.338787969201803, 61.89426018856466, -8.89],
          [17.33907563611865, 61.89427653327584, -8.79],
          [17.33907027170062, 61.89425189048052, -8.68],
          [17.33905317261815, 61.89425524324179, -8.95],
          [17.33915140852332, 61.89425298012793, -9.24],
          [17.339386101812124, 61.89425490796566, -10.36],
          [17.340110382065177, 61.894261026754975, -10.44],
          [17.340545235201716, 61.89423521049321, -10.49],
          [17.34088654629886, 61.89422892406583, -9.84],
          [17.34128720127046, 61.89416890963912, -10.55],
          [17.341480487957597, 61.89398727379739, -8.71],
          [17.34142784960568, 61.89381016418338, -6.88],
          [17.34133405610919, 61.893609249964356, -4.96],
          [17.34140194952488, 61.893551079556346, -5.38],
          [17.34154519625008, 61.89357630908489, -5.35],
          [17.34160571359098, 61.89359860494733, -5.59],
          [17.34159305691719, 61.89356314949691, -5.59],
          [17.341508315876126, 61.89351134933531, -4.92],
          [17.341205812990665, 61.893312530592084, -5.05],
          [17.341066086664796, 61.89321060664952, -5.37],
          [17.341011855751276, 61.89314506016672, -5.69],
          [17.34089962206781, 61.89303525723517, -4.86],
          [17.34086056239903, 61.89297893084586, -5.52],
          [17.340656630694866, 61.8927676230669, -5.61],
          [17.340475916862488, 61.89255589619279, -4.52],
          [17.340293442830443, 61.89231114462018, -5.48],
          [17.34010518528521, 61.89205306582153, -5.67],
          [17.33990921638906, 61.89177864231169, -5.7],
          [17.339674942195415, 61.89152291044593, -6],
          [17.33939222060144, 61.89126441255212, -6.57],
          [17.33937512151897, 61.89124924130738, -7.16],
          [17.339036324992776, 61.89112124964595, -5.82],
          [17.338667772710323, 61.89100842922926, -5.13],
          [17.338573643937707, 61.890990659594536, -4.86],
          [17.338391840457916, 61.89094799570739, -5.31],
          [17.338319085538387, 61.890912959352136, -5.21],
          [17.338086990639567, 61.890782956033945, -4.84],
          [17.33785355463624, 61.890609031543136, -4.7],
          [17.338173324242234, 61.890418929979205, -3.39],
          [17.338422685861588, 61.890273252502084, -4.12],
          [17.338729044422507, 61.89007166773081, -4.12],
          [17.339002210646868, 61.88982842490077, -3.36],
          [17.339213099330664, 61.88961544074118, -2.81],
          [17.3394063860178, 61.88933732919395, -2.95],
          [17.339508142322302, 61.88909743912518, -2.61],
          [17.33956036157906, 61.888870960101485, -2.21],
          [17.339586094021797, 61.88863676972687, -1.96],
          [17.33959598466754, 61.88839830458164, -0.34],
          [17.339596403762698, 61.8883831333369, -0.96],
          [17.339564971625805, 61.888164449483156, -0.1],
          [17.339519541710615, 61.88794190995395, 0.35],
          [17.33945676125586, 61.887693805620074, 1.45],
          [17.33940588310361, 61.88750739209354, 0.99],
          [17.33937168493867, 61.887280996888876, 1.67],
          [17.339314687997103, 61.88707388006151, 1.98],
          [17.339292308315635, 61.886847065761685, 1.87],
          [17.339235646650195, 61.88659770414233, 2.23],
          [17.33921385370195, 61.886385306715965, 3.37],
          [17.33916104771197, 61.886116499081254, 3.75],
          [17.33912064693868, 61.88588323071599, 3.72],
          [17.3390540946275, 61.885674269869924, 3.25],
          [17.338998103514314, 61.88543706201017, 3.76],
          [17.33899500221014, 61.88540588133037, 3.69],
          [17.338932137936354, 61.885212594643235, 2.87],
          [17.338880756869912, 61.88498619943857, 1.77],
          [17.33884555287659, 61.884766425937414, 1.96],
          [17.33878101222217, 61.8845235183835, 0.2],
          [17.338746562600136, 61.884332075715065, 0.17],
          [17.33874572440982, 61.88408405520022, -0.14],
          [17.338680680841208, 61.883866963908076, -1.08],
          [17.338609183207154, 61.883607879281044, -0.46],
          [17.3385601490736, 61.88341316767037, -0.98],
          [17.338499128818512, 61.88313698396087, -0.76],
          [17.33845453709364, 61.88292911276221, -0.93],
          [17.338409023359418, 61.88272182829678, -0.21],
          [17.33835252933204, 61.88254832290113, -0.22],
          [17.338325707241893, 61.88235034234822, -0.18],
          [17.338293520733714, 61.88208455219865, 0.48],
          [17.338241720572114, 61.88182949088514, 0.48],
          [17.338194362819195, 61.881635868921876, 0.82],
          [17.33813988044858, 61.88140193000436, 2.19],
          [17.338114567101, 61.88120495527983, 1.81],
          [17.338108448311687, 61.8811924662441, 1.77],
          [17.338111884891987, 61.881114430725574, 2.28],
          [17.338129486888647, 61.88110504299402, 2.21],
          [17.33854405581951, 61.88102080486715, 3.78],
          [17.339181415736675, 61.88093304634094, 3.54],
          [17.339855069294572, 61.88088845461607, 0.16],
          [17.340518161654472, 61.88086322508752, -1.61],
          [17.341249231249094, 61.8808851018548, -1.21],
          [17.342159086838365, 61.880876468494534, -1.34],
          [17.34289669431746, 61.880861297249794, -4.35],
          [17.343710074201226, 61.88085040077567, -4.67],
          [17.3442761041224, 61.880880910903215, -2.89],
          [17.34484238550067, 61.8810008559376, -1.56],
          [17.34539316035807, 61.88112138770521, -0.51],
          [17.345960112288594, 61.88114728778601, 0.03],
          [17.346361689269543, 61.88099700026214, 0.73],
          [17.34646026045084, 61.880729366093874, 0.9],
          [17.34646663069725, 61.88062073662877, 1.65],
          [17.34647777862847, 61.8805986084044, 0.7],
          [17.34650082886219, 61.8805933278054, 0.77],
          [17.346529914066195, 61.880590142682195, 0.19],
          [17.346556903794408, 61.88058938831091, 0.4],
          [17.34659906476736, 61.88059441745281, 1.33],
          [17.346552377566695, 61.88060011714697, 1.28],
          [17.3464226257056, 61.8806173838675, 1.16],
          [17.346420027315617, 61.8806208204478, 1.37],
          [17.346416171640158, 61.88061537221074, 2.14],
          [17.34641038812697, 61.88060556538403, 2.22],
          [17.346422793343663, 61.88058259896934, 1.63],
          [17.34644902870059, 61.88054630532861, 1.83],
          [17.34678430482745, 61.88033382408321, -0.29],
          [17.347366511821747, 61.880279928445816, -2.68],
          [17.347884764894843, 61.880278419703245, -2.19],
          [17.34844853170216, 61.88025654293597, -3.48],
          [17.34858532436192, 61.88025360926986, -4.48],
          [17.348831417039037, 61.88022896647453, -3.98],
          [17.348884474486113, 61.88022050075233, -3.78],
          [17.349115731194615, 61.88018932007253, -3.11],
          [17.34953231178224, 61.88006669282913, -3.51],
          [17.34985820017755, 61.87991917133331, -3.97],
          [17.350116865709424, 61.87975245527923, -4.9],
          [17.350281989201903, 61.87952698208392, -4.1],
          [17.35029347240925, 61.87940971925855, -3.99],
          [17.35018165782094, 61.87919933348894, -2.75],
          [17.350155171006918, 61.8790271691978, -2.44],
          [17.350204372778535, 61.878792559728026, -2.81],
          [17.350245276466012, 61.87855183146894, -3],
          [17.350187357515097, 61.878350330516696, -1.55],
          [17.35005810856819, 61.878128461539745, -0.94],
          [17.349924752488732, 61.87781288288534, -1.79],
          [17.34988996759057, 61.87749235890806, -2.58],
          [17.34995299950242, 61.87718943692744, -3.11],
          [17.350037153810263, 61.876930268481374, -6.36],
          [17.350059365853667, 61.87672440893948, -7.83],
          [17.350010750815272, 61.87650698237121, -9.41],
          [17.349786702543497, 61.87620892189443, -10.03],
          [17.34951563179493, 61.87596341595054, -8.45],
          [17.349306922405958, 61.87575680203736, -6.45],
          [17.34917608089745, 61.875427309423685, -5],
          [17.349167447537184, 61.8751604296267, -4.91],
          [17.349168118089437, 61.87491970136762, -4.68],
          [17.34915009699762, 61.87475466169417, -4.14],
          [17.34912620857358, 61.87451804056764, -4.45],
          [17.349048424512148, 61.87432022765279, -4.48],
          [17.348953122273088, 61.87424319796264, -4.54],
          [17.348874332383275, 61.874169018119574, -4.78],
          [17.348481975495815, 61.87390197068453, -3.32],
          [17.34817486256361, 61.873659482225776, -2.64],
          [17.348230266943574, 61.87340601347387, -1.08],
          [17.348525561392307, 61.87312597408891, -0.69],
          [17.348717674613, 61.872833194211125, -0.76],
          [17.348713483661413, 61.87281148508191, 0.37],
          [17.348734606057405, 61.87281341291964, 0.21],
          [17.348703844472766, 61.872790195047855, 0.17],
          [17.348679704591632, 61.87276253476739, -0.01],
          [17.34861650504172, 61.87260487116873, 0.58],
          [17.348602591082454, 61.872585425153375, 0.64],
          [17.3485414031893, 61.87253672629595, 2.02],
          [17.348509971052408, 61.87250906601548, 0.57],
          [17.348444005474448, 61.87238777987659, 0.88],
          [17.348415926098824, 61.87237034551799, 0.57],
          [17.34833177179098, 61.87227034941316, 1.43],
          [17.34822951257229, 61.8721042200923, 2.34],
          [17.348000183701515, 61.871875980868936, 3.11],
          [17.347647389397025, 61.87169258482754, 4.49],
          [17.347457455471158, 61.8714564666152, 4.65],
          [17.347401129081845, 61.87126452103257, 5.25],
          [17.347383527085185, 61.87105379998684, 5.71],
          [17.347359135746956, 61.87100300565362, 6.06],
          [17.347348909825087, 61.870944667607546, 6.05],
          [17.347330218181014, 61.87091248109937, 6.41],
          [17.347209937870502, 61.87070637010038, 6.53],
          [17.34715403057635, 61.87045264989138, 5.31],
          [17.34733742661774, 61.87022415921092, 3.87],
          [17.347688879817724, 61.87000312842429, 1.86],
          [17.34784260392189, 61.86978679150343, 0.51],
          [17.347911335527897, 61.869709929451346, -0.43],
          [17.348122894763947, 61.869468027725816, -3.51],
          [17.34837762080133, 61.86937632970512, -4.42],
          [17.348490692675114, 61.86933274380863, -5.24],
          [17.348704263567924, 61.86924741603434, -6.27],
          [17.34876612201333, 61.86922009103, -6.16],
          [17.348847845569253, 61.86919276602566, -6.3],
          [17.349110199138522, 61.86900643631816, -6.06],
          [17.34927859157324, 61.868771743029356, -7.3],
          [17.34928018413484, 61.86870879493654, -7.52],
          [17.349251685664058, 61.868678871542215, -9.86],
          [17.349241375923157, 61.868668058887124, -10.03],
          [17.349022021517158, 61.86857166700065, -10.88],
          [17.348752208054066, 61.86846697703004, -12.32],
          [17.348570991307497, 61.86838776804507, -12.54],
          [17.348458841443062, 61.868349462747574, -12.37],
          [17.348364712670445, 61.868295315653086, -12],
          [17.348221382126212, 61.868241000920534, -12.25],
          [17.347737327218056, 61.86822775751352, -12.86],
          [17.347654094919562, 61.86822264455259, -12.4],
          [17.34734756872058, 61.868168246001005, -12.38],
          [17.347315214574337, 61.868151566013694, -12.39],
          [17.347240950912237, 61.868131114169955, -12.72],
          [17.346938867121935, 61.86801611445844, -13.7],
          [17.346716411411762, 61.86785568483174, -14.58],
          [17.346570901572704, 61.867711348459125, -15.41],
          [17.346537290140986, 61.86764580197632, -16.13],
          [17.346440479159355, 61.867511523887515, -16.36],
          [17.346454979851842, 61.867483193054795, -16.66],
          [17.346518011763692, 61.86738017946482, -17.31],
          [17.346514323726296, 61.86732846312225, -17.56],
          [17.34661515802145, 61.8671927601099, -17.91],
          [17.346642399206758, 61.86698203906417, -18.86],
          [17.34656880609691, 61.86694138683379, -18.85],
          [17.3463103082031, 61.86700123362243, -18.7],
          [17.34604585915804, 61.867044819518924, -18.03],
          [17.34586263075471, 61.867081532254815, -18.04],
          [17.345501203089952, 61.86710533685982, -18.53],
          [17.34540238045156, 61.867091758176684, -19.46],
          [17.34529442153871, 61.86709024943411, -18.93],
          [17.345146648585796, 61.867114305496216, -18.73],
          [17.344858143478632, 61.867144564166665, -19.42],
          [17.344592940062284, 61.86706334352493, -19.02],
          [17.34456150792539, 61.86706309206784, -20.37],
          [17.344322707504034, 61.86700718477368, -20.05],
          [17.344147441908717, 61.86690484173596, -18.73],
          [17.34413880854845, 61.866898722946644, -18.58],
          [17.34409631229937, 61.866777101531625, -19.51],
          [17.344054570421576, 61.86675195582211, -18.59],
          [17.343886429443955, 61.86673670075834, -18.43],
          [17.34358225017786, 61.86662094667554, -18.31],
          [17.34360035508871, 61.86649052426219, -18.02],
          [17.343552662059665, 61.86644199304283, -18.11],
          [17.343306820839643, 61.86638147570193, -19.61],
          [17.34329441562295, 61.866378374397755, -19.51],
          [17.343146055936813, 61.86633327975869, -19.55],
          [17.343156868591905, 61.866150638088584, -20.12],
          [17.343054693192244, 61.86610076576471, -19.88],
          [17.34293634071946, 61.8660772126168, -20.31],
          [17.342917984351516, 61.86607528477907, -19.91],
          [17.342926869168878, 61.86607025563717, -18.99],
          [17.342941788956523, 61.86606992036104, -18.72],
          [17.342910524457693, 61.86607209965587, -19.17],
          [17.343037510290742, 61.86609431169927, -18.91],
          [17.343125604093075, 61.86614787206054, -18.66],
          [17.343069445341825, 61.86623504385352, -19.57],
          [17.34302820637822, 61.86632003635168, -18.96],
          [17.34306081198156, 61.86641223728657, -18.81],
          [17.343089897185564, 61.86653746291995, -17.36],
          [17.343053268268704, 61.866603679955006, -15.93],
          [17.342811953276396, 61.866689091548324, -15.51],
          [17.342576337978244, 61.86673234216869, -17.72],
          [17.34250375069678, 61.86673401854932, -18.11],
          [17.342156236991286, 61.86680140905082, -18.44],
          [17.341775950044394, 61.86688003130257, -18.77],
          [17.341557266190648, 61.86693317256868, -18.25],
          [17.34135693870485, 61.8669805303216, -18.17],
          [17.341084945946932, 61.867076586931944, -18.45],
          [17.341032391414046, 61.86710122972727, -17.68],
          [17.34097103588283, 61.867143139243126, -17.79],
          [17.340937675908208, 61.86715227551758, -17.84],
          [17.34088202007115, 61.867133751511574, -17.3],
          [17.340738689526916, 61.86722360551357, -17.59],
          [17.340621510520577, 61.86737791635096, -17.5],
          [17.340555461123586, 61.86745653860271, -17.73],
          [17.340501565486193, 61.86752988025546, -16.75],
          [17.34049846418202, 61.86753608286381, -16.53],
          [17.340438701212406, 61.86762283556163, -17.29],
          [17.34031188301742, 61.867721658200026, -17.56],
          [17.340025892481208, 61.86782500706613, -17.59],
          [17.33990334905684, 61.86789005063474, -17.52],
          [17.339726742357016, 61.86802349053323, -17.62],
          [17.339514093473554, 61.86818023212254, -17.75],
          [17.33927596360445, 61.86832641251385, -17.98],
          [17.33907261863351, 61.86843001283705, -17.92],
          [17.339024925604463, 61.868469743058085, -18.3],
          [17.339017130434513, 61.86849631369114, -18.35],
          [17.338948482647538, 61.86853730119765, -17.63],
          [17.33889148570597, 61.86856362037361, -18.07],
          [17.33866173774004, 61.86867669224739, -18.74],
          [17.33845939859748, 61.86879940330982, -18.11],
          [17.338187908753753, 61.86887634918094, -17.78],
          [17.33802546747029, 61.868908451870084, -17.55],
          [17.337968135252595, 61.868925634771585, -17.14],
          [17.337939804419875, 61.868935441598296, -16.06],
          [17.337787840515375, 61.86900794506073, -17.77],
          [17.33767325989902, 61.8690459150821, -17.28],
          [17.33755649998784, 61.86908069998026, -17.49],
          [17.33741425909102, 61.8690284807235, -17.81],
          [17.33732138760388, 61.86903233639896, -17.84],
          [17.337200101464987, 61.86906301416457, -18.01],
          [17.336926516145468, 61.86910676769912, -17.81],
          [17.336907740682364, 61.86911045573652, -17.75],
          [17.336460230872035, 61.86915588565171, -17.78],
          [17.33611305244267, 61.86917734332383, -17.55],
          [17.33572312630713, 61.86921673826873, -17.16],
          [17.335277711972594, 61.86916904523969, -17.38],
          [17.33499608002603, 61.86912554316223, -16.83],
          [17.33481427654624, 61.86912872828543, -16.94],
          [17.334722075611353, 61.86911934055388, -16.3],
          [17.334616966545582, 61.86911967583001, -16.74],
          [17.334529710933566, 61.869104420766234, -16.3],
          [17.33437799848616, 61.869076592847705, -16.44],
          [17.33426408842206, 61.86907147988677, -16.35],
          [17.334084548056126, 61.869033174589276, -15.81],
          [17.333848513662815, 61.869030240923166, -15.49],
          [17.333810543641448, 61.86902856454253, -15.73],
          [17.33376025222242, 61.869033090770245, -16.12],
          [17.333457581698895, 61.86905010603368, -15.48],
          [17.33330737799406, 61.869014566764235, -15.24],
          [17.33318123035133, 61.86889906413853, -14.65],
          [17.332941591739655, 61.8689127266407, -14.19],
          [17.33277764171362, 61.868951534852386, -14.17],
          [17.33246633782983, 61.86889755539596, -13.89],
          [17.33244060538709, 61.86886520124972, -13.36],
          [17.332244804129004, 61.86864794231951, -13.48],
          [17.332129469141364, 61.86855599284172, -12.78],
          [17.3316543828696, 61.86859563924372, -10.99],
          [17.331498311832547, 61.86858432367444, -11.2],
          [17.331436201930046, 61.868584072217345, -10.92],
          [17.33104552142322, 61.86866948381066, -11.79],
          [17.330527938902378, 61.86874450184405, -11.43],
          [17.33044353313744, 61.868739388883114, -11.44],
          [17.330202804878354, 61.86883745715022, -11.54],
          [17.32965672388673, 61.868911385536194, -11.57],
          [17.3290900234133, 61.86899688094854, -11.47],
          [17.328526759520173, 61.86913727782667, -10.6],
          [17.32798621058464, 61.86924481764436, -9.55],
          [17.327855871990323, 61.86925043351948, -9.23],
          [17.327659651637077, 61.86932075768709, -9.98],
          [17.327603744342923, 61.86940072104335, -8.85],
          [17.327582370489836, 61.869353614747524, -9.32],
          [17.327571138739586, 61.86937037855387, -10.08],
          [17.32760122977197, 61.86938119120896, -10.23],
          [17.327312137931585, 61.86937876045704, -9.49],
          [17.327135698869824, 61.86928438022733, -9.23],
          [17.327143410220742, 61.869350681081414, -9.04],
          [17.327025728300214, 61.86947548761964, -8.44],
          [17.326807966455817, 61.86956584453583, -8.68],
          [17.32652071863413, 61.86965787783265, -8.52],
          [17.326187286525965, 61.86984546482563, -8.15],
          [17.326068179681897, 61.870039673522115, -8.49],
          [17.326042782515287, 61.870257183909416, -8.11],
          [17.326035741716623, 61.87042800709605, -8.54],
          [17.32601847499609, 61.87070494517684, -8.46],
          [17.325949408113956, 61.87075389549136, -9.22],
          [17.32583725824952, 61.870717434212565, -7.29],
          [17.325945468619466, 61.870760433375835, -8.39],
          [17.3258694447577, 61.870825393125415, -7.68],
          [17.32546040788293, 61.871004179120064, -7.83],
          [17.325175339356065, 61.87113493680954, -8.86],
          [17.325011137872934, 61.87116519547999, -9.59],
          [17.32456622645259, 61.871061846613884, -9.56],
          [17.324028527364135, 61.87092723324895, -9.35],
          [17.323459312319756, 61.87081248499453, -10.28],
          [17.323236940428615, 61.87076705507934, -10.94],
          [17.322924882173538, 61.87073050998151, -11.02],
          [17.32238844037056, 61.87062791548669, -11.01],
          [17.32175962999463, 61.87052205204964, -11.67],
          [17.321380097419024, 61.87045784667134, -10.98],
          [17.320911213755608, 61.87037721276283, -10.79],
          [17.320397486910224, 61.87030680477619, -10.39],
          [17.31979139149189, 61.87024310231209, -9.67],
          [17.319478914141655, 61.87021401710808, -8.97],
          [17.31890458613634, 61.87017856165767, -7.45],
          [17.318339478224516, 61.8701648991555, -6.46],
          [17.317772107198834, 61.870152074843645, -5.41],
          [17.317289896309376, 61.870171185582876, -3.64],
          [17.31690022163093, 61.87016607262194, -4.69],
          [17.31665932573378, 61.87014780007303, -3.72],
          [17.316599395126104, 61.870121816173196, -3.89],
          [17.316586319357157, 61.87012106180191, -4.3],
          [17.316560922190547, 61.87011267989874, -4.17],
          [17.316551618278027, 61.87011083588004, -3.2],
          [17.31656352058053, 61.87012164853513, -4.19],
          [17.3165547195822, 61.8701112549752, -4.85],
          [17.316408874467015, 61.869828114286065, -5.25],
          [17.316114166751504, 61.86965435743332, -5.2],
          [17.315901266410947, 61.86947833746672, -5.66],
          [17.315770089626312, 61.86927289701998, -5.36],
          [17.315834378823638, 61.869064439088106, -4.9],
          [17.315863966941833, 61.86901196837425, -5.02],
          [17.315858602523804, 61.8689750880003, -4.38],
          [17.31600696220994, 61.868965700268745, -3.21],
          [17.315885089337826, 61.86888230033219, -3.66],
          [17.31557353399694, 61.86897316016257, -4.86],
          [17.31564486399293, 61.8689785245806, -5.13],
          [17.315709656104445, 61.86892798170447, -5.28],
          [17.315713595598936, 61.86893225647509, -4.11]
        ]
      }
    }
  ]
}
